{
"type": "FeatureCollection",
"name": "COMPARENDOS_2023_2025_Roosevelt",
"crs": { "type": "name", "properties": { "name": "urn:ogc:def:crs:OGC:1.3:CRS84" } },
"features": [
{ "type": "Feature", "properties": { "agrupado": "ARMAS EXCEPTO DE FUEGO", "fecha_hech": "2023-01-04T00:00:00", "hora_hecho": "6:45", "cod_comuna": 19, "nom_comuna": "C-19 EL LIDO", "cod_barrio": 1913, "nom_bar_01": "El Cedro", "dire_hecho": "CALLE 6 CON CARRERA 31", "sitio_hech": "SITIOS PÚBLICOS O ABIERTOS AL PÚBLICO", "lat": 3.42877, "lon": -76.53884, "estrato": 4 }, "geometry": { "type": "Point", "coordinates": [ -76.53884, 3.42877 ] } },
{ "type": "Feature", "properties": { "agrupado": "ARMAS EXCEPTO DE FUEGO", "fecha_hech": "2023-01-04T00:00:00", "hora_hecho": "13:17", "cod_comuna": 19, "nom_comuna": "C-19 EL LIDO", "cod_barrio": 1913, "nom_bar_01": "El Cedro", "dire_hecho": "CL 6 KR 25", "sitio_hech": "SITIOS PÚBLICOS O ABIERTOS AL PÚBLICO", "lat": 3.43519, "lon": -76.53794167, "estrato": 4 }, "geometry": { "type": "Point", "coordinates": [ -76.53794167, 3.43519 ] } },
{ "type": "Feature", "properties": { "agrupado": "ARMAS EXCEPTO DE FUEGO", "fecha_hech": "2023-01-05T00:00:00", "hora_hecho": "18:45", "cod_comuna": 19, "nom_comuna": "C-19 EL LIDO", "cod_barrio": 1913, "nom_bar_01": "El Cedro", "dire_hecho": "CALLE 6 CON CARRERA 31", "sitio_hech": "SITIOS PÚBLICOS O ABIERTOS AL PÚBLICO", "lat": 3.428936667, "lon": -76.53881333, "estrato": 4 }, "geometry": { "type": "Point", "coordinates": [ -76.53881333, 3.428936667 ] } },
{ "type": "Feature", "properties": { "agrupado": "ARMAS EXCEPTO DE FUEGO", "fecha_hech": "2023-01-06T00:00:00", "hora_hecho": "11:19", "cod_comuna": 19, "nom_comuna": "C-19 EL LIDO", "cod_barrio": 1913, "nom_bar_01": "El Cedro", "dire_hecho": "CALLE 6 CON CRA 31", "sitio_hech": "SITIOS PÚBLICOS O ABIERTOS AL PÚBLICO", "lat": 3.428885, "lon": -76.53881333, "estrato": 4 }, "geometry": { "type": "Point", "coordinates": [ -76.53881333, 3.428885 ] } },
{ "type": "Feature", "properties": { "agrupado": "ARMAS EXCEPTO DE FUEGO", "fecha_hech": "2023-01-11T00:00:00", "hora_hecho": "17:47", "cod_comuna": 19, "nom_comuna": "C-19 EL LIDO", "cod_barrio": 1913, "nom_bar_01": "El Cedro", "dire_hecho": "CALLE 6 CON CARRERA 31", "sitio_hech": "SITIOS PÚBLICOS O ABIERTOS AL PÚBLICO", "lat": 3.429023333, "lon": -76.53893667, "estrato": 4 }, "geometry": { "type": "Point", "coordinates": [ -76.53893667, 3.429023333 ] } },
{ "type": "Feature", "properties": { "agrupado": "ARMAS EXCEPTO DE FUEGO", "fecha_hech": "2023-01-13T00:00:00", "hora_hecho": "1:52", "cod_comuna": 19, "nom_comuna": "C-19 EL LIDO", "cod_barrio": 1913, "nom_bar_01": "El Cedro", "dire_hecho": "CALLE 6 CARRERA 31", "sitio_hech": "SITIOS PÚBLICOS O ABIERTOS AL PÚBLICO", "lat": 3.42894, "lon": -76.538795, "estrato": 4 }, "geometry": { "type": "Point", "coordinates": [ -76.538795, 3.42894 ] } },
{ "type": "Feature", "properties": { "agrupado": "DESACATO, IRRESPETO A LA AUTORIDAD", "fecha_hech": "2023-01-13T00:00:00", "hora_hecho": "18:58", "cod_comuna": 19, "nom_comuna": "C-19 EL LIDO", "cod_barrio": 1906, "nom_bar_01": "San Fernando Nuevo", "dire_hecho": "CL 6 KR 34 66", "sitio_hech": "SITIOS PÚBLICOS O ABIERTOS AL PÚBLICO", "lat": 3.427945, "lon": -76.53947, "estrato": 4 }, "geometry": { "type": "Point", "coordinates": [ -76.53947, 3.427945 ] } },
{ "type": "Feature", "properties": { "agrupado": "DESACATO, IRRESPETO A LA AUTORIDAD", "fecha_hech": "2023-01-14T00:00:00", "hora_hecho": "11:13", "cod_comuna": 19, "nom_comuna": "C-19 EL LIDO", "cod_barrio": 1912, "nom_bar_01": "3 de Julio", "dire_hecho": "CALLE 6 CON 28", "sitio_hech": "SITIOS PÚBLICOS O ABIERTOS AL PÚBLICO", "lat": 3.432341667, "lon": -76.53898, "estrato": 4 }, "geometry": { "type": "Point", "coordinates": [ -76.53898, 3.432341667 ] } },
{ "type": "Feature", "properties": { "agrupado": "SUSTANCIAS PSICOACTIVAS", "fecha_hech": "2023-01-15T00:00:00", "hora_hecho": "9:56", "cod_comuna": 19, "nom_comuna": "C-19 EL LIDO", "cod_barrio": 1912, "nom_bar_01": "3 de Julio", "dire_hecho": "KR 36 CL 7", "sitio_hech": "SITIOS PÚBLICOS O ABIERTOS AL PÚBLICO", "lat": 3.43, "lon": -76.54, "estrato": 4 }, "geometry": { "type": "Point", "coordinates": [ -76.54, 3.43 ] } },
{ "type": "Feature", "properties": { "agrupado": "ARMAS EXCEPTO DE FUEGO", "fecha_hech": "2023-01-16T00:00:00", "hora_hecho": "1:18", "cod_comuna": 19, "nom_comuna": "C-19 EL LIDO", "cod_barrio": 1913, "nom_bar_01": "El Cedro", "dire_hecho": "CALLE 6 CON CARRERA 31", "sitio_hech": "SITIOS PÚBLICOS O ABIERTOS AL PÚBLICO", "lat": 3.428988333, "lon": -76.53885, "estrato": 4 }, "geometry": { "type": "Point", "coordinates": [ -76.53885, 3.428988333 ] } },
{ "type": "Feature", "properties": { "agrupado": "ARMAS EXCEPTO DE FUEGO", "fecha_hech": "2023-01-17T00:00:00", "hora_hecho": "19:02", "cod_comuna": 19, "nom_comuna": "C-19 EL LIDO", "cod_barrio": 1913, "nom_bar_01": "El Cedro", "dire_hecho": "CALLE 6 CON CARRERA 31", "sitio_hech": "SITIOS PÚBLICOS O ABIERTOS AL PÚBLICO", "lat": 3.428803333, "lon": -76.53882333, "estrato": 4 }, "geometry": { "type": "Point", "coordinates": [ -76.53882333, 3.428803333 ] } },
{ "type": "Feature", "properties": { "agrupado": "DESACATO, IRRESPETO A LA AUTORIDAD", "fecha_hech": "2023-01-17T00:00:00", "hora_hecho": "19:40", "cod_comuna": 19, "nom_comuna": "C-19 EL LIDO", "cod_barrio": 1905, "nom_bar_01": "Eucaristico", "dire_hecho": "CL 8 KR 39", "sitio_hech": "MEDIO DE TRANSPORTE", "lat": 3.426966667, "lon": -76.53829, "estrato": 4 }, "geometry": { "type": "Point", "coordinates": [ -76.53829, 3.426966667 ] } },
{ "type": "Feature", "properties": { "agrupado": "ARMAS EXCEPTO DE FUEGO", "fecha_hech": "2023-01-17T00:00:00", "hora_hecho": "19:51", "cod_comuna": 19, "nom_comuna": "C-19 EL LIDO", "cod_barrio": 1912, "nom_bar_01": "3 de Julio", "dire_hecho": "CR 25 CON CL 5", "sitio_hech": "SITIOS PÚBLICOS O ABIERTOS AL PÚBLICO", "lat": 3.4353, "lon": -76.53983667, "estrato": 4 }, "geometry": { "type": "Point", "coordinates": [ -76.53983667, 3.4353 ] } },
{ "type": "Feature", "properties": { "agrupado": "ARMAS EXCEPTO DE FUEGO", "fecha_hech": "2023-01-17T00:00:00", "hora_hecho": "20:01", "cod_comuna": 19, "nom_comuna": "C-19 EL LIDO", "cod_barrio": 1912, "nom_bar_01": "3 de Julio", "dire_hecho": "CR 25 CON CL 5", "sitio_hech": "SITIOS PÚBLICOS O ABIERTOS AL PÚBLICO", "lat": 3.435305, "lon": -76.53985833, "estrato": 4 }, "geometry": { "type": "Point", "coordinates": [ -76.53985833, 3.435305 ] } },
{ "type": "Feature", "properties": { "agrupado": "ARMAS EXCEPTO DE FUEGO", "fecha_hech": "2023-01-18T00:00:00", "hora_hecho": "0:49", "cod_comuna": 19, "nom_comuna": "C-19 EL LIDO", "cod_barrio": 1913, "nom_bar_01": "El Cedro", "dire_hecho": "CL 9 C KR 30", "sitio_hech": "SITIOS PÚBLICOS O ABIERTOS AL PÚBLICO", "lat": 3.432268333, "lon": -76.53883167, "estrato": 4 }, "geometry": { "type": "Point", "coordinates": [ -76.53883167, 3.432268333 ] } },
{ "type": "Feature", "properties": { "agrupado": "ARMAS EXCEPTO DE FUEGO", "fecha_hech": "2023-01-19T00:00:00", "hora_hecho": "7:52", "cod_comuna": 19, "nom_comuna": "C-19 EL LIDO", "cod_barrio": 1912, "nom_bar_01": "3 de Julio", "dire_hecho": "CALLE 5A CON CARRERA 27", "sitio_hech": "SITIOS PÚBLICOS O ABIERTOS AL PÚBLICO", "lat": 3.433521667, "lon": -76.54046833, "estrato": 4 }, "geometry": { "type": "Point", "coordinates": [ -76.54046833, 3.433521667 ] } },
{ "type": "Feature", "properties": { "agrupado": "DESACATO, IRRESPETO A LA AUTORIDAD", "fecha_hech": "2023-01-19T00:00:00", "hora_hecho": "15:14", "cod_comuna": 19, "nom_comuna": "C-19 EL LIDO", "cod_barrio": 1913, "nom_bar_01": "El Cedro", "dire_hecho": "KR 28 CL 6", "sitio_hech": "SITIOS PÚBLICOS O ABIERTOS AL PÚBLICO", "lat": 3.4326, "lon": -76.53786333, "estrato": 4 }, "geometry": { "type": "Point", "coordinates": [ -76.53786333, 3.4326 ] } },
{ "type": "Feature", "properties": { "agrupado": "DESACATO, IRRESPETO A LA AUTORIDAD", "fecha_hech": "2023-01-20T00:00:00", "hora_hecho": "22:54", "cod_comuna": 19, "nom_comuna": "C-19 EL LIDO", "cod_barrio": 1913, "nom_bar_01": "El Cedro", "dire_hecho": "CALLE 6 CARRERA 25", "sitio_hech": "SITIOS PÚBLICOS O ABIERTOS AL PÚBLICO", "lat": 3.432071667, "lon": -76.53878, "estrato": 4 }, "geometry": { "type": "Point", "coordinates": [ -76.53878, 3.432071667 ] } },
{ "type": "Feature", "properties": { "agrupado": "ARMAS EXCEPTO DE FUEGO", "fecha_hech": "2023-01-21T00:00:00", "hora_hecho": "17:15", "cod_comuna": 19, "nom_comuna": "C-19 EL LIDO", "cod_barrio": 1912, "nom_bar_01": "3 de Julio", "dire_hecho": "CALLE 5B3 CON 36B", "sitio_hech": "SITIOS PÚBLICOS O ABIERTOS AL PÚBLICO", "lat": 3.430456667, "lon": -76.539605, "estrato": 4 }, "geometry": { "type": "Point", "coordinates": [ -76.539605, 3.430456667 ] } },
{ "type": "Feature", "properties": { "agrupado": "ARMAS EXCEPTO DE FUEGO", "fecha_hech": "2023-01-21T00:00:00", "hora_hecho": "18:51", "cod_comuna": 19, "nom_comuna": "C-19 EL LIDO", "cod_barrio": 1912, "nom_bar_01": "3 de Julio", "dire_hecho": "CALLE 5A CON CON 34", "sitio_hech": "SITIOS PÚBLICOS O ABIERTOS AL PÚBLICO", "lat": 3.430456667, "lon": -76.539605, "estrato": 4 }, "geometry": { "type": "Point", "coordinates": [ -76.539605, 3.430456667 ] } },
{ "type": "Feature", "properties": { "agrupado": "SUSTANCIAS PSICOACTIVAS", "fecha_hech": "2023-01-21T00:00:00", "hora_hecho": "19:35", "cod_comuna": 19, "nom_comuna": "C-19 EL LIDO", "cod_barrio": 1905, "nom_bar_01": "Eucaristico", "dire_hecho": "AVENIDA ROOSVELT CON CARRERA 36A", "sitio_hech": "SITIOS PÚBLICOS O ABIERTOS AL PÚBLICO", "lat": 3.42617, "lon": -76.53958, "estrato": 4 }, "geometry": { "type": "Point", "coordinates": [ -76.53958, 3.42617 ] } },
{ "type": "Feature", "properties": { "agrupado": "ARMAS EXCEPTO DE FUEGO", "fecha_hech": "2023-01-22T00:00:00", "hora_hecho": "7:52", "cod_comuna": 19, "nom_comuna": "C-19 EL LIDO", "cod_barrio": 1906, "nom_bar_01": "San Fernando Nuevo", "dire_hecho": "AVENIDA ROOSVELT CON CARRERA 34", "sitio_hech": "SITIOS PÚBLICOS O ABIERTOS AL PÚBLICO", "lat": 3.427835, "lon": -76.53937833000001, "estrato": 4 }, "geometry": { "type": "Point", "coordinates": [ -76.53937833, 3.427835 ] } },
{ "type": "Feature", "properties": { "agrupado": "DESACATO, IRRESPETO A LA AUTORIDAD", "fecha_hech": "2023-01-23T00:00:00", "hora_hecho": "0:02", "cod_comuna": 19, "nom_comuna": "C-19 EL LIDO", "cod_barrio": 1912, "nom_bar_01": "3 de Julio", "dire_hecho": "CARRERA 34 CON 5B3 B/SAN FERNNDO NUEVO", "sitio_hech": "SITIOS PÚBLICOS O ABIERTOS AL PÚBLICO", "lat": 3.428838333, "lon": -76.539275, "estrato": 4 }, "geometry": { "type": "Point", "coordinates": [ -76.539275, 3.428838333 ] } },
{ "type": "Feature", "properties": { "agrupado": "ARMAS EXCEPTO DE FUEGO", "fecha_hech": "2023-01-23T00:00:00", "hora_hecho": "19:08", "cod_comuna": 19, "nom_comuna": "C-19 EL LIDO", "cod_barrio": 1913, "nom_bar_01": "El Cedro", "dire_hecho": "CALLE 6 CON CRA 31", "sitio_hech": "SITIOS PÚBLICOS O ABIERTOS AL PÚBLICO", "lat": 3.429026667, "lon": -76.538775, "estrato": 4 }, "geometry": { "type": "Point", "coordinates": [ -76.538775, 3.429026667 ] } },
{ "type": "Feature", "properties": { "agrupado": "DESACATO, IRRESPETO A LA AUTORIDAD", "fecha_hech": "2023-01-24T00:00:00", "hora_hecho": "21:14", "cod_comuna": 19, "nom_comuna": "C-19 EL LIDO", "cod_barrio": 1913, "nom_bar_01": "El Cedro", "dire_hecho": "CRA 28 CLLE 7", "sitio_hech": "SITIOS PÚBLICOS O ABIERTOS AL PÚBLICO", "lat": 3.43253, "lon": -76.53840667, "estrato": 4 }, "geometry": { "type": "Point", "coordinates": [ -76.53840667, 3.43253 ] } },
{ "type": "Feature", "properties": { "agrupado": "DESACATO, IRRESPETO A LA AUTORIDAD", "fecha_hech": "2023-01-25T00:00:00", "hora_hecho": "16:36", "cod_comuna": 19, "nom_comuna": "C-19 EL LIDO", "cod_barrio": 1912, "nom_bar_01": "3 de Julio", "dire_hecho": "CALLE 6 CARRERA 27", "sitio_hech": "SITIOS PÚBLICOS O ABIERTOS AL PÚBLICO", "lat": 3.433268333, "lon": -76.53891333, "estrato": 4 }, "geometry": { "type": "Point", "coordinates": [ -76.53891333, 3.433268333 ] } },
{ "type": "Feature", "properties": { "agrupado": "DESACATO, IRRESPETO A LA AUTORIDAD", "fecha_hech": "2023-01-25T00:00:00", "hora_hecho": "18:29", "cod_comuna": 19, "nom_comuna": "C-19 EL LIDO", "cod_barrio": 1906, "nom_bar_01": "San Fernando Nuevo", "dire_hecho": "CARRERA 34 CALLE 5", "sitio_hech": "SITIOS PÚBLICOS O ABIERTOS AL PÚBLICO", "lat": 3.42862, "lon": -76.53944167, "estrato": 4 }, "geometry": { "type": "Point", "coordinates": [ -76.53944167, 3.42862 ] } },
{ "type": "Feature", "properties": { "agrupado": "DESACATO, IRRESPETO A LA AUTORIDAD", "fecha_hech": "2023-01-25T00:00:00", "hora_hecho": "18:36", "cod_comuna": 19, "nom_comuna": "C-19 EL LIDO", "cod_barrio": 1906, "nom_bar_01": "San Fernando Nuevo", "dire_hecho": "CARRERA 34 CALLE 5", "sitio_hech": "SITIOS PÚBLICOS O ABIERTOS AL PÚBLICO", "lat": 3.42862, "lon": -76.53944167, "estrato": 4 }, "geometry": { "type": "Point", "coordinates": [ -76.53944167, 3.42862 ] } },
{ "type": "Feature", "properties": { "agrupado": "DESACATO, IRRESPETO A LA AUTORIDAD", "fecha_hech": "2023-01-25T00:00:00", "hora_hecho": "18:44", "cod_comuna": 19, "nom_comuna": "C-19 EL LIDO", "cod_barrio": 1906, "nom_bar_01": "San Fernando Nuevo", "dire_hecho": "CARRERA 34 CALLE 5", "sitio_hech": "SITIOS PÚBLICOS O ABIERTOS AL PÚBLICO", "lat": 3.42862, "lon": -76.53944167, "estrato": 4 }, "geometry": { "type": "Point", "coordinates": [ -76.53944167, 3.42862 ] } },
{ "type": "Feature", "properties": { "agrupado": "DESACATO, IRRESPETO A LA AUTORIDAD", "fecha_hech": "2023-01-26T00:00:00", "hora_hecho": "10:16", "cod_comuna": 19, "nom_comuna": "C-19 EL LIDO", "cod_barrio": 1912, "nom_bar_01": "3 de Julio", "dire_hecho": "CALLE 6 CARRERA 29", "sitio_hech": "SITIOS PÚBLICOS O ABIERTOS AL PÚBLICO", "lat": 3.430826667, "lon": -76.53902833, "estrato": 4 }, "geometry": { "type": "Point", "coordinates": [ -76.53902833, 3.430826667 ] } },
{ "type": "Feature", "properties": { "agrupado": "DESACATO, IRRESPETO A LA AUTORIDAD", "fecha_hech": "2023-01-26T00:00:00", "hora_hecho": "11:21", "cod_comuna": 19, "nom_comuna": "C-19 EL LIDO", "cod_barrio": 1912, "nom_bar_01": "3 de Julio", "dire_hecho": "KR 27 CL 7", "sitio_hech": "SITIOS PÚBLICOS O ABIERTOS AL PÚBLICO", "lat": 3.43, "lon": -76.54, "estrato": 4 }, "geometry": { "type": "Point", "coordinates": [ -76.54, 3.43 ] } },
{ "type": "Feature", "properties": { "agrupado": "ARMAS EXCEPTO DE FUEGO", "fecha_hech": "2023-01-26T00:00:00", "hora_hecho": "12:16", "cod_comuna": 19, "nom_comuna": "C-19 EL LIDO", "cod_barrio": 1906, "nom_bar_01": "San Fernando Nuevo", "dire_hecho": "KR 34 CL 6", "sitio_hech": "SITIOS PÚBLICOS O ABIERTOS AL PÚBLICO", "lat": 3.428626667, "lon": -76.539295, "estrato": 4 }, "geometry": { "type": "Point", "coordinates": [ -76.539295, 3.428626667 ] } },
{ "type": "Feature", "properties": { "agrupado": "SUSTANCIAS PSICOACTIVAS", "fecha_hech": "2023-01-26T00:00:00", "hora_hecho": "12:27", "cod_comuna": 19, "nom_comuna": "C-19 EL LIDO", "cod_barrio": 1906, "nom_bar_01": "San Fernando Nuevo", "dire_hecho": "CARRERA 34 CALLE 5 B4", "sitio_hech": "SITIOS PÚBLICOS O ABIERTOS AL PÚBLICO", "lat": 3.428581667, "lon": -76.53927667000001, "estrato": 4 }, "geometry": { "type": "Point", "coordinates": [ -76.53927667, 3.428581667 ] } },
{ "type": "Feature", "properties": { "agrupado": "DESACATO, IRRESPETO A LA AUTORIDAD", "fecha_hech": "2023-01-26T00:00:00", "hora_hecho": "23:53", "cod_comuna": 19, "nom_comuna": "C-9 JUNIN", "cod_barrio": 1912, "nom_bar_01": "3 de Julio", "dire_hecho": "CL 15 B KR 23 B", "sitio_hech": "SITIOS PÚBLICOS O ABIERTOS AL PÚBLICO", "lat": 3.435595, "lon": -76.53957, "estrato": 4 }, "geometry": { "type": "Point", "coordinates": [ -76.53957, 3.435595 ] } },
{ "type": "Feature", "properties": { "agrupado": "DESACATO, IRRESPETO A LA AUTORIDAD", "fecha_hech": "2023-01-27T00:00:00", "hora_hecho": "16:48", "cod_comuna": 19, "nom_comuna": "C-19 EL LIDO", "cod_barrio": 1912, "nom_bar_01": "3 de Julio", "dire_hecho": "CL 6 KR 27", "sitio_hech": "SITIOS PÚBLICOS O ABIERTOS AL PÚBLICO", "lat": 3.433473333, "lon": -76.53882667000001, "estrato": 4 }, "geometry": { "type": "Point", "coordinates": [ -76.53882667, 3.433473333 ] } },
{ "type": "Feature", "properties": { "agrupado": "ARMAS EXCEPTO DE FUEGO", "fecha_hech": "2023-01-27T00:00:00", "hora_hecho": "18:06", "cod_comuna": 19, "nom_comuna": "C-19 EL LIDO", "cod_barrio": 1905, "nom_bar_01": "Eucaristico", "dire_hecho": "CALLE 7 CARRERA 36", "sitio_hech": "SITIOS PÚBLICOS O ABIERTOS AL PÚBLICO", "lat": 3.425955, "lon": -76.53908167, "estrato": 4 }, "geometry": { "type": "Point", "coordinates": [ -76.53908167, 3.425955 ] } },
{ "type": "Feature", "properties": { "agrupado": "ARMAS EXCEPTO DE FUEGO", "fecha_hech": "2023-01-27T00:00:00", "hora_hecho": "19:51", "cod_comuna": 19, "nom_comuna": "C-19 EL LIDO", "cod_barrio": 1912, "nom_bar_01": "3 de Julio", "dire_hecho": "CARRER 25 CON CALLE 5A", "sitio_hech": "SITIOS PÚBLICOS O ABIERTOS AL PÚBLICO", "lat": 3.435433333, "lon": -76.54, "estrato": 4 }, "geometry": { "type": "Point", "coordinates": [ -76.54, 3.435433333 ] } },
{ "type": "Feature", "properties": { "agrupado": "DESACATO, IRRESPETO A LA AUTORIDAD", "fecha_hech": "2023-01-27T00:00:00", "hora_hecho": "23:54", "cod_comuna": 19, "nom_comuna": "C-19 EL LIDO", "cod_barrio": 1913, "nom_bar_01": "El Cedro", "dire_hecho": "CALLE 7 CON CRA 24", "sitio_hech": "SITIOS PÚBLICOS O ABIERTOS AL PÚBLICO", "lat": 3.43631, "lon": -76.537305, "estrato": 4 }, "geometry": { "type": "Point", "coordinates": [ -76.537305, 3.43631 ] } },
{ "type": "Feature", "properties": { "agrupado": "SUSTANCIAS PSICOACTIVAS", "fecha_hech": "2023-01-28T00:00:00", "hora_hecho": "12:31", "cod_comuna": 19, "nom_comuna": "C-19 EL LIDO", "cod_barrio": 1905, "nom_bar_01": "Eucaristico", "dire_hecho": "CALL7 CARRERA 36", "sitio_hech": "SITIOS PÚBLICOS O ABIERTOS AL PÚBLICO", "lat": 3.425995, "lon": -76.53912, "estrato": 4 }, "geometry": { "type": "Point", "coordinates": [ -76.53912, 3.425995 ] } },
{ "type": "Feature", "properties": { "agrupado": "ARMAS EXCEPTO DE FUEGO", "fecha_hech": "2023-01-29T00:00:00", "hora_hecho": "18:30", "cod_comuna": 19, "nom_comuna": "C-19 EL LIDO", "cod_barrio": 1905, "nom_bar_01": "Eucaristico", "dire_hecho": "CALLE 9 CON CARRERA 36", "sitio_hech": "SITIOS PÚBLICOS O ABIERTOS AL PÚBLICO", "lat": 3.42537, "lon": -76.538025, "estrato": 4 }, "geometry": { "type": "Point", "coordinates": [ -76.538025, 3.42537 ] } },
{ "type": "Feature", "properties": { "agrupado": "SUSTANCIAS PSICOACTIVAS", "fecha_hech": "2023-01-29T00:00:00", "hora_hecho": "18:46", "cod_comuna": 19, "nom_comuna": "C-19 EL LIDO", "cod_barrio": 1905, "nom_bar_01": "Eucaristico", "dire_hecho": "CALLE 9 CON CARRERA 36", "sitio_hech": "SITIOS PÚBLICOS O ABIERTOS AL PÚBLICO", "lat": 3.42537, "lon": -76.538025, "estrato": 4 }, "geometry": { "type": "Point", "coordinates": [ -76.538025, 3.42537 ] } },
{ "type": "Feature", "properties": { "agrupado": "ARMAS EXCEPTO DE FUEGO", "fecha_hech": "2023-01-31T00:00:00", "hora_hecho": "8:31", "cod_comuna": 19, "nom_comuna": "C-19 EL LIDO", "cod_barrio": 1912, "nom_bar_01": "3 de Julio", "dire_hecho": "CARRERA 34 CON 5B3", "sitio_hech": "SITIOS PÚBLICOS O ABIERTOS AL PÚBLICO", "lat": 3.428776667, "lon": -76.53925333, "estrato": 4 }, "geometry": { "type": "Point", "coordinates": [ -76.53925333, 3.428776667 ] } },
{ "type": "Feature", "properties": { "agrupado": "ARMAS EXCEPTO DE FUEGO", "fecha_hech": "2023-01-31T00:00:00", "hora_hecho": "11:50", "cod_comuna": 19, "nom_comuna": "C-19 EL LIDO", "cod_barrio": 1905, "nom_bar_01": "Eucaristico", "dire_hecho": "CALLE 6 CON 36", "sitio_hech": "SITIOS PÚBLICOS O ABIERTOS AL PÚBLICO", "lat": 3.426053333, "lon": -76.53978833, "estrato": 4 }, "geometry": { "type": "Point", "coordinates": [ -76.53978833, 3.426053333 ] } },
{ "type": "Feature", "properties": { "agrupado": "SUSTANCIAS PSICOACTIVAS", "fecha_hech": "2023-01-31T00:00:00", "hora_hecho": "18:18", "cod_comuna": 19, "nom_comuna": "C-19 EL LIDO", "cod_barrio": 1906, "nom_bar_01": "San Fernando Nuevo", "dire_hecho": "CARRERA 36 CON CALLE 5", "sitio_hech": "SITIOS PÚBLICOS O ABIERTOS AL PÚBLICO", "lat": 3.427755, "lon": -76.54039833, "estrato": 4 }, "geometry": { "type": "Point", "coordinates": [ -76.54039833, 3.427755 ] } },
{ "type": "Feature", "properties": { "agrupado": "DESACATO, IRRESPETO A LA AUTORIDAD", "fecha_hech": "2023-01-31T00:00:00", "hora_hecho": "18:58", "cod_comuna": 19, "nom_comuna": "C-19 EL LIDO", "cod_barrio": 1906, "nom_bar_01": "San Fernando Nuevo", "dire_hecho": "CARRERA 34 CALLE 5", "sitio_hech": "SITIOS PÚBLICOS O ABIERTOS AL PÚBLICO", "lat": 3.428705, "lon": -76.5394, "estrato": 4 }, "geometry": { "type": "Point", "coordinates": [ -76.5394, 3.428705 ] } },
{ "type": "Feature", "properties": { "agrupado": "SUSTANCIAS PSICOACTIVAS", "fecha_hech": "2023-01-31T00:00:00", "hora_hecho": "19:28", "cod_comuna": 19, "nom_comuna": "C-19 EL LIDO", "cod_barrio": 1906, "nom_bar_01": "San Fernando Nuevo", "dire_hecho": "CARRERA 34 CALLE 5", "sitio_hech": "SITIOS PÚBLICOS O ABIERTOS AL PÚBLICO", "lat": 3.428608333, "lon": -76.53937833000001, "estrato": 4 }, "geometry": { "type": "Point", "coordinates": [ -76.53937833, 3.428608333 ] } },
{ "type": "Feature", "properties": { "agrupado": "DESACATO, IRRESPETO A LA AUTORIDAD", "fecha_hech": "2023-02-01T00:00:00", "hora_hecho": "16:15", "cod_comuna": 19, "nom_comuna": "C-19 EL LIDO", "cod_barrio": 1905, "nom_bar_01": "Eucaristico", "dire_hecho": "CL 8 KR 36", "sitio_hech": "MEDIO DE TRANSPORTE", "lat": 3.426745, "lon": -76.53821667, "estrato": 4 }, "geometry": { "type": "Point", "coordinates": [ -76.53821667, 3.426745 ] } },
{ "type": "Feature", "properties": { "agrupado": "ARMAS EXCEPTO DE FUEGO", "fecha_hech": "2023-02-02T00:00:00", "hora_hecho": "20:55", "cod_comuna": 19, "nom_comuna": "C-19 EL LIDO", "cod_barrio": 1906, "nom_bar_01": "San Fernando Nuevo", "dire_hecho": "CARRERA 37 CON CALLE 5B3", "sitio_hech": "SITIOS PÚBLICOS O ABIERTOS AL PÚBLICO", "lat": 3.427736667, "lon": -76.54155, "estrato": 4 }, "geometry": { "type": "Point", "coordinates": [ -76.54155, 3.427736667 ] } },
{ "type": "Feature", "properties": { "agrupado": "SUSTANCIAS PSICOACTIVAS", "fecha_hech": "2023-02-03T00:00:00", "hora_hecho": "16:34", "cod_comuna": 19, "nom_comuna": "C-19 EL LIDO", "cod_barrio": 1906, "nom_bar_01": "San Fernando Nuevo", "dire_hecho": "CARRERA 34 CALLE 5B-59", "sitio_hech": "SITIOS PÚBLICOS O ABIERTOS AL PÚBLICO", "lat": 3.42814, "lon": -76.53929, "estrato": 4 }, "geometry": { "type": "Point", "coordinates": [ -76.53929, 3.42814 ] } },
{ "type": "Feature", "properties": { "agrupado": "SUSTANCIAS PSICOACTIVAS", "fecha_hech": "2023-02-03T00:00:00", "hora_hecho": "23:21", "cod_comuna": 19, "nom_comuna": "C-19 EL LIDO", "cod_barrio": 1912, "nom_bar_01": "3 de Julio", "dire_hecho": "CARRERA 34 CON CALLE 5B3", "sitio_hech": "SITIOS PÚBLICOS O ABIERTOS AL PÚBLICO", "lat": 3.433041667, "lon": -76.53896333, "estrato": 4 }, "geometry": { "type": "Point", "coordinates": [ -76.53896333, 3.433041667 ] } },
{ "type": "Feature", "properties": { "agrupado": "ARMAS EXCEPTO DE FUEGO", "fecha_hech": "2023-02-04T00:00:00", "hora_hecho": "4:36", "cod_comuna": 19, "nom_comuna": "C-19 EL LIDO", "cod_barrio": 1913, "nom_bar_01": "El Cedro", "dire_hecho": "CALLE 7 CON CRA 25", "sitio_hech": "SITIOS PÚBLICOS O ABIERTOS AL PÚBLICO", "lat": 3.434911667, "lon": -76.53739333, "estrato": 4 }, "geometry": { "type": "Point", "coordinates": [ -76.53739333, 3.434911667 ] } },
{ "type": "Feature", "properties": { "agrupado": "DESACATO, IRRESPETO A LA AUTORIDAD", "fecha_hech": "2023-02-06T00:00:00", "hora_hecho": "10:50", "cod_comuna": 19, "nom_comuna": "C-19 EL LIDO", "cod_barrio": 1912, "nom_bar_01": "3 de Julio", "dire_hecho": "KR 26 8 37", "sitio_hech": "MEDIO DE TRANSPORTE", "lat": 3.43, "lon": -76.54, "estrato": 4 }, "geometry": { "type": "Point", "coordinates": [ -76.54, 3.43 ] } },
{ "type": "Feature", "properties": { "agrupado": "DESACATO, IRRESPETO A LA AUTORIDAD", "fecha_hech": "2023-02-06T00:00:00", "hora_hecho": "12:01", "cod_comuna": 19, "nom_comuna": "C-19 EL LIDO", "cod_barrio": 1905, "nom_bar_01": "Eucaristico", "dire_hecho": "CARRERA 36A CON CALLE 7", "sitio_hech": "MEDIO DE TRANSPORTE", "lat": 3.426075, "lon": -76.53941, "estrato": 4 }, "geometry": { "type": "Point", "coordinates": [ -76.53941, 3.426075 ] } },
{ "type": "Feature", "properties": { "agrupado": "DESACATO, IRRESPETO A LA AUTORIDAD", "fecha_hech": "2023-02-06T00:00:00", "hora_hecho": "19:42", "cod_comuna": 19, "nom_comuna": "C-19 EL LIDO", "cod_barrio": 1912, "nom_bar_01": "3 de Julio", "dire_hecho": "CL 6 KR 30", "sitio_hech": "SITIOS PÚBLICOS O ABIERTOS AL PÚBLICO", "lat": 3.430323333, "lon": -76.539015, "estrato": 4 }, "geometry": { "type": "Point", "coordinates": [ -76.539015, 3.430323333 ] } },
{ "type": "Feature", "properties": { "agrupado": "SUSTANCIAS PSICOACTIVAS", "fecha_hech": "2023-02-09T00:00:00", "hora_hecho": "0:40", "cod_comuna": 19, "nom_comuna": "C-19 EL LIDO", "cod_barrio": 1913, "nom_bar_01": "El Cedro", "dire_hecho": "CALLE 6 CRA 28", "sitio_hech": "SITIOS PÚBLICOS O ABIERTOS AL PÚBLICO", "lat": 3.43255, "lon": -76.53847167000001, "estrato": 4 }, "geometry": { "type": "Point", "coordinates": [ -76.53847167, 3.43255 ] } },
{ "type": "Feature", "properties": { "agrupado": "DESACATO, IRRESPETO A LA AUTORIDAD", "fecha_hech": "2023-02-10T00:00:00", "hora_hecho": "9:34", "cod_comuna": 19, "nom_comuna": "C-19 EL LIDO", "cod_barrio": 1906, "nom_bar_01": "San Fernando Nuevo", "dire_hecho": "CLL5B4#34", "sitio_hech": "SITIOS PÚBLICOS O ABIERTOS AL PÚBLICO", "lat": 3.42814, "lon": -76.5395, "estrato": 4 }, "geometry": { "type": "Point", "coordinates": [ -76.5395, 3.42814 ] } },
{ "type": "Feature", "properties": { "agrupado": "SUSTANCIAS PSICOACTIVAS", "fecha_hech": "2023-02-11T00:00:00", "hora_hecho": "17:03", "cod_comuna": 19, "nom_comuna": "C-19 EL LIDO", "cod_barrio": 1912, "nom_bar_01": "3 de Julio", "dire_hecho": "CALLE 5B CON CARRERA 36", "sitio_hech": "SITIOS PÚBLICOS O ABIERTOS AL PÚBLICO", "lat": 3.43, "lon": -76.54, "estrato": 4 }, "geometry": { "type": "Point", "coordinates": [ -76.54, 3.43 ] } },
{ "type": "Feature", "properties": { "agrupado": "ARMAS EXCEPTO DE FUEGO", "fecha_hech": "2023-02-11T00:00:00", "hora_hecho": "17:16", "cod_comuna": 19, "nom_comuna": "C-19 EL LIDO", "cod_barrio": 1905, "nom_bar_01": "Eucaristico", "dire_hecho": "CARRERA 36 CON CALLE 6 B/EUCARISTICO", "sitio_hech": "SITIOS PÚBLICOS O ABIERTOS AL PÚBLICO", "lat": 3.42645, "lon": -76.53952167, "estrato": 4 }, "geometry": { "type": "Point", "coordinates": [ -76.53952167, 3.42645 ] } },
{ "type": "Feature", "properties": { "agrupado": "ARMAS EXCEPTO DE FUEGO", "fecha_hech": "2023-02-14T00:00:00", "hora_hecho": "5:56", "cod_comuna": 19, "nom_comuna": "C-19 EL LIDO", "cod_barrio": 1912, "nom_bar_01": "3 de Julio", "dire_hecho": "CALLE 5 CON CARRERA 25", "sitio_hech": "SITIOS PÚBLICOS O ABIERTOS AL PÚBLICO", "lat": 3.433413333, "lon": -76.53894, "estrato": 4 }, "geometry": { "type": "Point", "coordinates": [ -76.53894, 3.433413333 ] } },
{ "type": "Feature", "properties": { "agrupado": "SUSTANCIAS PSICOACTIVAS", "fecha_hech": "2023-02-14T00:00:00", "hora_hecho": "22:47", "cod_comuna": 19, "nom_comuna": "C-19 EL LIDO", "cod_barrio": 1912, "nom_bar_01": "3 de Julio", "dire_hecho": "CARRERA 26 CON 5", "sitio_hech": "SITIOS PÚBLICOS O ABIERTOS AL PÚBLICO", "lat": 3.435576667, "lon": -76.539935, "estrato": 4 }, "geometry": { "type": "Point", "coordinates": [ -76.539935, 3.435576667 ] } },
{ "type": "Feature", "properties": { "agrupado": "DESACATO, IRRESPETO A LA AUTORIDAD", "fecha_hech": "2023-02-15T00:00:00", "hora_hecho": "9:46", "cod_comuna": 19, "nom_comuna": "C-19 EL LIDO", "cod_barrio": 1912, "nom_bar_01": "3 de Julio", "dire_hecho": "KR 27 CL 5 B", "sitio_hech": "SITIOS PÚBLICOS O ABIERTOS AL PÚBLICO", "lat": 3.4325612, "lon": -76.5396644, "estrato": 4 }, "geometry": { "type": "Point", "coordinates": [ -76.5396644, 3.4325612 ] } },
{ "type": "Feature", "properties": { "agrupado": "SUSTANCIAS PSICOACTIVAS", "fecha_hech": "2023-02-15T00:00:00", "hora_hecho": "20:36", "cod_comuna": 19, "nom_comuna": "C-19 EL LIDO", "cod_barrio": 1905, "nom_bar_01": "Eucaristico", "dire_hecho": "CALLE7 CON 36", "sitio_hech": "SITIOS PÚBLICOS O ABIERTOS AL PÚBLICO", "lat": 3.425816667, "lon": -76.539105, "estrato": 4 }, "geometry": { "type": "Point", "coordinates": [ -76.539105, 3.425816667 ] } },
{ "type": "Feature", "properties": { "agrupado": "DESACATO, IRRESPETO A LA AUTORIDAD", "fecha_hech": "2023-02-15T00:00:00", "hora_hecho": "20:39", "cod_comuna": 19, "nom_comuna": "C-19 EL LIDO", "cod_barrio": 1913, "nom_bar_01": "El Cedro", "dire_hecho": "CL 7 KR 24", "sitio_hech": "SITIOS PÚBLICOS O ABIERTOS AL PÚBLICO", "lat": 3.436595, "lon": -76.53738167, "estrato": 4 }, "geometry": { "type": "Point", "coordinates": [ -76.53738167, 3.436595 ] } },
{ "type": "Feature", "properties": { "agrupado": "ARMAS EXCEPTO DE FUEGO", "fecha_hech": "2023-02-16T00:00:00", "hora_hecho": "13:19", "cod_comuna": 19, "nom_comuna": "C-19 EL LIDO", "cod_barrio": 1906, "nom_bar_01": "San Fernando Nuevo", "dire_hecho": "KR 36 CL 5 B 4", "sitio_hech": "SITIOS PÚBLICOS O ABIERTOS AL PÚBLICO", "lat": 3.428168333, "lon": -76.5407, "estrato": 4 }, "geometry": { "type": "Point", "coordinates": [ -76.5407, 3.428168333 ] } },
{ "type": "Feature", "properties": { "agrupado": "ARMAS EXCEPTO DE FUEGO", "fecha_hech": "2023-02-17T00:00:00", "hora_hecho": "23:14", "cod_comuna": 19, "nom_comuna": "C-19 EL LIDO", "cod_barrio": 1906, "nom_bar_01": "San Fernando Nuevo", "dire_hecho": "CALLE 5B4 CON 36B", "sitio_hech": "SITIOS PÚBLICOS O ABIERTOS AL PÚBLICO", "lat": 3.427178333, "lon": -76.54110167, "estrato": 4 }, "geometry": { "type": "Point", "coordinates": [ -76.54110167, 3.427178333 ] } },
{ "type": "Feature", "properties": { "agrupado": "SUSTANCIAS PSICOACTIVAS", "fecha_hech": "2023-02-17T00:00:00", "hora_hecho": "23:44", "cod_comuna": 19, "nom_comuna": "C-19 EL LIDO", "cod_barrio": 1906, "nom_bar_01": "San Fernando Nuevo", "dire_hecho": "CALLE 5B4 CON 36B", "sitio_hech": "SITIOS PÚBLICOS O ABIERTOS AL PÚBLICO", "lat": 3.427171667, "lon": -76.54108167, "estrato": 4 }, "geometry": { "type": "Point", "coordinates": [ -76.54108167, 3.427171667 ] } },
{ "type": "Feature", "properties": { "agrupado": "DESACATO, IRRESPETO A LA AUTORIDAD", "fecha_hech": "2023-02-19T00:00:00", "hora_hecho": "23:18", "cod_comuna": 19, "nom_comuna": "C-19 EL LIDO", "cod_barrio": 1912, "nom_bar_01": "3 de Julio", "dire_hecho": "CALLE 6 CARRERA 27", "sitio_hech": "SITIOS PÚBLICOS O ABIERTOS AL PÚBLICO", "lat": 3.434213333, "lon": -76.53886167, "estrato": 4 }, "geometry": { "type": "Point", "coordinates": [ -76.53886167, 3.434213333 ] } },
{ "type": "Feature", "properties": { "agrupado": "DESACATO, IRRESPETO A LA AUTORIDAD", "fecha_hech": "2023-02-20T00:00:00", "hora_hecho": "12:21", "cod_comuna": 19, "nom_comuna": "C-19 EL LIDO", "cod_barrio": 1912, "nom_bar_01": "3 de Julio", "dire_hecho": "CALLE 9 CON CARRERA 26", "sitio_hech": "SITIOS PÚBLICOS O ABIERTOS AL PÚBLICO", "lat": 3.43, "lon": -76.54, "estrato": 4 }, "geometry": { "type": "Point", "coordinates": [ -76.54, 3.43 ] } },
{ "type": "Feature", "properties": { "agrupado": "DESACATO, IRRESPETO A LA AUTORIDAD", "fecha_hech": "2023-02-21T00:00:00", "hora_hecho": "12:14", "cod_comuna": 19, "nom_comuna": "C-19 EL LIDO", "cod_barrio": 1912, "nom_bar_01": "3 de Julio", "dire_hecho": "CALLE 6 CR 27", "sitio_hech": "SITIOS PÚBLICOS O ABIERTOS AL PÚBLICO", "lat": 3.43, "lon": -76.54, "estrato": 4 }, "geometry": { "type": "Point", "coordinates": [ -76.54, 3.43 ] } },
{ "type": "Feature", "properties": { "agrupado": "ARMAS EXCEPTO DE FUEGO", "fecha_hech": "2023-02-22T00:00:00", "hora_hecho": "1:44", "cod_comuna": 19, "nom_comuna": "C-19 EL LIDO", "cod_barrio": 1913, "nom_bar_01": "El Cedro", "dire_hecho": "CARRERA 28 # 6-37", "sitio_hech": "SITIOS PÚBLICOS O ABIERTOS AL PÚBLICO", "lat": 3.432516667, "lon": -76.53843167, "estrato": 4 }, "geometry": { "type": "Point", "coordinates": [ -76.53843167, 3.432516667 ] } },
{ "type": "Feature", "properties": { "agrupado": "DESACATO, IRRESPETO A LA AUTORIDAD", "fecha_hech": "2023-02-22T00:00:00", "hora_hecho": "12:38", "cod_comuna": 19, "nom_comuna": "C-19 EL LIDO", "cod_barrio": 1913, "nom_bar_01": "El Cedro", "dire_hecho": "CL 9 KR 32A", "sitio_hech": "SITIOS PÚBLICOS O ABIERTOS AL PÚBLICO", "lat": 3.427308333, "lon": -76.537145, "estrato": 4 }, "geometry": { "type": "Point", "coordinates": [ -76.537145, 3.427308333 ] } },
{ "type": "Feature", "properties": { "agrupado": "SUSTANCIAS PSICOACTIVAS", "fecha_hech": "2023-02-22T00:00:00", "hora_hecho": "21:25", "cod_comuna": 19, "nom_comuna": "C-19 EL LIDO", "cod_barrio": 1912, "nom_bar_01": "3 de Julio", "dire_hecho": "CL 5B CON CR 29", "sitio_hech": "SITIOS PÚBLICOS O ABIERTOS AL PÚBLICO", "lat": 3.43, "lon": -76.54, "estrato": 4 }, "geometry": { "type": "Point", "coordinates": [ -76.54, 3.43 ] } },
{ "type": "Feature", "properties": { "agrupado": "DESACATO, IRRESPETO A LA AUTORIDAD", "fecha_hech": "2023-02-23T00:00:00", "hora_hecho": "14:31", "cod_comuna": 19, "nom_comuna": "C-19 EL LIDO", "cod_barrio": 1912, "nom_bar_01": "3 de Julio", "dire_hecho": "CL 9 KR 29", "sitio_hech": "SITIOS PÚBLICOS O ABIERTOS AL PÚBLICO", "lat": 3.43, "lon": -76.54, "estrato": 4 }, "geometry": { "type": "Point", "coordinates": [ -76.54, 3.43 ] } },
{ "type": "Feature", "properties": { "agrupado": "ARMAS EXCEPTO DE FUEGO", "fecha_hech": "2023-02-23T00:00:00", "hora_hecho": "19:20", "cod_comuna": 19, "nom_comuna": "C-19 EL LIDO", "cod_barrio": 1913, "nom_bar_01": "El Cedro", "dire_hecho": "CARRERA 30 CON CALLE 7", "sitio_hech": "SITIOS PÚBLICOS O ABIERTOS AL PÚBLICO", "lat": 3.429218333, "lon": -76.53872667, "estrato": 4 }, "geometry": { "type": "Point", "coordinates": [ -76.53872667, 3.429218333 ] } },
{ "type": "Feature", "properties": { "agrupado": "ARMAS EXCEPTO DE FUEGO", "fecha_hech": "2023-02-23T00:00:00", "hora_hecho": "21:02", "cod_comuna": 19, "nom_comuna": "C-19 EL LIDO", "cod_barrio": 1912, "nom_bar_01": "3 de Julio", "dire_hecho": "CALLE 5 CARRERA 27", "sitio_hech": "SITIOS PÚBLICOS O ABIERTOS AL PÚBLICO", "lat": 3.432566667, "lon": -76.53930167, "estrato": 4 }, "geometry": { "type": "Point", "coordinates": [ -76.53930167, 3.432566667 ] } },
{ "type": "Feature", "properties": { "agrupado": "SUSTANCIAS PSICOACTIVAS", "fecha_hech": "2023-02-25T00:00:00", "hora_hecho": "9:02", "cod_comuna": 19, "nom_comuna": "C-19 EL LIDO", "cod_barrio": 1905, "nom_bar_01": "Eucaristico", "dire_hecho": "CALLE 5F CON CARRERA 36B", "sitio_hech": "SITIOS PÚBLICOS O ABIERTOS AL PÚBLICO", "lat": 3.426018333, "lon": -76.54018833000001, "estrato": 4 }, "geometry": { "type": "Point", "coordinates": [ -76.54018833, 3.426018333 ] } },
{ "type": "Feature", "properties": { "agrupado": "SUSTANCIAS PSICOACTIVAS", "fecha_hech": "2023-02-25T00:00:00", "hora_hecho": "19:30", "cod_comuna": 19, "nom_comuna": "C-19 EL LIDO", "cod_barrio": 1906, "nom_bar_01": "San Fernando Nuevo", "dire_hecho": "CR 36 CL 5B4", "sitio_hech": "SITIOS PÚBLICOS O ABIERTOS AL PÚBLICO", "lat": 3.427813333, "lon": -76.54034167, "estrato": 4 }, "geometry": { "type": "Point", "coordinates": [ -76.54034167, 3.427813333 ] } },
{ "type": "Feature", "properties": { "agrupado": "SUSTANCIAS PSICOACTIVAS", "fecha_hech": "2023-02-25T00:00:00", "hora_hecho": "19:34", "cod_comuna": 19, "nom_comuna": "C-19 EL LIDO", "cod_barrio": 1906, "nom_bar_01": "San Fernando Nuevo", "dire_hecho": "CR 36 CL 5B4", "sitio_hech": "SITIOS PÚBLICOS O ABIERTOS AL PÚBLICO", "lat": 3.427816667, "lon": -76.540365, "estrato": 4 }, "geometry": { "type": "Point", "coordinates": [ -76.540365, 3.427816667 ] } },
{ "type": "Feature", "properties": { "agrupado": "SUSTANCIAS PSICOACTIVAS", "fecha_hech": "2023-02-25T00:00:00", "hora_hecho": "19:39", "cod_comuna": 19, "nom_comuna": "C-19 EL LIDO", "cod_barrio": 1906, "nom_bar_01": "San Fernando Nuevo", "dire_hecho": "CR 36 CL 5B4", "sitio_hech": "SITIOS PÚBLICOS O ABIERTOS AL PÚBLICO", "lat": 3.42779, "lon": -76.54040333, "estrato": 4 }, "geometry": { "type": "Point", "coordinates": [ -76.54040333, 3.42779 ] } },
{ "type": "Feature", "properties": { "agrupado": "SUSTANCIAS PSICOACTIVAS", "fecha_hech": "2023-02-25T00:00:00", "hora_hecho": "19:49", "cod_comuna": 19, "nom_comuna": "C-19 EL LIDO", "cod_barrio": 1906, "nom_bar_01": "San Fernando Nuevo", "dire_hecho": "CR 36 CL 5B4", "sitio_hech": "SITIOS PÚBLICOS O ABIERTOS AL PÚBLICO", "lat": 3.427793333, "lon": -76.54025667000001, "estrato": 4 }, "geometry": { "type": "Point", "coordinates": [ -76.54025667, 3.427793333 ] } },
{ "type": "Feature", "properties": { "agrupado": "SUSTANCIAS PSICOACTIVAS", "fecha_hech": "2023-02-25T00:00:00", "hora_hecho": "19:54", "cod_comuna": 19, "nom_comuna": "C-19 EL LIDO", "cod_barrio": 1906, "nom_bar_01": "San Fernando Nuevo", "dire_hecho": "CR 36 CL 5B4", "sitio_hech": "SITIOS PÚBLICOS O ABIERTOS AL PÚBLICO", "lat": 3.427785, "lon": -76.54039333, "estrato": 4 }, "geometry": { "type": "Point", "coordinates": [ -76.54039333, 3.427785 ] } },
{ "type": "Feature", "properties": { "agrupado": "SUSTANCIAS PSICOACTIVAS", "fecha_hech": "2023-02-25T00:00:00", "hora_hecho": "20:07", "cod_comuna": 19, "nom_comuna": "C-19 EL LIDO", "cod_barrio": 1906, "nom_bar_01": "San Fernando Nuevo", "dire_hecho": "CR 36 CL 5B4", "sitio_hech": "SITIOS PÚBLICOS O ABIERTOS AL PÚBLICO", "lat": 3.427761667, "lon": -76.54041167, "estrato": 4 }, "geometry": { "type": "Point", "coordinates": [ -76.54041167, 3.427761667 ] } },
{ "type": "Feature", "properties": { "agrupado": "SUSTANCIAS PSICOACTIVAS", "fecha_hech": "2023-02-25T00:00:00", "hora_hecho": "20:39", "cod_comuna": 19, "nom_comuna": "C-19 EL LIDO", "cod_barrio": 1906, "nom_bar_01": "San Fernando Nuevo", "dire_hecho": "CR 36 CL 5B4", "sitio_hech": "SITIOS PÚBLICOS O ABIERTOS AL PÚBLICO", "lat": 3.427766667, "lon": -76.54037167, "estrato": 4 }, "geometry": { "type": "Point", "coordinates": [ -76.54037167, 3.427766667 ] } },
{ "type": "Feature", "properties": { "agrupado": "DESACATO, IRRESPETO A LA AUTORIDAD", "fecha_hech": "2023-02-26T00:00:00", "hora_hecho": "0:20", "cod_comuna": 19, "nom_comuna": "C-19 EL LIDO", "cod_barrio": 1912, "nom_bar_01": "3 de Julio", "dire_hecho": "CALLE 6 COM CARRERA 36C", "sitio_hech": "SITIOS PÚBLICOS O ABIERTOS AL PÚBLICO", "lat": 3.43, "lon": -76.54, "estrato": 4 }, "geometry": { "type": "Point", "coordinates": [ -76.54, 3.43 ] } },
{ "type": "Feature", "properties": { "agrupado": "ARMAS EXCEPTO DE FUEGO", "fecha_hech": "2023-02-26T00:00:00", "hora_hecho": "10:31", "cod_comuna": 19, "nom_comuna": "C-19 EL LIDO", "cod_barrio": 1913, "nom_bar_01": "El Cedro", "dire_hecho": "CARRERA 34 CON 5B", "sitio_hech": "SITIOS PÚBLICOS O ABIERTOS AL PÚBLICO", "lat": 3.433498333, "lon": -76.53811833, "estrato": 4 }, "geometry": { "type": "Point", "coordinates": [ -76.53811833, 3.433498333 ] } },
{ "type": "Feature", "properties": { "agrupado": "ARMAS EXCEPTO DE FUEGO", "fecha_hech": "2023-02-27T00:00:00", "hora_hecho": "5:28", "cod_comuna": 19, "nom_comuna": "C-19 EL LIDO", "cod_barrio": 1912, "nom_bar_01": "3 de Julio", "dire_hecho": "CARRERA 28 CON 5B", "sitio_hech": "SITIOS PÚBLICOS O ABIERTOS AL PÚBLICO", "lat": 3.432953333, "lon": -76.54010333, "estrato": 4 }, "geometry": { "type": "Point", "coordinates": [ -76.54010333, 3.432953333 ] } },
{ "type": "Feature", "properties": { "agrupado": "DESACATO, IRRESPETO A LA AUTORIDAD", "fecha_hech": "2023-02-28T00:00:00", "hora_hecho": "12:45", "cod_comuna": 19, "nom_comuna": "C-19 EL LIDO", "cod_barrio": 1912, "nom_bar_01": "3 de Julio", "dire_hecho": "CL 6 KR 26", "sitio_hech": "SITIOS PÚBLICOS O ABIERTOS AL PÚBLICO", "lat": 3.43, "lon": -76.54, "estrato": 4 }, "geometry": { "type": "Point", "coordinates": [ -76.54, 3.43 ] } },
{ "type": "Feature", "properties": { "agrupado": "RIÑAS", "fecha_hech": "2023-02-28T00:00:00", "hora_hecho": "12:55", "cod_comuna": 19, "nom_comuna": "C-19 EL LIDO", "cod_barrio": 1913, "nom_bar_01": "El Cedro", "dire_hecho": "CL 7 # 26 - 79", "sitio_hech": "SITIOS PÚBLICOS O ABIERTOS AL PÚBLICO", "lat": 3.432781667, "lon": -76.53756, "estrato": 4 }, "geometry": { "type": "Point", "coordinates": [ -76.53756, 3.432781667 ] } },
{ "type": "Feature", "properties": { "agrupado": "DESACATO, IRRESPETO A LA AUTORIDAD", "fecha_hech": "2023-03-02T00:00:00", "hora_hecho": "8:42", "cod_comuna": 19, "nom_comuna": "C-19 EL LIDO", "cod_barrio": 1912, "nom_bar_01": "3 de Julio", "dire_hecho": "CALLE 6 CON CARRERA 30", "sitio_hech": "SITIOS PÚBLICOS O ABIERTOS AL PÚBLICO", "lat": 3.430475, "lon": -76.539295, "estrato": 4 }, "geometry": { "type": "Point", "coordinates": [ -76.539295, 3.430475 ] } },
{ "type": "Feature", "properties": { "agrupado": "SUSTANCIAS PSICOACTIVAS", "fecha_hech": "2023-03-02T00:00:00", "hora_hecho": "15:15", "cod_comuna": 19, "nom_comuna": "C-19 EL LIDO", "cod_barrio": 1905, "nom_bar_01": "Eucaristico", "dire_hecho": "CALLE 7 CARRERA 36 EL TEMPLETE", "sitio_hech": "SITIOS PÚBLICOS O ABIERTOS AL PÚBLICO", "lat": 3.42725, "lon": -76.53940833, "estrato": 4 }, "geometry": { "type": "Point", "coordinates": [ -76.53940833, 3.42725 ] } },
{ "type": "Feature", "properties": { "agrupado": "ARMAS EXCEPTO DE FUEGO", "fecha_hech": "2023-03-02T00:00:00", "hora_hecho": "18:24", "cod_comuna": 19, "nom_comuna": "C-19 EL LIDO", "cod_barrio": 1905, "nom_bar_01": "Eucaristico", "dire_hecho": "CARRERA 42 CALLE 5E BARRIO TEQUENDAMA", "sitio_hech": "SITIOS PÚBLICOS O ABIERTOS AL PÚBLICO", "lat": 3.42725, "lon": -76.53940833, "estrato": 4 }, "geometry": { "type": "Point", "coordinates": [ -76.53940833, 3.42725 ] } },
{ "type": "Feature", "properties": { "agrupado": "ARMAS EXCEPTO DE FUEGO", "fecha_hech": "2023-03-03T00:00:00", "hora_hecho": "13:10", "cod_comuna": 19, "nom_comuna": "C-19 EL LIDO", "cod_barrio": 1905, "nom_bar_01": "Eucaristico", "dire_hecho": "CARRERA 36A CON CALLE 7 PARQUE TEMPLETE", "sitio_hech": "SITIOS PÚBLICOS O ABIERTOS AL PÚBLICO", "lat": 3.425843333, "lon": -76.53918167, "estrato": 4 }, "geometry": { "type": "Point", "coordinates": [ -76.53918167, 3.425843333 ] } },
{ "type": "Feature", "properties": { "agrupado": "DESACATO, IRRESPETO A LA AUTORIDAD", "fecha_hech": "2023-03-04T00:00:00", "hora_hecho": "23:43", "cod_comuna": 19, "nom_comuna": "C-19 EL LIDO", "cod_barrio": 1905, "nom_bar_01": "Eucaristico", "dire_hecho": "CALLE 6 CON CARRERA 36C", "sitio_hech": "SITIOS PÚBLICOS O ABIERTOS AL PÚBLICO", "lat": 3.425208333, "lon": -76.54040833000001, "estrato": 4 }, "geometry": { "type": "Point", "coordinates": [ -76.54040833, 3.425208333 ] } },
{ "type": "Feature", "properties": { "agrupado": "DESACATO, IRRESPETO A LA AUTORIDAD", "fecha_hech": "2023-03-05T00:00:00", "hora_hecho": "19:14", "cod_comuna": 19, "nom_comuna": "C-19 EL LIDO", "cod_barrio": 1912, "nom_bar_01": "3 de Julio", "dire_hecho": "CALLE 6 CARRERA 34", "sitio_hech": "SITIOS PÚBLICOS O ABIERTOS AL PÚBLICO", "lat": 3.428706667, "lon": -76.53932333, "estrato": 4 }, "geometry": { "type": "Point", "coordinates": [ -76.53932333, 3.428706667 ] } },
{ "type": "Feature", "properties": { "agrupado": "DESACATO, IRRESPETO A LA AUTORIDAD", "fecha_hech": "2023-03-05T00:00:00", "hora_hecho": "20:42", "cod_comuna": 19, "nom_comuna": "C-19 EL LIDO", "cod_barrio": 1912, "nom_bar_01": "3 de Julio", "dire_hecho": "CALLE 6 #26-90", "sitio_hech": "SITIOS PÚBLICOS O ABIERTOS AL PÚBLICO", "lat": 3.433406667, "lon": -76.538905, "estrato": 4 }, "geometry": { "type": "Point", "coordinates": [ -76.538905, 3.433406667 ] } },
{ "type": "Feature", "properties": { "agrupado": "SUSTANCIAS PSICOACTIVAS", "fecha_hech": "2023-03-08T00:00:00", "hora_hecho": "18:38", "cod_comuna": 19, "nom_comuna": "C-19 EL LIDO", "cod_barrio": 1912, "nom_bar_01": "3 de Julio", "dire_hecho": "CARRERA 29 CON CALLE 5B", "sitio_hech": "SITIOS PÚBLICOS O ABIERTOS AL PÚBLICO", "lat": 3.431905, "lon": -76.540255, "estrato": 4 }, "geometry": { "type": "Point", "coordinates": [ -76.540255, 3.431905 ] } },
{ "type": "Feature", "properties": { "agrupado": "SUSTANCIAS PSICOACTIVAS", "fecha_hech": "2023-03-09T00:00:00", "hora_hecho": "18:32", "cod_comuna": 19, "nom_comuna": "C-9 JUNIN", "cod_barrio": 1912, "nom_bar_01": "3 de Julio", "dire_hecho": "CALLE 5A CARRERA 22", "sitio_hech": "SITIOS PÚBLICOS O ABIERTOS AL PÚBLICO", "lat": 3.432735, "lon": -76.53896333, "estrato": 4 }, "geometry": { "type": "Point", "coordinates": [ -76.53896333, 3.432735 ] } },
{ "type": "Feature", "properties": { "agrupado": "DESACATO, IRRESPETO A LA AUTORIDAD", "fecha_hech": "2023-03-10T00:00:00", "hora_hecho": "11:11", "cod_comuna": 19, "nom_comuna": "C-19 EL LIDO", "cod_barrio": 1913, "nom_bar_01": "El Cedro", "dire_hecho": "KR 30 CL 6", "sitio_hech": "SITIOS PÚBLICOS O ABIERTOS AL PÚBLICO", "lat": 3.430345, "lon": -76.53896833, "estrato": 4 }, "geometry": { "type": "Point", "coordinates": [ -76.53896833, 3.430345 ] } },
{ "type": "Feature", "properties": { "agrupado": "SUSTANCIAS PSICOACTIVAS", "fecha_hech": "2023-03-11T00:00:00", "hora_hecho": "15:43", "cod_comuna": 19, "nom_comuna": "C-19 EL LIDO", "cod_barrio": 1905, "nom_bar_01": "Eucaristico", "dire_hecho": "CALLE6 CON 36", "sitio_hech": "SITIOS PÚBLICOS O ABIERTOS AL PÚBLICO", "lat": 3.426208333, "lon": -76.53948667, "estrato": 4 }, "geometry": { "type": "Point", "coordinates": [ -76.53948667, 3.426208333 ] } },
{ "type": "Feature", "properties": { "agrupado": "DESACATO, IRRESPETO A LA AUTORIDAD", "fecha_hech": "2023-03-11T00:00:00", "hora_hecho": "18:55", "cod_comuna": 19, "nom_comuna": "C-19 EL LIDO", "cod_barrio": 1905, "nom_bar_01": "Eucaristico", "dire_hecho": "CALLE 6 CARERA 37", "sitio_hech": "SITIOS PÚBLICOS O ABIERTOS AL PÚBLICO", "lat": 3.425545, "lon": -76.54037667, "estrato": 4 }, "geometry": { "type": "Point", "coordinates": [ -76.54037667, 3.425545 ] } },
{ "type": "Feature", "properties": { "agrupado": "DESACATO, IRRESPETO A LA AUTORIDAD", "fecha_hech": "2023-03-12T00:00:00", "hora_hecho": "15:41", "cod_comuna": 19, "nom_comuna": "C-19 EL LIDO", "cod_barrio": 1912, "nom_bar_01": "3 de Julio", "dire_hecho": "CL 5B1 CON CR 29", "sitio_hech": "SITIOS PÚBLICOS O ABIERTOS AL PÚBLICO", "lat": 3.43, "lon": -76.54, "estrato": 4 }, "geometry": { "type": "Point", "coordinates": [ -76.54, 3.43 ] } },
{ "type": "Feature", "properties": { "agrupado": "SUSTANCIAS PSICOACTIVAS", "fecha_hech": "2023-03-12T00:00:00", "hora_hecho": "18:58", "cod_comuna": 19, "nom_comuna": "C-19 EL LIDO", "cod_barrio": 1913, "nom_bar_01": "El Cedro", "dire_hecho": "CR 32 CON CL 7", "sitio_hech": "SITIOS PÚBLICOS O ABIERTOS AL PÚBLICO", "lat": 3.42821, "lon": -76.53825, "estrato": 4 }, "geometry": { "type": "Point", "coordinates": [ -76.53825, 3.42821 ] } },
{ "type": "Feature", "properties": { "agrupado": "DESACATO, IRRESPETO A LA AUTORIDAD", "fecha_hech": "2023-03-13T00:00:00", "hora_hecho": "2:10", "cod_comuna": 19, "nom_comuna": "C-19 EL LIDO", "cod_barrio": 1905, "nom_bar_01": "Eucaristico", "dire_hecho": "CALLE 6 CARRERA 34", "sitio_hech": "SITIOS PÚBLICOS O ABIERTOS AL PÚBLICO", "lat": 3.426216667, "lon": -76.53986, "estrato": 4 }, "geometry": { "type": "Point", "coordinates": [ -76.53986, 3.426216667 ] } },
{ "type": "Feature", "properties": { "agrupado": "SUSTANCIAS PSICOACTIVAS", "fecha_hech": "2023-03-16T00:00:00", "hora_hecho": "13:42", "cod_comuna": 19, "nom_comuna": "C-19 EL LIDO", "cod_barrio": 1913, "nom_bar_01": "El Cedro", "dire_hecho": "CALLE 4C CON CARRERA 27", "sitio_hech": "SITIOS PÚBLICOS O ABIERTOS AL PÚBLICO", "lat": 3.434543333, "lon": -76.53862167, "estrato": 4 }, "geometry": { "type": "Point", "coordinates": [ -76.53862167, 3.434543333 ] } },
{ "type": "Feature", "properties": { "agrupado": "DESACATO, IRRESPETO A LA AUTORIDAD", "fecha_hech": "2023-03-17T00:00:00", "hora_hecho": "0:37", "cod_comuna": 19, "nom_comuna": "C-19 EL LIDO", "cod_barrio": 1912, "nom_bar_01": "3 de Julio", "dire_hecho": "CL 9 CON CR 27", "sitio_hech": "SITIOS PÚBLICOS O ABIERTOS AL PÚBLICO", "lat": 3.43, "lon": -76.54, "estrato": 4 }, "geometry": { "type": "Point", "coordinates": [ -76.54, 3.43 ] } },
{ "type": "Feature", "properties": { "agrupado": "DESACATO, IRRESPETO A LA AUTORIDAD", "fecha_hech": "2023-03-19T00:00:00", "hora_hecho": "14:43", "cod_comuna": 19, "nom_comuna": "C-19 EL LIDO", "cod_barrio": 1913, "nom_bar_01": "El Cedro", "dire_hecho": "CALLE 6 CON CARRERA 27", "sitio_hech": "SITIOS PÚBLICOS O ABIERTOS AL PÚBLICO", "lat": 3.432856667, "lon": -76.53884667, "estrato": 4 }, "geometry": { "type": "Point", "coordinates": [ -76.53884667, 3.432856667 ] } },
{ "type": "Feature", "properties": { "agrupado": "DESACATO, IRRESPETO A LA AUTORIDAD", "fecha_hech": "2023-03-19T00:00:00", "hora_hecho": "17:05", "cod_comuna": 19, "nom_comuna": "C-19 EL LIDO", "cod_barrio": 1906, "nom_bar_01": "San Fernando Nuevo", "dire_hecho": "CARRERA 36 CON CALLE 5B4", "sitio_hech": "SITIOS PÚBLICOS O ABIERTOS AL PÚBLICO", "lat": 3.427695, "lon": -76.54031833000001, "estrato": 4 }, "geometry": { "type": "Point", "coordinates": [ -76.54031833, 3.427695 ] } },
{ "type": "Feature", "properties": { "agrupado": "ARMAS EXCEPTO DE FUEGO", "fecha_hech": "2023-03-19T00:00:00", "hora_hecho": "17:10", "cod_comuna": 19, "nom_comuna": "C-19 EL LIDO", "cod_barrio": 1905, "nom_bar_01": "Eucaristico", "dire_hecho": "CALLE 6 CON CRA 36", "sitio_hech": "SITIOS PÚBLICOS O ABIERTOS AL PÚBLICO", "lat": 3.426658333, "lon": -76.53958, "estrato": 4 }, "geometry": { "type": "Point", "coordinates": [ -76.53958, 3.426658333 ] } },
{ "type": "Feature", "properties": { "agrupado": "DESACATO, IRRESPETO A LA AUTORIDAD", "fecha_hech": "2023-03-20T00:00:00", "hora_hecho": "1:06", "cod_comuna": 19, "nom_comuna": "C-19 EL LIDO", "cod_barrio": 1905, "nom_bar_01": "Eucaristico", "dire_hecho": "CL 8 KR 38", "sitio_hech": "MEDIO DE TRANSPORTE", "lat": 3.426638333, "lon": -76.53887167000001, "estrato": 4 }, "geometry": { "type": "Point", "coordinates": [ -76.53887167, 3.426638333 ] } },
{ "type": "Feature", "properties": { "agrupado": "DESACATO, IRRESPETO A LA AUTORIDAD", "fecha_hech": "2023-03-21T00:00:00", "hora_hecho": "8:59", "cod_comuna": 19, "nom_comuna": "C-19 EL LIDO", "cod_barrio": 1912, "nom_bar_01": "3 de Julio", "dire_hecho": "CL 8 KR 31", "sitio_hech": "SITIOS PÚBLICOS O ABIERTOS AL PÚBLICO", "lat": 3.43, "lon": -76.54, "estrato": 4 }, "geometry": { "type": "Point", "coordinates": [ -76.54, 3.43 ] } },
{ "type": "Feature", "properties": { "agrupado": "ARMAS EXCEPTO DE FUEGO", "fecha_hech": "2023-03-21T00:00:00", "hora_hecho": "10:49", "cod_comuna": 19, "nom_comuna": "C-19 EL LIDO", "cod_barrio": 1913, "nom_bar_01": "El Cedro", "dire_hecho": "CL 7 KR 26", "sitio_hech": "SITIOS PÚBLICOS O ABIERTOS AL PÚBLICO", "lat": 3.434461667, "lon": -76.53760333, "estrato": 4 }, "geometry": { "type": "Point", "coordinates": [ -76.53760333, 3.434461667 ] } },
{ "type": "Feature", "properties": { "agrupado": "DESACATO, IRRESPETO A LA AUTORIDAD", "fecha_hech": "2023-03-23T00:00:00", "hora_hecho": "9:17", "cod_comuna": 19, "nom_comuna": "C-19 EL LIDO", "cod_barrio": 1913, "nom_bar_01": "El Cedro", "dire_hecho": "CL 6 KR 27", "sitio_hech": "SITIOS PÚBLICOS O ABIERTOS AL PÚBLICO", "lat": 3.433515, "lon": -76.53828667000001, "estrato": 4 }, "geometry": { "type": "Point", "coordinates": [ -76.53828667, 3.433515 ] } },
{ "type": "Feature", "properties": { "agrupado": "SUSTANCIAS PSICOACTIVAS", "fecha_hech": "2023-03-23T00:00:00", "hora_hecho": "18:08", "cod_comuna": 19, "nom_comuna": "C-19 EL LIDO", "cod_barrio": 1906, "nom_bar_01": "San Fernando Nuevo", "dire_hecho": "CALLE 5 CON CARRERA 34", "sitio_hech": "SITIOS PÚBLICOS O ABIERTOS AL PÚBLICO", "lat": 3.428723333, "lon": -76.53945, "estrato": 4 }, "geometry": { "type": "Point", "coordinates": [ -76.53945, 3.428723333 ] } },
{ "type": "Feature", "properties": { "agrupado": "SUSTANCIAS PSICOACTIVAS", "fecha_hech": "2023-03-23T00:00:00", "hora_hecho": "18:15", "cod_comuna": 19, "nom_comuna": "C-19 EL LIDO", "cod_barrio": 1906, "nom_bar_01": "San Fernando Nuevo", "dire_hecho": "CLL 5 CRA 34", "sitio_hech": "SITIOS PÚBLICOS O ABIERTOS AL PÚBLICO", "lat": 3.428673333, "lon": -76.53948833, "estrato": 4 }, "geometry": { "type": "Point", "coordinates": [ -76.53948833, 3.428673333 ] } },
{ "type": "Feature", "properties": { "agrupado": "ARMAS EXCEPTO DE FUEGO", "fecha_hech": "2023-03-23T00:00:00", "hora_hecho": "18:18", "cod_comuna": 19, "nom_comuna": "C-19 EL LIDO", "cod_barrio": 1906, "nom_bar_01": "San Fernando Nuevo", "dire_hecho": "CALLE 5 CARRERA 36 ESTADIO PASCUAL GUERRERO", "sitio_hech": "SITIOS PÚBLICOS O ABIERTOS AL PÚBLICO", "lat": 3.428723333, "lon": -76.53945, "estrato": 4 }, "geometry": { "type": "Point", "coordinates": [ -76.53945, 3.428723333 ] } },
{ "type": "Feature", "properties": { "agrupado": "SUSTANCIAS PSICOACTIVAS", "fecha_hech": "2023-03-23T00:00:00", "hora_hecho": "18:38", "cod_comuna": 19, "nom_comuna": "C-19 EL LIDO", "cod_barrio": 1906, "nom_bar_01": "San Fernando Nuevo", "dire_hecho": "CL 5B4 CR 36", "sitio_hech": "SITIOS PÚBLICOS O ABIERTOS AL PÚBLICO", "lat": 3.427778333, "lon": -76.54029833, "estrato": 4 }, "geometry": { "type": "Point", "coordinates": [ -76.54029833, 3.427778333 ] } },
{ "type": "Feature", "properties": { "agrupado": "RIÑAS", "fecha_hech": "2023-03-23T00:00:00", "hora_hecho": "19:36", "cod_comuna": 19, "nom_comuna": "C-19 EL LIDO", "cod_barrio": 1906, "nom_bar_01": "San Fernando Nuevo", "dire_hecho": "CARRERA 34 CALLE 5B", "sitio_hech": "SITIOS PÚBLICOS O ABIERTOS AL PÚBLICO", "lat": 3.428723333, "lon": -76.53945, "estrato": 4 }, "geometry": { "type": "Point", "coordinates": [ -76.53945, 3.428723333 ] } },
{ "type": "Feature", "properties": { "agrupado": "ARMAS EXCEPTO DE FUEGO", "fecha_hech": "2023-03-23T00:00:00", "hora_hecho": "19:42", "cod_comuna": 19, "nom_comuna": "C-19 EL LIDO", "cod_barrio": 1906, "nom_bar_01": "San Fernando Nuevo", "dire_hecho": "CL 5B4 CR 36", "sitio_hech": "SITIOS PÚBLICOS O ABIERTOS AL PÚBLICO", "lat": 3.427765, "lon": -76.54035, "estrato": 4 }, "geometry": { "type": "Point", "coordinates": [ -76.54035, 3.427765 ] } },
{ "type": "Feature", "properties": { "agrupado": "SUSTANCIAS PSICOACTIVAS", "fecha_hech": "2023-03-23T00:00:00", "hora_hecho": "20:05", "cod_comuna": 19, "nom_comuna": "C-19 EL LIDO", "cod_barrio": 1906, "nom_bar_01": "San Fernando Nuevo", "dire_hecho": "CL 5B4 CR 36", "sitio_hech": "SITIOS PÚBLICOS O ABIERTOS AL PÚBLICO", "lat": 3.427738333, "lon": -76.54032333000001, "estrato": 4 }, "geometry": { "type": "Point", "coordinates": [ -76.54032333, 3.427738333 ] } },
{ "type": "Feature", "properties": { "agrupado": "DESACATO, IRRESPETO A LA AUTORIDAD", "fecha_hech": "2023-03-23T00:00:00", "hora_hecho": "20:09", "cod_comuna": 19, "nom_comuna": "C-19 EL LIDO", "cod_barrio": 1906, "nom_bar_01": "San Fernando Nuevo", "dire_hecho": "CARRERA 34 CALLE 5B", "sitio_hech": "SITIOS PÚBLICOS O ABIERTOS AL PÚBLICO", "lat": 3.428723333, "lon": -76.53945, "estrato": 4 }, "geometry": { "type": "Point", "coordinates": [ -76.53945, 3.428723333 ] } },
{ "type": "Feature", "properties": { "agrupado": "SUSTANCIAS PSICOACTIVAS", "fecha_hech": "2023-03-23T00:00:00", "hora_hecho": "20:27", "cod_comuna": 19, "nom_comuna": "C-19 EL LIDO", "cod_barrio": 1906, "nom_bar_01": "San Fernando Nuevo", "dire_hecho": "CL 5B4 CR 36", "sitio_hech": "SITIOS PÚBLICOS O ABIERTOS AL PÚBLICO", "lat": 3.427545, "lon": -76.54041833, "estrato": 4 }, "geometry": { "type": "Point", "coordinates": [ -76.54041833, 3.427545 ] } },
{ "type": "Feature", "properties": { "agrupado": "SUSTANCIAS PSICOACTIVAS", "fecha_hech": "2023-03-23T00:00:00", "hora_hecho": "20:34", "cod_comuna": 19, "nom_comuna": "C-19 EL LIDO", "cod_barrio": 1906, "nom_bar_01": "San Fernando Nuevo", "dire_hecho": "CO 5B4 CR 36", "sitio_hech": "SITIOS PÚBLICOS O ABIERTOS AL PÚBLICO", "lat": 3.4278398, "lon": -76.5403662, "estrato": 4 }, "geometry": { "type": "Point", "coordinates": [ -76.5403662, 3.4278398 ] } },
{ "type": "Feature", "properties": { "agrupado": "SUSTANCIAS PSICOACTIVAS", "fecha_hech": "2023-03-23T00:00:00", "hora_hecho": "20:39", "cod_comuna": 19, "nom_comuna": "C-19 EL LIDO", "cod_barrio": 1906, "nom_bar_01": "San Fernando Nuevo", "dire_hecho": "CL 5B4 CR 36", "sitio_hech": "SITIOS PÚBLICOS O ABIERTOS AL PÚBLICO", "lat": 3.427666667, "lon": -76.54028333, "estrato": 4 }, "geometry": { "type": "Point", "coordinates": [ -76.54028333, 3.427666667 ] } },
{ "type": "Feature", "properties": { "agrupado": "DESACATO, IRRESPETO A LA AUTORIDAD", "fecha_hech": "2023-03-24T00:00:00", "hora_hecho": "9:25", "cod_comuna": 19, "nom_comuna": "C-19 EL LIDO", "cod_barrio": 1913, "nom_bar_01": "El Cedro", "dire_hecho": "CL 6 KR 26", "sitio_hech": "SITIOS PÚBLICOS O ABIERTOS AL PÚBLICO", "lat": 3.434266667, "lon": -76.538725, "estrato": 4 }, "geometry": { "type": "Point", "coordinates": [ -76.538725, 3.434266667 ] } },
{ "type": "Feature", "properties": { "agrupado": "ARMAS EXCEPTO DE FUEGO", "fecha_hech": "2023-03-25T00:00:00", "hora_hecho": "23:44", "cod_comuna": 19, "nom_comuna": "C-19 EL LIDO", "cod_barrio": 1912, "nom_bar_01": "3 de Julio", "dire_hecho": "CR 34 CON CL 5B3", "sitio_hech": "SITIOS PÚBLICOS O ABIERTOS AL PÚBLICO", "lat": 3.428841667, "lon": -76.53932167000001, "estrato": 4 }, "geometry": { "type": "Point", "coordinates": [ -76.53932167, 3.428841667 ] } },
{ "type": "Feature", "properties": { "agrupado": "ARMAS EXCEPTO DE FUEGO", "fecha_hech": "2023-03-25T00:00:00", "hora_hecho": "23:52", "cod_comuna": 19, "nom_comuna": "C-19 EL LIDO", "cod_barrio": 1912, "nom_bar_01": "3 de Julio", "dire_hecho": "CR 34 CON CL 5B3", "sitio_hech": "SITIOS PÚBLICOS O ABIERTOS AL PÚBLICO", "lat": 3.428856667, "lon": -76.539305, "estrato": 4 }, "geometry": { "type": "Point", "coordinates": [ -76.539305, 3.428856667 ] } },
{ "type": "Feature", "properties": { "agrupado": "DESACATO, IRRESPETO A LA AUTORIDAD", "fecha_hech": "2023-03-26T00:00:00", "hora_hecho": "0:10", "cod_comuna": 19, "nom_comuna": "C-19 EL LIDO", "cod_barrio": 1912, "nom_bar_01": "3 de Julio", "dire_hecho": "CR 34 CON CL 5B3", "sitio_hech": "SITIOS PÚBLICOS O ABIERTOS AL PÚBLICO", "lat": 3.428856667, "lon": -76.539305, "estrato": 4 }, "geometry": { "type": "Point", "coordinates": [ -76.539305, 3.428856667 ] } },
{ "type": "Feature", "properties": { "agrupado": "SUSTANCIAS PSICOACTIVAS", "fecha_hech": "2023-03-27T00:00:00", "hora_hecho": "22:59", "cod_comuna": 19, "nom_comuna": "C-19 EL LIDO", "cod_barrio": 1912, "nom_bar_01": "3 de Julio", "dire_hecho": "CALLE 6 CON CARRERA 31", "sitio_hech": "SITIOS PÚBLICOS O ABIERTOS AL PÚBLICO", "lat": 3.428871667, "lon": -76.539085, "estrato": 4 }, "geometry": { "type": "Point", "coordinates": [ -76.539085, 3.428871667 ] } },
{ "type": "Feature", "properties": { "agrupado": "DESACATO, IRRESPETO A LA AUTORIDAD", "fecha_hech": "2023-03-30T00:00:00", "hora_hecho": "16:40", "cod_comuna": 19, "nom_comuna": "C-19 EL LIDO", "cod_barrio": 1913, "nom_bar_01": "El Cedro", "dire_hecho": "KR 26 CL 6", "sitio_hech": "SITIOS PÚBLICOS O ABIERTOS AL PÚBLICO", "lat": 3.434223333, "lon": -76.53863667, "estrato": 4 }, "geometry": { "type": "Point", "coordinates": [ -76.53863667, 3.434223333 ] } },
{ "type": "Feature", "properties": { "agrupado": "ARMAS EXCEPTO DE FUEGO", "fecha_hech": "2023-03-30T00:00:00", "hora_hecho": "23:29", "cod_comuna": 19, "nom_comuna": "C-19 EL LIDO", "cod_barrio": 1912, "nom_bar_01": "3 de Julio", "dire_hecho": "CARRERA 29 CON CALLE 5B", "sitio_hech": "SITIOS PÚBLICOS O ABIERTOS AL PÚBLICO", "lat": 3.432031667, "lon": -76.54033833, "estrato": 4 }, "geometry": { "type": "Point", "coordinates": [ -76.54033833, 3.432031667 ] } },
{ "type": "Feature", "properties": { "agrupado": "SUSTANCIAS PSICOACTIVAS", "fecha_hech": "2023-04-01T00:00:00", "hora_hecho": "18:05", "cod_comuna": 19, "nom_comuna": "C-19 EL LIDO", "cod_barrio": 1906, "nom_bar_01": "San Fernando Nuevo", "dire_hecho": "CL 5 C KR 34", "sitio_hech": "SITIOS PÚBLICOS O ABIERTOS AL PÚBLICO", "lat": 3.428816667, "lon": -76.53948833, "estrato": 4 }, "geometry": { "type": "Point", "coordinates": [ -76.53948833, 3.428816667 ] } },
{ "type": "Feature", "properties": { "agrupado": "SUSTANCIAS PSICOACTIVAS", "fecha_hech": "2023-04-02T00:00:00", "hora_hecho": "10:16", "cod_comuna": 19, "nom_comuna": "C-19 EL LIDO", "cod_barrio": 1912, "nom_bar_01": "3 de Julio", "dire_hecho": "KR 34 CL 5A", "sitio_hech": "SITIOS PÚBLICOS O ABIERTOS AL PÚBLICO", "lat": 3.433313333, "lon": -76.53983, "estrato": 4 }, "geometry": { "type": "Point", "coordinates": [ -76.53983, 3.433313333 ] } },
{ "type": "Feature", "properties": { "agrupado": "ARMAS EXCEPTO DE FUEGO", "fecha_hech": "2023-04-02T00:00:00", "hora_hecho": "13:31", "cod_comuna": 19, "nom_comuna": "C-19 EL LIDO", "cod_barrio": 1905, "nom_bar_01": "Eucaristico", "dire_hecho": "CR 34 CON CLL 5 A", "sitio_hech": "SITIOS PÚBLICOS O ABIERTOS AL PÚBLICO", "lat": 3.427028333, "lon": -76.53952, "estrato": 4 }, "geometry": { "type": "Point", "coordinates": [ -76.53952, 3.427028333 ] } },
{ "type": "Feature", "properties": { "agrupado": "SUSTANCIAS PSICOACTIVAS", "fecha_hech": "2023-04-02T00:00:00", "hora_hecho": "16:32", "cod_comuna": 19, "nom_comuna": "C-19 EL LIDO", "cod_barrio": 1906, "nom_bar_01": "San Fernando Nuevo", "dire_hecho": "CRA 34 CON CALLE 6", "sitio_hech": "SITIOS PÚBLICOS O ABIERTOS AL PÚBLICO", "lat": 3.428696667, "lon": -76.53943, "estrato": 4 }, "geometry": { "type": "Point", "coordinates": [ -76.53943, 3.428696667 ] } },
{ "type": "Feature", "properties": { "agrupado": "SUSTANCIAS PSICOACTIVAS", "fecha_hech": "2023-04-02T00:00:00", "hora_hecho": "16:45", "cod_comuna": 19, "nom_comuna": "C-19 EL LIDO", "cod_barrio": 1906, "nom_bar_01": "San Fernando Nuevo", "dire_hecho": "CRA 34 CON CALLE 6", "sitio_hech": "SITIOS PÚBLICOS O ABIERTOS AL PÚBLICO", "lat": 3.428696667, "lon": -76.53943, "estrato": 4 }, "geometry": { "type": "Point", "coordinates": [ -76.53943, 3.428696667 ] } },
{ "type": "Feature", "properties": { "agrupado": "DESACATO, IRRESPETO A LA AUTORIDAD", "fecha_hech": "2023-04-02T00:00:00", "hora_hecho": "20:00", "cod_comuna": 19, "nom_comuna": "C-19 EL LIDO", "cod_barrio": 1912, "nom_bar_01": "3 de Julio", "dire_hecho": "CRA 34 CON CALLE 6", "sitio_hech": "SITIOS PÚBLICOS O ABIERTOS AL PÚBLICO", "lat": 3.429261667, "lon": -76.53966833, "estrato": 4 }, "geometry": { "type": "Point", "coordinates": [ -76.53966833, 3.429261667 ] } },
{ "type": "Feature", "properties": { "agrupado": "DESACATO, IRRESPETO A LA AUTORIDAD", "fecha_hech": "2023-04-03T00:00:00", "hora_hecho": "1:26", "cod_comuna": 19, "nom_comuna": "C-19 EL LIDO", "cod_barrio": 1912, "nom_bar_01": "3 de Julio", "dire_hecho": "CR 27 CON 3", "sitio_hech": "MEDIO DE TRANSPORTE", "lat": 3.43, "lon": -76.54, "estrato": 4 }, "geometry": { "type": "Point", "coordinates": [ -76.54, 3.43 ] } },
{ "type": "Feature", "properties": { "agrupado": "ARMAS EXCEPTO DE FUEGO", "fecha_hech": "2023-04-04T00:00:00", "hora_hecho": "11:34", "cod_comuna": 19, "nom_comuna": "C-19 EL LIDO", "cod_barrio": 1905, "nom_bar_01": "Eucaristico", "dire_hecho": "CALLE 7 CON CARRERA 36 B/EUCARISTICO", "sitio_hech": "SITIOS PÚBLICOS O ABIERTOS AL PÚBLICO", "lat": 3.425636667, "lon": -76.53904333, "estrato": 4 }, "geometry": { "type": "Point", "coordinates": [ -76.53904333, 3.425636667 ] } },
{ "type": "Feature", "properties": { "agrupado": "ARMAS EXCEPTO DE FUEGO", "fecha_hech": "2023-04-06T00:00:00", "hora_hecho": "19:27", "cod_comuna": 19, "nom_comuna": "C-19 EL LIDO", "cod_barrio": 1905, "nom_bar_01": "Eucaristico", "dire_hecho": "CARRERA36CON7", "sitio_hech": "SITIOS PÚBLICOS O ABIERTOS AL PÚBLICO", "lat": 3.425373333, "lon": -76.53905667, "estrato": 4 }, "geometry": { "type": "Point", "coordinates": [ -76.53905667, 3.425373333 ] } },
{ "type": "Feature", "properties": { "agrupado": "SUSTANCIAS PSICOACTIVAS", "fecha_hech": "2023-04-11T00:00:00", "hora_hecho": "19:14", "cod_comuna": 19, "nom_comuna": "C-19 EL LIDO", "cod_barrio": 1906, "nom_bar_01": "San Fernando Nuevo", "dire_hecho": "CARRERA 34 CALLE 6", "sitio_hech": "SITIOS PÚBLICOS O ABIERTOS AL PÚBLICO", "lat": 3.42876, "lon": -76.53941333, "estrato": 4 }, "geometry": { "type": "Point", "coordinates": [ -76.53941333, 3.42876 ] } },
{ "type": "Feature", "properties": { "agrupado": "SUSTANCIAS PSICOACTIVAS", "fecha_hech": "2023-04-11T00:00:00", "hora_hecho": "19:20", "cod_comuna": 19, "nom_comuna": "C-19 EL LIDO", "cod_barrio": 1906, "nom_bar_01": "San Fernando Nuevo", "dire_hecho": "CARRERA 36 CALLE6", "sitio_hech": "SITIOS PÚBLICOS O ABIERTOS AL PÚBLICO", "lat": 3.42876, "lon": -76.53941333, "estrato": 4 }, "geometry": { "type": "Point", "coordinates": [ -76.53941333, 3.42876 ] } },
{ "type": "Feature", "properties": { "agrupado": "DESACATO, IRRESPETO A LA AUTORIDAD", "fecha_hech": "2023-04-12T00:00:00", "hora_hecho": "8:47", "cod_comuna": 19, "nom_comuna": "C-19 EL LIDO", "cod_barrio": 1913, "nom_bar_01": "El Cedro", "dire_hecho": "CL 6 KR 26", "sitio_hech": "SITIOS PÚBLICOS O ABIERTOS AL PÚBLICO", "lat": 3.434428, "lon": -76.5387196, "estrato": 4 }, "geometry": { "type": "Point", "coordinates": [ -76.5387196, 3.434428 ] } },
{ "type": "Feature", "properties": { "agrupado": "SUSTANCIAS PSICOACTIVAS", "fecha_hech": "2023-04-12T00:00:00", "hora_hecho": "11:17", "cod_comuna": 19, "nom_comuna": "C-19 EL LIDO", "cod_barrio": 1913, "nom_bar_01": "El Cedro", "dire_hecho": "CL 9 C BIS KR 27", "sitio_hech": "SITIOS PÚBLICOS O ABIERTOS AL PÚBLICO", "lat": 3.435598333, "lon": -76.53865833, "estrato": 4 }, "geometry": { "type": "Point", "coordinates": [ -76.53865833, 3.435598333 ] } },
{ "type": "Feature", "properties": { "agrupado": "DESACATO, IRRESPETO A LA AUTORIDAD", "fecha_hech": "2023-04-13T00:00:00", "hora_hecho": "19:46", "cod_comuna": 19, "nom_comuna": "C-19 EL LIDO", "cod_barrio": 1905, "nom_bar_01": "Eucaristico", "dire_hecho": "CALLE 5 CON CARRERA 27", "sitio_hech": "SITIOS PÚBLICOS O ABIERTOS AL PÚBLICO", "lat": 3.426008333, "lon": -76.53985667000001, "estrato": 4 }, "geometry": { "type": "Point", "coordinates": [ -76.53985667, 3.426008333 ] } },
{ "type": "Feature", "properties": { "agrupado": "DESACATO, IRRESPETO A LA AUTORIDAD", "fecha_hech": "2023-04-14T00:00:00", "hora_hecho": "19:14", "cod_comuna": 19, "nom_comuna": "C-19 EL LIDO", "cod_barrio": 1913, "nom_bar_01": "El Cedro", "dire_hecho": "CALLE 5B4 CARRERA 36", "sitio_hech": "SITIOS PÚBLICOS O ABIERTOS AL PÚBLICO", "lat": 3.43419, "lon": -76.53865, "estrato": 4 }, "geometry": { "type": "Point", "coordinates": [ -76.53865, 3.43419 ] } },
{ "type": "Feature", "properties": { "agrupado": "DESACATO, IRRESPETO A LA AUTORIDAD", "fecha_hech": "2023-04-15T00:00:00", "hora_hecho": "23:07", "cod_comuna": 19, "nom_comuna": "C-19 EL LIDO", "cod_barrio": 1906, "nom_bar_01": "San Fernando Nuevo", "dire_hecho": "CALLE 5 CON CRA 34", "sitio_hech": "SITIOS PÚBLICOS O ABIERTOS AL PÚBLICO", "lat": 3.427441667, "lon": -76.54028667, "estrato": 4 }, "geometry": { "type": "Point", "coordinates": [ -76.54028667, 3.427441667 ] } },
{ "type": "Feature", "properties": { "agrupado": "SUSTANCIAS PSICOACTIVAS", "fecha_hech": "2023-04-16T00:00:00", "hora_hecho": "20:41", "cod_comuna": 19, "nom_comuna": "C-19 EL LIDO", "cod_barrio": 1905, "nom_bar_01": "Eucaristico", "dire_hecho": "AVENIDA ROOSEVELT CON CR 36", "sitio_hech": "MEDIO DE TRANSPORTE", "lat": 3.426901667, "lon": -76.53952667, "estrato": 4 }, "geometry": { "type": "Point", "coordinates": [ -76.53952667, 3.426901667 ] } },
{ "type": "Feature", "properties": { "agrupado": "ARMAS EXCEPTO DE FUEGO", "fecha_hech": "2023-04-17T00:00:00", "hora_hecho": "3:28", "cod_comuna": 19, "nom_comuna": "C-19 EL LIDO", "cod_barrio": 1912, "nom_bar_01": "3 de Julio", "dire_hecho": "CALLE 6 CON CARRERA 29", "sitio_hech": "SITIOS PÚBLICOS O ABIERTOS AL PÚBLICO", "lat": 3.431421667, "lon": -76.53900167, "estrato": 4 }, "geometry": { "type": "Point", "coordinates": [ -76.53900167, 3.431421667 ] } },
{ "type": "Feature", "properties": { "agrupado": "SUSTANCIAS PSICOACTIVAS", "fecha_hech": "2023-04-17T00:00:00", "hora_hecho": "8:17", "cod_comuna": 19, "nom_comuna": "C-19 EL LIDO", "cod_barrio": 1905, "nom_bar_01": "Eucaristico", "dire_hecho": "CL 7 KR 36", "sitio_hech": "SITIOS PÚBLICOS O ABIERTOS AL PÚBLICO", "lat": 3.42634, "lon": -76.53901833, "estrato": 4 }, "geometry": { "type": "Point", "coordinates": [ -76.53901833, 3.42634 ] } },
{ "type": "Feature", "properties": { "agrupado": "DESACATO, IRRESPETO A LA AUTORIDAD", "fecha_hech": "2023-04-19T00:00:00", "hora_hecho": "16:30", "cod_comuna": 19, "nom_comuna": "C-19 EL LIDO", "cod_barrio": 1913, "nom_bar_01": "El Cedro", "dire_hecho": "CALLE 9 29-36", "sitio_hech": "SITIOS PÚBLICOS O ABIERTOS AL PÚBLICO", "lat": 3.43337, "lon": -76.53778167, "estrato": 4 }, "geometry": { "type": "Point", "coordinates": [ -76.53778167, 3.43337 ] } },
{ "type": "Feature", "properties": { "agrupado": "DESACATO, IRRESPETO A LA AUTORIDAD", "fecha_hech": "2023-04-19T00:00:00", "hora_hecho": "21:37", "cod_comuna": 19, "nom_comuna": "C-19 EL LIDO", "cod_barrio": 1912, "nom_bar_01": "3 de Julio", "dire_hecho": "CL 6 KR 27", "sitio_hech": "SITIOS PÚBLICOS O ABIERTOS AL PÚBLICO", "lat": 3.433428333, "lon": -76.53898333, "estrato": 4 }, "geometry": { "type": "Point", "coordinates": [ -76.53898333, 3.433428333 ] } },
{ "type": "Feature", "properties": { "agrupado": "SUSTANCIAS PSICOACTIVAS", "fecha_hech": "2023-04-20T00:00:00", "hora_hecho": "19:03", "cod_comuna": 19, "nom_comuna": "C-19 EL LIDO", "cod_barrio": 1913, "nom_bar_01": "El Cedro", "dire_hecho": "CALLE 9C BIS #29A", "sitio_hech": "SITIOS PÚBLICOS O ABIERTOS AL PÚBLICO", "lat": 3.433326667, "lon": -76.53867, "estrato": 4 }, "geometry": { "type": "Point", "coordinates": [ -76.53867, 3.433326667 ] } },
{ "type": "Feature", "properties": { "agrupado": "DESACATO, IRRESPETO A LA AUTORIDAD", "fecha_hech": "2023-04-22T00:00:00", "hora_hecho": "19:31", "cod_comuna": 19, "nom_comuna": "C-19 EL LIDO", "cod_barrio": 1912, "nom_bar_01": "3 de Julio", "dire_hecho": "CALLE 34 CON 5B 3", "sitio_hech": "SITIOS PÚBLICOS O ABIERTOS AL PÚBLICO", "lat": 3.428971667, "lon": -76.53949167, "estrato": 4 }, "geometry": { "type": "Point", "coordinates": [ -76.53949167, 3.428971667 ] } },
{ "type": "Feature", "properties": { "agrupado": "DESACATO, IRRESPETO A LA AUTORIDAD", "fecha_hech": "2023-04-23T00:00:00", "hora_hecho": "11:05", "cod_comuna": 19, "nom_comuna": "C-19 EL LIDO", "cod_barrio": 1905, "nom_bar_01": "Eucaristico", "dire_hecho": "CARRERA 36 CALLE 8", "sitio_hech": "SITIOS PÚBLICOS O ABIERTOS AL PÚBLICO", "lat": 3.425846667, "lon": -76.53826167, "estrato": 4 }, "geometry": { "type": "Point", "coordinates": [ -76.53826167, 3.425846667 ] } },
{ "type": "Feature", "properties": { "agrupado": "DESACATO, IRRESPETO A LA AUTORIDAD", "fecha_hech": "2023-04-23T00:00:00", "hora_hecho": "16:17", "cod_comuna": 19, "nom_comuna": "C-19 EL LIDO", "cod_barrio": 1905, "nom_bar_01": "Eucaristico", "dire_hecho": "CL 5 KR 50", "sitio_hech": "MEDIO DE TRANSPORTE", "lat": 3.425763333, "lon": -76.53918667000001, "estrato": 4 }, "geometry": { "type": "Point", "coordinates": [ -76.53918667, 3.425763333 ] } },
{ "type": "Feature", "properties": { "agrupado": "DESACATO, IRRESPETO A LA AUTORIDAD", "fecha_hech": "2023-04-24T00:00:00", "hora_hecho": "12:41", "cod_comuna": 19, "nom_comuna": "C-19 EL LIDO", "cod_barrio": 1913, "nom_bar_01": "El Cedro", "dire_hecho": "CL 9 KR 32", "sitio_hech": "SITIOS PÚBLICOS O ABIERTOS AL PÚBLICO", "lat": 3.427893333, "lon": -76.537085, "estrato": 4 }, "geometry": { "type": "Point", "coordinates": [ -76.537085, 3.427893333 ] } },
{ "type": "Feature", "properties": { "agrupado": "DESACATO, IRRESPETO A LA AUTORIDAD", "fecha_hech": "2023-04-25T00:00:00", "hora_hecho": "15:31", "cod_comuna": 19, "nom_comuna": "C-19 EL LIDO", "cod_barrio": 1912, "nom_bar_01": "3 de Julio", "dire_hecho": "CALLE 9 CARRERA 29", "sitio_hech": "SITIOS PÚBLICOS O ABIERTOS AL PÚBLICO", "lat": 3.4314112, "lon": -76.5390047, "estrato": 4 }, "geometry": { "type": "Point", "coordinates": [ -76.5390047, 3.4314112 ] } },
{ "type": "Feature", "properties": { "agrupado": "ARMAS EXCEPTO DE FUEGO", "fecha_hech": "2023-04-25T00:00:00", "hora_hecho": "21:58", "cod_comuna": 19, "nom_comuna": "C-19 EL LIDO", "cod_barrio": 1905, "nom_bar_01": "Eucaristico", "dire_hecho": "CL 6 KR 36 A", "sitio_hech": "SITIOS PÚBLICOS O ABIERTOS AL PÚBLICO", "lat": 3.426098333, "lon": -76.53936167000001, "estrato": 4 }, "geometry": { "type": "Point", "coordinates": [ -76.53936167, 3.426098333 ] } },
{ "type": "Feature", "properties": { "agrupado": "DESACATO, IRRESPETO A LA AUTORIDAD", "fecha_hech": "2023-04-28T00:00:00", "hora_hecho": "14:06", "cod_comuna": 19, "nom_comuna": "C-19 EL LIDO", "cod_barrio": 1912, "nom_bar_01": "3 de Julio", "dire_hecho": "CALLE 5 CON CARRERA 27", "sitio_hech": "SITIOS PÚBLICOS O ABIERTOS AL PÚBLICO", "lat": 3.433355, "lon": -76.53983167, "estrato": 4 }, "geometry": { "type": "Point", "coordinates": [ -76.53983167, 3.433355 ] } },
{ "type": "Feature", "properties": { "agrupado": "SUSTANCIAS PSICOACTIVAS", "fecha_hech": "2023-04-29T00:00:00", "hora_hecho": "16:53", "cod_comuna": 19, "nom_comuna": "C-19 EL LIDO", "cod_barrio": 1912, "nom_bar_01": "3 de Julio", "dire_hecho": "CALLE 5B5 CON CARRERA 38 B/SAN FERNANDO NUEVO", "sitio_hech": "SITIOS PÚBLICOS O ABIERTOS AL PÚBLICO", "lat": 3.43, "lon": -76.54, "estrato": 4 }, "geometry": { "type": "Point", "coordinates": [ -76.54, 3.43 ] } },
{ "type": "Feature", "properties": { "agrupado": "SUSTANCIAS PSICOACTIVAS", "fecha_hech": "2023-04-29T00:00:00", "hora_hecho": "19:09", "cod_comuna": 19, "nom_comuna": "C-19 EL LIDO", "cod_barrio": 1905, "nom_bar_01": "Eucaristico", "dire_hecho": "KR 37 CL 6", "sitio_hech": "SITIOS PÚBLICOS O ABIERTOS AL PÚBLICO", "lat": 3.426243333, "lon": -76.53966833, "estrato": 4 }, "geometry": { "type": "Point", "coordinates": [ -76.53966833, 3.426243333 ] } },
{ "type": "Feature", "properties": { "agrupado": "SUSTANCIAS PSICOACTIVAS", "fecha_hech": "2023-04-29T00:00:00", "hora_hecho": "19:22", "cod_comuna": 19, "nom_comuna": "C-19 EL LIDO", "cod_barrio": 1905, "nom_bar_01": "Eucaristico", "dire_hecho": "CL 6 KR 37", "sitio_hech": "SITIOS PÚBLICOS O ABIERTOS AL PÚBLICO", "lat": 3.426181667, "lon": -76.53959, "estrato": 4 }, "geometry": { "type": "Point", "coordinates": [ -76.53959, 3.426181667 ] } },
{ "type": "Feature", "properties": { "agrupado": "SUSTANCIAS PSICOACTIVAS", "fecha_hech": "2023-04-29T00:00:00", "hora_hecho": "23:00", "cod_comuna": 19, "nom_comuna": "C-19 EL LIDO", "cod_barrio": 1906, "nom_bar_01": "San Fernando Nuevo", "dire_hecho": "CARRERA 36 CALLE 5", "sitio_hech": "SITIOS PÚBLICOS O ABIERTOS AL PÚBLICO", "lat": 3.427861667, "lon": -76.54001333, "estrato": 4 }, "geometry": { "type": "Point", "coordinates": [ -76.54001333, 3.427861667 ] } },
{ "type": "Feature", "properties": { "agrupado": "ARMAS EXCEPTO DE FUEGO", "fecha_hech": "2023-04-30T00:00:00", "hora_hecho": "11:04", "cod_comuna": 19, "nom_comuna": "C-19 EL LIDO", "cod_barrio": 1913, "nom_bar_01": "El Cedro", "dire_hecho": "CALLE 6 CARRERA 31", "sitio_hech": "SITIOS PÚBLICOS O ABIERTOS AL PÚBLICO", "lat": 3.428928333, "lon": -76.53886167, "estrato": 4 }, "geometry": { "type": "Point", "coordinates": [ -76.53886167, 3.428928333 ] } },
{ "type": "Feature", "properties": { "agrupado": "DESACATO, IRRESPETO A LA AUTORIDAD", "fecha_hech": "2023-04-30T00:00:00", "hora_hecho": "13:00", "cod_comuna": 19, "nom_comuna": "C-19 EL LIDO", "cod_barrio": 1906, "nom_bar_01": "San Fernando Nuevo", "dire_hecho": "CALLE 5B4 CON CARRERA 36 B/SAN FERNANDO NUEVO.", "sitio_hech": "SITIOS PÚBLICOS O ABIERTOS AL PÚBLICO", "lat": 3.427546667, "lon": -76.540225, "estrato": 4 }, "geometry": { "type": "Point", "coordinates": [ -76.540225, 3.427546667 ] } },
{ "type": "Feature", "properties": { "agrupado": "ARMAS EXCEPTO DE FUEGO", "fecha_hech": "2023-04-30T00:00:00", "hora_hecho": "18:05", "cod_comuna": 19, "nom_comuna": "C-19 EL LIDO", "cod_barrio": 1912, "nom_bar_01": "3 de Julio", "dire_hecho": "CALLE 5B CARRERA 30", "sitio_hech": "SITIOS PÚBLICOS O ABIERTOS AL PÚBLICO", "lat": 3.429, "lon": -76.53944333, "estrato": 4 }, "geometry": { "type": "Point", "coordinates": [ -76.53944333, 3.429 ] } },
{ "type": "Feature", "properties": { "agrupado": "SUSTANCIAS PSICOACTIVAS", "fecha_hech": "2023-04-30T00:00:00", "hora_hecho": "18:13", "cod_comuna": 19, "nom_comuna": "C-19 EL LIDO", "cod_barrio": 1912, "nom_bar_01": "3 de Julio", "dire_hecho": "CALLE 5B CARRERA 30", "sitio_hech": "SITIOS PÚBLICOS O ABIERTOS AL PÚBLICO", "lat": 3.42909, "lon": -76.53909667000001, "estrato": 4 }, "geometry": { "type": "Point", "coordinates": [ -76.53909667, 3.42909 ] } },
{ "type": "Feature", "properties": { "agrupado": "SUSTANCIAS PSICOACTIVAS", "fecha_hech": "2023-04-30T00:00:00", "hora_hecho": "18:22", "cod_comuna": 19, "nom_comuna": "C-19 EL LIDO", "cod_barrio": 1906, "nom_bar_01": "San Fernando Nuevo", "dire_hecho": "CALLE 5B CARRERA 30", "sitio_hech": "SITIOS PÚBLICOS O ABIERTOS AL PÚBLICO", "lat": 3.42902, "lon": -76.53957, "estrato": 4 }, "geometry": { "type": "Point", "coordinates": [ -76.53957, 3.42902 ] } },
{ "type": "Feature", "properties": { "agrupado": "DESACATO, IRRESPETO A LA AUTORIDAD", "fecha_hech": "2023-04-30T00:00:00", "hora_hecho": "18:31", "cod_comuna": 19, "nom_comuna": "C-19 EL LIDO", "cod_barrio": 1912, "nom_bar_01": "3 de Julio", "dire_hecho": "CALLE 5B CARRERA 30", "sitio_hech": "SITIOS PÚBLICOS O ABIERTOS AL PÚBLICO", "lat": 3.429003333, "lon": -76.53945167000001, "estrato": 4 }, "geometry": { "type": "Point", "coordinates": [ -76.53945167, 3.429003333 ] } },
{ "type": "Feature", "properties": { "agrupado": "SUSTANCIAS PSICOACTIVAS", "fecha_hech": "2023-04-30T00:00:00", "hora_hecho": "18:52", "cod_comuna": 19, "nom_comuna": "C-19 EL LIDO", "cod_barrio": 1906, "nom_bar_01": "San Fernando Nuevo", "dire_hecho": "CALLE 5B CARRERA 30", "sitio_hech": "SITIOS PÚBLICOS O ABIERTOS AL PÚBLICO", "lat": 3.428955, "lon": -76.539645, "estrato": 4 }, "geometry": { "type": "Point", "coordinates": [ -76.539645, 3.428955 ] } },
{ "type": "Feature", "properties": { "agrupado": "ARMAS EXCEPTO DE FUEGO", "fecha_hech": "2023-04-30T00:00:00", "hora_hecho": "19:05", "cod_comuna": 19, "nom_comuna": "C-19 EL LIDO", "cod_barrio": 1906, "nom_bar_01": "San Fernando Nuevo", "dire_hecho": "CALLE 5B CARRERA 30", "sitio_hech": "SITIOS PÚBLICOS O ABIERTOS AL PÚBLICO", "lat": 3.428918333, "lon": -76.53962667, "estrato": 4 }, "geometry": { "type": "Point", "coordinates": [ -76.53962667, 3.428918333 ] } },
{ "type": "Feature", "properties": { "agrupado": "DESACATO, IRRESPETO A LA AUTORIDAD", "fecha_hech": "2023-04-30T00:00:00", "hora_hecho": "23:36", "cod_comuna": 19, "nom_comuna": "C-19 EL LIDO", "cod_barrio": 1913, "nom_bar_01": "El Cedro", "dire_hecho": "CL 5 KR 50", "sitio_hech": "MEDIO DE TRANSPORTE", "lat": 3.426951667, "lon": -76.53789833, "estrato": 4 }, "geometry": { "type": "Point", "coordinates": [ -76.53789833, 3.426951667 ] } },
{ "type": "Feature", "properties": { "agrupado": "DESACATO, IRRESPETO A LA AUTORIDAD", "fecha_hech": "2023-05-02T00:00:00", "hora_hecho": "16:24", "cod_comuna": 19, "nom_comuna": "C-19 EL LIDO", "cod_barrio": 1913, "nom_bar_01": "El Cedro", "dire_hecho": "CL 7 KR 27", "sitio_hech": "SITIOS PÚBLICOS O ABIERTOS AL PÚBLICO", "lat": 3.433178333, "lon": -76.53751667, "estrato": 4 }, "geometry": { "type": "Point", "coordinates": [ -76.53751667, 3.433178333 ] } },
{ "type": "Feature", "properties": { "agrupado": "SUSTANCIAS PSICOACTIVAS", "fecha_hech": "2023-05-03T00:00:00", "hora_hecho": "14:26", "cod_comuna": 19, "nom_comuna": "C-19 EL LIDO", "cod_barrio": 1913, "nom_bar_01": "El Cedro", "dire_hecho": "CL 9 C KR 32", "sitio_hech": "SITIOS PÚBLICOS O ABIERTOS AL PÚBLICO", "lat": 3.434466667, "lon": -76.53858667, "estrato": 4 }, "geometry": { "type": "Point", "coordinates": [ -76.53858667, 3.434466667 ] } },
{ "type": "Feature", "properties": { "agrupado": "SUSTANCIAS PSICOACTIVAS", "fecha_hech": "2023-05-03T00:00:00", "hora_hecho": "22:55", "cod_comuna": 19, "nom_comuna": "C-19 EL LIDO", "cod_barrio": 1905, "nom_bar_01": "Eucaristico", "dire_hecho": "CALLE 6 CON CARRERA 36", "sitio_hech": "SITIOS PÚBLICOS O ABIERTOS AL PÚBLICO", "lat": 3.42695, "lon": -76.53980833, "estrato": 4 }, "geometry": { "type": "Point", "coordinates": [ -76.53980833, 3.42695 ] } },
{ "type": "Feature", "properties": { "agrupado": "SUSTANCIAS PSICOACTIVAS", "fecha_hech": "2023-05-10T00:00:00", "hora_hecho": "21:58", "cod_comuna": 19, "nom_comuna": "C-19 EL LIDO", "cod_barrio": 1913, "nom_bar_01": "El Cedro", "dire_hecho": "CL 9CBIS KR28", "sitio_hech": "SITIOS PÚBLICOS O ABIERTOS AL PÚBLICO", "lat": 3.433538333, "lon": -76.53880167, "estrato": 4 }, "geometry": { "type": "Point", "coordinates": [ -76.53880167, 3.433538333 ] } },
{ "type": "Feature", "properties": { "agrupado": "DESACATO, IRRESPETO A LA AUTORIDAD", "fecha_hech": "2023-05-11T00:00:00", "hora_hecho": "11:10", "cod_comuna": 19, "nom_comuna": "C-19 EL LIDO", "cod_barrio": 1912, "nom_bar_01": "3 de Julio", "dire_hecho": "CL 6 KR 29", "sitio_hech": "SITIOS PÚBLICOS O ABIERTOS AL PÚBLICO", "lat": 3.431978333, "lon": -76.53889833, "estrato": 4 }, "geometry": { "type": "Point", "coordinates": [ -76.53889833, 3.431978333 ] } },
{ "type": "Feature", "properties": { "agrupado": "DESACATO, IRRESPETO A LA AUTORIDAD", "fecha_hech": "2023-05-11T00:00:00", "hora_hecho": "12:14", "cod_comuna": 19, "nom_comuna": "C-19 EL LIDO", "cod_barrio": 1912, "nom_bar_01": "3 de Julio", "dire_hecho": "CL 9 KR 26", "sitio_hech": "SITIOS PÚBLICOS O ABIERTOS AL PÚBLICO", "lat": 3.43, "lon": -76.54, "estrato": 4 }, "geometry": { "type": "Point", "coordinates": [ -76.54, 3.43 ] } },
{ "type": "Feature", "properties": { "agrupado": "DESACATO, IRRESPETO A LA AUTORIDAD", "fecha_hech": "2023-05-11T00:00:00", "hora_hecho": "18:43", "cod_comuna": 19, "nom_comuna": "C-19 EL LIDO", "cod_barrio": 1905, "nom_bar_01": "Eucaristico", "dire_hecho": "CL 7 KR 36", "sitio_hech": "MEDIO DE TRANSPORTE", "lat": 3.425498333, "lon": -76.53927167000001, "estrato": 4 }, "geometry": { "type": "Point", "coordinates": [ -76.53927167, 3.425498333 ] } },
{ "type": "Feature", "properties": { "agrupado": "DESACATO, IRRESPETO A LA AUTORIDAD", "fecha_hech": "2023-05-12T00:00:00", "hora_hecho": "8:53", "cod_comuna": 19, "nom_comuna": "C-19 EL LIDO", "cod_barrio": 1913, "nom_bar_01": "El Cedro", "dire_hecho": "CL 8 KR 32", "sitio_hech": "SITIOS PÚBLICOS O ABIERTOS AL PÚBLICO", "lat": 3.428053333, "lon": -76.53789833, "estrato": 4 }, "geometry": { "type": "Point", "coordinates": [ -76.53789833, 3.428053333 ] } },
{ "type": "Feature", "properties": { "agrupado": "DESACATO, IRRESPETO A LA AUTORIDAD", "fecha_hech": "2023-05-13T00:00:00", "hora_hecho": "19:59", "cod_comuna": 19, "nom_comuna": "C-19 EL LIDO", "cod_barrio": 1905, "nom_bar_01": "Eucaristico", "dire_hecho": "KR 34 CL 7", "sitio_hech": "SITIOS PÚBLICOS O ABIERTOS AL PÚBLICO", "lat": 3.427911667, "lon": -76.53888333, "estrato": 4 }, "geometry": { "type": "Point", "coordinates": [ -76.53888333, 3.427911667 ] } },
{ "type": "Feature", "properties": { "agrupado": "SUSTANCIAS PSICOACTIVAS", "fecha_hech": "2023-05-13T00:00:00", "hora_hecho": "20:58", "cod_comuna": 19, "nom_comuna": "C-19 EL LIDO", "cod_barrio": 1912, "nom_bar_01": "3 de Julio", "dire_hecho": "CALLE 6 CAREERA 24", "sitio_hech": "SITIOS PÚBLICOS O ABIERTOS AL PÚBLICO", "lat": 3.435473333, "lon": -76.53882, "estrato": 4 }, "geometry": { "type": "Point", "coordinates": [ -76.53882, 3.435473333 ] } },
{ "type": "Feature", "properties": { "agrupado": "ARMAS EXCEPTO DE FUEGO", "fecha_hech": "2023-05-14T00:00:00", "hora_hecho": "15:21", "cod_comuna": 19, "nom_comuna": "C-19 EL LIDO", "cod_barrio": 1912, "nom_bar_01": "3 de Julio", "dire_hecho": "CALLE 6 CON CARRERA 24", "sitio_hech": "SITIOS PÚBLICOS O ABIERTOS AL PÚBLICO", "lat": 3.436428333, "lon": -76.53871333, "estrato": 4 }, "geometry": { "type": "Point", "coordinates": [ -76.53871333, 3.436428333 ] } },
{ "type": "Feature", "properties": { "agrupado": "ARMAS EXCEPTO DE FUEGO", "fecha_hech": "2023-05-14T00:00:00", "hora_hecho": "17:12", "cod_comuna": 19, "nom_comuna": "C-19 EL LIDO", "cod_barrio": 1906, "nom_bar_01": "San Fernando Nuevo", "dire_hecho": "CALLE 8 CON CARRERA 26", "sitio_hech": "SITIOS PÚBLICOS O ABIERTOS AL PÚBLICO", "lat": 3.427661667, "lon": -76.541425, "estrato": 4 }, "geometry": { "type": "Point", "coordinates": [ -76.541425, 3.427661667 ] } },
{ "type": "Feature", "properties": { "agrupado": "DESACATO, IRRESPETO A LA AUTORIDAD", "fecha_hech": "2023-05-14T00:00:00", "hora_hecho": "19:00", "cod_comuna": 19, "nom_comuna": "C-19 EL LIDO", "cod_barrio": 1906, "nom_bar_01": "San Fernando Nuevo", "dire_hecho": "CALLE 6 CON CARRERA 36", "sitio_hech": "SITIOS PÚBLICOS O ABIERTOS AL PÚBLICO", "lat": 3.426741667, "lon": -76.54013667, "estrato": 4 }, "geometry": { "type": "Point", "coordinates": [ -76.54013667, 3.426741667 ] } },
{ "type": "Feature", "properties": { "agrupado": "DESACATO, IRRESPETO A LA AUTORIDAD", "fecha_hech": "2023-05-14T00:00:00", "hora_hecho": "20:59", "cod_comuna": 19, "nom_comuna": "C-19 EL LIDO", "cod_barrio": 1906, "nom_bar_01": "San Fernando Nuevo", "dire_hecho": "CALLE 10 CON CARRERA 24", "sitio_hech": "SITIOS PÚBLICOS O ABIERTOS AL PÚBLICO", "lat": 3.428256667, "lon": -76.54068667, "estrato": 4 }, "geometry": { "type": "Point", "coordinates": [ -76.54068667, 3.428256667 ] } },
{ "type": "Feature", "properties": { "agrupado": "DESACATO, IRRESPETO A LA AUTORIDAD", "fecha_hech": "2023-05-15T00:00:00", "hora_hecho": "0:11", "cod_comuna": 19, "nom_comuna": "C-19 EL LIDO", "cod_barrio": 1912, "nom_bar_01": "3 de Julio", "dire_hecho": "CL 5 KR 25", "sitio_hech": "SITIOS PÚBLICOS O ABIERTOS AL PÚBLICO", "lat": 3.435318333, "lon": -76.54042833, "estrato": 4 }, "geometry": { "type": "Point", "coordinates": [ -76.54042833, 3.435318333 ] } },
{ "type": "Feature", "properties": { "agrupado": "ARMAS EXCEPTO DE FUEGO", "fecha_hech": "2023-05-15T00:00:00", "hora_hecho": "18:07", "cod_comuna": 19, "nom_comuna": "C-19 EL LIDO", "cod_barrio": 1913, "nom_bar_01": "El Cedro", "dire_hecho": "CALLE 30A CON CARRERA 6", "sitio_hech": "SITIOS PÚBLICOS O ABIERTOS AL PÚBLICO", "lat": 3.429961667, "lon": -76.53857667, "estrato": 4 }, "geometry": { "type": "Point", "coordinates": [ -76.53857667, 3.429961667 ] } },
{ "type": "Feature", "properties": { "agrupado": "DESACATO, IRRESPETO A LA AUTORIDAD", "fecha_hech": "2023-05-18T00:00:00", "hora_hecho": "8:44", "cod_comuna": 19, "nom_comuna": "C-19 EL LIDO", "cod_barrio": 1913, "nom_bar_01": "El Cedro", "dire_hecho": "CARRERA 32 CALLE 8", "sitio_hech": "SITIOS PÚBLICOS O ABIERTOS AL PÚBLICO", "lat": 3.434496667, "lon": -76.537445, "estrato": 4 }, "geometry": { "type": "Point", "coordinates": [ -76.537445, 3.434496667 ] } },
{ "type": "Feature", "properties": { "agrupado": "DESACATO, IRRESPETO A LA AUTORIDAD", "fecha_hech": "2023-05-19T00:00:00", "hora_hecho": "0:39", "cod_comuna": 19, "nom_comuna": "C-19 EL LIDO", "cod_barrio": 1912, "nom_bar_01": "3 de Julio", "dire_hecho": "CL 7 KR 28", "sitio_hech": "SITIOS PÚBLICOS O ABIERTOS AL PÚBLICO", "lat": 3.43, "lon": -76.54, "estrato": 4 }, "geometry": { "type": "Point", "coordinates": [ -76.54, 3.43 ] } },
{ "type": "Feature", "properties": { "agrupado": "DESACATO, IRRESPETO A LA AUTORIDAD", "fecha_hech": "2023-05-19T00:00:00", "hora_hecho": "0:55", "cod_comuna": 19, "nom_comuna": "C-19 EL LIDO", "cod_barrio": 1913, "nom_bar_01": "El Cedro", "dire_hecho": "CL 7 KR 28", "sitio_hech": "SITIOS PÚBLICOS O ABIERTOS AL PÚBLICO", "lat": 3.432411667, "lon": -76.53755833, "estrato": 4 }, "geometry": { "type": "Point", "coordinates": [ -76.53755833, 3.432411667 ] } },
{ "type": "Feature", "properties": { "agrupado": "DESACATO, IRRESPETO A LA AUTORIDAD", "fecha_hech": "2023-05-19T00:00:00", "hora_hecho": "1:07", "cod_comuna": 19, "nom_comuna": "C-19 EL LIDO", "cod_barrio": 1913, "nom_bar_01": "El Cedro", "dire_hecho": "CL 7 KR 28", "sitio_hech": "MEDIO DE TRANSPORTE", "lat": 3.432411667, "lon": -76.53755833, "estrato": 4 }, "geometry": { "type": "Point", "coordinates": [ -76.53755833, 3.432411667 ] } },
{ "type": "Feature", "properties": { "agrupado": "DESACATO, IRRESPETO A LA AUTORIDAD", "fecha_hech": "2023-05-20T00:00:00", "hora_hecho": "23:14", "cod_comuna": 19, "nom_comuna": "C-19 EL LIDO", "cod_barrio": 1913, "nom_bar_01": "El Cedro", "dire_hecho": "CL 6 KR 28", "sitio_hech": "SITIOS PÚBLICOS O ABIERTOS AL PÚBLICO", "lat": 3.432513333, "lon": -76.53885, "estrato": 4 }, "geometry": { "type": "Point", "coordinates": [ -76.53885, 3.432513333 ] } },
{ "type": "Feature", "properties": { "agrupado": "DESACATO, IRRESPETO A LA AUTORIDAD", "fecha_hech": "2023-05-24T00:00:00", "hora_hecho": "20:27", "cod_comuna": 19, "nom_comuna": "C-19 EL LIDO", "cod_barrio": 1913, "nom_bar_01": "El Cedro", "dire_hecho": "CALLE 6 CON 26", "sitio_hech": "SITIOS PÚBLICOS O ABIERTOS AL PÚBLICO", "lat": 3.43445, "lon": -76.538725, "estrato": 4 }, "geometry": { "type": "Point", "coordinates": [ -76.538725, 3.43445 ] } },
{ "type": "Feature", "properties": { "agrupado": "ARMAS EXCEPTO DE FUEGO", "fecha_hech": "2023-05-26T00:00:00", "hora_hecho": "12:07", "cod_comuna": 19, "nom_comuna": "C-19 EL LIDO", "cod_barrio": 1906, "nom_bar_01": "San Fernando Nuevo", "dire_hecho": "KR 36 CL 5 B 5", "sitio_hech": "SITIOS PÚBLICOS O ABIERTOS AL PÚBLICO", "lat": 3.427686667, "lon": -76.540365, "estrato": 4 }, "geometry": { "type": "Point", "coordinates": [ -76.540365, 3.427686667 ] } },
{ "type": "Feature", "properties": { "agrupado": "DESACATO, IRRESPETO A LA AUTORIDAD", "fecha_hech": "2023-05-27T00:00:00", "hora_hecho": "3:54", "cod_comuna": 19, "nom_comuna": "C-19 EL LIDO", "cod_barrio": 1905, "nom_bar_01": "Eucaristico", "dire_hecho": "CALLE 5 CARRERA 52", "sitio_hech": "SITIOS PÚBLICOS O ABIERTOS AL PÚBLICO", "lat": 3.42524, "lon": -76.539915, "estrato": 4 }, "geometry": { "type": "Point", "coordinates": [ -76.539915, 3.42524 ] } },
{ "type": "Feature", "properties": { "agrupado": "DESACATO, IRRESPETO A LA AUTORIDAD", "fecha_hech": "2023-05-27T00:00:00", "hora_hecho": "4:01", "cod_comuna": 19, "nom_comuna": "C-19 EL LIDO", "cod_barrio": 1905, "nom_bar_01": "Eucaristico", "dire_hecho": "CALLE 5 CARRERA 52", "sitio_hech": "SITIOS PÚBLICOS O ABIERTOS AL PÚBLICO", "lat": 3.42524, "lon": -76.539915, "estrato": 4 }, "geometry": { "type": "Point", "coordinates": [ -76.539915, 3.42524 ] } },
{ "type": "Feature", "properties": { "agrupado": "DESACATO, IRRESPETO A LA AUTORIDAD", "fecha_hech": "2023-05-28T00:00:00", "hora_hecho": "22:10", "cod_comuna": 19, "nom_comuna": "C-19 EL LIDO", "cod_barrio": 1912, "nom_bar_01": "3 de Julio", "dire_hecho": "CALLE 5B3 CON CARRERA 36", "sitio_hech": "SITIOS PÚBLICOS O ABIERTOS AL PÚBLICO", "lat": 3.43, "lon": -76.54, "estrato": 4 }, "geometry": { "type": "Point", "coordinates": [ -76.54, 3.43 ] } },
{ "type": "Feature", "properties": { "agrupado": "SUSTANCIAS PSICOACTIVAS", "fecha_hech": "2023-05-29T00:00:00", "hora_hecho": "17:59", "cod_comuna": 19, "nom_comuna": "C-19 EL LIDO", "cod_barrio": 1905, "nom_bar_01": "Eucaristico", "dire_hecho": "CALLE 6 CON CARRERA 37 B/EUCARISTÍCO", "sitio_hech": "SITIOS PÚBLICOS O ABIERTOS AL PÚBLICO", "lat": 3.426036667, "lon": -76.53965167, "estrato": 4 }, "geometry": { "type": "Point", "coordinates": [ -76.53965167, 3.426036667 ] } },
{ "type": "Feature", "properties": { "agrupado": "SUSTANCIAS PSICOACTIVAS", "fecha_hech": "2023-05-30T00:00:00", "hora_hecho": "18:00", "cod_comuna": 19, "nom_comuna": "C-19 EL LIDO", "cod_barrio": 1912, "nom_bar_01": "3 de Julio", "dire_hecho": "CARRERA 24 CON CALLE 6", "sitio_hech": "SITIOS PÚBLICOS O ABIERTOS AL PÚBLICO", "lat": 3.435938333, "lon": -76.53881167, "estrato": 4 }, "geometry": { "type": "Point", "coordinates": [ -76.53881167, 3.435938333 ] } },
{ "type": "Feature", "properties": { "agrupado": "DESACATO, IRRESPETO A LA AUTORIDAD", "fecha_hech": "2023-05-31T00:00:00", "hora_hecho": "2:13", "cod_comuna": 19, "nom_comuna": "C-19 EL LIDO", "cod_barrio": 1913, "nom_bar_01": "El Cedro", "dire_hecho": "CALLE 8 CON CARRERA 34", "sitio_hech": "SITIOS PÚBLICOS O ABIERTOS AL PÚBLICO", "lat": 3.42719, "lon": -76.538055, "estrato": 4 }, "geometry": { "type": "Point", "coordinates": [ -76.538055, 3.42719 ] } },
{ "type": "Feature", "properties": { "agrupado": "SUSTANCIAS PSICOACTIVAS", "fecha_hech": "2023-05-31T00:00:00", "hora_hecho": "15:14", "cod_comuna": 19, "nom_comuna": "C-19 EL LIDO", "cod_barrio": 1906, "nom_bar_01": "San Fernando Nuevo", "dire_hecho": "CR36 CLL 5B3", "sitio_hech": "SITIOS PÚBLICOS O ABIERTOS AL PÚBLICO", "lat": 3.427086667, "lon": -76.541425, "estrato": 4 }, "geometry": { "type": "Point", "coordinates": [ -76.541425, 3.427086667 ] } },
{ "type": "Feature", "properties": { "agrupado": "ARMAS EXCEPTO DE FUEGO", "fecha_hech": "2023-05-31T00:00:00", "hora_hecho": "19:27", "cod_comuna": 19, "nom_comuna": "C-19 EL LIDO", "cod_barrio": 1906, "nom_bar_01": "San Fernando Nuevo", "dire_hecho": "CLL 5B3 CR 36", "sitio_hech": "SITIOS PÚBLICOS O ABIERTOS AL PÚBLICO", "lat": 3.42831, "lon": -76.54078167, "estrato": 4 }, "geometry": { "type": "Point", "coordinates": [ -76.54078167, 3.42831 ] } },
{ "type": "Feature", "properties": { "agrupado": "SUSTANCIAS PSICOACTIVAS", "fecha_hech": "2023-06-01T00:00:00", "hora_hecho": "12:23", "cod_comuna": 19, "nom_comuna": "C-19 EL LIDO", "cod_barrio": 1912, "nom_bar_01": "3 de Julio", "dire_hecho": "CL 9 KR 34", "sitio_hech": "SITIOS PÚBLICOS O ABIERTOS AL PÚBLICO", "lat": 3.429888333, "lon": -76.53900833, "estrato": 4 }, "geometry": { "type": "Point", "coordinates": [ -76.53900833, 3.429888333 ] } },
{ "type": "Feature", "properties": { "agrupado": "SUSTANCIAS PSICOACTIVAS", "fecha_hech": "2023-06-01T00:00:00", "hora_hecho": "16:45", "cod_comuna": 19, "nom_comuna": "C-19 EL LIDO", "cod_barrio": 1905, "nom_bar_01": "Eucaristico", "dire_hecho": "CRA 36 CON CALL 7", "sitio_hech": "SITIOS PÚBLICOS O ABIERTOS AL PÚBLICO", "lat": 3.425545, "lon": -76.53907833, "estrato": 4 }, "geometry": { "type": "Point", "coordinates": [ -76.53907833, 3.425545 ] } },
{ "type": "Feature", "properties": { "agrupado": "ARMAS EXCEPTO DE FUEGO", "fecha_hech": "2023-06-02T00:00:00", "hora_hecho": "10:35", "cod_comuna": 19, "nom_comuna": "C-19 EL LIDO", "cod_barrio": 1913, "nom_bar_01": "El Cedro", "dire_hecho": "CL 6 KR 27", "sitio_hech": "SITIOS PÚBLICOS O ABIERTOS AL PÚBLICO", "lat": 3.433616667, "lon": -76.53880667, "estrato": 4 }, "geometry": { "type": "Point", "coordinates": [ -76.53880667, 3.433616667 ] } },
{ "type": "Feature", "properties": { "agrupado": "SUSTANCIAS PSICOACTIVAS", "fecha_hech": "2023-06-03T00:00:00", "hora_hecho": "16:28", "cod_comuna": 19, "nom_comuna": "C-19 EL LIDO", "cod_barrio": 1905, "nom_bar_01": "Eucaristico", "dire_hecho": "CARRERA 36 CALLE 6 EL TEMPLETE", "sitio_hech": "SITIOS PÚBLICOS O ABIERTOS AL PÚBLICO", "lat": 3.425941667, "lon": -76.539635, "estrato": 4 }, "geometry": { "type": "Point", "coordinates": [ -76.539635, 3.425941667 ] } },
{ "type": "Feature", "properties": { "agrupado": "DESACATO, IRRESPETO A LA AUTORIDAD", "fecha_hech": "2023-06-05T00:00:00", "hora_hecho": "8:47", "cod_comuna": 19, "nom_comuna": "C-19 EL LIDO", "cod_barrio": 1913, "nom_bar_01": "El Cedro", "dire_hecho": "CARRERA 34 CON CALLE 6", "sitio_hech": "SITIOS PÚBLICOS O ABIERTOS AL PÚBLICO", "lat": 3.428283333, "lon": -76.53902333000001, "estrato": 4 }, "geometry": { "type": "Point", "coordinates": [ -76.53902333, 3.428283333 ] } },
{ "type": "Feature", "properties": { "agrupado": "DESACATO, IRRESPETO A LA AUTORIDAD", "fecha_hech": "2023-06-05T00:00:00", "hora_hecho": "22:01", "cod_comuna": 19, "nom_comuna": "C-19 EL LIDO", "cod_barrio": 1912, "nom_bar_01": "3 de Julio", "dire_hecho": "CRA 27 CON 5", "sitio_hech": "SITIOS PÚBLICOS O ABIERTOS AL PÚBLICO", "lat": 3.43, "lon": -76.54, "estrato": 4 }, "geometry": { "type": "Point", "coordinates": [ -76.54, 3.43 ] } },
{ "type": "Feature", "properties": { "agrupado": "SUSTANCIAS PSICOACTIVAS", "fecha_hech": "2023-06-05T00:00:00", "hora_hecho": "23:44", "cod_comuna": 19, "nom_comuna": "C-19 EL LIDO", "cod_barrio": 1906, "nom_bar_01": "San Fernando Nuevo", "dire_hecho": "CALLE 5B4 CON CARRERA 36B", "sitio_hech": "SITIOS PÚBLICOS O ABIERTOS AL PÚBLICO", "lat": 3.426971667, "lon": -76.5412, "estrato": 4 }, "geometry": { "type": "Point", "coordinates": [ -76.5412, 3.426971667 ] } },
{ "type": "Feature", "properties": { "agrupado": "SUSTANCIAS PSICOACTIVAS", "fecha_hech": "2023-06-06T00:00:00", "hora_hecho": "5:07", "cod_comuna": 19, "nom_comuna": "C-19 EL LIDO", "cod_barrio": 1913, "nom_bar_01": "El Cedro", "dire_hecho": "CALLE 6 CON CARRERA 31", "sitio_hech": "SITIOS PÚBLICOS O ABIERTOS AL PÚBLICO", "lat": 3.428823333, "lon": -76.538865, "estrato": 4 }, "geometry": { "type": "Point", "coordinates": [ -76.538865, 3.428823333 ] } },
{ "type": "Feature", "properties": { "agrupado": "SUSTANCIAS PSICOACTIVAS", "fecha_hech": "2023-06-06T00:00:00", "hora_hecho": "10:45", "cod_comuna": 19, "nom_comuna": "C-19 EL LIDO", "cod_barrio": 1905, "nom_bar_01": "Eucaristico", "dire_hecho": "CARRERA 36 CON CALLE 6", "sitio_hech": "SITIOS PÚBLICOS O ABIERTOS AL PÚBLICO", "lat": 3.426386667, "lon": -76.53949333, "estrato": 4 }, "geometry": { "type": "Point", "coordinates": [ -76.53949333, 3.426386667 ] } },
{ "type": "Feature", "properties": { "agrupado": "ARMAS EXCEPTO DE FUEGO", "fecha_hech": "2023-06-07T00:00:00", "hora_hecho": "10:50", "cod_comuna": 19, "nom_comuna": "C-19 EL LIDO", "cod_barrio": 1906, "nom_bar_01": "San Fernando Nuevo", "dire_hecho": "CL 6 KR 34", "sitio_hech": "SITIOS PÚBLICOS O ABIERTOS AL PÚBLICO", "lat": 3.428371667, "lon": -76.53927833, "estrato": 4 }, "geometry": { "type": "Point", "coordinates": [ -76.53927833, 3.428371667 ] } },
{ "type": "Feature", "properties": { "agrupado": "DESACATO, IRRESPETO A LA AUTORIDAD", "fecha_hech": "2023-06-07T00:00:00", "hora_hecho": "11:49", "cod_comuna": 19, "nom_comuna": "C-19 EL LIDO", "cod_barrio": 1913, "nom_bar_01": "El Cedro", "dire_hecho": "CL 6 KR 27", "sitio_hech": "SITIOS PÚBLICOS O ABIERTOS AL PÚBLICO", "lat": 3.433186667, "lon": -76.53852667, "estrato": 4 }, "geometry": { "type": "Point", "coordinates": [ -76.53852667, 3.433186667 ] } },
{ "type": "Feature", "properties": { "agrupado": "DESACATO, IRRESPETO A LA AUTORIDAD", "fecha_hech": "2023-06-07T00:00:00", "hora_hecho": "17:39", "cod_comuna": 19, "nom_comuna": "C-19 EL LIDO", "cod_barrio": 1912, "nom_bar_01": "3 de Julio", "dire_hecho": "CALLE 5B CON CARRERA 26", "sitio_hech": "SITIOS PÚBLICOS O ABIERTOS AL PÚBLICO", "lat": 3.434568333, "lon": -76.54035833, "estrato": 4 }, "geometry": { "type": "Point", "coordinates": [ -76.54035833, 3.434568333 ] } },
{ "type": "Feature", "properties": { "agrupado": "SUSTANCIAS PSICOACTIVAS", "fecha_hech": "2023-06-09T00:00:00", "hora_hecho": "0:06", "cod_comuna": 19, "nom_comuna": "C-19 EL LIDO", "cod_barrio": 1905, "nom_bar_01": "Eucaristico", "dire_hecho": "CALLE 6A CARRERA 36", "sitio_hech": "SITIOS PÚBLICOS O ABIERTOS AL PÚBLICO", "lat": 3.425841667, "lon": -76.53959667, "estrato": 4 }, "geometry": { "type": "Point", "coordinates": [ -76.53959667, 3.425841667 ] } },
{ "type": "Feature", "properties": { "agrupado": "DESACATO, IRRESPETO A LA AUTORIDAD", "fecha_hech": "2023-06-09T00:00:00", "hora_hecho": "16:07", "cod_comuna": 19, "nom_comuna": "C-19 EL LIDO", "cod_barrio": 1912, "nom_bar_01": "3 de Julio", "dire_hecho": "CL 6 KR 26", "sitio_hech": "SITIOS PÚBLICOS O ABIERTOS AL PÚBLICO", "lat": 3.434783333, "lon": -76.538825, "estrato": 4 }, "geometry": { "type": "Point", "coordinates": [ -76.538825, 3.434783333 ] } },
{ "type": "Feature", "properties": { "agrupado": "DESACATO, IRRESPETO A LA AUTORIDAD", "fecha_hech": "2023-06-13T00:00:00", "hora_hecho": "22:49", "cod_comuna": 19, "nom_comuna": "C-19 EL LIDO", "cod_barrio": 1905, "nom_bar_01": "Eucaristico", "dire_hecho": "AVENIDA ROOSEVELT CON 36", "sitio_hech": "MEDIO DE TRANSPORTE", "lat": 3.425901667, "lon": -76.53999833, "estrato": 4 }, "geometry": { "type": "Point", "coordinates": [ -76.53999833, 3.425901667 ] } },
{ "type": "Feature", "properties": { "agrupado": "DESACATO, IRRESPETO A LA AUTORIDAD", "fecha_hech": "2023-06-14T00:00:00", "hora_hecho": "2:05", "cod_comuna": 19, "nom_comuna": "C-19 EL LIDO", "cod_barrio": 1913, "nom_bar_01": "El Cedro", "dire_hecho": "KR 25 CL 6", "sitio_hech": "SITIOS PÚBLICOS O ABIERTOS AL PÚBLICO", "lat": 3.43518, "lon": -76.53790667, "estrato": 4 }, "geometry": { "type": "Point", "coordinates": [ -76.53790667, 3.43518 ] } },
{ "type": "Feature", "properties": { "agrupado": "DESACATO, IRRESPETO A LA AUTORIDAD", "fecha_hech": "2023-06-14T00:00:00", "hora_hecho": "2:26", "cod_comuna": 19, "nom_comuna": "C-19 EL LIDO", "cod_barrio": 1913, "nom_bar_01": "El Cedro", "dire_hecho": "CL 6 KR 25", "sitio_hech": "SITIOS PÚBLICOS O ABIERTOS AL PÚBLICO", "lat": 3.43518, "lon": -76.53790667, "estrato": 4 }, "geometry": { "type": "Point", "coordinates": [ -76.53790667, 3.43518 ] } },
{ "type": "Feature", "properties": { "agrupado": "DESACATO, IRRESPETO A LA AUTORIDAD", "fecha_hech": "2023-06-15T00:00:00", "hora_hecho": "17:01", "cod_comuna": 19, "nom_comuna": "C-19 EL LIDO", "cod_barrio": 1913, "nom_bar_01": "El Cedro", "dire_hecho": "CALLE 7 CARRERA 26", "sitio_hech": "SITIOS PÚBLICOS O ABIERTOS AL PÚBLICO", "lat": 3.434141667, "lon": -76.53755833, "estrato": 4 }, "geometry": { "type": "Point", "coordinates": [ -76.53755833, 3.434141667 ] } },
{ "type": "Feature", "properties": { "agrupado": "SUSTANCIAS PSICOACTIVAS", "fecha_hech": "2023-06-17T00:00:00", "hora_hecho": "16:56", "cod_comuna": 19, "nom_comuna": "C-19 EL LIDO", "cod_barrio": 1906, "nom_bar_01": "San Fernando Nuevo", "dire_hecho": "CR 36 CON CL 5B3", "sitio_hech": "SITIOS PÚBLICOS O ABIERTOS AL PÚBLICO", "lat": 3.428141667, "lon": -76.540685, "estrato": 4 }, "geometry": { "type": "Point", "coordinates": [ -76.540685, 3.428141667 ] } },
{ "type": "Feature", "properties": { "agrupado": "SUSTANCIAS PSICOACTIVAS", "fecha_hech": "2023-06-17T00:00:00", "hora_hecho": "17:06", "cod_comuna": 19, "nom_comuna": "C-19 EL LIDO", "cod_barrio": 1906, "nom_bar_01": "San Fernando Nuevo", "dire_hecho": "CRA 36 5B3", "sitio_hech": "SITIOS PÚBLICOS O ABIERTOS AL PÚBLICO", "lat": 3.428236667, "lon": -76.540725, "estrato": 4 }, "geometry": { "type": "Point", "coordinates": [ -76.540725, 3.428236667 ] } },
{ "type": "Feature", "properties": { "agrupado": "SUSTANCIAS PSICOACTIVAS", "fecha_hech": "2023-06-17T00:00:00", "hora_hecho": "17:20", "cod_comuna": 19, "nom_comuna": "C-19 EL LIDO", "cod_barrio": 1906, "nom_bar_01": "San Fernando Nuevo", "dire_hecho": "CRA 36 5B3", "sitio_hech": "SITIOS PÚBLICOS O ABIERTOS AL PÚBLICO", "lat": 3.428231667, "lon": -76.54069, "estrato": 4 }, "geometry": { "type": "Point", "coordinates": [ -76.54069, 3.428231667 ] } },
{ "type": "Feature", "properties": { "agrupado": "SUSTANCIAS PSICOACTIVAS", "fecha_hech": "2023-06-17T00:00:00", "hora_hecho": "17:21", "cod_comuna": 19, "nom_comuna": "C-19 EL LIDO", "cod_barrio": 1906, "nom_bar_01": "San Fernando Nuevo", "dire_hecho": "CR 36 CON CL 5B3", "sitio_hech": "SITIOS PÚBLICOS O ABIERTOS AL PÚBLICO", "lat": 3.428041667, "lon": -76.54111833, "estrato": 4 }, "geometry": { "type": "Point", "coordinates": [ -76.54111833, 3.428041667 ] } },
{ "type": "Feature", "properties": { "agrupado": "SUSTANCIAS PSICOACTIVAS", "fecha_hech": "2023-06-17T00:00:00", "hora_hecho": "17:29", "cod_comuna": 19, "nom_comuna": "C-19 EL LIDO", "cod_barrio": 1906, "nom_bar_01": "San Fernando Nuevo", "dire_hecho": "CR 36 CON CL 5B3", "sitio_hech": "SITIOS PÚBLICOS O ABIERTOS AL PÚBLICO", "lat": 3.4284, "lon": -76.54071333, "estrato": 4 }, "geometry": { "type": "Point", "coordinates": [ -76.54071333, 3.4284 ] } },
{ "type": "Feature", "properties": { "agrupado": "ARMAS EXCEPTO DE FUEGO", "fecha_hech": "2023-06-17T00:00:00", "hora_hecho": "17:30", "cod_comuna": 19, "nom_comuna": "C-19 EL LIDO", "cod_barrio": 1906, "nom_bar_01": "San Fernando Nuevo", "dire_hecho": "CRA 36 5B3", "sitio_hech": "SITIOS PÚBLICOS O ABIERTOS AL PÚBLICO", "lat": 3.428231667, "lon": -76.54071333, "estrato": 4 }, "geometry": { "type": "Point", "coordinates": [ -76.54071333, 3.428231667 ] } },
{ "type": "Feature", "properties": { "agrupado": "ARMAS EXCEPTO DE FUEGO", "fecha_hech": "2023-06-17T00:00:00", "hora_hecho": "17:36", "cod_comuna": 19, "nom_comuna": "C-19 EL LIDO", "cod_barrio": 1906, "nom_bar_01": "San Fernando Nuevo", "dire_hecho": "CRA 36 5B3", "sitio_hech": "SITIOS PÚBLICOS O ABIERTOS AL PÚBLICO", "lat": 3.428235, "lon": -76.54068833, "estrato": 4 }, "geometry": { "type": "Point", "coordinates": [ -76.54068833, 3.428235 ] } },
{ "type": "Feature", "properties": { "agrupado": "ARMAS EXCEPTO DE FUEGO", "fecha_hech": "2023-06-17T00:00:00", "hora_hecho": "17:39", "cod_comuna": 19, "nom_comuna": "C-19 EL LIDO", "cod_barrio": 1906, "nom_bar_01": "San Fernando Nuevo", "dire_hecho": "CR 36 N 5B3", "sitio_hech": "SITIOS PÚBLICOS O ABIERTOS AL PÚBLICO", "lat": 3.428271667, "lon": -76.540715, "estrato": 4 }, "geometry": { "type": "Point", "coordinates": [ -76.540715, 3.428271667 ] } },
{ "type": "Feature", "properties": { "agrupado": "DESACATO, IRRESPETO A LA AUTORIDAD", "fecha_hech": "2023-06-17T00:00:00", "hora_hecho": "18:27", "cod_comuna": 19, "nom_comuna": "C-19 EL LIDO", "cod_barrio": 1906, "nom_bar_01": "San Fernando Nuevo", "dire_hecho": "CRA 36 5B 2", "sitio_hech": "SITIOS PÚBLICOS O ABIERTOS AL PÚBLICO", "lat": 3.428231667, "lon": -76.54073167, "estrato": 4 }, "geometry": { "type": "Point", "coordinates": [ -76.54073167, 3.428231667 ] } },
{ "type": "Feature", "properties": { "agrupado": "DESACATO, IRRESPETO A LA AUTORIDAD", "fecha_hech": "2023-06-17T00:00:00", "hora_hecho": "18:52", "cod_comuna": 19, "nom_comuna": "C-19 EL LIDO", "cod_barrio": 1912, "nom_bar_01": "3 de Julio", "dire_hecho": "CRA 36 5B2", "sitio_hech": "SITIOS PÚBLICOS O ABIERTOS AL PÚBLICO", "lat": 3.43, "lon": -76.54, "estrato": 4 }, "geometry": { "type": "Point", "coordinates": [ -76.54, 3.43 ] } },
{ "type": "Feature", "properties": { "agrupado": "DESACATO, IRRESPETO A LA AUTORIDAD", "fecha_hech": "2023-06-17T00:00:00", "hora_hecho": "18:55", "cod_comuna": 19, "nom_comuna": "C-19 EL LIDO", "cod_barrio": 1906, "nom_bar_01": "San Fernando Nuevo", "dire_hecho": "CR 36 CON CL 5B3", "sitio_hech": "SITIOS PÚBLICOS O ABIERTOS AL PÚBLICO", "lat": 3.42824, "lon": -76.54076, "estrato": 4 }, "geometry": { "type": "Point", "coordinates": [ -76.54076, 3.42824 ] } },
{ "type": "Feature", "properties": { "agrupado": "ARMAS EXCEPTO DE FUEGO", "fecha_hech": "2023-06-17T00:00:00", "hora_hecho": "21:21", "cod_comuna": 19, "nom_comuna": "C-19 EL LIDO", "cod_barrio": 1913, "nom_bar_01": "El Cedro", "dire_hecho": "CALLE I CARRERA 32", "sitio_hech": "SITIOS PÚBLICOS O ABIERTOS AL PÚBLICO", "lat": 3.428046667, "lon": -76.537705, "estrato": 4 }, "geometry": { "type": "Point", "coordinates": [ -76.537705, 3.428046667 ] } },
{ "type": "Feature", "properties": { "agrupado": "SUSTANCIAS PSICOACTIVAS", "fecha_hech": "2023-06-21T00:00:00", "hora_hecho": "12:38", "cod_comuna": 19, "nom_comuna": "C-19 EL LIDO", "cod_barrio": 1912, "nom_bar_01": "3 de Julio", "dire_hecho": "KR CRA36 CON CALL 7", "sitio_hech": "SITIOS PÚBLICOS O ABIERTOS AL PÚBLICO", "lat": 3.43, "lon": -76.54, "estrato": 4 }, "geometry": { "type": "Point", "coordinates": [ -76.54, 3.43 ] } },
{ "type": "Feature", "properties": { "agrupado": "SUSTANCIAS PSICOACTIVAS", "fecha_hech": "2023-06-22T00:00:00", "hora_hecho": "9:53", "cod_comuna": 19, "nom_comuna": "C-19 EL LIDO", "cod_barrio": 1912, "nom_bar_01": "3 de Julio", "dire_hecho": "CRA 36A CON CALLE 7", "sitio_hech": "SITIOS PÚBLICOS O ABIERTOS AL PÚBLICO", "lat": 3.43, "lon": -76.54, "estrato": 4 }, "geometry": { "type": "Point", "coordinates": [ -76.54, 3.43 ] } },
{ "type": "Feature", "properties": { "agrupado": "SUSTANCIAS PSICOACTIVAS", "fecha_hech": "2023-06-22T00:00:00", "hora_hecho": "21:12", "cod_comuna": 19, "nom_comuna": "C-19 EL LIDO", "cod_barrio": 1905, "nom_bar_01": "Eucaristico", "dire_hecho": "CRA 36A CON CLL 7", "sitio_hech": "SITIOS PÚBLICOS O ABIERTOS AL PÚBLICO", "lat": 3.426015, "lon": -76.53976833, "estrato": 4 }, "geometry": { "type": "Point", "coordinates": [ -76.53976833, 3.426015 ] } },
{ "type": "Feature", "properties": { "agrupado": "SUSTANCIAS PSICOACTIVAS", "fecha_hech": "2023-06-23T00:00:00", "hora_hecho": "1:18", "cod_comuna": 19, "nom_comuna": "C-19 EL LIDO", "cod_barrio": 1905, "nom_bar_01": "Eucaristico", "dire_hecho": "CL 6 KR 38", "sitio_hech": "SITIOS PÚBLICOS O ABIERTOS AL PÚBLICO", "lat": 3.427941667, "lon": -76.53912833, "estrato": 4 }, "geometry": { "type": "Point", "coordinates": [ -76.53912833, 3.427941667 ] } },
{ "type": "Feature", "properties": { "agrupado": "DESACATO, IRRESPETO A LA AUTORIDAD", "fecha_hech": "2023-06-23T00:00:00", "hora_hecho": "9:54", "cod_comuna": 19, "nom_comuna": "C-19 EL LIDO", "cod_barrio": 1913, "nom_bar_01": "El Cedro", "dire_hecho": "CALLE 9 CON CARRERA 32", "sitio_hech": "SITIOS PÚBLICOS O ABIERTOS AL PÚBLICO", "lat": 3.427978333, "lon": -76.53716833, "estrato": 4 }, "geometry": { "type": "Point", "coordinates": [ -76.53716833, 3.427978333 ] } },
{ "type": "Feature", "properties": { "agrupado": "DESACATO, IRRESPETO A LA AUTORIDAD", "fecha_hech": "2023-06-24T00:00:00", "hora_hecho": "19:58", "cod_comuna": 19, "nom_comuna": "C-19 EL LIDO", "cod_barrio": 1912, "nom_bar_01": "3 de Julio", "dire_hecho": "CALLE 5 CON 24", "sitio_hech": "SITIOS PÚBLICOS O ABIERTOS AL PÚBLICO", "lat": 3.43, "lon": -76.54, "estrato": 4 }, "geometry": { "type": "Point", "coordinates": [ -76.54, 3.43 ] } },
{ "type": "Feature", "properties": { "agrupado": "ARMAS EXCEPTO DE FUEGO", "fecha_hech": "2023-06-25T00:00:00", "hora_hecho": "16:47", "cod_comuna": 19, "nom_comuna": "C-19 EL LIDO", "cod_barrio": 1912, "nom_bar_01": "3 de Julio", "dire_hecho": "CALLE5CCON27", "sitio_hech": "SITIOS PÚBLICOS O ABIERTOS AL PÚBLICO", "lat": 3.43336, "lon": -76.539715, "estrato": 4 }, "geometry": { "type": "Point", "coordinates": [ -76.539715, 3.43336 ] } },
{ "type": "Feature", "properties": { "agrupado": "DESACATO, IRRESPETO A LA AUTORIDAD", "fecha_hech": "2023-06-25T00:00:00", "hora_hecho": "19:29", "cod_comuna": 19, "nom_comuna": "C-19 EL LIDO", "cod_barrio": 1906, "nom_bar_01": "San Fernando Nuevo", "dire_hecho": "CALLE 5D CARRERA 36", "sitio_hech": "SITIOS PÚBLICOS O ABIERTOS AL PÚBLICO", "lat": 3.427905, "lon": -76.54043833, "estrato": 4 }, "geometry": { "type": "Point", "coordinates": [ -76.54043833, 3.427905 ] } },
{ "type": "Feature", "properties": { "agrupado": "ARMAS EXCEPTO DE FUEGO", "fecha_hech": "2023-06-26T00:00:00", "hora_hecho": "18:36", "cod_comuna": 19, "nom_comuna": "C-19 EL LIDO", "cod_barrio": 1913, "nom_bar_01": "El Cedro", "dire_hecho": "CARRERA 32 CON CALLE 8", "sitio_hech": "SITIOS PÚBLICOS O ABIERTOS AL PÚBLICO", "lat": 3.428081667, "lon": -76.537635, "estrato": 4 }, "geometry": { "type": "Point", "coordinates": [ -76.537635, 3.428081667 ] } },
{ "type": "Feature", "properties": { "agrupado": "SUSTANCIAS PSICOACTIVAS", "fecha_hech": "2023-06-27T00:00:00", "hora_hecho": "13:08", "cod_comuna": 19, "nom_comuna": "C-19 EL LIDO", "cod_barrio": 1912, "nom_bar_01": "3 de Julio", "dire_hecho": "CALLE 5 B3 CON 36 B", "sitio_hech": "SITIOS PÚBLICOS O ABIERTOS AL PÚBLICO", "lat": 3.435436667, "lon": -76.53969, "estrato": 4 }, "geometry": { "type": "Point", "coordinates": [ -76.53969, 3.435436667 ] } },
{ "type": "Feature", "properties": { "agrupado": "ARMAS EXCEPTO DE FUEGO", "fecha_hech": "2023-06-28T00:00:00", "hora_hecho": "11:46", "cod_comuna": 19, "nom_comuna": "C-19 EL LIDO", "cod_barrio": 1913, "nom_bar_01": "El Cedro", "dire_hecho": "KR 34 CL 7", "sitio_hech": "SITIOS PÚBLICOS O ABIERTOS AL PÚBLICO", "lat": 3.427433333, "lon": -76.53825333, "estrato": 4 }, "geometry": { "type": "Point", "coordinates": [ -76.53825333, 3.427433333 ] } },
{ "type": "Feature", "properties": { "agrupado": "DESACATO, IRRESPETO A LA AUTORIDAD", "fecha_hech": "2023-06-30T00:00:00", "hora_hecho": "19:36", "cod_comuna": 19, "nom_comuna": "C-19 EL LIDO", "cod_barrio": 1912, "nom_bar_01": "3 de Julio", "dire_hecho": "CL 8 KR 30", "sitio_hech": "SITIOS PÚBLICOS O ABIERTOS AL PÚBLICO", "lat": 3.43, "lon": -76.54, "estrato": 4 }, "geometry": { "type": "Point", "coordinates": [ -76.54, 3.43 ] } },
{ "type": "Feature", "properties": { "agrupado": "ARMAS EXCEPTO DE FUEGO", "fecha_hech": "2023-06-30T00:00:00", "hora_hecho": "20:55", "cod_comuna": 19, "nom_comuna": "C-19 EL LIDO", "cod_barrio": 1912, "nom_bar_01": "3 de Julio", "dire_hecho": "KR 34 CL 6", "sitio_hech": "SITIOS PÚBLICOS O ABIERTOS AL PÚBLICO", "lat": 3.429853333, "lon": -76.54000833000001, "estrato": 4 }, "geometry": { "type": "Point", "coordinates": [ -76.54000833, 3.429853333 ] } },
{ "type": "Feature", "properties": { "agrupado": "DESACATO, IRRESPETO A LA AUTORIDAD", "fecha_hech": "2023-06-30T00:00:00", "hora_hecho": "23:17", "cod_comuna": 19, "nom_comuna": "C-19 EL LIDO", "cod_barrio": 1905, "nom_bar_01": "Eucaristico", "dire_hecho": "CALLE 6 CON 36B", "sitio_hech": "SITIOS PÚBLICOS O ABIERTOS AL PÚBLICO", "lat": 3.425581667, "lon": -76.54035833, "estrato": 4 }, "geometry": { "type": "Point", "coordinates": [ -76.54035833, 3.425581667 ] } },
{ "type": "Feature", "properties": { "agrupado": "SUSTANCIAS PSICOACTIVAS", "fecha_hech": "2023-07-01T00:00:00", "hora_hecho": "8:36", "cod_comuna": 19, "nom_comuna": "C-19 EL LIDO", "cod_barrio": 1905, "nom_bar_01": "Eucaristico", "dire_hecho": "CR 34 CON CALLE 7", "sitio_hech": "SITIOS PÚBLICOS O ABIERTOS AL PÚBLICO", "lat": 3.427916667, "lon": -76.53891667000001, "estrato": 4 }, "geometry": { "type": "Point", "coordinates": [ -76.53891667, 3.427916667 ] } },
{ "type": "Feature", "properties": { "agrupado": "DESACATO, IRRESPETO A LA AUTORIDAD", "fecha_hech": "2023-07-02T00:00:00", "hora_hecho": "10:42", "cod_comuna": 19, "nom_comuna": "C-19 EL LIDO", "cod_barrio": 1905, "nom_bar_01": "Eucaristico", "dire_hecho": "CALLE 6 CON CARRERA 36", "sitio_hech": "SITIOS PÚBLICOS O ABIERTOS AL PÚBLICO", "lat": 3.42694, "lon": -76.53964333, "estrato": 4 }, "geometry": { "type": "Point", "coordinates": [ -76.53964333, 3.42694 ] } },
{ "type": "Feature", "properties": { "agrupado": "DESACATO, IRRESPETO A LA AUTORIDAD", "fecha_hech": "2023-07-02T00:00:00", "hora_hecho": "10:54", "cod_comuna": 19, "nom_comuna": "C-19 EL LIDO", "cod_barrio": 1906, "nom_bar_01": "San Fernando Nuevo", "dire_hecho": "CARRERA 36 CON CALLE 5B5", "sitio_hech": "SITIOS PÚBLICOS O ABIERTOS AL PÚBLICO", "lat": 3.427015, "lon": -76.53978833, "estrato": 4 }, "geometry": { "type": "Point", "coordinates": [ -76.53978833, 3.427015 ] } },
{ "type": "Feature", "properties": { "agrupado": "ARMAS EXCEPTO DE FUEGO", "fecha_hech": "2023-07-02T00:00:00", "hora_hecho": "14:57", "cod_comuna": 19, "nom_comuna": "C-19 EL LIDO", "cod_barrio": 1913, "nom_bar_01": "El Cedro", "dire_hecho": "CALLE 6 CON CARRERA 29", "sitio_hech": "SITIOS PÚBLICOS O ABIERTOS AL PÚBLICO", "lat": 3.431546667, "lon": -76.53886167, "estrato": 4 }, "geometry": { "type": "Point", "coordinates": [ -76.53886167, 3.431546667 ] } },
{ "type": "Feature", "properties": { "agrupado": "SUSTANCIAS PSICOACTIVAS", "fecha_hech": "2023-07-03T00:00:00", "hora_hecho": "14:54", "cod_comuna": 19, "nom_comuna": "C-19 EL LIDO", "cod_barrio": 1906, "nom_bar_01": "San Fernando Nuevo", "dire_hecho": "CL 5B4 KR 34", "sitio_hech": "SITIOS PÚBLICOS O ABIERTOS AL PÚBLICO", "lat": 3.428443333, "lon": -76.53931167, "estrato": 4 }, "geometry": { "type": "Point", "coordinates": [ -76.53931167, 3.428443333 ] } },
{ "type": "Feature", "properties": { "agrupado": "SUSTANCIAS PSICOACTIVAS", "fecha_hech": "2023-07-04T00:00:00", "hora_hecho": "7:58", "cod_comuna": 19, "nom_comuna": "C-19 EL LIDO", "cod_barrio": 1913, "nom_bar_01": "El Cedro", "dire_hecho": "CL 6 KR 25", "sitio_hech": "SITIOS PÚBLICOS O ABIERTOS AL PÚBLICO", "lat": 3.437296667, "lon": -76.53838333, "estrato": 4 }, "geometry": { "type": "Point", "coordinates": [ -76.53838333, 3.437296667 ] } },
{ "type": "Feature", "properties": { "agrupado": "DESACATO, IRRESPETO A LA AUTORIDAD", "fecha_hech": "2023-07-04T00:00:00", "hora_hecho": "16:43", "cod_comuna": 19, "nom_comuna": "C-19 EL LIDO", "cod_barrio": 1913, "nom_bar_01": "El Cedro", "dire_hecho": "CL 7 KR 26", "sitio_hech": "SITIOS PÚBLICOS O ABIERTOS AL PÚBLICO", "lat": 3.433873333, "lon": -76.53745667, "estrato": 4 }, "geometry": { "type": "Point", "coordinates": [ -76.53745667, 3.433873333 ] } },
{ "type": "Feature", "properties": { "agrupado": "DESACATO, IRRESPETO A LA AUTORIDAD", "fecha_hech": "2023-07-05T00:00:00", "hora_hecho": "16:13", "cod_comuna": 19, "nom_comuna": "C-19 EL LIDO", "cod_barrio": 1905, "nom_bar_01": "Eucaristico", "dire_hecho": "CRA 36A CON CALLE 7", "sitio_hech": "MEDIO DE TRANSPORTE", "lat": 3.425835, "lon": -76.53908, "estrato": 4 }, "geometry": { "type": "Point", "coordinates": [ -76.53908, 3.425835 ] } },
{ "type": "Feature", "properties": { "agrupado": "ARMAS EXCEPTO DE FUEGO", "fecha_hech": "2023-07-06T00:00:00", "hora_hecho": "4:21", "cod_comuna": 19, "nom_comuna": "C-19 EL LIDO", "cod_barrio": 1913, "nom_bar_01": "El Cedro", "dire_hecho": "CALLE 6 CARRERA 31", "sitio_hech": "SITIOS PÚBLICOS O ABIERTOS AL PÚBLICO", "lat": 3.42895, "lon": -76.53881, "estrato": 4 }, "geometry": { "type": "Point", "coordinates": [ -76.53881, 3.42895 ] } },
{ "type": "Feature", "properties": { "agrupado": "SUSTANCIAS PSICOACTIVAS", "fecha_hech": "2023-07-06T00:00:00", "hora_hecho": "8:50", "cod_comuna": 19, "nom_comuna": "C-19 EL LIDO", "cod_barrio": 1905, "nom_bar_01": "Eucaristico", "dire_hecho": "CARRERA 42 CON CALLE 5B PARQUE TEQUENDAMA", "sitio_hech": "SITIOS PÚBLICOS O ABIERTOS AL PÚBLICO", "lat": 3.425476667, "lon": -76.53936, "estrato": 4 }, "geometry": { "type": "Point", "coordinates": [ -76.53936, 3.425476667 ] } },
{ "type": "Feature", "properties": { "agrupado": "ARMAS EXCEPTO DE FUEGO", "fecha_hech": "2023-07-06T00:00:00", "hora_hecho": "22:35", "cod_comuna": 19, "nom_comuna": "C-19 EL LIDO", "cod_barrio": 1913, "nom_bar_01": "El Cedro", "dire_hecho": "CALLE 7 CON CARRERA 32", "sitio_hech": "SITIOS PÚBLICOS O ABIERTOS AL PÚBLICO", "lat": 3.428463333, "lon": -76.53871167, "estrato": 4 }, "geometry": { "type": "Point", "coordinates": [ -76.53871167, 3.428463333 ] } },
{ "type": "Feature", "properties": { "agrupado": "ARMAS EXCEPTO DE FUEGO", "fecha_hech": "2023-07-07T00:00:00", "hora_hecho": "9:18", "cod_comuna": 19, "nom_comuna": "C-19 EL LIDO", "cod_barrio": 1913, "nom_bar_01": "El Cedro", "dire_hecho": "KR 32 CL 8", "sitio_hech": "SITIOS PÚBLICOS O ABIERTOS AL PÚBLICO", "lat": 3.428085, "lon": -76.53766333, "estrato": 4 }, "geometry": { "type": "Point", "coordinates": [ -76.53766333, 3.428085 ] } },
{ "type": "Feature", "properties": { "agrupado": "ARMAS EXCEPTO DE FUEGO", "fecha_hech": "2023-07-08T00:00:00", "hora_hecho": "4:08", "cod_comuna": 19, "nom_comuna": "C-19 EL LIDO", "cod_barrio": 1913, "nom_bar_01": "El Cedro", "dire_hecho": "CL 7 KR 25", "sitio_hech": "SITIOS PÚBLICOS O ABIERTOS AL PÚBLICO", "lat": 3.433806667, "lon": -76.537525, "estrato": 4 }, "geometry": { "type": "Point", "coordinates": [ -76.537525, 3.433806667 ] } },
{ "type": "Feature", "properties": { "agrupado": "ARMAS EXCEPTO DE FUEGO", "fecha_hech": "2023-07-08T00:00:00", "hora_hecho": "10:12", "cod_comuna": 19, "nom_comuna": "C-19 EL LIDO", "cod_barrio": 1913, "nom_bar_01": "El Cedro", "dire_hecho": "CALLE 6 CON CARRERA 31", "sitio_hech": "SITIOS PÚBLICOS O ABIERTOS AL PÚBLICO", "lat": 3.428933333, "lon": -76.53875667, "estrato": 4 }, "geometry": { "type": "Point", "coordinates": [ -76.53875667, 3.428933333 ] } },
{ "type": "Feature", "properties": { "agrupado": "SUSTANCIAS PSICOACTIVAS", "fecha_hech": "2023-07-09T00:00:00", "hora_hecho": "16:07", "cod_comuna": 19, "nom_comuna": "C-19 EL LIDO", "cod_barrio": 1905, "nom_bar_01": "Eucaristico", "dire_hecho": "CALLE 7 CARRERA 36", "sitio_hech": "SITIOS PÚBLICOS O ABIERTOS AL PÚBLICO", "lat": 3.425853333, "lon": -76.53911, "estrato": 4 }, "geometry": { "type": "Point", "coordinates": [ -76.53911, 3.425853333 ] } },
{ "type": "Feature", "properties": { "agrupado": "ARMAS EXCEPTO DE FUEGO", "fecha_hech": "2023-07-09T00:00:00", "hora_hecho": "16:09", "cod_comuna": 19, "nom_comuna": "C-19 EL LIDO", "cod_barrio": 1912, "nom_bar_01": "3 de Julio", "dire_hecho": "CL 9 KR 29", "sitio_hech": "SITIOS PÚBLICOS O ABIERTOS AL PÚBLICO", "lat": 3.432856667, "lon": -76.53894833, "estrato": 4 }, "geometry": { "type": "Point", "coordinates": [ -76.53894833, 3.432856667 ] } },
{ "type": "Feature", "properties": { "agrupado": "DESACATO, IRRESPETO A LA AUTORIDAD", "fecha_hech": "2023-07-10T00:00:00", "hora_hecho": "10:48", "cod_comuna": 19, "nom_comuna": "C-19 EL LIDO", "cod_barrio": 1913, "nom_bar_01": "El Cedro", "dire_hecho": "CL 6 KR 28", "sitio_hech": "SITIOS PÚBLICOS O ABIERTOS AL PÚBLICO", "lat": 3.432416667, "lon": -76.53883333, "estrato": 4 }, "geometry": { "type": "Point", "coordinates": [ -76.53883333, 3.432416667 ] } },
{ "type": "Feature", "properties": { "agrupado": "ARMAS EXCEPTO DE FUEGO", "fecha_hech": "2023-07-11T00:00:00", "hora_hecho": "21:15", "cod_comuna": 19, "nom_comuna": "C-19 EL LIDO", "cod_barrio": 1905, "nom_bar_01": "Eucaristico", "dire_hecho": "CALLE 7 CON CARRERA 36 A", "sitio_hech": "SITIOS PÚBLICOS O ABIERTOS AL PÚBLICO", "lat": 3.425763333, "lon": -76.53932333, "estrato": 4 }, "geometry": { "type": "Point", "coordinates": [ -76.53932333, 3.425763333 ] } },
{ "type": "Feature", "properties": { "agrupado": "ARMAS EXCEPTO DE FUEGO", "fecha_hech": "2023-07-12T00:00:00", "hora_hecho": "8:31", "cod_comuna": 19, "nom_comuna": "C-19 EL LIDO", "cod_barrio": 1912, "nom_bar_01": "3 de Julio", "dire_hecho": "CALLE 5D CON CARRERA 38", "sitio_hech": "SITIOS PÚBLICOS O ABIERTOS AL PÚBLICO", "lat": 3.432586667, "lon": -76.53994833, "estrato": 4 }, "geometry": { "type": "Point", "coordinates": [ -76.53994833, 3.432586667 ] } },
{ "type": "Feature", "properties": { "agrupado": "DESACATO, IRRESPETO A LA AUTORIDAD", "fecha_hech": "2023-07-14T00:00:00", "hora_hecho": "0:30", "cod_comuna": 19, "nom_comuna": "C-19 EL LIDO", "cod_barrio": 1912, "nom_bar_01": "3 de Julio", "dire_hecho": "CALLE 6 CON CARRERA 25", "sitio_hech": "SITIOS PÚBLICOS O ABIERTOS AL PÚBLICO", "lat": 3.434371667, "lon": -76.53925667, "estrato": 4 }, "geometry": { "type": "Point", "coordinates": [ -76.53925667, 3.434371667 ] } },
{ "type": "Feature", "properties": { "agrupado": "SUSTANCIAS PSICOACTIVAS", "fecha_hech": "2023-07-16T00:00:00", "hora_hecho": "16:59", "cod_comuna": 19, "nom_comuna": "C-19 EL LIDO", "cod_barrio": 1906, "nom_bar_01": "San Fernando Nuevo", "dire_hecho": "CLL 6 CR 34", "sitio_hech": "SITIOS PÚBLICOS O ABIERTOS AL PÚBLICO", "lat": 3.428736667, "lon": -76.53945167000001, "estrato": 4 }, "geometry": { "type": "Point", "coordinates": [ -76.53945167, 3.428736667 ] } },
{ "type": "Feature", "properties": { "agrupado": "SUSTANCIAS PSICOACTIVAS", "fecha_hech": "2023-07-16T00:00:00", "hora_hecho": "17:18", "cod_comuna": 19, "nom_comuna": "C-19 EL LIDO", "cod_barrio": 1906, "nom_bar_01": "San Fernando Nuevo", "dire_hecho": "CALLE 6 CARRERA 34", "sitio_hech": "SITIOS PÚBLICOS O ABIERTOS AL PÚBLICO", "lat": 3.428736667, "lon": -76.53945167000001, "estrato": 4 }, "geometry": { "type": "Point", "coordinates": [ -76.53945167, 3.428736667 ] } },
{ "type": "Feature", "properties": { "agrupado": "ARMAS EXCEPTO DE FUEGO", "fecha_hech": "2023-07-17T00:00:00", "hora_hecho": "5:09", "cod_comuna": 19, "nom_comuna": "C-19 EL LIDO", "cod_barrio": 1913, "nom_bar_01": "El Cedro", "dire_hecho": "CL 6 KR 25", "sitio_hech": "SITIOS PÚBLICOS O ABIERTOS AL PÚBLICO", "lat": 3.43686, "lon": -76.53849667, "estrato": 4 }, "geometry": { "type": "Point", "coordinates": [ -76.53849667, 3.43686 ] } },
{ "type": "Feature", "properties": { "agrupado": "SUSTANCIAS PSICOACTIVAS", "fecha_hech": "2023-07-18T00:00:00", "hora_hecho": "16:29", "cod_comuna": 19, "nom_comuna": "C-19 EL LIDO", "cod_barrio": 1905, "nom_bar_01": "Eucaristico", "dire_hecho": "CR 36 CON CALLE 7", "sitio_hech": "SITIOS PÚBLICOS O ABIERTOS AL PÚBLICO", "lat": 3.426065, "lon": -76.53969833, "estrato": 4 }, "geometry": { "type": "Point", "coordinates": [ -76.53969833, 3.426065 ] } },
{ "type": "Feature", "properties": { "agrupado": "SUSTANCIAS PSICOACTIVAS", "fecha_hech": "2023-07-19T00:00:00", "hora_hecho": "12:04", "cod_comuna": 19, "nom_comuna": "C-19 EL LIDO", "cod_barrio": 1913, "nom_bar_01": "El Cedro", "dire_hecho": "CL 9 C BIS KR 29", "sitio_hech": "SITIOS PÚBLICOS O ABIERTOS AL PÚBLICO", "lat": 3.42752, "lon": -76.53697833, "estrato": 4 }, "geometry": { "type": "Point", "coordinates": [ -76.53697833, 3.42752 ] } },
{ "type": "Feature", "properties": { "agrupado": "SUSTANCIAS PSICOACTIVAS", "fecha_hech": "2023-07-20T00:00:00", "hora_hecho": "13:16", "cod_comuna": 19, "nom_comuna": "C-19 EL LIDO", "cod_barrio": 1905, "nom_bar_01": "Eucaristico", "dire_hecho": "CALLE 6 CON CARRERA 36", "sitio_hech": "SITIOS PÚBLICOS O ABIERTOS AL PÚBLICO", "lat": 3.426088333, "lon": -76.53954167000001, "estrato": 4 }, "geometry": { "type": "Point", "coordinates": [ -76.53954167, 3.426088333 ] } },
{ "type": "Feature", "properties": { "agrupado": "DESACATO, IRRESPETO A LA AUTORIDAD", "fecha_hech": "2023-07-20T00:00:00", "hora_hecho": "17:06", "cod_comuna": 19, "nom_comuna": "C-19 EL LIDO", "cod_barrio": 1912, "nom_bar_01": "3 de Julio", "dire_hecho": "CALLE 6 # 34-64", "sitio_hech": "SITIOS PÚBLICOS O ABIERTOS AL PÚBLICO", "lat": 3.43, "lon": -76.54, "estrato": 4 }, "geometry": { "type": "Point", "coordinates": [ -76.54, 3.43 ] } },
{ "type": "Feature", "properties": { "agrupado": "SUSTANCIAS PSICOACTIVAS", "fecha_hech": "2023-07-21T00:00:00", "hora_hecho": "17:49", "cod_comuna": 19, "nom_comuna": "C-19 EL LIDO", "cod_barrio": 1913, "nom_bar_01": "El Cedro", "dire_hecho": "AVENIDA ROOSEVELT CON CR 29", "sitio_hech": "SITIOS PÚBLICOS O ABIERTOS AL PÚBLICO", "lat": 3.430691667, "lon": -76.538875, "estrato": 4 }, "geometry": { "type": "Point", "coordinates": [ -76.538875, 3.430691667 ] } },
{ "type": "Feature", "properties": { "agrupado": "SUSTANCIAS PSICOACTIVAS", "fecha_hech": "2023-07-21T00:00:00", "hora_hecho": "18:52", "cod_comuna": 19, "nom_comuna": "C-19 EL LIDO", "cod_barrio": 1905, "nom_bar_01": "Eucaristico", "dire_hecho": "CARRERA 42 CON CALLE 7", "sitio_hech": "SITIOS PÚBLICOS O ABIERTOS AL PÚBLICO", "lat": 3.42576, "lon": -76.5392, "estrato": 4 }, "geometry": { "type": "Point", "coordinates": [ -76.5392, 3.42576 ] } },
{ "type": "Feature", "properties": { "agrupado": "ARMAS EXCEPTO DE FUEGO", "fecha_hech": "2023-07-21T00:00:00", "hora_hecho": "21:04", "cod_comuna": 19, "nom_comuna": "C-19 EL LIDO", "cod_barrio": 1906, "nom_bar_01": "San Fernando Nuevo", "dire_hecho": "CARRERA 34 CALLE 5", "sitio_hech": "SITIOS PÚBLICOS O ABIERTOS AL PÚBLICO", "lat": 3.429146667, "lon": -76.539665, "estrato": 4 }, "geometry": { "type": "Point", "coordinates": [ -76.539665, 3.429146667 ] } },
{ "type": "Feature", "properties": { "agrupado": "ARMAS EXCEPTO DE FUEGO", "fecha_hech": "2023-07-23T00:00:00", "hora_hecho": "9:39", "cod_comuna": 19, "nom_comuna": "C-19 EL LIDO", "cod_barrio": 1906, "nom_bar_01": "San Fernando Nuevo", "dire_hecho": "CALLE 6 CON CARRERA 34", "sitio_hech": "SITIOS PÚBLICOS O ABIERTOS AL PÚBLICO", "lat": 3.427816667, "lon": -76.53940333, "estrato": 4 }, "geometry": { "type": "Point", "coordinates": [ -76.53940333, 3.427816667 ] } },
{ "type": "Feature", "properties": { "agrupado": "SUSTANCIAS PSICOACTIVAS", "fecha_hech": "2023-07-23T00:00:00", "hora_hecho": "14:41", "cod_comuna": 19, "nom_comuna": "C-19 EL LIDO", "cod_barrio": 1913, "nom_bar_01": "El Cedro", "dire_hecho": "CL 6 KR 30", "sitio_hech": "SITIOS PÚBLICOS O ABIERTOS AL PÚBLICO", "lat": 3.430163333, "lon": -76.538815, "estrato": 4 }, "geometry": { "type": "Point", "coordinates": [ -76.538815, 3.430163333 ] } },
{ "type": "Feature", "properties": { "agrupado": "DESACATO, IRRESPETO A LA AUTORIDAD", "fecha_hech": "2023-07-23T00:00:00", "hora_hecho": "16:39", "cod_comuna": 19, "nom_comuna": "C-19 EL LIDO", "cod_barrio": 1912, "nom_bar_01": "3 de Julio", "dire_hecho": "CALLE 5 CARRERA 34", "sitio_hech": "SITIOS PÚBLICOS O ABIERTOS AL PÚBLICO", "lat": 3.43, "lon": -76.54, "estrato": 4 }, "geometry": { "type": "Point", "coordinates": [ -76.54, 3.43 ] } },
{ "type": "Feature", "properties": { "agrupado": "RIÑAS", "fecha_hech": "2023-07-25T00:00:00", "hora_hecho": "18:08", "cod_comuna": 19, "nom_comuna": "C-19 EL LIDO", "cod_barrio": 1912, "nom_bar_01": "3 de Julio", "dire_hecho": "CALLE 9 CON CARRERA 34 (CENTRO COMERCIAL CENTRO SUR)", "sitio_hech": "SITIOS PÚBLICOS O ABIERTOS AL PÚBLICO", "lat": 3.43, "lon": -76.54, "estrato": 4 }, "geometry": { "type": "Point", "coordinates": [ -76.54, 3.43 ] } },
{ "type": "Feature", "properties": { "agrupado": "RIÑAS", "fecha_hech": "2023-07-25T00:00:00", "hora_hecho": "18:19", "cod_comuna": 19, "nom_comuna": "C-19 EL LIDO", "cod_barrio": 1912, "nom_bar_01": "3 de Julio", "dire_hecho": "CALLE 9 CON CARRERA 34 (CENTRO COMERCIAL CENTRO SUR", "sitio_hech": "SITIOS PÚBLICOS O ABIERTOS AL PÚBLICO", "lat": 3.43, "lon": -76.54, "estrato": 4 }, "geometry": { "type": "Point", "coordinates": [ -76.54, 3.43 ] } },
{ "type": "Feature", "properties": { "agrupado": "RIÑAS", "fecha_hech": "2023-07-25T00:00:00", "hora_hecho": "18:48", "cod_comuna": 19, "nom_comuna": "C-19 EL LIDO", "cod_barrio": 1913, "nom_bar_01": "El Cedro", "dire_hecho": "CALLE 9 CON CARRERA 34 (CENTRO COMERCIAL CENTRO SUR)", "sitio_hech": "SITIOS PÚBLICOS O ABIERTOS AL PÚBLICO", "lat": 3.426975, "lon": -76.53744667, "estrato": 4 }, "geometry": { "type": "Point", "coordinates": [ -76.53744667, 3.426975 ] } },
{ "type": "Feature", "properties": { "agrupado": "ARMAS EXCEPTO DE FUEGO", "fecha_hech": "2023-07-27T00:00:00", "hora_hecho": "3:11", "cod_comuna": 19, "nom_comuna": "C-19 EL LIDO", "cod_barrio": 1912, "nom_bar_01": "3 de Julio", "dire_hecho": "CARRERA 34 CON CALLE 5", "sitio_hech": "SITIOS PÚBLICOS O ABIERTOS AL PÚBLICO", "lat": 3.436573333, "lon": -76.53950833, "estrato": 4 }, "geometry": { "type": "Point", "coordinates": [ -76.53950833, 3.436573333 ] } },
{ "type": "Feature", "properties": { "agrupado": "DESACATO, IRRESPETO A LA AUTORIDAD", "fecha_hech": "2023-07-27T00:00:00", "hora_hecho": "16:11", "cod_comuna": 19, "nom_comuna": "C-19 EL LIDO", "cod_barrio": 1912, "nom_bar_01": "3 de Julio", "dire_hecho": "CALLE 5 CARRERA 26A", "sitio_hech": "SITIOS PÚBLICOS O ABIERTOS AL PÚBLICO", "lat": 3.43, "lon": -76.54, "estrato": 4 }, "geometry": { "type": "Point", "coordinates": [ -76.54, 3.43 ] } },
{ "type": "Feature", "properties": { "agrupado": "ARMAS EXCEPTO DE FUEGO", "fecha_hech": "2023-07-29T00:00:00", "hora_hecho": "21:05", "cod_comuna": 19, "nom_comuna": "C-19 EL LIDO", "cod_barrio": 1912, "nom_bar_01": "3 de Julio", "dire_hecho": "CALLE 5B1 CON CARRERA 26", "sitio_hech": "SITIOS PÚBLICOS O ABIERTOS AL PÚBLICO", "lat": 3.434756667, "lon": -76.54037333, "estrato": 4 }, "geometry": { "type": "Point", "coordinates": [ -76.54037333, 3.434756667 ] } },
{ "type": "Feature", "properties": { "agrupado": "ARMAS EXCEPTO DE FUEGO", "fecha_hech": "2023-07-30T00:00:00", "hora_hecho": "15:45", "cod_comuna": 19, "nom_comuna": "C-19 EL LIDO", "cod_barrio": 1912, "nom_bar_01": "3 de Julio", "dire_hecho": "CALLE 5C CON CARRERA 30", "sitio_hech": "SITIOS PÚBLICOS O ABIERTOS AL PÚBLICO", "lat": 3.430381667, "lon": -76.53952833, "estrato": 4 }, "geometry": { "type": "Point", "coordinates": [ -76.53952833, 3.430381667 ] } },
{ "type": "Feature", "properties": { "agrupado": "ARMAS EXCEPTO DE FUEGO", "fecha_hech": "2023-07-30T00:00:00", "hora_hecho": "16:39", "cod_comuna": 19, "nom_comuna": "C-19 EL LIDO", "cod_barrio": 1906, "nom_bar_01": "San Fernando Nuevo", "dire_hecho": "CR 36 CL 5B3", "sitio_hech": "SITIOS PÚBLICOS O ABIERTOS AL PÚBLICO", "lat": 3.428175, "lon": -76.54057667, "estrato": 4 }, "geometry": { "type": "Point", "coordinates": [ -76.54057667, 3.428175 ] } },
{ "type": "Feature", "properties": { "agrupado": "ARMAS EXCEPTO DE FUEGO", "fecha_hech": "2023-07-30T00:00:00", "hora_hecho": "16:52", "cod_comuna": 19, "nom_comuna": "C-19 EL LIDO", "cod_barrio": 1906, "nom_bar_01": "San Fernando Nuevo", "dire_hecho": "CR 36 CL 5B3", "sitio_hech": "SITIOS PÚBLICOS O ABIERTOS AL PÚBLICO", "lat": 3.42818, "lon": -76.54061, "estrato": 4 }, "geometry": { "type": "Point", "coordinates": [ -76.54061, 3.42818 ] } },
{ "type": "Feature", "properties": { "agrupado": "SUSTANCIAS PSICOACTIVAS", "fecha_hech": "2023-07-30T00:00:00", "hora_hecho": "16:52", "cod_comuna": 19, "nom_comuna": "C-19 EL LIDO", "cod_barrio": 1906, "nom_bar_01": "San Fernando Nuevo", "dire_hecho": "CARRERA 34 CON CALLE 5B3", "sitio_hech": "SITIOS PÚBLICOS O ABIERTOS AL PÚBLICO", "lat": 3.428776667, "lon": -76.53947333000001, "estrato": 4 }, "geometry": { "type": "Point", "coordinates": [ -76.53947333, 3.428776667 ] } },
{ "type": "Feature", "properties": { "agrupado": "SUSTANCIAS PSICOACTIVAS", "fecha_hech": "2023-07-30T00:00:00", "hora_hecho": "16:58", "cod_comuna": 19, "nom_comuna": "C-19 EL LIDO", "cod_barrio": 1906, "nom_bar_01": "San Fernando Nuevo", "dire_hecho": "CR 36 CL 5B3", "sitio_hech": "SITIOS PÚBLICOS O ABIERTOS AL PÚBLICO", "lat": 3.428178333, "lon": -76.54061167, "estrato": 4 }, "geometry": { "type": "Point", "coordinates": [ -76.54061167, 3.428178333 ] } },
{ "type": "Feature", "properties": { "agrupado": "SUSTANCIAS PSICOACTIVAS", "fecha_hech": "2023-07-30T00:00:00", "hora_hecho": "17:02", "cod_comuna": 19, "nom_comuna": "C-19 EL LIDO", "cod_barrio": 1905, "nom_bar_01": "Eucaristico", "dire_hecho": "CALLE 6 CARRERA 36 PARQUE TEMPLETE", "sitio_hech": "SITIOS PÚBLICOS O ABIERTOS AL PÚBLICO", "lat": 3.42604, "lon": -76.53964667, "estrato": 4 }, "geometry": { "type": "Point", "coordinates": [ -76.53964667, 3.42604 ] } },
{ "type": "Feature", "properties": { "agrupado": "ARMAS EXCEPTO DE FUEGO", "fecha_hech": "2023-07-30T00:00:00", "hora_hecho": "17:13", "cod_comuna": 19, "nom_comuna": "C-19 EL LIDO", "cod_barrio": 1906, "nom_bar_01": "San Fernando Nuevo", "dire_hecho": "CR 36 CL 5B3", "sitio_hech": "SITIOS PÚBLICOS O ABIERTOS AL PÚBLICO", "lat": 3.428181667, "lon": -76.54062167, "estrato": 4 }, "geometry": { "type": "Point", "coordinates": [ -76.54062167, 3.428181667 ] } },
{ "type": "Feature", "properties": { "agrupado": "SUSTANCIAS PSICOACTIVAS", "fecha_hech": "2023-07-30T00:00:00", "hora_hecho": "17:32", "cod_comuna": 19, "nom_comuna": "C-19 EL LIDO", "cod_barrio": 1906, "nom_bar_01": "San Fernando Nuevo", "dire_hecho": "CR 36 CL 5B3", "sitio_hech": "SITIOS PÚBLICOS O ABIERTOS AL PÚBLICO", "lat": 3.428183333, "lon": -76.54064333, "estrato": 4 }, "geometry": { "type": "Point", "coordinates": [ -76.54064333, 3.428183333 ] } },
{ "type": "Feature", "properties": { "agrupado": "SUSTANCIAS PSICOACTIVAS", "fecha_hech": "2023-07-30T00:00:00", "hora_hecho": "17:44", "cod_comuna": 19, "nom_comuna": "C-19 EL LIDO", "cod_barrio": 1906, "nom_bar_01": "San Fernando Nuevo", "dire_hecho": "CR 36 CL 5B3", "sitio_hech": "SITIOS PÚBLICOS O ABIERTOS AL PÚBLICO", "lat": 3.428148333, "lon": -76.54062833, "estrato": 4 }, "geometry": { "type": "Point", "coordinates": [ -76.54062833, 3.428148333 ] } },
{ "type": "Feature", "properties": { "agrupado": "RIÑAS", "fecha_hech": "2023-07-30T00:00:00", "hora_hecho": "18:31", "cod_comuna": 19, "nom_comuna": "C-19 EL LIDO", "cod_barrio": 1912, "nom_bar_01": "3 de Julio", "dire_hecho": "CR 36 CL 5B3", "sitio_hech": "SITIOS PÚBLICOS O ABIERTOS AL PÚBLICO", "lat": 3.43, "lon": -76.54, "estrato": 4 }, "geometry": { "type": "Point", "coordinates": [ -76.54, 3.43 ] } },
{ "type": "Feature", "properties": { "agrupado": "ARMAS EXCEPTO DE FUEGO", "fecha_hech": "2023-07-30T00:00:00", "hora_hecho": "21:03", "cod_comuna": 19, "nom_comuna": "C-19 EL LIDO", "cod_barrio": 1912, "nom_bar_01": "3 de Julio", "dire_hecho": "CL 6 KR 30", "sitio_hech": "SITIOS PÚBLICOS O ABIERTOS AL PÚBLICO", "lat": 3.429501667, "lon": -76.53916833, "estrato": 4 }, "geometry": { "type": "Point", "coordinates": [ -76.53916833, 3.429501667 ] } },
{ "type": "Feature", "properties": { "agrupado": "ARMAS EXCEPTO DE FUEGO", "fecha_hech": "2023-07-31T00:00:00", "hora_hecho": "8:38", "cod_comuna": 19, "nom_comuna": "C-19 EL LIDO", "cod_barrio": 1912, "nom_bar_01": "3 de Julio", "dire_hecho": "KR 25 CL 6", "sitio_hech": "SITIOS PÚBLICOS O ABIERTOS AL PÚBLICO", "lat": 3.435176667, "lon": -76.539085, "estrato": 4 }, "geometry": { "type": "Point", "coordinates": [ -76.539085, 3.435176667 ] } },
{ "type": "Feature", "properties": { "agrupado": "ARMAS EXCEPTO DE FUEGO", "fecha_hech": "2023-07-31T00:00:00", "hora_hecho": "19:10", "cod_comuna": 19, "nom_comuna": "C-19 EL LIDO", "cod_barrio": 1913, "nom_bar_01": "El Cedro", "dire_hecho": "CALLE 6 #31-32", "sitio_hech": "SITIOS PÚBLICOS O ABIERTOS AL PÚBLICO", "lat": 3.428916667, "lon": -76.53888, "estrato": 4 }, "geometry": { "type": "Point", "coordinates": [ -76.53888, 3.428916667 ] } },
{ "type": "Feature", "properties": { "agrupado": "SUSTANCIAS PSICOACTIVAS", "fecha_hech": "2023-08-02T00:00:00", "hora_hecho": "16:03", "cod_comuna": 19, "nom_comuna": "C-19 EL LIDO", "cod_barrio": 1905, "nom_bar_01": "Eucaristico", "dire_hecho": "CARRERA 34 CALLE 6 PARQUE EL TEMPLETE", "sitio_hech": "SITIOS PÚBLICOS O ABIERTOS AL PÚBLICO", "lat": 3.426206667, "lon": -76.539395, "estrato": 4 }, "geometry": { "type": "Point", "coordinates": [ -76.539395, 3.426206667 ] } },
{ "type": "Feature", "properties": { "agrupado": "ARMAS EXCEPTO DE FUEGO", "fecha_hech": "2023-08-04T00:00:00", "hora_hecho": "5:10", "cod_comuna": 19, "nom_comuna": "C-19 EL LIDO", "cod_barrio": 1906, "nom_bar_01": "San Fernando Nuevo", "dire_hecho": "CL 6 KR 39", "sitio_hech": "SITIOS PÚBLICOS O ABIERTOS AL PÚBLICO", "lat": 3.427563333, "lon": -76.540325, "estrato": 4 }, "geometry": { "type": "Point", "coordinates": [ -76.540325, 3.427563333 ] } },
{ "type": "Feature", "properties": { "agrupado": "SUSTANCIAS PSICOACTIVAS", "fecha_hech": "2023-08-05T00:00:00", "hora_hecho": "17:22", "cod_comuna": 19, "nom_comuna": "C-19 EL LIDO", "cod_barrio": 1905, "nom_bar_01": "Eucaristico", "dire_hecho": "CARRERA 36 CALLE 7 EL TEMPLETE", "sitio_hech": "SITIOS PÚBLICOS O ABIERTOS AL PÚBLICO", "lat": 3.425773333, "lon": -76.53910167, "estrato": 4 }, "geometry": { "type": "Point", "coordinates": [ -76.53910167, 3.425773333 ] } },
{ "type": "Feature", "properties": { "agrupado": "DESACATO, IRRESPETO A LA AUTORIDAD", "fecha_hech": "2023-08-05T00:00:00", "hora_hecho": "20:05", "cod_comuna": 19, "nom_comuna": "C-19 EL LIDO", "cod_barrio": 1912, "nom_bar_01": "3 de Julio", "dire_hecho": "CARRERA 34 #4-95", "sitio_hech": "SITIOS PÚBLICOS O ABIERTOS AL PÚBLICO", "lat": 3.43, "lon": -76.54, "estrato": 4 }, "geometry": { "type": "Point", "coordinates": [ -76.54, 3.43 ] } },
{ "type": "Feature", "properties": { "agrupado": "ARMAS EXCEPTO DE FUEGO", "fecha_hech": "2023-08-06T00:00:00", "hora_hecho": "4:48", "cod_comuna": 19, "nom_comuna": "C-19 EL LIDO", "cod_barrio": 1912, "nom_bar_01": "3 de Julio", "dire_hecho": "CALLE 6 CARRERA 25", "sitio_hech": "SITIOS PÚBLICOS O ABIERTOS AL PÚBLICO", "lat": 3.436103333, "lon": -76.53877167, "estrato": 4 }, "geometry": { "type": "Point", "coordinates": [ -76.53877167, 3.436103333 ] } },
{ "type": "Feature", "properties": { "agrupado": "RIÑAS", "fecha_hech": "2023-08-13T00:00:00", "hora_hecho": "17:10", "cod_comuna": 19, "nom_comuna": "C-19 EL LIDO", "cod_barrio": 1912, "nom_bar_01": "3 de Julio", "dire_hecho": "CARRERA 36 CON CALLE 5B3", "sitio_hech": "SITIOS PÚBLICOS O ABIERTOS AL PÚBLICO", "lat": 3.429115, "lon": -76.53958167, "estrato": 4 }, "geometry": { "type": "Point", "coordinates": [ -76.53958167, 3.429115 ] } },
{ "type": "Feature", "properties": { "agrupado": "SUSTANCIAS PSICOACTIVAS", "fecha_hech": "2023-08-15T00:00:00", "hora_hecho": "20:49", "cod_comuna": 19, "nom_comuna": "C-19 EL LIDO", "cod_barrio": 1905, "nom_bar_01": "Eucaristico", "dire_hecho": "CALLE 7 # 36", "sitio_hech": "SITIOS PÚBLICOS O ABIERTOS AL PÚBLICO", "lat": 3.42573, "lon": -76.53903167, "estrato": 4 }, "geometry": { "type": "Point", "coordinates": [ -76.53903167, 3.42573 ] } },
{ "type": "Feature", "properties": { "agrupado": "DESACATO, IRRESPETO A LA AUTORIDAD", "fecha_hech": "2023-08-26T00:00:00", "hora_hecho": "20:57", "cod_comuna": 19, "nom_comuna": "C-19 EL LIDO", "cod_barrio": 1912, "nom_bar_01": "3 de Julio", "dire_hecho": "CALLE 7 CON CARRERA 24", "sitio_hech": "SITIOS PÚBLICOS O ABIERTOS AL PÚBLICO", "lat": 3.434708333, "lon": -76.53887167000001, "estrato": 4 }, "geometry": { "type": "Point", "coordinates": [ -76.53887167, 3.434708333 ] } },
{ "type": "Feature", "properties": { "agrupado": "ARMAS EXCEPTO DE FUEGO", "fecha_hech": "2023-08-27T00:00:00", "hora_hecho": "18:11", "cod_comuna": 19, "nom_comuna": "C-19 EL LIDO", "cod_barrio": 1912, "nom_bar_01": "3 de Julio", "dire_hecho": "CALLE 5B3 CARRERA 36", "sitio_hech": "SITIOS PÚBLICOS O ABIERTOS AL PÚBLICO", "lat": 3.43, "lon": -76.54, "estrato": 4 }, "geometry": { "type": "Point", "coordinates": [ -76.54, 3.43 ] } },
{ "type": "Feature", "properties": { "agrupado": "ARMAS EXCEPTO DE FUEGO", "fecha_hech": "2023-08-27T00:00:00", "hora_hecho": "18:40", "cod_comuna": 19, "nom_comuna": "C-19 EL LIDO", "cod_barrio": 1906, "nom_bar_01": "San Fernando Nuevo", "dire_hecho": "CALLE 5B3 CARRERA 36", "sitio_hech": "SITIOS PÚBLICOS O ABIERTOS AL PÚBLICO", "lat": 3.428108333, "lon": -76.54064833, "estrato": 4 }, "geometry": { "type": "Point", "coordinates": [ -76.54064833, 3.428108333 ] } },
{ "type": "Feature", "properties": { "agrupado": "DESACATO, IRRESPETO A LA AUTORIDAD", "fecha_hech": "2023-09-06T00:00:00", "hora_hecho": "11:22", "cod_comuna": 19, "nom_comuna": "C-19 EL LIDO", "cod_barrio": 1912, "nom_bar_01": "3 de Julio", "dire_hecho": "CRA 26# 5B - 59", "sitio_hech": "SITIOS PÚBLICOS O ABIERTOS AL PÚBLICO", "lat": 3.43491, "lon": -76.53991833000001, "estrato": 4 }, "geometry": { "type": "Point", "coordinates": [ -76.53991833, 3.43491 ] } },
{ "type": "Feature", "properties": { "agrupado": "ARMAS EXCEPTO DE FUEGO", "fecha_hech": "2023-09-06T00:00:00", "hora_hecho": "11:51", "cod_comuna": 19, "nom_comuna": "C-19 EL LIDO", "cod_barrio": 1913, "nom_bar_01": "El Cedro", "dire_hecho": "CALLE 9C CON CARRERA 29", "sitio_hech": "SITIOS PÚBLICOS O ABIERTOS AL PÚBLICO", "lat": 3.434265, "lon": -76.53866, "estrato": 4 }, "geometry": { "type": "Point", "coordinates": [ -76.53866, 3.434265 ] } },
{ "type": "Feature", "properties": { "agrupado": "DESACATO, IRRESPETO A LA AUTORIDAD", "fecha_hech": "2023-09-07T00:00:00", "hora_hecho": "19:20", "cod_comuna": 19, "nom_comuna": "C-19 EL LIDO", "cod_barrio": 1905, "nom_bar_01": "Eucaristico", "dire_hecho": "CALLE 5E CON CARRERA 37", "sitio_hech": "SITIOS PÚBLICOS O ABIERTOS AL PÚBLICO", "lat": 3.425325, "lon": -76.54087667, "estrato": 4 }, "geometry": { "type": "Point", "coordinates": [ -76.54087667, 3.425325 ] } },
{ "type": "Feature", "properties": { "agrupado": "ARMAS EXCEPTO DE FUEGO", "fecha_hech": "2023-09-08T00:00:00", "hora_hecho": "18:00", "cod_comuna": 19, "nom_comuna": "C-19 EL LIDO", "cod_barrio": 1913, "nom_bar_01": "El Cedro", "dire_hecho": "CALLE 9C CON CARRERA 29", "sitio_hech": "SITIOS PÚBLICOS O ABIERTOS AL PÚBLICO", "lat": 3.428953333, "lon": -76.53886333, "estrato": 4 }, "geometry": { "type": "Point", "coordinates": [ -76.53886333, 3.428953333 ] } },
{ "type": "Feature", "properties": { "agrupado": "SUSTANCIAS PSICOACTIVAS", "fecha_hech": "2023-09-09T00:00:00", "hora_hecho": "22:30", "cod_comuna": 19, "nom_comuna": "C-19 EL LIDO", "cod_barrio": 1913, "nom_bar_01": "El Cedro", "dire_hecho": "AVENIDA ROOSEVELT CON 28", "sitio_hech": "SITIOS PÚBLICOS O ABIERTOS AL PÚBLICO", "lat": 3.43557, "lon": -76.53869333, "estrato": 4 }, "geometry": { "type": "Point", "coordinates": [ -76.53869333, 3.43557 ] } },
{ "type": "Feature", "properties": { "agrupado": "ARMAS EXCEPTO DE FUEGO", "fecha_hech": "2023-09-10T00:00:00", "hora_hecho": "17:07", "cod_comuna": 19, "nom_comuna": "C-19 EL LIDO", "cod_barrio": 1913, "nom_bar_01": "El Cedro", "dire_hecho": "CL 6 KR 34", "sitio_hech": "SITIOS PÚBLICOS O ABIERTOS AL PÚBLICO", "lat": 3.428645, "lon": -76.53888833000001, "estrato": 4 }, "geometry": { "type": "Point", "coordinates": [ -76.53888833, 3.428645 ] } },
{ "type": "Feature", "properties": { "agrupado": "ARMAS EXCEPTO DE FUEGO", "fecha_hech": "2023-09-11T00:00:00", "hora_hecho": "0:46", "cod_comuna": 19, "nom_comuna": "C-19 EL LIDO", "cod_barrio": 1913, "nom_bar_01": "El Cedro", "dire_hecho": "CARRERA 30 CON CALLE 6", "sitio_hech": "SITIOS PÚBLICOS O ABIERTOS AL PÚBLICO", "lat": 3.430285, "lon": -76.53883833, "estrato": 4 }, "geometry": { "type": "Point", "coordinates": [ -76.53883833, 3.430285 ] } },
{ "type": "Feature", "properties": { "agrupado": "DESACATO, IRRESPETO A LA AUTORIDAD", "fecha_hech": "2023-09-11T00:00:00", "hora_hecho": "1:00", "cod_comuna": 19, "nom_comuna": "C-19 EL LIDO", "cod_barrio": 1913, "nom_bar_01": "El Cedro", "dire_hecho": "CARRERA 30 CON CALLE 6", "sitio_hech": "SITIOS PÚBLICOS O ABIERTOS AL PÚBLICO", "lat": 3.430406667, "lon": -76.538845, "estrato": 4 }, "geometry": { "type": "Point", "coordinates": [ -76.538845, 3.430406667 ] } },
{ "type": "Feature", "properties": { "agrupado": "ARMAS EXCEPTO DE FUEGO", "fecha_hech": "2023-09-12T00:00:00", "hora_hecho": "11:10", "cod_comuna": 19, "nom_comuna": "C-19 EL LIDO", "cod_barrio": 1913, "nom_bar_01": "El Cedro", "dire_hecho": "CALLE 6 CON CARRERA 31", "sitio_hech": "SITIOS PÚBLICOS O ABIERTOS AL PÚBLICO", "lat": 3.428811667, "lon": -76.53882, "estrato": 4 }, "geometry": { "type": "Point", "coordinates": [ -76.53882, 3.428811667 ] } },
{ "type": "Feature", "properties": { "agrupado": "DESACATO, IRRESPETO A LA AUTORIDAD", "fecha_hech": "2023-09-20T00:00:00", "hora_hecho": "16:06", "cod_comuna": 19, "nom_comuna": "C-19 EL LIDO", "cod_barrio": 1913, "nom_bar_01": "El Cedro", "dire_hecho": "CRA 26# 8", "sitio_hech": "SITIOS PÚBLICOS O ABIERTOS AL PÚBLICO", "lat": 3.43442, "lon": -76.53751833, "estrato": 4 }, "geometry": { "type": "Point", "coordinates": [ -76.53751833, 3.43442 ] } },
{ "type": "Feature", "properties": { "agrupado": "ARMAS EXCEPTO DE FUEGO", "fecha_hech": "2023-09-22T00:00:00", "hora_hecho": "2:14", "cod_comuna": 19, "nom_comuna": "C-19 EL LIDO", "cod_barrio": 1913, "nom_bar_01": "El Cedro", "dire_hecho": "CALLE 6 CON CARRERA 34", "sitio_hech": "SITIOS PÚBLICOS O ABIERTOS AL PÚBLICO", "lat": 3.428971667, "lon": -76.53889167, "estrato": 4 }, "geometry": { "type": "Point", "coordinates": [ -76.53889167, 3.428971667 ] } },
{ "type": "Feature", "properties": { "agrupado": "DESACATO, IRRESPETO A LA AUTORIDAD", "fecha_hech": "2023-09-23T00:00:00", "hora_hecho": "3:45", "cod_comuna": 19, "nom_comuna": "C-19 EL LIDO", "cod_barrio": 1913, "nom_bar_01": "El Cedro", "dire_hecho": "CALLE 7 CON CARRERA 30", "sitio_hech": "SITIOS PÚBLICOS O ABIERTOS AL PÚBLICO", "lat": 3.429898333, "lon": -76.538115, "estrato": 4 }, "geometry": { "type": "Point", "coordinates": [ -76.538115, 3.429898333 ] } },
{ "type": "Feature", "properties": { "agrupado": "RIÑAS", "fecha_hech": "2023-09-23T00:00:00", "hora_hecho": "10:02", "cod_comuna": 19, "nom_comuna": "C-19 EL LIDO", "cod_barrio": 1913, "nom_bar_01": "El Cedro", "dire_hecho": "CL 6 KR 31", "sitio_hech": "SITIOS PÚBLICOS O ABIERTOS AL PÚBLICO", "lat": 3.428616667, "lon": -76.53867333, "estrato": 4 }, "geometry": { "type": "Point", "coordinates": [ -76.53867333, 3.428616667 ] } },
{ "type": "Feature", "properties": { "agrupado": "ARMAS EXCEPTO DE FUEGO", "fecha_hech": "2023-09-23T00:00:00", "hora_hecho": "17:06", "cod_comuna": 19, "nom_comuna": "C-19 EL LIDO", "cod_barrio": 1912, "nom_bar_01": "3 de Julio", "dire_hecho": "CALLE 5 CON CARRERA 36", "sitio_hech": "SITIOS PÚBLICOS O ABIERTOS AL PÚBLICO", "lat": 3.434655, "lon": -76.54042, "estrato": 4 }, "geometry": { "type": "Point", "coordinates": [ -76.54042, 3.434655 ] } },
{ "type": "Feature", "properties": { "agrupado": "DESACATO, IRRESPETO A LA AUTORIDAD", "fecha_hech": "2023-09-23T00:00:00", "hora_hecho": "20:37", "cod_comuna": 19, "nom_comuna": "C-19 EL LIDO", "cod_barrio": 1912, "nom_bar_01": "3 de Julio", "dire_hecho": "CALLE 5B CARRERA 34", "sitio_hech": "SITIOS PÚBLICOS O ABIERTOS AL PÚBLICO", "lat": 3.43, "lon": -76.54, "estrato": 4 }, "geometry": { "type": "Point", "coordinates": [ -76.54, 3.43 ] } },
{ "type": "Feature", "properties": { "agrupado": "ARMAS EXCEPTO DE FUEGO", "fecha_hech": "2023-09-24T00:00:00", "hora_hecho": "16:39", "cod_comuna": 19, "nom_comuna": "C-19 EL LIDO", "cod_barrio": 1905, "nom_bar_01": "Eucaristico", "dire_hecho": "CARRERA 36 CALLE 7", "sitio_hech": "SITIOS PÚBLICOS O ABIERTOS AL PÚBLICO", "lat": 3.425961667, "lon": -76.53911, "estrato": 4 }, "geometry": { "type": "Point", "coordinates": [ -76.53911, 3.425961667 ] } },
{ "type": "Feature", "properties": { "agrupado": "DESACATO, IRRESPETO A LA AUTORIDAD", "fecha_hech": "2023-09-28T00:00:00", "hora_hecho": "20:05", "cod_comuna": 19, "nom_comuna": "C-19 EL LIDO", "cod_barrio": 1912, "nom_bar_01": "3 de Julio", "dire_hecho": "KR 30 CL 6", "sitio_hech": "SITIOS PÚBLICOS O ABIERTOS AL PÚBLICO", "lat": 3.430386667, "lon": -76.53938333000001, "estrato": 4 }, "geometry": { "type": "Point", "coordinates": [ -76.53938333, 3.430386667 ] } },
{ "type": "Feature", "properties": { "agrupado": "ARMAS EXCEPTO DE FUEGO", "fecha_hech": "2023-10-01T00:00:00", "hora_hecho": "12:35", "cod_comuna": 19, "nom_comuna": "C-19 EL LIDO", "cod_barrio": 1912, "nom_bar_01": "3 de Julio", "dire_hecho": "CALLE 6 CON CARRERA 29", "sitio_hech": "SITIOS PÚBLICOS O ABIERTOS AL PÚBLICO", "lat": 3.431116667, "lon": -76.538975, "estrato": 4 }, "geometry": { "type": "Point", "coordinates": [ -76.538975, 3.431116667 ] } },
{ "type": "Feature", "properties": { "agrupado": "ARMAS EXCEPTO DE FUEGO", "fecha_hech": "2023-10-02T00:00:00", "hora_hecho": "11:50", "cod_comuna": 19, "nom_comuna": "C-19 EL LIDO", "cod_barrio": 1913, "nom_bar_01": "El Cedro", "dire_hecho": "CL 12 A DG 23", "sitio_hech": "SITIOS PÚBLICOS O ABIERTOS AL PÚBLICO", "lat": 3.43676, "lon": -76.53754167, "estrato": 4 }, "geometry": { "type": "Point", "coordinates": [ -76.53754167, 3.43676 ] } },
{ "type": "Feature", "properties": { "agrupado": "DESACATO, IRRESPETO A LA AUTORIDAD", "fecha_hech": "2023-10-06T00:00:00", "hora_hecho": "20:06", "cod_comuna": 19, "nom_comuna": "C-19 EL LIDO", "cod_barrio": 1906, "nom_bar_01": "San Fernando Nuevo", "dire_hecho": "CL 5 B3 KR 37", "sitio_hech": "SITIOS PÚBLICOS O ABIERTOS AL PÚBLICO", "lat": 3.427268333, "lon": -76.54232, "estrato": 4 }, "geometry": { "type": "Point", "coordinates": [ -76.54232, 3.427268333 ] } },
{ "type": "Feature", "properties": { "agrupado": "ARMAS EXCEPTO DE FUEGO", "fecha_hech": "2023-10-08T00:00:00", "hora_hecho": "23:27", "cod_comuna": 19, "nom_comuna": "C-19 EL LIDO", "cod_barrio": 1913, "nom_bar_01": "El Cedro", "dire_hecho": "CL 7 KR 31", "sitio_hech": "SITIOS PÚBLICOS O ABIERTOS AL PÚBLICO", "lat": 3.429133333, "lon": -76.53836, "estrato": 4 }, "geometry": { "type": "Point", "coordinates": [ -76.53836, 3.429133333 ] } },
{ "type": "Feature", "properties": { "agrupado": "ARMAS EXCEPTO DE FUEGO", "fecha_hech": "2023-10-12T00:00:00", "hora_hecho": "13:15", "cod_comuna": 19, "nom_comuna": "C-19 EL LIDO", "cod_barrio": 1913, "nom_bar_01": "El Cedro", "dire_hecho": "CALLE 6 CON CARRERA 34", "sitio_hech": "SITIOS PÚBLICOS O ABIERTOS AL PÚBLICO", "lat": 3.429003333, "lon": -76.53867167, "estrato": 4 }, "geometry": { "type": "Point", "coordinates": [ -76.53867167, 3.429003333 ] } },
{ "type": "Feature", "properties": { "agrupado": "ARMAS EXCEPTO DE FUEGO", "fecha_hech": "2023-10-13T00:00:00", "hora_hecho": "5:37", "cod_comuna": 19, "nom_comuna": "C-19 EL LIDO", "cod_barrio": 1913, "nom_bar_01": "El Cedro", "dire_hecho": "CALLE 6 CON CARRERA 34", "sitio_hech": "SITIOS PÚBLICOS O ABIERTOS AL PÚBLICO", "lat": 3.428911667, "lon": -76.53879333, "estrato": 4 }, "geometry": { "type": "Point", "coordinates": [ -76.53879333, 3.428911667 ] } },
{ "type": "Feature", "properties": { "agrupado": "ARMAS EXCEPTO DE FUEGO", "fecha_hech": "2023-10-16T00:00:00", "hora_hecho": "16:10", "cod_comuna": 19, "nom_comuna": "C-19 EL LIDO", "cod_barrio": 1905, "nom_bar_01": "Eucaristico", "dire_hecho": "CALLE 6 CARRERA 36", "sitio_hech": "SITIOS PÚBLICOS O ABIERTOS AL PÚBLICO", "lat": 3.426058333, "lon": -76.53970167, "estrato": 4 }, "geometry": { "type": "Point", "coordinates": [ -76.53970167, 3.426058333 ] } },
{ "type": "Feature", "properties": { "agrupado": "ARMAS EXCEPTO DE FUEGO", "fecha_hech": "2023-10-22T00:00:00", "hora_hecho": "19:38", "cod_comuna": 19, "nom_comuna": "C-19 EL LIDO", "cod_barrio": 1905, "nom_bar_01": "Eucaristico", "dire_hecho": "CALLE7 CON 36", "sitio_hech": "SITIOS PÚBLICOS O ABIERTOS AL PÚBLICO", "lat": 3.425443333, "lon": -76.539075, "estrato": 4 }, "geometry": { "type": "Point", "coordinates": [ -76.539075, 3.425443333 ] } },
{ "type": "Feature", "properties": { "agrupado": "SUSTANCIAS PSICOACTIVAS", "fecha_hech": "2023-10-23T00:00:00", "hora_hecho": "9:02", "cod_comuna": 19, "nom_comuna": "C-19 EL LIDO", "cod_barrio": 1905, "nom_bar_01": "Eucaristico", "dire_hecho": "CALLE6 CON 36", "sitio_hech": "SITIOS PÚBLICOS O ABIERTOS AL PÚBLICO", "lat": 3.426206667, "lon": -76.53958833, "estrato": 4 }, "geometry": { "type": "Point", "coordinates": [ -76.53958833, 3.426206667 ] } },
{ "type": "Feature", "properties": { "agrupado": "SUSTANCIAS PSICOACTIVAS", "fecha_hech": "2023-10-23T00:00:00", "hora_hecho": "19:55", "cod_comuna": 19, "nom_comuna": "C-19 EL LIDO", "cod_barrio": 1906, "nom_bar_01": "San Fernando Nuevo", "dire_hecho": "KR 34 CL 6", "sitio_hech": "SITIOS PÚBLICOS O ABIERTOS AL PÚBLICO", "lat": 3.428653333, "lon": -76.53944167, "estrato": 4 }, "geometry": { "type": "Point", "coordinates": [ -76.53944167, 3.428653333 ] } },
{ "type": "Feature", "properties": { "agrupado": "SUSTANCIAS PSICOACTIVAS", "fecha_hech": "2023-10-23T00:00:00", "hora_hecho": "20:05", "cod_comuna": 19, "nom_comuna": "C-19 EL LIDO", "cod_barrio": 1906, "nom_bar_01": "San Fernando Nuevo", "dire_hecho": "KR 34 CL 6", "sitio_hech": "SITIOS PÚBLICOS O ABIERTOS AL PÚBLICO", "lat": 3.428653333, "lon": -76.53944167, "estrato": 4 }, "geometry": { "type": "Point", "coordinates": [ -76.53944167, 3.428653333 ] } },
{ "type": "Feature", "properties": { "agrupado": "SUSTANCIAS PSICOACTIVAS", "fecha_hech": "2023-10-23T00:00:00", "hora_hecho": "23:48", "cod_comuna": 19, "nom_comuna": "C-19 EL LIDO", "cod_barrio": 1905, "nom_bar_01": "Eucaristico", "dire_hecho": "CALLE7 CON 36", "sitio_hech": "SITIOS PÚBLICOS O ABIERTOS AL PÚBLICO", "lat": 3.426155, "lon": -76.53917167, "estrato": 4 }, "geometry": { "type": "Point", "coordinates": [ -76.53917167, 3.426155 ] } },
{ "type": "Feature", "properties": { "agrupado": "SUSTANCIAS PSICOACTIVAS", "fecha_hech": "2023-10-25T00:00:00", "hora_hecho": "16:32", "cod_comuna": 19, "nom_comuna": "C-19 EL LIDO", "cod_barrio": 1905, "nom_bar_01": "Eucaristico", "dire_hecho": "CALLE 6 CARRERA 36A", "sitio_hech": "SITIOS PÚBLICOS O ABIERTOS AL PÚBLICO", "lat": 3.425976667, "lon": -76.53966833, "estrato": 4 }, "geometry": { "type": "Point", "coordinates": [ -76.53966833, 3.425976667 ] } },
{ "type": "Feature", "properties": { "agrupado": "SUSTANCIAS PSICOACTIVAS", "fecha_hech": "2023-10-26T00:00:00", "hora_hecho": "7:57", "cod_comuna": 19, "nom_comuna": "C-19 EL LIDO", "cod_barrio": 1905, "nom_bar_01": "Eucaristico", "dire_hecho": "CALLE7 CON 36", "sitio_hech": "SITIOS PÚBLICOS O ABIERTOS AL PÚBLICO", "lat": 3.425871667, "lon": -76.53909, "estrato": 4 }, "geometry": { "type": "Point", "coordinates": [ -76.53909, 3.425871667 ] } },
{ "type": "Feature", "properties": { "agrupado": "ARMAS EXCEPTO DE FUEGO", "fecha_hech": "2023-10-26T00:00:00", "hora_hecho": "17:25", "cod_comuna": 19, "nom_comuna": "C-19 EL LIDO", "cod_barrio": 1905, "nom_bar_01": "Eucaristico", "dire_hecho": "CL 7 34", "sitio_hech": "SITIOS PÚBLICOS O ABIERTOS AL PÚBLICO", "lat": 3.42722, "lon": -76.538775, "estrato": 4 }, "geometry": { "type": "Point", "coordinates": [ -76.538775, 3.42722 ] } },
{ "type": "Feature", "properties": { "agrupado": "SUSTANCIAS PSICOACTIVAS", "fecha_hech": "2023-10-28T00:00:00", "hora_hecho": "14:41", "cod_comuna": 19, "nom_comuna": "C-19 EL LIDO", "cod_barrio": 1905, "nom_bar_01": "Eucaristico", "dire_hecho": "CALLE6 CON 36", "sitio_hech": "SITIOS PÚBLICOS O ABIERTOS AL PÚBLICO", "lat": 3.426433333, "lon": -76.53965333, "estrato": 4 }, "geometry": { "type": "Point", "coordinates": [ -76.53965333, 3.426433333 ] } },
{ "type": "Feature", "properties": { "agrupado": "SUSTANCIAS PSICOACTIVAS", "fecha_hech": "2023-10-28T00:00:00", "hora_hecho": "20:17", "cod_comuna": 19, "nom_comuna": "C-19 EL LIDO", "cod_barrio": 1905, "nom_bar_01": "Eucaristico", "dire_hecho": "CALLE7 CON 36", "sitio_hech": "SITIOS PÚBLICOS O ABIERTOS AL PÚBLICO", "lat": 3.42573, "lon": -76.53938333000001, "estrato": 4 }, "geometry": { "type": "Point", "coordinates": [ -76.53938333, 3.42573 ] } },
{ "type": "Feature", "properties": { "agrupado": "ARMAS EXCEPTO DE FUEGO", "fecha_hech": "2023-10-29T00:00:00", "hora_hecho": "1:31", "cod_comuna": 19, "nom_comuna": "C-19 EL LIDO", "cod_barrio": 1913, "nom_bar_01": "El Cedro", "dire_hecho": "CALLE 7 CON CARRERA 29", "sitio_hech": "SITIOS PÚBLICOS O ABIERTOS AL PÚBLICO", "lat": 3.431021667, "lon": -76.53771833, "estrato": 4 }, "geometry": { "type": "Point", "coordinates": [ -76.53771833, 3.431021667 ] } },
{ "type": "Feature", "properties": { "agrupado": "ARMAS EXCEPTO DE FUEGO", "fecha_hech": "2023-10-30T00:00:00", "hora_hecho": "17:47", "cod_comuna": 19, "nom_comuna": "C-19 EL LIDO", "cod_barrio": 1906, "nom_bar_01": "San Fernando Nuevo", "dire_hecho": "CALLE 6 CON CARRERA 36", "sitio_hech": "SITIOS PÚBLICOS O ABIERTOS AL PÚBLICO", "lat": 3.427031667, "lon": -76.53969833, "estrato": 4 }, "geometry": { "type": "Point", "coordinates": [ -76.53969833, 3.427031667 ] } },
{ "type": "Feature", "properties": { "agrupado": "DESACATO, IRRESPETO A LA AUTORIDAD", "fecha_hech": "2023-10-30T00:00:00", "hora_hecho": "19:19", "cod_comuna": 19, "nom_comuna": "C-19 EL LIDO", "cod_barrio": 1906, "nom_bar_01": "San Fernando Nuevo", "dire_hecho": "CARRERA 34 CON CALLE 5B3", "sitio_hech": "SITIOS PÚBLICOS O ABIERTOS AL PÚBLICO", "lat": 3.428896667, "lon": -76.53991667, "estrato": 4 }, "geometry": { "type": "Point", "coordinates": [ -76.53991667, 3.428896667 ] } },
{ "type": "Feature", "properties": { "agrupado": "SUSTANCIAS PSICOACTIVAS", "fecha_hech": "2023-10-30T00:00:00", "hora_hecho": "19:50", "cod_comuna": 19, "nom_comuna": "C-19 EL LIDO", "cod_barrio": 1912, "nom_bar_01": "3 de Julio", "dire_hecho": "CALLE 5B3 CON CARRERA 36", "sitio_hech": "SITIOS PÚBLICOS O ABIERTOS AL PÚBLICO", "lat": 3.429196667, "lon": -76.53948167, "estrato": 4 }, "geometry": { "type": "Point", "coordinates": [ -76.53948167, 3.429196667 ] } },
{ "type": "Feature", "properties": { "agrupado": "SUSTANCIAS PSICOACTIVAS", "fecha_hech": "2023-10-31T00:00:00", "hora_hecho": "16:04", "cod_comuna": 19, "nom_comuna": "C-19 EL LIDO", "cod_barrio": 1905, "nom_bar_01": "Eucaristico", "dire_hecho": "CALLE7 CON 36", "sitio_hech": "SITIOS PÚBLICOS O ABIERTOS AL PÚBLICO", "lat": 3.42599, "lon": -76.53897333, "estrato": 4 }, "geometry": { "type": "Point", "coordinates": [ -76.53897333, 3.42599 ] } },
{ "type": "Feature", "properties": { "agrupado": "ARMAS EXCEPTO DE FUEGO", "fecha_hech": "2023-11-03T00:00:00", "hora_hecho": "16:33", "cod_comuna": 19, "nom_comuna": "C-19 EL LIDO", "cod_barrio": 1913, "nom_bar_01": "El Cedro", "dire_hecho": "CL 8 KR 24", "sitio_hech": "SITIOS PÚBLICOS O ABIERTOS AL PÚBLICO", "lat": 3.428975, "lon": -76.53882, "estrato": 4 }, "geometry": { "type": "Point", "coordinates": [ -76.53882, 3.428975 ] } },
{ "type": "Feature", "properties": { "agrupado": "ARMAS EXCEPTO DE FUEGO", "fecha_hech": "2023-11-04T00:00:00", "hora_hecho": "17:03", "cod_comuna": 19, "nom_comuna": "C-19 EL LIDO", "cod_barrio": 1905, "nom_bar_01": "Eucaristico", "dire_hecho": "CALLE 7 CON 38", "sitio_hech": "SITIOS PÚBLICOS O ABIERTOS AL PÚBLICO", "lat": 3.425266667, "lon": -76.539505, "estrato": 4 }, "geometry": { "type": "Point", "coordinates": [ -76.539505, 3.425266667 ] } },
{ "type": "Feature", "properties": { "agrupado": "DESACATO, IRRESPETO A LA AUTORIDAD", "fecha_hech": "2023-11-05T00:00:00", "hora_hecho": "10:53", "cod_comuna": 19, "nom_comuna": "C-19 EL LIDO", "cod_barrio": 1905, "nom_bar_01": "Eucaristico", "dire_hecho": "CALLE 7 CARRERA 35", "sitio_hech": "SITIOS PÚBLICOS O ABIERTOS AL PÚBLICO", "lat": 3.427153333, "lon": -76.53860333, "estrato": 4 }, "geometry": { "type": "Point", "coordinates": [ -76.53860333, 3.427153333 ] } },
{ "type": "Feature", "properties": { "agrupado": "ARMAS EXCEPTO DE FUEGO", "fecha_hech": "2023-11-07T00:00:00", "hora_hecho": "23:43", "cod_comuna": 19, "nom_comuna": "C-19 EL LIDO", "cod_barrio": 1912, "nom_bar_01": "3 de Julio", "dire_hecho": "CL 6 KR 25", "sitio_hech": "SITIOS PÚBLICOS O ABIERTOS AL PÚBLICO", "lat": 3.435723333, "lon": -76.53873333, "estrato": 4 }, "geometry": { "type": "Point", "coordinates": [ -76.53873333, 3.435723333 ] } },
{ "type": "Feature", "properties": { "agrupado": "ARMAS EXCEPTO DE FUEGO", "fecha_hech": "2023-11-08T00:00:00", "hora_hecho": "15:27", "cod_comuna": 19, "nom_comuna": "C-19 EL LIDO", "cod_barrio": 1912, "nom_bar_01": "3 de Julio", "dire_hecho": "CARRERA 26 CALLE 5C", "sitio_hech": "SITIOS PÚBLICOS O ABIERTOS AL PÚBLICO", "lat": 3.434405, "lon": -76.53929167, "estrato": 4 }, "geometry": { "type": "Point", "coordinates": [ -76.53929167, 3.434405 ] } },
{ "type": "Feature", "properties": { "agrupado": "ARMAS EXCEPTO DE FUEGO", "fecha_hech": "2023-11-08T00:00:00", "hora_hecho": "19:02", "cod_comuna": 19, "nom_comuna": "C-19 EL LIDO", "cod_barrio": 1906, "nom_bar_01": "San Fernando Nuevo", "dire_hecho": "CRA 36 CON 5B3", "sitio_hech": "SITIOS PÚBLICOS O ABIERTOS AL PÚBLICO", "lat": 3.428166667, "lon": -76.54066, "estrato": 4 }, "geometry": { "type": "Point", "coordinates": [ -76.54066, 3.428166667 ] } },
{ "type": "Feature", "properties": { "agrupado": "ARMAS EXCEPTO DE FUEGO", "fecha_hech": "2023-11-08T00:00:00", "hora_hecho": "19:17", "cod_comuna": 19, "nom_comuna": "C-19 EL LIDO", "cod_barrio": 1906, "nom_bar_01": "San Fernando Nuevo", "dire_hecho": "CRA 36 CON 5B3", "sitio_hech": "SITIOS PÚBLICOS O ABIERTOS AL PÚBLICO", "lat": 3.428196667, "lon": -76.54067167, "estrato": 4 }, "geometry": { "type": "Point", "coordinates": [ -76.54067167, 3.428196667 ] } },
{ "type": "Feature", "properties": { "agrupado": "RIÑAS", "fecha_hech": "2023-11-08T00:00:00", "hora_hecho": "20:58", "cod_comuna": 19, "nom_comuna": "C-19 EL LIDO", "cod_barrio": 1912, "nom_bar_01": "3 de Julio", "dire_hecho": "CALLE 5B1CON CARRERA 30", "sitio_hech": "SITIOS PÚBLICOS O ABIERTOS AL PÚBLICO", "lat": 3.43, "lon": -76.54, "estrato": 4 }, "geometry": { "type": "Point", "coordinates": [ -76.54, 3.43 ] } },
{ "type": "Feature", "properties": { "agrupado": "RIÑAS", "fecha_hech": "2023-11-08T00:00:00", "hora_hecho": "21:16", "cod_comuna": 19, "nom_comuna": "C-19 EL LIDO", "cod_barrio": 1912, "nom_bar_01": "3 de Julio", "dire_hecho": "CALLE 5B1CON CARRERA 30", "sitio_hech": "SITIOS PÚBLICOS O ABIERTOS AL PÚBLICO", "lat": 3.43, "lon": -76.54, "estrato": 4 }, "geometry": { "type": "Point", "coordinates": [ -76.54, 3.43 ] } },
{ "type": "Feature", "properties": { "agrupado": "ARMAS EXCEPTO DE FUEGO", "fecha_hech": "2023-11-09T00:00:00", "hora_hecho": "0:33", "cod_comuna": 19, "nom_comuna": "C-19 EL LIDO", "cod_barrio": 1912, "nom_bar_01": "3 de Julio", "dire_hecho": "CALLE 5 CON 34", "sitio_hech": "SITIOS PÚBLICOS O ABIERTOS AL PÚBLICO", "lat": 3.433476667, "lon": -76.53892167, "estrato": 4 }, "geometry": { "type": "Point", "coordinates": [ -76.53892167, 3.433476667 ] } },
{ "type": "Feature", "properties": { "agrupado": "RIÑAS", "fecha_hech": "2023-11-09T00:00:00", "hora_hecho": "19:55", "cod_comuna": 19, "nom_comuna": "C-19 EL LIDO", "cod_barrio": 1914, "nom_bar_01": "Champagnat", "dire_hecho": "CL 9 KR 36", "sitio_hech": "SITIOS PÚBLICOS O ABIERTOS AL PÚBLICO", "lat": 3.425388333, "lon": -76.53774333, "estrato": 4 }, "geometry": { "type": "Point", "coordinates": [ -76.53774333, 3.425388333 ] } },
{ "type": "Feature", "properties": { "agrupado": "DESACATO, IRRESPETO A LA AUTORIDAD", "fecha_hech": "2023-11-10T00:00:00", "hora_hecho": "17:30", "cod_comuna": 19, "nom_comuna": "C-19 EL LIDO", "cod_barrio": 1913, "nom_bar_01": "El Cedro", "dire_hecho": "CALLE 9 CON CARRERA 34", "sitio_hech": "SITIOS PÚBLICOS O ABIERTOS AL PÚBLICO", "lat": 3.426256667, "lon": -76.53753667, "estrato": 4 }, "geometry": { "type": "Point", "coordinates": [ -76.53753667, 3.426256667 ] } },
{ "type": "Feature", "properties": { "agrupado": "ARMAS EXCEPTO DE FUEGO", "fecha_hech": "2023-11-11T00:00:00", "hora_hecho": "10:52", "cod_comuna": 19, "nom_comuna": "C-19 EL LIDO", "cod_barrio": 1905, "nom_bar_01": "Eucaristico", "dire_hecho": "CALLE 7 CARRERA 35", "sitio_hech": "SITIOS PÚBLICOS O ABIERTOS AL PÚBLICO", "lat": 3.427075, "lon": -76.53890333, "estrato": 4 }, "geometry": { "type": "Point", "coordinates": [ -76.53890333, 3.427075 ] } },
{ "type": "Feature", "properties": { "agrupado": "DESACATO, IRRESPETO A LA AUTORIDAD", "fecha_hech": "2023-11-11T00:00:00", "hora_hecho": "11:06", "cod_comuna": 19, "nom_comuna": "C-19 EL LIDO", "cod_barrio": 1912, "nom_bar_01": "3 de Julio", "dire_hecho": "CALLE 7 CARRERA 35", "sitio_hech": "SITIOS PÚBLICOS O ABIERTOS AL PÚBLICO", "lat": 3.43, "lon": -76.54, "estrato": 4 }, "geometry": { "type": "Point", "coordinates": [ -76.54, 3.43 ] } },
{ "type": "Feature", "properties": { "agrupado": "ARMAS EXCEPTO DE FUEGO", "fecha_hech": "2023-11-12T00:00:00", "hora_hecho": "19:50", "cod_comuna": 19, "nom_comuna": "C-19 EL LIDO", "cod_barrio": 1906, "nom_bar_01": "San Fernando Nuevo", "dire_hecho": "CL 34 KR 5 B 03", "sitio_hech": "SITIOS PÚBLICOS O ABIERTOS AL PÚBLICO", "lat": 3.428825, "lon": -76.54013167, "estrato": 4 }, "geometry": { "type": "Point", "coordinates": [ -76.54013167, 3.428825 ] } },
{ "type": "Feature", "properties": { "agrupado": "SUSTANCIAS PSICOACTIVAS", "fecha_hech": "2023-11-12T00:00:00", "hora_hecho": "20:37", "cod_comuna": 19, "nom_comuna": "C-19 EL LIDO", "cod_barrio": 1906, "nom_bar_01": "San Fernando Nuevo", "dire_hecho": "CL 34 KR 5 B 03", "sitio_hech": "SITIOS PÚBLICOS O ABIERTOS AL PÚBLICO", "lat": 3.428796667, "lon": -76.54010167, "estrato": 4 }, "geometry": { "type": "Point", "coordinates": [ -76.54010167, 3.428796667 ] } },
{ "type": "Feature", "properties": { "agrupado": "SUSTANCIAS PSICOACTIVAS", "fecha_hech": "2023-11-12T00:00:00", "hora_hecho": "20:52", "cod_comuna": 19, "nom_comuna": "C-19 EL LIDO", "cod_barrio": 1912, "nom_bar_01": "3 de Julio", "dire_hecho": "CL 34 KR 5 B 03", "sitio_hech": "SITIOS PÚBLICOS O ABIERTOS AL PÚBLICO", "lat": 3.43, "lon": -76.54, "estrato": 4 }, "geometry": { "type": "Point", "coordinates": [ -76.54, 3.43 ] } },
{ "type": "Feature", "properties": { "agrupado": "ARMAS EXCEPTO DE FUEGO", "fecha_hech": "2023-11-14T00:00:00", "hora_hecho": "5:40", "cod_comuna": 19, "nom_comuna": "C-19 EL LIDO", "cod_barrio": 1912, "nom_bar_01": "3 de Julio", "dire_hecho": "CL 5 KR 25", "sitio_hech": "SITIOS PÚBLICOS O ABIERTOS AL PÚBLICO", "lat": 3.43557, "lon": -76.53996667, "estrato": 4 }, "geometry": { "type": "Point", "coordinates": [ -76.53996667, 3.43557 ] } },
{ "type": "Feature", "properties": { "agrupado": "SUSTANCIAS PSICOACTIVAS", "fecha_hech": "2023-11-15T00:00:00", "hora_hecho": "18:07", "cod_comuna": 19, "nom_comuna": "C-19 EL LIDO", "cod_barrio": 1905, "nom_bar_01": "Eucaristico", "dire_hecho": "CALLE7 CON 36", "sitio_hech": "SITIOS PÚBLICOS O ABIERTOS AL PÚBLICO", "lat": 3.425595, "lon": -76.53928667, "estrato": 4 }, "geometry": { "type": "Point", "coordinates": [ -76.53928667, 3.425595 ] } },
{ "type": "Feature", "properties": { "agrupado": "SUSTANCIAS PSICOACTIVAS", "fecha_hech": "2023-11-16T00:00:00", "hora_hecho": "11:37", "cod_comuna": 19, "nom_comuna": "C-19 EL LIDO", "cod_barrio": 1905, "nom_bar_01": "Eucaristico", "dire_hecho": "CALLE7 CON 36", "sitio_hech": "SITIOS PÚBLICOS O ABIERTOS AL PÚBLICO", "lat": 3.425948333, "lon": -76.53915333, "estrato": 4 }, "geometry": { "type": "Point", "coordinates": [ -76.53915333, 3.425948333 ] } },
{ "type": "Feature", "properties": { "agrupado": "ARMAS EXCEPTO DE FUEGO", "fecha_hech": "2023-11-16T00:00:00", "hora_hecho": "11:40", "cod_comuna": 19, "nom_comuna": "C-19 EL LIDO", "cod_barrio": 1913, "nom_bar_01": "El Cedro", "dire_hecho": "CL 6 KR 26 91", "sitio_hech": "SITIOS PÚBLICOS O ABIERTOS AL PÚBLICO", "lat": 3.433393333, "lon": -76.53873, "estrato": 4 }, "geometry": { "type": "Point", "coordinates": [ -76.53873, 3.433393333 ] } },
{ "type": "Feature", "properties": { "agrupado": "DESACATO, IRRESPETO A LA AUTORIDAD", "fecha_hech": "2023-11-16T00:00:00", "hora_hecho": "23:29", "cod_comuna": 19, "nom_comuna": "C-19 EL LIDO", "cod_barrio": 1905, "nom_bar_01": "Eucaristico", "dire_hecho": "CALLE7 CON 34", "sitio_hech": "SITIOS PÚBLICOS O ABIERTOS AL PÚBLICO", "lat": 3.427506667, "lon": -76.53854667, "estrato": 4 }, "geometry": { "type": "Point", "coordinates": [ -76.53854667, 3.427506667 ] } },
{ "type": "Feature", "properties": { "agrupado": "DESACATO, IRRESPETO A LA AUTORIDAD", "fecha_hech": "2023-11-18T00:00:00", "hora_hecho": "7:55", "cod_comuna": 19, "nom_comuna": "C-19 EL LIDO", "cod_barrio": 1905, "nom_bar_01": "Eucaristico", "dire_hecho": "CALLE 5E CON CARRERA 37A", "sitio_hech": "SITIOS PÚBLICOS O ABIERTOS AL PÚBLICO", "lat": 3.425436667, "lon": -76.54098167, "estrato": 4 }, "geometry": { "type": "Point", "coordinates": [ -76.54098167, 3.425436667 ] } },
{ "type": "Feature", "properties": { "agrupado": "DESACATO, IRRESPETO A LA AUTORIDAD", "fecha_hech": "2023-11-25T00:00:00", "hora_hecho": "3:20", "cod_comuna": 19, "nom_comuna": "C-19 EL LIDO", "cod_barrio": 1912, "nom_bar_01": "3 de Julio", "dire_hecho": "CALLE 6 CON CARRERA 29", "sitio_hech": "SITIOS PÚBLICOS O ABIERTOS AL PÚBLICO", "lat": 3.435628333, "lon": -76.54011167, "estrato": 4 }, "geometry": { "type": "Point", "coordinates": [ -76.54011167, 3.435628333 ] } },
{ "type": "Feature", "properties": { "agrupado": "SUSTANCIAS PSICOACTIVAS", "fecha_hech": "2023-11-25T00:00:00", "hora_hecho": "8:07", "cod_comuna": 19, "nom_comuna": "C-19 EL LIDO", "cod_barrio": 1906, "nom_bar_01": "San Fernando Nuevo", "dire_hecho": "CARRERA 36 5B4", "sitio_hech": "SITIOS PÚBLICOS O ABIERTOS AL PÚBLICO", "lat": 3.427738333, "lon": -76.54051667, "estrato": 4 }, "geometry": { "type": "Point", "coordinates": [ -76.54051667, 3.427738333 ] } },
{ "type": "Feature", "properties": { "agrupado": "DESACATO, IRRESPETO A LA AUTORIDAD", "fecha_hech": "2023-11-27T00:00:00", "hora_hecho": "18:15", "cod_comuna": 19, "nom_comuna": "C-19 EL LIDO", "cod_barrio": 1912, "nom_bar_01": "3 de Julio", "dire_hecho": "CL 9 F KR 24", "sitio_hech": "SITIOS PÚBLICOS O ABIERTOS AL PÚBLICO", "lat": 3.431808333, "lon": -76.53907, "estrato": 4 }, "geometry": { "type": "Point", "coordinates": [ -76.53907, 3.431808333 ] } },
{ "type": "Feature", "properties": { "agrupado": "DESACATO, IRRESPETO A LA AUTORIDAD", "fecha_hech": "2023-11-28T00:00:00", "hora_hecho": "17:07", "cod_comuna": 19, "nom_comuna": "C-19 EL LIDO", "cod_barrio": 1912, "nom_bar_01": "3 de Julio", "dire_hecho": "CALLE 6 CON CARRERA 30", "sitio_hech": "SITIOS PÚBLICOS O ABIERTOS AL PÚBLICO", "lat": 3.430693333, "lon": -76.53902, "estrato": 4 }, "geometry": { "type": "Point", "coordinates": [ -76.53902, 3.430693333 ] } },
{ "type": "Feature", "properties": { "agrupado": "DESACATO, IRRESPETO A LA AUTORIDAD", "fecha_hech": "2023-11-28T00:00:00", "hora_hecho": "22:58", "cod_comuna": 19, "nom_comuna": "C-19 EL LIDO", "cod_barrio": 1905, "nom_bar_01": "Eucaristico", "dire_hecho": "CL 6 KR 36", "sitio_hech": "SITIOS PÚBLICOS O ABIERTOS AL PÚBLICO", "lat": 3.426831667, "lon": -76.53980167, "estrato": 4 }, "geometry": { "type": "Point", "coordinates": [ -76.53980167, 3.426831667 ] } },
{ "type": "Feature", "properties": { "agrupado": "DESACATO, IRRESPETO A LA AUTORIDAD", "fecha_hech": "2023-11-28T00:00:00", "hora_hecho": "23:11", "cod_comuna": 19, "nom_comuna": "C-19 EL LIDO", "cod_barrio": 1905, "nom_bar_01": "Eucaristico", "dire_hecho": "CL 6 KR 36", "sitio_hech": "SITIOS PÚBLICOS O ABIERTOS AL PÚBLICO", "lat": 3.426831667, "lon": -76.53980167, "estrato": 4 }, "geometry": { "type": "Point", "coordinates": [ -76.53980167, 3.426831667 ] } },
{ "type": "Feature", "properties": { "agrupado": "DESACATO, IRRESPETO A LA AUTORIDAD", "fecha_hech": "2023-11-30T00:00:00", "hora_hecho": "2:55", "cod_comuna": 19, "nom_comuna": "C-19 EL LIDO", "cod_barrio": 1905, "nom_bar_01": "Eucaristico", "dire_hecho": "CALLE 6 CON CARRERA 34", "sitio_hech": "SITIOS PÚBLICOS O ABIERTOS AL PÚBLICO", "lat": 3.428066667, "lon": -76.53916833, "estrato": 4 }, "geometry": { "type": "Point", "coordinates": [ -76.53916833, 3.428066667 ] } },
{ "type": "Feature", "properties": { "agrupado": "ARMAS EXCEPTO DE FUEGO", "fecha_hech": "2023-11-30T00:00:00", "hora_hecho": "18:23", "cod_comuna": 19, "nom_comuna": "C-19 EL LIDO", "cod_barrio": 1906, "nom_bar_01": "San Fernando Nuevo", "dire_hecho": "CARRERA 34 CALLE 5B4", "sitio_hech": "SITIOS PÚBLICOS O ABIERTOS AL PÚBLICO", "lat": 3.4282, "lon": -76.540505, "estrato": 4 }, "geometry": { "type": "Point", "coordinates": [ -76.540505, 3.4282 ] } },
{ "type": "Feature", "properties": { "agrupado": "RIÑAS", "fecha_hech": "2023-11-30T00:00:00", "hora_hecho": "20:33", "cod_comuna": 19, "nom_comuna": "C-19 EL LIDO", "cod_barrio": 1912, "nom_bar_01": "3 de Julio", "dire_hecho": "CARRERA 34 CON CALLE 5B1", "sitio_hech": "SITIOS PÚBLICOS O ABIERTOS AL PÚBLICO", "lat": 3.43, "lon": -76.54, "estrato": 4 }, "geometry": { "type": "Point", "coordinates": [ -76.54, 3.43 ] } },
{ "type": "Feature", "properties": { "agrupado": "DESACATO, IRRESPETO A LA AUTORIDAD", "fecha_hech": "2023-11-30T00:00:00", "hora_hecho": "20:46", "cod_comuna": 19, "nom_comuna": "C-19 EL LIDO", "cod_barrio": 1906, "nom_bar_01": "San Fernando Nuevo", "dire_hecho": "CALLE 5 CARRERA 34", "sitio_hech": "SITIOS PÚBLICOS O ABIERTOS AL PÚBLICO", "lat": 3.428736667, "lon": -76.54026667, "estrato": 4 }, "geometry": { "type": "Point", "coordinates": [ -76.54026667, 3.428736667 ] } },
{ "type": "Feature", "properties": { "agrupado": "DESACATO, IRRESPETO A LA AUTORIDAD", "fecha_hech": "2023-12-02T00:00:00", "hora_hecho": "13:57", "cod_comuna": 19, "nom_comuna": "C-19 EL LIDO", "cod_barrio": 1905, "nom_bar_01": "Eucaristico", "dire_hecho": "CARRERA 36 CALLE5 B5", "sitio_hech": "SITIOS PÚBLICOS O ABIERTOS AL PÚBLICO", "lat": 3.426071667, "lon": -76.539675, "estrato": 4 }, "geometry": { "type": "Point", "coordinates": [ -76.539675, 3.426071667 ] } },
{ "type": "Feature", "properties": { "agrupado": "DESACATO, IRRESPETO A LA AUTORIDAD", "fecha_hech": "2023-12-03T00:00:00", "hora_hecho": "3:30", "cod_comuna": 19, "nom_comuna": "C-19 EL LIDO", "cod_barrio": 1913, "nom_bar_01": "El Cedro", "dire_hecho": "CALLE 6 CON CARRERA 24", "sitio_hech": "SITIOS PÚBLICOS O ABIERTOS AL PÚBLICO", "lat": 3.436831667, "lon": -76.53859833, "estrato": 4 }, "geometry": { "type": "Point", "coordinates": [ -76.53859833, 3.436831667 ] } },
{ "type": "Feature", "properties": { "agrupado": "DESACATO, IRRESPETO A LA AUTORIDAD", "fecha_hech": "2023-12-03T00:00:00", "hora_hecho": "6:16", "cod_comuna": 19, "nom_comuna": "C-19 EL LIDO", "cod_barrio": 1912, "nom_bar_01": "3 de Julio", "dire_hecho": "CARRERA 36 CON CALLE 5B2", "sitio_hech": "SITIOS PÚBLICOS O ABIERTOS AL PÚBLICO", "lat": 3.433726667, "lon": -76.53886833, "estrato": 4 }, "geometry": { "type": "Point", "coordinates": [ -76.53886833, 3.433726667 ] } },
{ "type": "Feature", "properties": { "agrupado": "SUSTANCIAS PSICOACTIVAS", "fecha_hech": "2023-12-03T00:00:00", "hora_hecho": "15:49", "cod_comuna": 19, "nom_comuna": "C-19 EL LIDO", "cod_barrio": 1912, "nom_bar_01": "3 de Julio", "dire_hecho": "CL 12 A KR 24", "sitio_hech": "SITIOS PÚBLICOS O ABIERTOS AL PÚBLICO", "lat": 3.430468333, "lon": -76.53896833, "estrato": 4 }, "geometry": { "type": "Point", "coordinates": [ -76.53896833, 3.430468333 ] } },
{ "type": "Feature", "properties": { "agrupado": "ARMAS EXCEPTO DE FUEGO", "fecha_hech": "2023-12-03T00:00:00", "hora_hecho": "19:47", "cod_comuna": 19, "nom_comuna": "C-19 EL LIDO", "cod_barrio": 1906, "nom_bar_01": "San Fernando Nuevo", "dire_hecho": "CARRERA 36 CON CALLE 5B2", "sitio_hech": "SITIOS PÚBLICOS O ABIERTOS AL PÚBLICO", "lat": 3.428901667, "lon": -76.53954, "estrato": 4 }, "geometry": { "type": "Point", "coordinates": [ -76.53954, 3.428901667 ] } },
{ "type": "Feature", "properties": { "agrupado": "ARMAS EXCEPTO DE FUEGO", "fecha_hech": "2023-12-07T00:00:00", "hora_hecho": "19:27", "cod_comuna": 19, "nom_comuna": "C-19 EL LIDO", "cod_barrio": 1913, "nom_bar_01": "El Cedro", "dire_hecho": "CARRERA 31 CALLE 9C", "sitio_hech": "SITIOS PÚBLICOS O ABIERTOS AL PÚBLICO", "lat": 3.428898333, "lon": -76.53881, "estrato": 4 }, "geometry": { "type": "Point", "coordinates": [ -76.53881, 3.428898333 ] } },
{ "type": "Feature", "properties": { "agrupado": "ARMAS EXCEPTO DE FUEGO", "fecha_hech": "2023-12-07T00:00:00", "hora_hecho": "19:38", "cod_comuna": 19, "nom_comuna": "C-19 EL LIDO", "cod_barrio": 1912, "nom_bar_01": "3 de Julio", "dire_hecho": "CALLE 6 CON CARRERA 26", "sitio_hech": "SITIOS PÚBLICOS O ABIERTOS AL PÚBLICO", "lat": 3.434521667, "lon": -76.53887833, "estrato": 4 }, "geometry": { "type": "Point", "coordinates": [ -76.53887833, 3.434521667 ] } },
{ "type": "Feature", "properties": { "agrupado": "ARMAS EXCEPTO DE FUEGO", "fecha_hech": "2023-12-08T00:00:00", "hora_hecho": "10:25", "cod_comuna": 19, "nom_comuna": "C-1 TERRON COLORADO", "cod_barrio": 1913, "nom_bar_01": "El Cedro", "dire_hecho": "CALLE 8 CARRERA 26", "sitio_hech": "SITIOS PÚBLICOS O ABIERTOS AL PÚBLICO", "lat": 3.428875, "lon": -76.53893333000001, "estrato": 4 }, "geometry": { "type": "Point", "coordinates": [ -76.53893333, 3.428875 ] } },
{ "type": "Feature", "properties": { "agrupado": "ARMAS EXCEPTO DE FUEGO", "fecha_hech": "2023-12-08T00:00:00", "hora_hecho": "13:36", "cod_comuna": 19, "nom_comuna": "C-19 EL LIDO", "cod_barrio": 1912, "nom_bar_01": "3 de Julio", "dire_hecho": "CALLE 6 CON CARRERA 27", "sitio_hech": "SITIOS PÚBLICOS O ABIERTOS AL PÚBLICO", "lat": 3.434401667, "lon": -76.53898833, "estrato": 4 }, "geometry": { "type": "Point", "coordinates": [ -76.53898833, 3.434401667 ] } },
{ "type": "Feature", "properties": { "agrupado": "ARMAS EXCEPTO DE FUEGO", "fecha_hech": "2023-12-10T00:00:00", "hora_hecho": "2:37", "cod_comuna": 19, "nom_comuna": "C-19 EL LIDO", "cod_barrio": 1913, "nom_bar_01": "El Cedro", "dire_hecho": "CALLE 6 CON CARRERA 30", "sitio_hech": "SITIOS PÚBLICOS O ABIERTOS AL PÚBLICO", "lat": 3.429255, "lon": -76.53894833, "estrato": 4 }, "geometry": { "type": "Point", "coordinates": [ -76.53894833, 3.429255 ] } },
{ "type": "Feature", "properties": { "agrupado": "ARMAS EXCEPTO DE FUEGO", "fecha_hech": "2023-12-14T00:00:00", "hora_hecho": "3:49", "cod_comuna": 19, "nom_comuna": "C-19 EL LIDO", "cod_barrio": 1913, "nom_bar_01": "El Cedro", "dire_hecho": "CL 6 KR 27", "sitio_hech": "SITIOS PÚBLICOS O ABIERTOS AL PÚBLICO", "lat": 3.433068333, "lon": -76.53880167, "estrato": 4 }, "geometry": { "type": "Point", "coordinates": [ -76.53880167, 3.433068333 ] } },
{ "type": "Feature", "properties": { "agrupado": "ARMAS EXCEPTO DE FUEGO", "fecha_hech": "2023-12-21T00:00:00", "hora_hecho": "16:54", "cod_comuna": 19, "nom_comuna": "C-19 EL LIDO", "cod_barrio": 1913, "nom_bar_01": "El Cedro", "dire_hecho": "CL 7 KR 31", "sitio_hech": "SITIOS PÚBLICOS O ABIERTOS AL PÚBLICO", "lat": 3.428991667, "lon": -76.53890167, "estrato": 4 }, "geometry": { "type": "Point", "coordinates": [ -76.53890167, 3.428991667 ] } },
{ "type": "Feature", "properties": { "agrupado": "DESACATO, IRRESPETO A LA AUTORIDAD", "fecha_hech": "2023-12-23T00:00:00", "hora_hecho": "13:15", "cod_comuna": 19, "nom_comuna": "C-19 EL LIDO", "cod_barrio": 1913, "nom_bar_01": "El Cedro", "dire_hecho": "CARRERA 32 CON CALLE 7", "sitio_hech": "SITIOS PÚBLICOS O ABIERTOS AL PÚBLICO", "lat": 3.428373333, "lon": -76.53836833, "estrato": 4 }, "geometry": { "type": "Point", "coordinates": [ -76.53836833, 3.428373333 ] } },
{ "type": "Feature", "properties": { "agrupado": "DESACATO, IRRESPETO A LA AUTORIDAD", "fecha_hech": "2023-12-27T00:00:00", "hora_hecho": "19:15", "cod_comuna": 19, "nom_comuna": "C-19 EL LIDO", "cod_barrio": 1912, "nom_bar_01": "3 de Julio", "dire_hecho": "CR 32 10 A", "sitio_hech": "SITIOS PÚBLICOS O ABIERTOS AL PÚBLICO", "lat": 3.429605, "lon": -76.53903167, "estrato": 4 }, "geometry": { "type": "Point", "coordinates": [ -76.53903167, 3.429605 ] } },
{ "type": "Feature", "properties": { "agrupado": "DESACATO, IRRESPETO A LA AUTORIDAD", "fecha_hech": "2023-12-29T00:00:00", "hora_hecho": "17:02", "cod_comuna": 19, "nom_comuna": "C-3 FRAYDAMIAN", "cod_barrio": 1913, "nom_bar_01": "El Cedro", "dire_hecho": "CALLE 13 CON CARRERA 11", "sitio_hech": "SITIOS PÚBLICOS O ABIERTOS AL PÚBLICO", "lat": 3.43275, "lon": -76.5388, "estrato": 4 }, "geometry": { "type": "Point", "coordinates": [ -76.5388, 3.43275 ] } },
{ "type": "Feature", "properties": { "agrupado": "ARMAS EXCEPTO DE FUEGO", "fecha_hech": "2023-12-30T00:00:00", "hora_hecho": "0:13", "cod_comuna": 19, "nom_comuna": "C-19 EL LIDO", "cod_barrio": 1912, "nom_bar_01": "3 de Julio", "dire_hecho": "CARRERA 34 CON CALE 5B2", "sitio_hech": "SITIOS PÚBLICOS O ABIERTOS AL PÚBLICO", "lat": 3.429255, "lon": -76.53966333, "estrato": 4 }, "geometry": { "type": "Point", "coordinates": [ -76.53966333, 3.429255 ] } },
{ "type": "Feature", "properties": { "agrupado": "ARMAS EXCEPTO DE FUEGO", "fecha_hech": "2024-01-03T00:00:00", "hora_hecho": "12:09", "cod_comuna": 19, "nom_comuna": "C-19 EL LIDO", "cod_barrio": 1905, "nom_bar_01": "Eucaristico", "dire_hecho": "CR 36A CON CL 37", "sitio_hech": "SITIOS PÚBLICOS O ABIERTOS AL PÚBLICO", "lat": 3.425846667, "lon": -76.539145, "estrato": 4 }, "geometry": { "type": "Point", "coordinates": [ -76.539145, 3.425846667 ] } },
{ "type": "Feature", "properties": { "agrupado": "ARMAS EXCEPTO DE FUEGO", "fecha_hech": "2024-01-03T00:00:00", "hora_hecho": "16:44", "cod_comuna": 19, "nom_comuna": "C-19 EL LIDO", "cod_barrio": 1912, "nom_bar_01": "3 de Julio", "dire_hecho": "CALLE 6 CON CRA 26", "sitio_hech": "SITIOS PÚBLICOS O ABIERTOS AL PÚBLICO", "lat": 3.434055, "lon": -76.53886833, "estrato": 4 }, "geometry": { "type": "Point", "coordinates": [ -76.53886833, 3.434055 ] } },
{ "type": "Feature", "properties": { "agrupado": "ARMAS EXCEPTO DE FUEGO", "fecha_hech": "2024-01-08T00:00:00", "hora_hecho": "4:32", "cod_comuna": 19, "nom_comuna": "C-19 EL LIDO", "cod_barrio": 1913, "nom_bar_01": "El Cedro", "dire_hecho": "CALLE 6 CON CARRERA 39", "sitio_hech": "SITIOS PÚBLICOS O ABIERTOS AL PÚBLICO", "lat": 3.428866667, "lon": -76.53879333, "estrato": 4 }, "geometry": { "type": "Point", "coordinates": [ -76.53879333, 3.428866667 ] } },
{ "type": "Feature", "properties": { "agrupado": "DESACATO, IRRESPETO A LA AUTORIDAD", "fecha_hech": "2024-01-09T00:00:00", "hora_hecho": "23:30", "cod_comuna": 19, "nom_comuna": "C-19 EL LIDO", "cod_barrio": 1912, "nom_bar_01": "3 de Julio", "dire_hecho": "CRA 34 CLLE 5B3", "sitio_hech": "SITIOS PÚBLICOS O ABIERTOS AL PÚBLICO", "lat": 3.428945, "lon": -76.5395, "estrato": 4 }, "geometry": { "type": "Point", "coordinates": [ -76.5395, 3.428945 ] } },
{ "type": "Feature", "properties": { "agrupado": "SUSTANCIAS PSICOACTIVAS", "fecha_hech": "2024-01-12T00:00:00", "hora_hecho": "18:22", "cod_comuna": 19, "nom_comuna": "C-19 EL LIDO", "cod_barrio": 1905, "nom_bar_01": "Eucaristico", "dire_hecho": "CALLE 6 CON CARRERA 36", "sitio_hech": "SITIOS PÚBLICOS O ABIERTOS AL PÚBLICO", "lat": 3.426158333, "lon": -76.54015667, "estrato": 4 }, "geometry": { "type": "Point", "coordinates": [ -76.54015667, 3.426158333 ] } },
{ "type": "Feature", "properties": { "agrupado": "ARMAS EXCEPTO DE FUEGO", "fecha_hech": "2024-01-13T00:00:00", "hora_hecho": "16:54", "cod_comuna": 19, "nom_comuna": "C-19 EL LIDO", "cod_barrio": 1905, "nom_bar_01": "Eucaristico", "dire_hecho": "CALLE 6 CARRERA 34", "sitio_hech": "SITIOS PÚBLICOS O ABIERTOS AL PÚBLICO", "lat": 3.428046667, "lon": -76.53898167, "estrato": 4 }, "geometry": { "type": "Point", "coordinates": [ -76.53898167, 3.428046667 ] } },
{ "type": "Feature", "properties": { "agrupado": "DESACATO, IRRESPETO A LA AUTORIDAD", "fecha_hech": "2024-01-14T00:00:00", "hora_hecho": "23:03", "cod_comuna": 19, "nom_comuna": "C-19 EL LIDO", "cod_barrio": 1912, "nom_bar_01": "3 de Julio", "dire_hecho": "CALLE 5 CON CARRERA 24", "sitio_hech": "SITIOS PÚBLICOS O ABIERTOS AL PÚBLICO", "lat": 3.436815, "lon": -76.53886667, "estrato": 4 }, "geometry": { "type": "Point", "coordinates": [ -76.53886667, 3.436815 ] } },
{ "type": "Feature", "properties": { "agrupado": "ARMAS EXCEPTO DE FUEGO", "fecha_hech": "2024-01-15T00:00:00", "hora_hecho": "8:34", "cod_comuna": 19, "nom_comuna": "C-19 EL LIDO", "cod_barrio": 1905, "nom_bar_01": "Eucaristico", "dire_hecho": "CALLE7 CON 36", "sitio_hech": "SITIOS PÚBLICOS O ABIERTOS AL PÚBLICO", "lat": 3.425771667, "lon": -76.53911667, "estrato": 4 }, "geometry": { "type": "Point", "coordinates": [ -76.53911667, 3.425771667 ] } },
{ "type": "Feature", "properties": { "agrupado": "DESACATO, IRRESPETO A LA AUTORIDAD", "fecha_hech": "2024-01-15T00:00:00", "hora_hecho": "18:20", "cod_comuna": 19, "nom_comuna": "C-19 EL LIDO", "cod_barrio": 1912, "nom_bar_01": "3 de Julio", "dire_hecho": "CALLE 6 CARRERA 29", "sitio_hech": "SITIOS PÚBLICOS O ABIERTOS AL PÚBLICO", "lat": 3.43219, "lon": -76.53898833, "estrato": 4 }, "geometry": { "type": "Point", "coordinates": [ -76.53898833, 3.43219 ] } },
{ "type": "Feature", "properties": { "agrupado": "ARMAS EXCEPTO DE FUEGO", "fecha_hech": "2024-01-15T00:00:00", "hora_hecho": "19:40", "cod_comuna": 19, "nom_comuna": "C-19 EL LIDO", "cod_barrio": 1912, "nom_bar_01": "3 de Julio", "dire_hecho": "CALLE 5B CON CARRERA 26", "sitio_hech": "SITIOS PÚBLICOS O ABIERTOS AL PÚBLICO", "lat": 3.434538333, "lon": -76.54034667000001, "estrato": 4 }, "geometry": { "type": "Point", "coordinates": [ -76.54034667, 3.434538333 ] } },
{ "type": "Feature", "properties": { "agrupado": "ARMAS EXCEPTO DE FUEGO", "fecha_hech": "2024-01-16T00:00:00", "hora_hecho": "20:00", "cod_comuna": 19, "nom_comuna": "C-19 EL LIDO", "cod_barrio": 1905, "nom_bar_01": "Eucaristico", "dire_hecho": "CRA 36 CON CALLE 6", "sitio_hech": "SITIOS PÚBLICOS O ABIERTOS AL PÚBLICO", "lat": 3.425913333, "lon": -76.53953333, "estrato": 4 }, "geometry": { "type": "Point", "coordinates": [ -76.53953333, 3.425913333 ] } },
{ "type": "Feature", "properties": { "agrupado": "DESACATO, IRRESPETO A LA AUTORIDAD", "fecha_hech": "2024-01-18T00:00:00", "hora_hecho": "8:08", "cod_comuna": 19, "nom_comuna": "C-19 EL LIDO", "cod_barrio": 1912, "nom_bar_01": "3 de Julio", "dire_hecho": "CALLE 5B4 CON CARRERA 38", "sitio_hech": "SITIOS PÚBLICOS O ABIERTOS AL PÚBLICO", "lat": 3.43, "lon": -76.54, "estrato": 4 }, "geometry": { "type": "Point", "coordinates": [ -76.54, 3.43 ] } },
{ "type": "Feature", "properties": { "agrupado": "ARMAS EXCEPTO DE FUEGO", "fecha_hech": "2024-01-18T00:00:00", "hora_hecho": "22:50", "cod_comuna": 19, "nom_comuna": "C-19 EL LIDO", "cod_barrio": 1905, "nom_bar_01": "Eucaristico", "dire_hecho": "CALLE 7 CARRERA 36", "sitio_hech": "SITIOS PÚBLICOS O ABIERTOS AL PÚBLICO", "lat": 3.42588, "lon": -76.53913667, "estrato": 4 }, "geometry": { "type": "Point", "coordinates": [ -76.53913667, 3.42588 ] } },
{ "type": "Feature", "properties": { "agrupado": "DESACATO, IRRESPETO A LA AUTORIDAD", "fecha_hech": "2024-01-20T00:00:00", "hora_hecho": "15:53", "cod_comuna": 19, "nom_comuna": "C-19 EL LIDO", "cod_barrio": 1906, "nom_bar_01": "San Fernando Nuevo", "dire_hecho": "CALLE 6 CON CARRERA 34", "sitio_hech": "SITIOS PÚBLICOS O ABIERTOS AL PÚBLICO", "lat": 3.428335, "lon": -76.53917167, "estrato": 4 }, "geometry": { "type": "Point", "coordinates": [ -76.53917167, 3.428335 ] } },
{ "type": "Feature", "properties": { "agrupado": "DESACATO, IRRESPETO A LA AUTORIDAD", "fecha_hech": "2024-01-20T00:00:00", "hora_hecho": "19:13", "cod_comuna": 19, "nom_comuna": "C-19 EL LIDO", "cod_barrio": 1905, "nom_bar_01": "Eucaristico", "dire_hecho": "CALLE 7 CON 36", "sitio_hech": "SITIOS PÚBLICOS O ABIERTOS AL PÚBLICO", "lat": 3.426131667, "lon": -76.53915, "estrato": 4 }, "geometry": { "type": "Point", "coordinates": [ -76.53915, 3.426131667 ] } },
{ "type": "Feature", "properties": { "agrupado": "SUSTANCIAS PSICOACTIVAS", "fecha_hech": "2024-01-20T00:00:00", "hora_hecho": "20:06", "cod_comuna": 19, "nom_comuna": "C-19 EL LIDO", "cod_barrio": 1906, "nom_bar_01": "San Fernando Nuevo", "dire_hecho": "CR 34 #5B", "sitio_hech": "SITIOS PÚBLICOS O ABIERTOS AL PÚBLICO", "lat": 3.428795, "lon": -76.53949667000001, "estrato": 4 }, "geometry": { "type": "Point", "coordinates": [ -76.53949667, 3.428795 ] } },
{ "type": "Feature", "properties": { "agrupado": "ARMAS EXCEPTO DE FUEGO", "fecha_hech": "2024-01-20T00:00:00", "hora_hecho": "20:10", "cod_comuna": 19, "nom_comuna": "C-19 EL LIDO", "cod_barrio": 1912, "nom_bar_01": "3 de Julio", "dire_hecho": "CARRERA 35 CON CALLE 5B SAN FERNANDO", "sitio_hech": "SITIOS PÚBLICOS O ABIERTOS AL PÚBLICO", "lat": 3.428843333, "lon": -76.53938, "estrato": 4 }, "geometry": { "type": "Point", "coordinates": [ -76.53938, 3.428843333 ] } },
{ "type": "Feature", "properties": { "agrupado": "SUSTANCIAS PSICOACTIVAS", "fecha_hech": "2024-01-20T00:00:00", "hora_hecho": "20:14", "cod_comuna": 19, "nom_comuna": "C-19 EL LIDO", "cod_barrio": 1912, "nom_bar_01": "3 de Julio", "dire_hecho": "CR 34 #5B", "sitio_hech": "SITIOS PÚBLICOS O ABIERTOS AL PÚBLICO", "lat": 3.428998333, "lon": -76.53949833, "estrato": 4 }, "geometry": { "type": "Point", "coordinates": [ -76.53949833, 3.428998333 ] } },
{ "type": "Feature", "properties": { "agrupado": "SUSTANCIAS PSICOACTIVAS", "fecha_hech": "2024-01-20T00:00:00", "hora_hecho": "20:22", "cod_comuna": 19, "nom_comuna": "C-19 EL LIDO", "cod_barrio": 1912, "nom_bar_01": "3 de Julio", "dire_hecho": "CR 34 #5B", "sitio_hech": "SITIOS PÚBLICOS O ABIERTOS AL PÚBLICO", "lat": 3.428938333, "lon": -76.53948667, "estrato": 4 }, "geometry": { "type": "Point", "coordinates": [ -76.53948667, 3.428938333 ] } },
{ "type": "Feature", "properties": { "agrupado": "SUSTANCIAS PSICOACTIVAS", "fecha_hech": "2024-01-20T00:00:00", "hora_hecho": "20:23", "cod_comuna": 19, "nom_comuna": "C-19 EL LIDO", "cod_barrio": 1906, "nom_bar_01": "San Fernando Nuevo", "dire_hecho": "CARRERA 34 CON CALLE 5B SAN FERNANDO NUEVO", "sitio_hech": "SITIOS PÚBLICOS O ABIERTOS AL PÚBLICO", "lat": 3.428811667, "lon": -76.53962667, "estrato": 4 }, "geometry": { "type": "Point", "coordinates": [ -76.53962667, 3.428811667 ] } },
{ "type": "Feature", "properties": { "agrupado": "SUSTANCIAS PSICOACTIVAS", "fecha_hech": "2024-01-20T00:00:00", "hora_hecho": "20:31", "cod_comuna": 19, "nom_comuna": "C-19 EL LIDO", "cod_barrio": 1912, "nom_bar_01": "3 de Julio", "dire_hecho": "CR 34 #5B", "sitio_hech": "SITIOS PÚBLICOS O ABIERTOS AL PÚBLICO", "lat": 3.428878333, "lon": -76.53943667, "estrato": 4 }, "geometry": { "type": "Point", "coordinates": [ -76.53943667, 3.428878333 ] } },
{ "type": "Feature", "properties": { "agrupado": "SUSTANCIAS PSICOACTIVAS", "fecha_hech": "2024-01-20T00:00:00", "hora_hecho": "20:38", "cod_comuna": 19, "nom_comuna": "C-19 EL LIDO", "cod_barrio": 1912, "nom_bar_01": "3 de Julio", "dire_hecho": "CR 34 CL 5B", "sitio_hech": "SITIOS PÚBLICOS O ABIERTOS AL PÚBLICO", "lat": 3.42888, "lon": -76.53938167, "estrato": 4 }, "geometry": { "type": "Point", "coordinates": [ -76.53938167, 3.42888 ] } },
{ "type": "Feature", "properties": { "agrupado": "SUSTANCIAS PSICOACTIVAS", "fecha_hech": "2024-01-20T00:00:00", "hora_hecho": "20:41", "cod_comuna": 19, "nom_comuna": "C-19 EL LIDO", "cod_barrio": 1912, "nom_bar_01": "3 de Julio", "dire_hecho": "CARRERA 34 CON CALLE 5B SAN FERNANDO", "sitio_hech": "SITIOS PÚBLICOS O ABIERTOS AL PÚBLICO", "lat": 3.42887, "lon": -76.53944833, "estrato": 4 }, "geometry": { "type": "Point", "coordinates": [ -76.53944833, 3.42887 ] } },
{ "type": "Feature", "properties": { "agrupado": "SUSTANCIAS PSICOACTIVAS", "fecha_hech": "2024-01-20T00:00:00", "hora_hecho": "20:53", "cod_comuna": 19, "nom_comuna": "C-19 EL LIDO", "cod_barrio": 1906, "nom_bar_01": "San Fernando Nuevo", "dire_hecho": "CARRERA 34 CON CALLE 5B SAN FERNANDO NUEVO", "sitio_hech": "SITIOS PÚBLICOS O ABIERTOS AL PÚBLICO", "lat": 3.428813333, "lon": -76.53948667, "estrato": 4 }, "geometry": { "type": "Point", "coordinates": [ -76.53948667, 3.428813333 ] } },
{ "type": "Feature", "properties": { "agrupado": "ARMAS EXCEPTO DE FUEGO", "fecha_hech": "2024-01-21T00:00:00", "hora_hecho": "18:55", "cod_comuna": 19, "nom_comuna": "C-19 EL LIDO", "cod_barrio": 1913, "nom_bar_01": "El Cedro", "dire_hecho": "CALLE 6 CON CARRERA 30", "sitio_hech": "SITIOS PÚBLICOS O ABIERTOS AL PÚBLICO", "lat": 3.429043333, "lon": -76.53881833, "estrato": 4 }, "geometry": { "type": "Point", "coordinates": [ -76.53881833, 3.429043333 ] } },
{ "type": "Feature", "properties": { "agrupado": "ARMAS EXCEPTO DE FUEGO", "fecha_hech": "2024-01-22T00:00:00", "hora_hecho": "19:24", "cod_comuna": 19, "nom_comuna": "C-19 EL LIDO", "cod_barrio": 1905, "nom_bar_01": "Eucaristico", "dire_hecho": "CALLE 7 CON CRA 36", "sitio_hech": "SITIOS PÚBLICOS O ABIERTOS AL PÚBLICO", "lat": 3.42587, "lon": -76.53924, "estrato": 4 }, "geometry": { "type": "Point", "coordinates": [ -76.53924, 3.42587 ] } },
{ "type": "Feature", "properties": { "agrupado": "ARMAS EXCEPTO DE FUEGO", "fecha_hech": "2024-01-26T00:00:00", "hora_hecho": "15:50", "cod_comuna": 19, "nom_comuna": "C-19 EL LIDO", "cod_barrio": 1913, "nom_bar_01": "El Cedro", "dire_hecho": "CARRERA 26 CON CALLE 6", "sitio_hech": "SITIOS PÚBLICOS O ABIERTOS AL PÚBLICO", "lat": 3.43454, "lon": -76.53877833, "estrato": 4 }, "geometry": { "type": "Point", "coordinates": [ -76.53877833, 3.43454 ] } },
{ "type": "Feature", "properties": { "agrupado": "DESACATO, IRRESPETO A LA AUTORIDAD", "fecha_hech": "2024-01-27T00:00:00", "hora_hecho": "23:06", "cod_comuna": 19, "nom_comuna": "C-19 EL LIDO", "cod_barrio": 1912, "nom_bar_01": "3 de Julio", "dire_hecho": "CARRERA 24A CALLE 5", "sitio_hech": "SITIOS PÚBLICOS O ABIERTOS AL PÚBLICO", "lat": 3.436491667, "lon": -76.53955, "estrato": 4 }, "geometry": { "type": "Point", "coordinates": [ -76.53955, 3.436491667 ] } },
{ "type": "Feature", "properties": { "agrupado": "ARMAS EXCEPTO DE FUEGO", "fecha_hech": "2024-01-28T00:00:00", "hora_hecho": "18:02", "cod_comuna": 19, "nom_comuna": "C-19 EL LIDO", "cod_barrio": 1906, "nom_bar_01": "San Fernando Nuevo", "dire_hecho": "CARRERA34 CALLE5B3", "sitio_hech": "SITIOS PÚBLICOS O ABIERTOS AL PÚBLICO", "lat": 3.429075, "lon": -76.53965667, "estrato": 4 }, "geometry": { "type": "Point", "coordinates": [ -76.53965667, 3.429075 ] } },
{ "type": "Feature", "properties": { "agrupado": "ARMAS EXCEPTO DE FUEGO", "fecha_hech": "2024-01-28T00:00:00", "hora_hecho": "19:03", "cod_comuna": 19, "nom_comuna": "C-19 EL LIDO", "cod_barrio": 1906, "nom_bar_01": "San Fernando Nuevo", "dire_hecho": "KR 34 CL 5 B 4", "sitio_hech": "SITIOS PÚBLICOS O ABIERTOS AL PÚBLICO", "lat": 3.428845, "lon": -76.53949, "estrato": 4 }, "geometry": { "type": "Point", "coordinates": [ -76.53949, 3.428845 ] } },
{ "type": "Feature", "properties": { "agrupado": "ARMAS EXCEPTO DE FUEGO", "fecha_hech": "2024-01-29T00:00:00", "hora_hecho": "10:12", "cod_comuna": 19, "nom_comuna": "C-19 EL LIDO", "cod_barrio": 1905, "nom_bar_01": "Eucaristico", "dire_hecho": "CALLE 6 CON CRA 36", "sitio_hech": "SITIOS PÚBLICOS O ABIERTOS AL PÚBLICO", "lat": 3.426585, "lon": -76.53961, "estrato": 4 }, "geometry": { "type": "Point", "coordinates": [ -76.53961, 3.426585 ] } },
{ "type": "Feature", "properties": { "agrupado": "ARMAS EXCEPTO DE FUEGO", "fecha_hech": "2024-02-01T00:00:00", "hora_hecho": "12:39", "cod_comuna": 19, "nom_comuna": "C-19 EL LIDO", "cod_barrio": 1905, "nom_bar_01": "Eucaristico", "dire_hecho": "CRA 35 CON CALLE 6", "sitio_hech": "SITIOS PÚBLICOS O ABIERTOS AL PÚBLICO", "lat": 3.42721, "lon": -76.53918667000001, "estrato": 4 }, "geometry": { "type": "Point", "coordinates": [ -76.53918667, 3.42721 ] } },
{ "type": "Feature", "properties": { "agrupado": "ARMAS EXCEPTO DE FUEGO", "fecha_hech": "2024-02-02T00:00:00", "hora_hecho": "11:32", "cod_comuna": 19, "nom_comuna": "C-19 EL LIDO", "cod_barrio": 1913, "nom_bar_01": "El Cedro", "dire_hecho": "KR 26 CL 6", "sitio_hech": "SITIOS PÚBLICOS O ABIERTOS AL PÚBLICO", "lat": 3.437381667, "lon": -76.53842167000001, "estrato": 4 }, "geometry": { "type": "Point", "coordinates": [ -76.53842167, 3.437381667 ] } },
{ "type": "Feature", "properties": { "agrupado": "ARMAS EXCEPTO DE FUEGO", "fecha_hech": "2024-02-03T00:00:00", "hora_hecho": "10:51", "cod_comuna": 19, "nom_comuna": "C-19 EL LIDO", "cod_barrio": 1912, "nom_bar_01": "3 de Julio", "dire_hecho": "CALLE 5C CON CARRERA 27", "sitio_hech": "SITIOS PÚBLICOS O ABIERTOS AL PÚBLICO", "lat": 3.433356667, "lon": -76.53992333, "estrato": 4 }, "geometry": { "type": "Point", "coordinates": [ -76.53992333, 3.433356667 ] } },
{ "type": "Feature", "properties": { "agrupado": "SUSTANCIAS PSICOACTIVAS", "fecha_hech": "2024-02-03T00:00:00", "hora_hecho": "20:45", "cod_comuna": 19, "nom_comuna": "C-19 EL LIDO", "cod_barrio": 1906, "nom_bar_01": "San Fernando Nuevo", "dire_hecho": "CALLE 5 B CRA 34", "sitio_hech": "SITIOS PÚBLICOS O ABIERTOS AL PÚBLICO", "lat": 3.428605, "lon": -76.53950333, "estrato": 4 }, "geometry": { "type": "Point", "coordinates": [ -76.53950333, 3.428605 ] } },
{ "type": "Feature", "properties": { "agrupado": "SUSTANCIAS PSICOACTIVAS", "fecha_hech": "2024-02-03T00:00:00", "hora_hecho": "21:02", "cod_comuna": 19, "nom_comuna": "C-19 EL LIDO", "cod_barrio": 1906, "nom_bar_01": "San Fernando Nuevo", "dire_hecho": "CRA34 CALLE 5B", "sitio_hech": "SITIOS PÚBLICOS O ABIERTOS AL PÚBLICO", "lat": 3.428658333, "lon": -76.539565, "estrato": 4 }, "geometry": { "type": "Point", "coordinates": [ -76.539565, 3.428658333 ] } },
{ "type": "Feature", "properties": { "agrupado": "ARMAS EXCEPTO DE FUEGO", "fecha_hech": "2024-02-04T00:00:00", "hora_hecho": "11:39", "cod_comuna": 19, "nom_comuna": "C-19 EL LIDO", "cod_barrio": 1905, "nom_bar_01": "Eucaristico", "dire_hecho": "CALLE 7 CON CRA 36A BIS", "sitio_hech": "SITIOS PÚBLICOS O ABIERTOS AL PÚBLICO", "lat": 3.42549, "lon": -76.53909667000001, "estrato": 4 }, "geometry": { "type": "Point", "coordinates": [ -76.53909667, 3.42549 ] } },
{ "type": "Feature", "properties": { "agrupado": "ARMAS EXCEPTO DE FUEGO", "fecha_hech": "2024-02-05T00:00:00", "hora_hecho": "3:00", "cod_comuna": 19, "nom_comuna": "C-19 EL LIDO", "cod_barrio": 1912, "nom_bar_01": "3 de Julio", "dire_hecho": "CALLE 5B3 CON CARRERA 34", "sitio_hech": "SITIOS PÚBLICOS O ABIERTOS AL PÚBLICO", "lat": 3.429003333, "lon": -76.539475, "estrato": 4 }, "geometry": { "type": "Point", "coordinates": [ -76.539475, 3.429003333 ] } },
{ "type": "Feature", "properties": { "agrupado": "ARMAS EXCEPTO DE FUEGO", "fecha_hech": "2024-02-05T00:00:00", "hora_hecho": "13:31", "cod_comuna": 19, "nom_comuna": "C-19 EL LIDO", "cod_barrio": 1913, "nom_bar_01": "El Cedro", "dire_hecho": "CL 8 KR 28", "sitio_hech": "SITIOS PÚBLICOS O ABIERTOS AL PÚBLICO", "lat": 3.4321237, "lon": -76.5386146, "estrato": 4 }, "geometry": { "type": "Point", "coordinates": [ -76.5386146, 3.4321237 ] } },
{ "type": "Feature", "properties": { "agrupado": "ARMAS EXCEPTO DE FUEGO", "fecha_hech": "2024-02-06T00:00:00", "hora_hecho": "15:25", "cod_comuna": 19, "nom_comuna": "C-19 EL LIDO", "cod_barrio": 1913, "nom_bar_01": "El Cedro", "dire_hecho": "KR 26 CL 6", "sitio_hech": "SITIOS PÚBLICOS O ABIERTOS AL PÚBLICO", "lat": 3.434436667, "lon": -76.53863, "estrato": 4 }, "geometry": { "type": "Point", "coordinates": [ -76.53863, 3.434436667 ] } },
{ "type": "Feature", "properties": { "agrupado": "ARMAS EXCEPTO DE FUEGO", "fecha_hech": "2024-02-06T00:00:00", "hora_hecho": "18:54", "cod_comuna": 19, "nom_comuna": "C-19 EL LIDO", "cod_barrio": 1912, "nom_bar_01": "3 de Julio", "dire_hecho": "CALLE 6 CON CARRERA 25", "sitio_hech": "SITIOS PÚBLICOS O ABIERTOS AL PÚBLICO", "lat": 3.435255, "lon": -76.538825, "estrato": 4 }, "geometry": { "type": "Point", "coordinates": [ -76.538825, 3.435255 ] } },
{ "type": "Feature", "properties": { "agrupado": "RIÑAS", "fecha_hech": "2024-02-07T00:00:00", "hora_hecho": "14:43", "cod_comuna": 19, "nom_comuna": "C-19 EL LIDO", "cod_barrio": 1905, "nom_bar_01": "Eucaristico", "dire_hecho": "CALLE 9 CRA 34", "sitio_hech": "SITIOS PÚBLICOS O ABIERTOS AL PÚBLICO", "lat": 3.426165, "lon": -76.537655, "estrato": 4 }, "geometry": { "type": "Point", "coordinates": [ -76.537655, 3.426165 ] } },
{ "type": "Feature", "properties": { "agrupado": "RIÑAS", "fecha_hech": "2024-02-07T00:00:00", "hora_hecho": "14:51", "cod_comuna": 19, "nom_comuna": "C-19 EL LIDO", "cod_barrio": 1913, "nom_bar_01": "El Cedro", "dire_hecho": "CALLE 9 CRA 34", "sitio_hech": "SITIOS PÚBLICOS O ABIERTOS AL PÚBLICO", "lat": 3.426405, "lon": -76.53754833000001, "estrato": 4 }, "geometry": { "type": "Point", "coordinates": [ -76.53754833, 3.426405 ] } },
{ "type": "Feature", "properties": { "agrupado": "ARMAS EXCEPTO DE FUEGO", "fecha_hech": "2024-02-07T00:00:00", "hora_hecho": "19:25", "cod_comuna": 19, "nom_comuna": "C-19 EL LIDO", "cod_barrio": 1913, "nom_bar_01": "El Cedro", "dire_hecho": "CL 9 C KR 29", "sitio_hech": "SITIOS PÚBLICOS O ABIERTOS AL PÚBLICO", "lat": 3.433763333, "lon": -76.53871, "estrato": 4 }, "geometry": { "type": "Point", "coordinates": [ -76.53871, 3.433763333 ] } },
{ "type": "Feature", "properties": { "agrupado": "DESACATO, IRRESPETO A LA AUTORIDAD", "fecha_hech": "2024-02-10T00:00:00", "hora_hecho": "18:25", "cod_comuna": 19, "nom_comuna": "C-19 EL LIDO", "cod_barrio": 1906, "nom_bar_01": "San Fernando Nuevo", "dire_hecho": "KR 34 CL 6", "sitio_hech": "SITIOS PÚBLICOS O ABIERTOS AL PÚBLICO", "lat": 3.42863, "lon": -76.53943667, "estrato": 4 }, "geometry": { "type": "Point", "coordinates": [ -76.53943667, 3.42863 ] } },
{ "type": "Feature", "properties": { "agrupado": "ARMAS EXCEPTO DE FUEGO", "fecha_hech": "2024-02-11T00:00:00", "hora_hecho": "20:52", "cod_comuna": 19, "nom_comuna": "C-19 EL LIDO", "cod_barrio": 1913, "nom_bar_01": "El Cedro", "dire_hecho": "CALLE 6 CRA 31", "sitio_hech": "SITIOS PÚBLICOS O ABIERTOS AL PÚBLICO", "lat": 3.428926667, "lon": -76.53876167, "estrato": 4 }, "geometry": { "type": "Point", "coordinates": [ -76.53876167, 3.428926667 ] } },
{ "type": "Feature", "properties": { "agrupado": "ARMAS EXCEPTO DE FUEGO", "fecha_hech": "2024-02-13T00:00:00", "hora_hecho": "18:18", "cod_comuna": 19, "nom_comuna": "C-19 EL LIDO", "cod_barrio": 1913, "nom_bar_01": "El Cedro", "dire_hecho": "CL 6 KR 26", "sitio_hech": "SITIOS PÚBLICOS O ABIERTOS AL PÚBLICO", "lat": 3.434225, "lon": -76.53869333, "estrato": 4 }, "geometry": { "type": "Point", "coordinates": [ -76.53869333, 3.434225 ] } },
{ "type": "Feature", "properties": { "agrupado": "DESACATO, IRRESPETO A LA AUTORIDAD", "fecha_hech": "2024-02-13T00:00:00", "hora_hecho": "22:39", "cod_comuna": 19, "nom_comuna": "C-19 EL LIDO", "cod_barrio": 1912, "nom_bar_01": "3 de Julio", "dire_hecho": "CALLE 6 CON CARRERA 29", "sitio_hech": "SITIOS PÚBLICOS O ABIERTOS AL PÚBLICO", "lat": 3.430408333, "lon": -76.53906, "estrato": 4 }, "geometry": { "type": "Point", "coordinates": [ -76.53906, 3.430408333 ] } },
{ "type": "Feature", "properties": { "agrupado": "DESACATO, IRRESPETO A LA AUTORIDAD", "fecha_hech": "2024-02-14T00:00:00", "hora_hecho": "12:53", "cod_comuna": 19, "nom_comuna": "C-19 EL LIDO", "cod_barrio": 1905, "nom_bar_01": "Eucaristico", "dire_hecho": "CR 36 CON 7 IGLESIA EL TEMPLETE", "sitio_hech": "SITIOS PÚBLICOS O ABIERTOS AL PÚBLICO", "lat": 3.426306667, "lon": -76.53959333, "estrato": 4 }, "geometry": { "type": "Point", "coordinates": [ -76.53959333, 3.426306667 ] } },
{ "type": "Feature", "properties": { "agrupado": "DESACATO, IRRESPETO A LA AUTORIDAD", "fecha_hech": "2024-02-14T00:00:00", "hora_hecho": "12:59", "cod_comuna": 19, "nom_comuna": "C-19 EL LIDO", "cod_barrio": 1905, "nom_bar_01": "Eucaristico", "dire_hecho": "CR 36 CON 7 IGLESIA EL TEMPLETE", "sitio_hech": "SITIOS PÚBLICOS O ABIERTOS AL PÚBLICO", "lat": 3.426306667, "lon": -76.53959333, "estrato": 4 }, "geometry": { "type": "Point", "coordinates": [ -76.53959333, 3.426306667 ] } },
{ "type": "Feature", "properties": { "agrupado": "ARMAS EXCEPTO DE FUEGO", "fecha_hech": "2024-02-15T00:00:00", "hora_hecho": "18:27", "cod_comuna": 19, "nom_comuna": "C-19 EL LIDO", "cod_barrio": 1906, "nom_bar_01": "San Fernando Nuevo", "dire_hecho": "CRA 34 CLL 5B 3", "sitio_hech": "SITIOS PÚBLICOS O ABIERTOS AL PÚBLICO", "lat": 3.428776667, "lon": -76.53951, "estrato": 4 }, "geometry": { "type": "Point", "coordinates": [ -76.53951, 3.428776667 ] } },
{ "type": "Feature", "properties": { "agrupado": "ARMAS EXCEPTO DE FUEGO", "fecha_hech": "2024-02-16T00:00:00", "hora_hecho": "6:36", "cod_comuna": 19, "nom_comuna": "C-19 EL LIDO", "cod_barrio": 1905, "nom_bar_01": "Eucaristico", "dire_hecho": "CARRERA 37# 7", "sitio_hech": "SITIOS PÚBLICOS O ABIERTOS AL PÚBLICO", "lat": 3.425786667, "lon": -76.53928167, "estrato": 4 }, "geometry": { "type": "Point", "coordinates": [ -76.53928167, 3.425786667 ] } },
{ "type": "Feature", "properties": { "agrupado": "ARMAS EXCEPTO DE FUEGO", "fecha_hech": "2024-02-17T00:00:00", "hora_hecho": "17:24", "cod_comuna": 19, "nom_comuna": "C-19 EL LIDO", "cod_barrio": 1912, "nom_bar_01": "3 de Julio", "dire_hecho": "CALLE 5B CON CARRERA 26", "sitio_hech": "SITIOS PÚBLICOS O ABIERTOS AL PÚBLICO", "lat": 3.434578333, "lon": -76.540355, "estrato": 4 }, "geometry": { "type": "Point", "coordinates": [ -76.540355, 3.434578333 ] } },
{ "type": "Feature", "properties": { "agrupado": "ARMAS EXCEPTO DE FUEGO", "fecha_hech": "2024-02-20T00:00:00", "hora_hecho": "19:51", "cod_comuna": 19, "nom_comuna": "C-19 EL LIDO", "cod_barrio": 1912, "nom_bar_01": "3 de Julio", "dire_hecho": "CALLE 5 CON CARRERA 25", "sitio_hech": "SITIOS PÚBLICOS O ABIERTOS AL PÚBLICO", "lat": 3.435393333, "lon": -76.539875, "estrato": 4 }, "geometry": { "type": "Point", "coordinates": [ -76.539875, 3.435393333 ] } },
{ "type": "Feature", "properties": { "agrupado": "ARMAS EXCEPTO DE FUEGO", "fecha_hech": "2024-02-21T00:00:00", "hora_hecho": "13:21", "cod_comuna": 19, "nom_comuna": "C-19 EL LIDO", "cod_barrio": 1913, "nom_bar_01": "El Cedro", "dire_hecho": "CALLE 6 CRA 30A", "sitio_hech": "SITIOS PÚBLICOS O ABIERTOS AL PÚBLICO", "lat": 3.430105, "lon": -76.53875167, "estrato": 4 }, "geometry": { "type": "Point", "coordinates": [ -76.53875167, 3.430105 ] } },
{ "type": "Feature", "properties": { "agrupado": "DESACATO, IRRESPETO A LA AUTORIDAD", "fecha_hech": "2024-02-21T00:00:00", "hora_hecho": "17:14", "cod_comuna": 19, "nom_comuna": "C-19 EL LIDO", "cod_barrio": 1913, "nom_bar_01": "El Cedro", "dire_hecho": "CARRE 34 #7-33", "sitio_hech": "SITIOS PÚBLICOS O ABIERTOS AL PÚBLICO", "lat": 3.427288333, "lon": -76.53704667, "estrato": 4 }, "geometry": { "type": "Point", "coordinates": [ -76.53704667, 3.427288333 ] } },
{ "type": "Feature", "properties": { "agrupado": "DESACATO, IRRESPETO A LA AUTORIDAD", "fecha_hech": "2024-02-22T00:00:00", "hora_hecho": "16:40", "cod_comuna": 19, "nom_comuna": "C-19 EL LIDO", "cod_barrio": 1905, "nom_bar_01": "Eucaristico", "dire_hecho": "CALLE 9 CON 36", "sitio_hech": "SITIOS PÚBLICOS O ABIERTOS AL PÚBLICO", "lat": 3.425368333, "lon": -76.53861, "estrato": 4 }, "geometry": { "type": "Point", "coordinates": [ -76.53861, 3.425368333 ] } },
{ "type": "Feature", "properties": { "agrupado": "DESACATO, IRRESPETO A LA AUTORIDAD", "fecha_hech": "2024-02-23T00:00:00", "hora_hecho": "10:36", "cod_comuna": 19, "nom_comuna": "C-19 EL LIDO", "cod_barrio": 1912, "nom_bar_01": "3 de Julio", "dire_hecho": "KR 32 CL 7 19", "sitio_hech": "SITIOS PÚBLICOS O ABIERTOS AL PÚBLICO", "lat": 3.434568333, "lon": -76.54031333, "estrato": 4 }, "geometry": { "type": "Point", "coordinates": [ -76.54031333, 3.434568333 ] } },
{ "type": "Feature", "properties": { "agrupado": "SUSTANCIAS PSICOACTIVAS", "fecha_hech": "2024-02-28T00:00:00", "hora_hecho": "9:27", "cod_comuna": 19, "nom_comuna": "C-19 EL LIDO", "cod_barrio": 1905, "nom_bar_01": "Eucaristico", "dire_hecho": "CALLE 7 CON 36A", "sitio_hech": "SITIOS PÚBLICOS O ABIERTOS AL PÚBLICO", "lat": 3.425663333, "lon": -76.53917833, "estrato": 4 }, "geometry": { "type": "Point", "coordinates": [ -76.53917833, 3.425663333 ] } },
{ "type": "Feature", "properties": { "agrupado": "ARMAS EXCEPTO DE FUEGO", "fecha_hech": "2024-02-29T00:00:00", "hora_hecho": "21:50", "cod_comuna": 19, "nom_comuna": "C-19 EL LIDO", "cod_barrio": 1912, "nom_bar_01": "3 de Julio", "dire_hecho": "CALLE 9 CARRERA 29", "sitio_hech": "SITIOS PÚBLICOS O ABIERTOS AL PÚBLICO", "lat": 3.433405, "lon": -76.54039, "estrato": 4 }, "geometry": { "type": "Point", "coordinates": [ -76.54039, 3.433405 ] } },
{ "type": "Feature", "properties": { "agrupado": "RIÑAS", "fecha_hech": "2024-03-01T00:00:00", "hora_hecho": "18:53", "cod_comuna": 19, "nom_comuna": "C-19 EL LIDO", "cod_barrio": 1912, "nom_bar_01": "3 de Julio", "dire_hecho": "CALLE 5B CON CARRERA 36", "sitio_hech": "SITIOS PÚBLICOS O ABIERTOS AL PÚBLICO", "lat": 3.43, "lon": -76.54, "estrato": 4 }, "geometry": { "type": "Point", "coordinates": [ -76.54, 3.43 ] } },
{ "type": "Feature", "properties": { "agrupado": "ARMAS EXCEPTO DE FUEGO", "fecha_hech": "2024-03-02T00:00:00", "hora_hecho": "0:00", "cod_comuna": 19, "nom_comuna": "C-19 EL LIDO", "cod_barrio": 1905, "nom_bar_01": "Eucaristico", "dire_hecho": "CRA 36 CON CALLE 7", "sitio_hech": "SITIOS PÚBLICOS O ABIERTOS AL PÚBLICO", "lat": 3.42603, "lon": -76.539145, "estrato": 4 }, "geometry": { "type": "Point", "coordinates": [ -76.539145, 3.42603 ] } },
{ "type": "Feature", "properties": { "agrupado": "DESACATO, IRRESPETO A LA AUTORIDAD", "fecha_hech": "2024-03-02T00:00:00", "hora_hecho": "2:37", "cod_comuna": 19, "nom_comuna": "C-19 EL LIDO", "cod_barrio": 1905, "nom_bar_01": "Eucaristico", "dire_hecho": "CALLE 5B5 CON CARRERA 36", "sitio_hech": "SITIOS PÚBLICOS O ABIERTOS AL PÚBLICO", "lat": 3.4266, "lon": -76.53989833, "estrato": 4 }, "geometry": { "type": "Point", "coordinates": [ -76.53989833, 3.4266 ] } },
{ "type": "Feature", "properties": { "agrupado": "ARMAS EXCEPTO DE FUEGO", "fecha_hech": "2024-03-04T00:00:00", "hora_hecho": "4:52", "cod_comuna": 19, "nom_comuna": "C-19 EL LIDO", "cod_barrio": 1912, "nom_bar_01": "3 de Julio", "dire_hecho": "CL 10 A KR 31", "sitio_hech": "SITIOS PÚBLICOS O ABIERTOS AL PÚBLICO", "lat": 3.4316, "lon": -76.53897667, "estrato": 4 }, "geometry": { "type": "Point", "coordinates": [ -76.53897667, 3.4316 ] } },
{ "type": "Feature", "properties": { "agrupado": "DESACATO, IRRESPETO A LA AUTORIDAD", "fecha_hech": "2024-03-04T00:00:00", "hora_hecho": "13:20", "cod_comuna": 19, "nom_comuna": "C-19 EL LIDO", "cod_barrio": 1913, "nom_bar_01": "El Cedro", "dire_hecho": "CALLE 6 CON CARRERA 25", "sitio_hech": "SITIOS PÚBLICOS O ABIERTOS AL PÚBLICO", "lat": 3.435418333, "lon": -76.53871833, "estrato": 4 }, "geometry": { "type": "Point", "coordinates": [ -76.53871833, 3.435418333 ] } },
{ "type": "Feature", "properties": { "agrupado": "RIÑAS", "fecha_hech": "2024-03-05T00:00:00", "hora_hecho": "16:37", "cod_comuna": 19, "nom_comuna": "C-19 EL LIDO", "cod_barrio": 1906, "nom_bar_01": "San Fernando Nuevo", "dire_hecho": "KR 36 5 B4 - 41", "sitio_hech": "SITIOS PÚBLICOS O ABIERTOS AL PÚBLICO", "lat": 3.427436667, "lon": -76.53991, "estrato": 4 }, "geometry": { "type": "Point", "coordinates": [ -76.53991, 3.427436667 ] } },
{ "type": "Feature", "properties": { "agrupado": "ARMAS EXCEPTO DE FUEGO", "fecha_hech": "2024-03-07T00:00:00", "hora_hecho": "3:14", "cod_comuna": 19, "nom_comuna": "C-19 EL LIDO", "cod_barrio": 1913, "nom_bar_01": "El Cedro", "dire_hecho": "KR 25 CL 6", "sitio_hech": "SITIOS PÚBLICOS O ABIERTOS AL PÚBLICO", "lat": 3.435271667, "lon": -76.53773333, "estrato": 4 }, "geometry": { "type": "Point", "coordinates": [ -76.53773333, 3.435271667 ] } },
{ "type": "Feature", "properties": { "agrupado": "ARMAS EXCEPTO DE FUEGO", "fecha_hech": "2024-03-09T00:00:00", "hora_hecho": "18:24", "cod_comuna": 19, "nom_comuna": "C-19 EL LIDO", "cod_barrio": 1913, "nom_bar_01": "El Cedro", "dire_hecho": "CALLE 5 CON CARRERA 25", "sitio_hech": "SITIOS PÚBLICOS O ABIERTOS AL PÚBLICO", "lat": 3.433691667, "lon": -76.537485, "estrato": 4 }, "geometry": { "type": "Point", "coordinates": [ -76.537485, 3.433691667 ] } },
{ "type": "Feature", "properties": { "agrupado": "DESACATO, IRRESPETO A LA AUTORIDAD", "fecha_hech": "2024-03-09T00:00:00", "hora_hecho": "19:03", "cod_comuna": 19, "nom_comuna": "C-19 EL LIDO", "cod_barrio": 1912, "nom_bar_01": "3 de Julio", "dire_hecho": "CR 36 CL 5B", "sitio_hech": "SITIOS PÚBLICOS O ABIERTOS AL PÚBLICO", "lat": 3.43, "lon": -76.54, "estrato": 4 }, "geometry": { "type": "Point", "coordinates": [ -76.54, 3.43 ] } },
{ "type": "Feature", "properties": { "agrupado": "DESACATO, IRRESPETO A LA AUTORIDAD", "fecha_hech": "2024-03-10T00:00:00", "hora_hecho": "2:56", "cod_comuna": 19, "nom_comuna": "C-19 EL LIDO", "cod_barrio": 1905, "nom_bar_01": "Eucaristico", "dire_hecho": "CL 6 KR 36", "sitio_hech": "SITIOS PÚBLICOS O ABIERTOS AL PÚBLICO", "lat": 3.426716667, "lon": -76.53984333, "estrato": 4 }, "geometry": { "type": "Point", "coordinates": [ -76.53984333, 3.426716667 ] } },
{ "type": "Feature", "properties": { "agrupado": "ARMAS EXCEPTO DE FUEGO", "fecha_hech": "2024-03-10T00:00:00", "hora_hecho": "5:49", "cod_comuna": 19, "nom_comuna": "C-19 EL LIDO", "cod_barrio": 1912, "nom_bar_01": "3 de Julio", "dire_hecho": "CL 5 KR 24", "sitio_hech": "SITIOS PÚBLICOS O ABIERTOS AL PÚBLICO", "lat": 3.436388333, "lon": -76.53966, "estrato": 4 }, "geometry": { "type": "Point", "coordinates": [ -76.53966, 3.436388333 ] } },
{ "type": "Feature", "properties": { "agrupado": "ARMAS EXCEPTO DE FUEGO", "fecha_hech": "2024-03-11T00:00:00", "hora_hecho": "15:37", "cod_comuna": 19, "nom_comuna": "C-19 EL LIDO", "cod_barrio": 1905, "nom_bar_01": "Eucaristico", "dire_hecho": "CALLE 7 CRA 34", "sitio_hech": "SITIOS PÚBLICOS O ABIERTOS AL PÚBLICO", "lat": 3.425966667, "lon": -76.538985, "estrato": 4 }, "geometry": { "type": "Point", "coordinates": [ -76.538985, 3.425966667 ] } },
{ "type": "Feature", "properties": { "agrupado": "DESACATO, IRRESPETO A LA AUTORIDAD", "fecha_hech": "2024-03-17T00:00:00", "hora_hecho": "21:19", "cod_comuna": 19, "nom_comuna": "C-19 EL LIDO", "cod_barrio": 1912, "nom_bar_01": "3 de Julio", "dire_hecho": "CL 8 KR 32", "sitio_hech": "SITIOS PÚBLICOS O ABIERTOS AL PÚBLICO", "lat": 3.43, "lon": -76.54, "estrato": 4 }, "geometry": { "type": "Point", "coordinates": [ -76.54, 3.43 ] } },
{ "type": "Feature", "properties": { "agrupado": "ARMAS EXCEPTO DE FUEGO", "fecha_hech": "2024-03-18T00:00:00", "hora_hecho": "10:13", "cod_comuna": 19, "nom_comuna": "C-19 EL LIDO", "cod_barrio": 1913, "nom_bar_01": "El Cedro", "dire_hecho": "CL 5C KR 26", "sitio_hech": "SITIOS PÚBLICOS O ABIERTOS AL PÚBLICO", "lat": 3.4337, "lon": -76.53870833000001, "estrato": 4 }, "geometry": { "type": "Point", "coordinates": [ -76.53870833, 3.4337 ] } },
{ "type": "Feature", "properties": { "agrupado": "ARMAS EXCEPTO DE FUEGO", "fecha_hech": "2024-03-20T00:00:00", "hora_hecho": "18:58", "cod_comuna": 19, "nom_comuna": "C-19 EL LIDO", "cod_barrio": 1905, "nom_bar_01": "Eucaristico", "dire_hecho": "CR 36 CON CALLE 7 PARQUE TEMPLETE", "sitio_hech": "SITIOS PÚBLICOS O ABIERTOS AL PÚBLICO", "lat": 3.42599, "lon": -76.53961, "estrato": 4 }, "geometry": { "type": "Point", "coordinates": [ -76.53961, 3.42599 ] } },
{ "type": "Feature", "properties": { "agrupado": "DESACATO, IRRESPETO A LA AUTORIDAD", "fecha_hech": "2024-03-22T00:00:00", "hora_hecho": "0:47", "cod_comuna": 19, "nom_comuna": "C-19 EL LIDO", "cod_barrio": 1912, "nom_bar_01": "3 de Julio", "dire_hecho": "CL 5 KR 25", "sitio_hech": "SITIOS PÚBLICOS O ABIERTOS AL PÚBLICO", "lat": 3.435728333, "lon": -76.54013, "estrato": 4 }, "geometry": { "type": "Point", "coordinates": [ -76.54013, 3.435728333 ] } },
{ "type": "Feature", "properties": { "agrupado": "DESACATO, IRRESPETO A LA AUTORIDAD", "fecha_hech": "2024-03-22T00:00:00", "hora_hecho": "15:10", "cod_comuna": 19, "nom_comuna": "C-19 EL LIDO", "cod_barrio": 1913, "nom_bar_01": "El Cedro", "dire_hecho": "CALLE 5 CON CARRERA 34", "sitio_hech": "SITIOS PÚBLICOS O ABIERTOS AL PÚBLICO", "lat": 3.432695, "lon": -76.53873833, "estrato": 4 }, "geometry": { "type": "Point", "coordinates": [ -76.53873833, 3.432695 ] } },
{ "type": "Feature", "properties": { "agrupado": "ARMAS EXCEPTO DE FUEGO", "fecha_hech": "2024-03-22T00:00:00", "hora_hecho": "16:33", "cod_comuna": 19, "nom_comuna": "C-19 EL LIDO", "cod_barrio": 1913, "nom_bar_01": "El Cedro", "dire_hecho": "CALLE 6 CARRERA 27", "sitio_hech": "SITIOS PÚBLICOS O ABIERTOS AL PÚBLICO", "lat": 3.433081667, "lon": -76.53879167, "estrato": 4 }, "geometry": { "type": "Point", "coordinates": [ -76.53879167, 3.433081667 ] } },
{ "type": "Feature", "properties": { "agrupado": "SUSTANCIAS PSICOACTIVAS", "fecha_hech": "2024-03-23T00:00:00", "hora_hecho": "20:17", "cod_comuna": 19, "nom_comuna": "C-19 EL LIDO", "cod_barrio": 1906, "nom_bar_01": "San Fernando Nuevo", "dire_hecho": "CARRERA 36 CON CALLE 5B3", "sitio_hech": "SITIOS PÚBLICOS O ABIERTOS AL PÚBLICO", "lat": 3.4283, "lon": -76.540725, "estrato": 4 }, "geometry": { "type": "Point", "coordinates": [ -76.540725, 3.4283 ] } },
{ "type": "Feature", "properties": { "agrupado": "ARMAS EXCEPTO DE FUEGO", "fecha_hech": "2024-03-29T00:00:00", "hora_hecho": "17:04", "cod_comuna": 19, "nom_comuna": "C-19 EL LIDO", "cod_barrio": 1905, "nom_bar_01": "Eucaristico", "dire_hecho": "CR 34 CON CALLE 9", "sitio_hech": "SITIOS PÚBLICOS O ABIERTOS AL PÚBLICO", "lat": 3.4265, "lon": -76.53788333, "estrato": 4 }, "geometry": { "type": "Point", "coordinates": [ -76.53788333, 3.4265 ] } },
{ "type": "Feature", "properties": { "agrupado": "SUSTANCIAS PSICOACTIVAS", "fecha_hech": "2024-03-30T00:00:00", "hora_hecho": "10:28", "cod_comuna": 19, "nom_comuna": "C-19 EL LIDO", "cod_barrio": 1905, "nom_bar_01": "Eucaristico", "dire_hecho": "CR 36 CON CALLE 7 PARQUE EL TEMPLETE", "sitio_hech": "SITIOS PÚBLICOS O ABIERTOS AL PÚBLICO", "lat": 3.426041667, "lon": -76.53940333, "estrato": 4 }, "geometry": { "type": "Point", "coordinates": [ -76.53940333, 3.426041667 ] } },
{ "type": "Feature", "properties": { "agrupado": "ARMAS EXCEPTO DE FUEGO", "fecha_hech": "2024-04-02T00:00:00", "hora_hecho": "21:13", "cod_comuna": 19, "nom_comuna": "C-19 EL LIDO", "cod_barrio": 1912, "nom_bar_01": "3 de Julio", "dire_hecho": "CALLE 5 CON CARRERA 25", "sitio_hech": "SITIOS PÚBLICOS O ABIERTOS AL PÚBLICO", "lat": 3.4353, "lon": -76.53984167, "estrato": 4 }, "geometry": { "type": "Point", "coordinates": [ -76.53984167, 3.4353 ] } },
{ "type": "Feature", "properties": { "agrupado": "ARMAS EXCEPTO DE FUEGO", "fecha_hech": "2024-04-06T00:00:00", "hora_hecho": "10:32", "cod_comuna": 19, "nom_comuna": "C-19 EL LIDO", "cod_barrio": 1912, "nom_bar_01": "3 de Julio", "dire_hecho": "CALLE 5 CON CARRERA 25", "sitio_hech": "SITIOS PÚBLICOS O ABIERTOS AL PÚBLICO", "lat": 3.435186667, "lon": -76.53968, "estrato": 4 }, "geometry": { "type": "Point", "coordinates": [ -76.53968, 3.435186667 ] } },
{ "type": "Feature", "properties": { "agrupado": "ARMAS EXCEPTO DE FUEGO", "fecha_hech": "2024-04-08T00:00:00", "hora_hecho": "0:00", "cod_comuna": 19, "nom_comuna": "C-19 EL LIDO", "cod_barrio": 1913, "nom_bar_01": "El Cedro", "dire_hecho": "CALLE 5B CON CARRERA 29", "sitio_hech": "SITIOS PÚBLICOS O ABIERTOS AL PÚBLICO", "lat": 3.432575, "lon": -76.53843667, "estrato": 4 }, "geometry": { "type": "Point", "coordinates": [ -76.53843667, 3.432575 ] } },
{ "type": "Feature", "properties": { "agrupado": "ARMAS EXCEPTO DE FUEGO", "fecha_hech": "2024-04-10T00:00:00", "hora_hecho": "4:21", "cod_comuna": 19, "nom_comuna": "C-19 EL LIDO", "cod_barrio": 1913, "nom_bar_01": "El Cedro", "dire_hecho": "CALLE 6 CON CARRERA 31", "sitio_hech": "SITIOS PÚBLICOS O ABIERTOS AL PÚBLICO", "lat": 3.42894, "lon": -76.538865, "estrato": 4 }, "geometry": { "type": "Point", "coordinates": [ -76.538865, 3.42894 ] } },
{ "type": "Feature", "properties": { "agrupado": "DESACATO, IRRESPETO A LA AUTORIDAD", "fecha_hech": "2024-04-12T00:00:00", "hora_hecho": "10:45", "cod_comuna": 19, "nom_comuna": "C-19 EL LIDO", "cod_barrio": 1913, "nom_bar_01": "El Cedro", "dire_hecho": "CALLE 6 CON CARREA 34", "sitio_hech": "SITIOS PÚBLICOS O ABIERTOS AL PÚBLICO", "lat": 3.428926667, "lon": -76.53880167, "estrato": 4 }, "geometry": { "type": "Point", "coordinates": [ -76.53880167, 3.428926667 ] } },
{ "type": "Feature", "properties": { "agrupado": "ARMAS EXCEPTO DE FUEGO", "fecha_hech": "2024-04-13T00:00:00", "hora_hecho": "20:15", "cod_comuna": 19, "nom_comuna": "C-19 EL LIDO", "cod_barrio": 1913, "nom_bar_01": "El Cedro", "dire_hecho": "CL 6 KR 26", "sitio_hech": "SITIOS PÚBLICOS O ABIERTOS AL PÚBLICO", "lat": 3.433941667, "lon": -76.53866833, "estrato": 4 }, "geometry": { "type": "Point", "coordinates": [ -76.53866833, 3.433941667 ] } },
{ "type": "Feature", "properties": { "agrupado": "ARMAS EXCEPTO DE FUEGO", "fecha_hech": "2024-04-14T00:00:00", "hora_hecho": "12:00", "cod_comuna": 19, "nom_comuna": "C-19 EL LIDO", "cod_barrio": 1905, "nom_bar_01": "Eucaristico", "dire_hecho": "CALLE 6 CRA 34", "sitio_hech": "SITIOS PÚBLICOS O ABIERTOS AL PÚBLICO", "lat": 3.426116667, "lon": -76.53957167, "estrato": 4 }, "geometry": { "type": "Point", "coordinates": [ -76.53957167, 3.426116667 ] } },
{ "type": "Feature", "properties": { "agrupado": "SUSTANCIAS PSICOACTIVAS", "fecha_hech": "2024-04-14T00:00:00", "hora_hecho": "13:18", "cod_comuna": 19, "nom_comuna": "C-19 EL LIDO", "cod_barrio": 1905, "nom_bar_01": "Eucaristico", "dire_hecho": "CALLE 6 CRA 36", "sitio_hech": "SITIOS PÚBLICOS O ABIERTOS AL PÚBLICO", "lat": 3.426373333, "lon": -76.539375, "estrato": 4 }, "geometry": { "type": "Point", "coordinates": [ -76.539375, 3.426373333 ] } },
{ "type": "Feature", "properties": { "agrupado": "ARMAS EXCEPTO DE FUEGO", "fecha_hech": "2024-04-14T00:00:00", "hora_hecho": "18:00", "cod_comuna": 19, "nom_comuna": "C-19 EL LIDO", "cod_barrio": 1912, "nom_bar_01": "3 de Julio", "dire_hecho": "CALLE 5 CON CARRERA 25", "sitio_hech": "SITIOS PÚBLICOS O ABIERTOS AL PÚBLICO", "lat": 3.435328333, "lon": -76.53986, "estrato": 4 }, "geometry": { "type": "Point", "coordinates": [ -76.53986, 3.435328333 ] } },
{ "type": "Feature", "properties": { "agrupado": "SUSTANCIAS PSICOACTIVAS", "fecha_hech": "2024-04-16T00:00:00", "hora_hecho": "11:39", "cod_comuna": 19, "nom_comuna": "C-19 EL LIDO", "cod_barrio": 1912, "nom_bar_01": "3 de Julio", "dire_hecho": "CALLE 2A CON CARRERA 38D", "sitio_hech": "SITIOS PÚBLICOS O ABIERTOS AL PÚBLICO", "lat": 3.431926667, "lon": -76.538985, "estrato": 4 }, "geometry": { "type": "Point", "coordinates": [ -76.538985, 3.431926667 ] } },
{ "type": "Feature", "properties": { "agrupado": "ARMAS EXCEPTO DE FUEGO", "fecha_hech": "2024-04-17T00:00:00", "hora_hecho": "2:19", "cod_comuna": 19, "nom_comuna": "C-19 EL LIDO", "cod_barrio": 1912, "nom_bar_01": "3 de Julio", "dire_hecho": "CALLE 6 CON CARRERA 34", "sitio_hech": "SITIOS PÚBLICOS O ABIERTOS AL PÚBLICO", "lat": 3.435236667, "lon": -76.53911167, "estrato": 4 }, "geometry": { "type": "Point", "coordinates": [ -76.53911167, 3.435236667 ] } },
{ "type": "Feature", "properties": { "agrupado": "DESACATO, IRRESPETO A LA AUTORIDAD", "fecha_hech": "2024-04-17T00:00:00", "hora_hecho": "14:46", "cod_comuna": 19, "nom_comuna": "C-19 EL LIDO", "cod_barrio": 1912, "nom_bar_01": "3 de Julio", "dire_hecho": "CALLE 5 CON CARRERA 24", "sitio_hech": "SITIOS PÚBLICOS O ABIERTOS AL PÚBLICO", "lat": 3.436385, "lon": -76.539675, "estrato": 4 }, "geometry": { "type": "Point", "coordinates": [ -76.539675, 3.436385 ] } },
{ "type": "Feature", "properties": { "agrupado": "ARMAS EXCEPTO DE FUEGO", "fecha_hech": "2024-04-18T00:00:00", "hora_hecho": "16:42", "cod_comuna": 19, "nom_comuna": "C-19 EL LIDO", "cod_barrio": 1912, "nom_bar_01": "3 de Julio", "dire_hecho": "CALLE 5B CON CARRERA 34", "sitio_hech": "SITIOS PÚBLICOS O ABIERTOS AL PÚBLICO", "lat": 3.433081667, "lon": -76.54049167, "estrato": 4 }, "geometry": { "type": "Point", "coordinates": [ -76.54049167, 3.433081667 ] } },
{ "type": "Feature", "properties": { "agrupado": "ARMAS EXCEPTO DE FUEGO", "fecha_hech": "2024-04-19T00:00:00", "hora_hecho": "5:04", "cod_comuna": 19, "nom_comuna": "C-19 EL LIDO", "cod_barrio": 1912, "nom_bar_01": "3 de Julio", "dire_hecho": "CALLE 5B CARRERA 27", "sitio_hech": "SITIOS PÚBLICOS O ABIERTOS AL PÚBLICO", "lat": 3.433635, "lon": -76.540455, "estrato": 4 }, "geometry": { "type": "Point", "coordinates": [ -76.540455, 3.433635 ] } },
{ "type": "Feature", "properties": { "agrupado": "DESACATO, IRRESPETO A LA AUTORIDAD", "fecha_hech": "2024-04-21T00:00:00", "hora_hecho": "12:35", "cod_comuna": 19, "nom_comuna": "C-19 EL LIDO", "cod_barrio": 1912, "nom_bar_01": "3 de Julio", "dire_hecho": "CARRERA 36 CALLE 5", "sitio_hech": "SITIOS PÚBLICOS O ABIERTOS AL PÚBLICO", "lat": 3.43, "lon": -76.54, "estrato": 4 }, "geometry": { "type": "Point", "coordinates": [ -76.54, 3.43 ] } },
{ "type": "Feature", "properties": { "agrupado": "ARMAS EXCEPTO DE FUEGO", "fecha_hech": "2024-04-24T00:00:00", "hora_hecho": "6:31", "cod_comuna": 19, "nom_comuna": "C-19 EL LIDO", "cod_barrio": 1905, "nom_bar_01": "Eucaristico", "dire_hecho": "CALLE 7 CRA 34", "sitio_hech": "SITIOS PÚBLICOS O ABIERTOS AL PÚBLICO", "lat": 3.425975, "lon": -76.53903333, "estrato": 4 }, "geometry": { "type": "Point", "coordinates": [ -76.53903333, 3.425975 ] } },
{ "type": "Feature", "properties": { "agrupado": "ARMAS EXCEPTO DE FUEGO", "fecha_hech": "2024-04-24T00:00:00", "hora_hecho": "12:36", "cod_comuna": 19, "nom_comuna": "C-19 EL LIDO", "cod_barrio": 1912, "nom_bar_01": "3 de Julio", "dire_hecho": "CALLE 6 CON CARRERA 27", "sitio_hech": "SITIOS PÚBLICOS O ABIERTOS AL PÚBLICO", "lat": 3.432906667, "lon": -76.53904833, "estrato": 4 }, "geometry": { "type": "Point", "coordinates": [ -76.53904833, 3.432906667 ] } },
{ "type": "Feature", "properties": { "agrupado": "ARMAS EXCEPTO DE FUEGO", "fecha_hech": "2024-04-26T00:00:00", "hora_hecho": "19:36", "cod_comuna": 19, "nom_comuna": "C-19 EL LIDO", "cod_barrio": 1913, "nom_bar_01": "El Cedro", "dire_hecho": "CALLE 6 CON CARRERA 30", "sitio_hech": "SITIOS PÚBLICOS O ABIERTOS AL PÚBLICO", "lat": 3.429043333, "lon": -76.53885833, "estrato": 4 }, "geometry": { "type": "Point", "coordinates": [ -76.53885833, 3.429043333 ] } },
{ "type": "Feature", "properties": { "agrupado": "ARMAS EXCEPTO DE FUEGO", "fecha_hech": "2024-04-28T00:00:00", "hora_hecho": "12:01", "cod_comuna": 19, "nom_comuna": "C-19 EL LIDO", "cod_barrio": 1912, "nom_bar_01": "3 de Julio", "dire_hecho": "CALLE 6 CON CARRERA 26", "sitio_hech": "SITIOS PÚBLICOS O ABIERTOS AL PÚBLICO", "lat": 3.43421, "lon": -76.53884167, "estrato": 4 }, "geometry": { "type": "Point", "coordinates": [ -76.53884167, 3.43421 ] } },
{ "type": "Feature", "properties": { "agrupado": "DESACATO, IRRESPETO A LA AUTORIDAD", "fecha_hech": "2024-04-28T00:00:00", "hora_hecho": "17:22", "cod_comuna": 19, "nom_comuna": "C-19 EL LIDO", "cod_barrio": 1912, "nom_bar_01": "3 de Julio", "dire_hecho": "CALLE 5 CON CRA 34", "sitio_hech": "SITIOS PÚBLICOS O ABIERTOS AL PÚBLICO", "lat": 3.43, "lon": -76.54, "estrato": 4 }, "geometry": { "type": "Point", "coordinates": [ -76.54, 3.43 ] } },
{ "type": "Feature", "properties": { "agrupado": "ARMAS EXCEPTO DE FUEGO", "fecha_hech": "2024-04-29T00:00:00", "hora_hecho": "18:45", "cod_comuna": 19, "nom_comuna": "C-19 EL LIDO", "cod_barrio": 1913, "nom_bar_01": "El Cedro", "dire_hecho": "CALLE 6 CARRERA 26", "sitio_hech": "SITIOS PÚBLICOS O ABIERTOS AL PÚBLICO", "lat": 3.4288, "lon": -76.53877833, "estrato": 4 }, "geometry": { "type": "Point", "coordinates": [ -76.53877833, 3.4288 ] } },
{ "type": "Feature", "properties": { "agrupado": "ARMAS EXCEPTO DE FUEGO", "fecha_hech": "2024-04-30T00:00:00", "hora_hecho": "12:57", "cod_comuna": 19, "nom_comuna": "C-19 EL LIDO", "cod_barrio": 1913, "nom_bar_01": "El Cedro", "dire_hecho": "CALLE 6 CON CARRERA 30", "sitio_hech": "SITIOS PÚBLICOS O ABIERTOS AL PÚBLICO", "lat": 3.428926667, "lon": -76.53880333, "estrato": 4 }, "geometry": { "type": "Point", "coordinates": [ -76.53880333, 3.428926667 ] } },
{ "type": "Feature", "properties": { "agrupado": "ARMAS EXCEPTO DE FUEGO", "fecha_hech": "2024-05-01T00:00:00", "hora_hecho": "5:16", "cod_comuna": 19, "nom_comuna": "C-19 EL LIDO", "cod_barrio": 1913, "nom_bar_01": "El Cedro", "dire_hecho": "CALLE 6 CARRERA 29", "sitio_hech": "SITIOS PÚBLICOS O ABIERTOS AL PÚBLICO", "lat": 3.42894, "lon": -76.53880167, "estrato": 4 }, "geometry": { "type": "Point", "coordinates": [ -76.53880167, 3.42894 ] } },
{ "type": "Feature", "properties": { "agrupado": "SUSTANCIAS PSICOACTIVAS", "fecha_hech": "2024-05-01T00:00:00", "hora_hecho": "10:56", "cod_comuna": 19, "nom_comuna": "C-19 EL LIDO", "cod_barrio": 1905, "nom_bar_01": "Eucaristico", "dire_hecho": "CALLE 7 CON 36", "sitio_hech": "SITIOS PÚBLICOS O ABIERTOS AL PÚBLICO", "lat": 3.426451667, "lon": -76.539455, "estrato": 4 }, "geometry": { "type": "Point", "coordinates": [ -76.539455, 3.426451667 ] } },
{ "type": "Feature", "properties": { "agrupado": "ARMAS EXCEPTO DE FUEGO", "fecha_hech": "2024-05-02T00:00:00", "hora_hecho": "19:55", "cod_comuna": 19, "nom_comuna": "C-19 EL LIDO", "cod_barrio": 1913, "nom_bar_01": "El Cedro", "dire_hecho": "CALLE 6 CON CARRERA 30", "sitio_hech": "SITIOS PÚBLICOS O ABIERTOS AL PÚBLICO", "lat": 3.42891, "lon": -76.53886333, "estrato": 4 }, "geometry": { "type": "Point", "coordinates": [ -76.53886333, 3.42891 ] } },
{ "type": "Feature", "properties": { "agrupado": "ARMAS EXCEPTO DE FUEGO", "fecha_hech": "2024-05-03T00:00:00", "hora_hecho": "15:17", "cod_comuna": 19, "nom_comuna": "C-19 EL LIDO", "cod_barrio": 1912, "nom_bar_01": "3 de Julio", "dire_hecho": "CALLE 6 CON CARRERA 30", "sitio_hech": "SITIOS PÚBLICOS O ABIERTOS AL PÚBLICO", "lat": 3.430001667, "lon": -76.53902, "estrato": 4 }, "geometry": { "type": "Point", "coordinates": [ -76.53902, 3.430001667 ] } },
{ "type": "Feature", "properties": { "agrupado": "ARMAS EXCEPTO DE FUEGO", "fecha_hech": "2024-05-04T00:00:00", "hora_hecho": "15:33", "cod_comuna": 19, "nom_comuna": "C-19 EL LIDO", "cod_barrio": 1905, "nom_bar_01": "Eucaristico", "dire_hecho": "CALLE 6 CRA 36", "sitio_hech": "SITIOS PÚBLICOS O ABIERTOS AL PÚBLICO", "lat": 3.4262, "lon": -76.53964833000001, "estrato": 4 }, "geometry": { "type": "Point", "coordinates": [ -76.53964833, 3.4262 ] } },
{ "type": "Feature", "properties": { "agrupado": "SUSTANCIAS PSICOACTIVAS", "fecha_hech": "2024-05-04T00:00:00", "hora_hecho": "15:41", "cod_comuna": 19, "nom_comuna": "C-19 EL LIDO", "cod_barrio": 1905, "nom_bar_01": "Eucaristico", "dire_hecho": "CALLE 6 CRA 36", "sitio_hech": "SITIOS PÚBLICOS O ABIERTOS AL PÚBLICO", "lat": 3.4262, "lon": -76.53964833000001, "estrato": 4 }, "geometry": { "type": "Point", "coordinates": [ -76.53964833, 3.4262 ] } },
{ "type": "Feature", "properties": { "agrupado": "DESACATO, IRRESPETO A LA AUTORIDAD", "fecha_hech": "2024-05-04T00:00:00", "hora_hecho": "23:16", "cod_comuna": 19, "nom_comuna": "C-19 EL LIDO", "cod_barrio": 1912, "nom_bar_01": "3 de Julio", "dire_hecho": "CALLE 5C CRA 26", "sitio_hech": "SITIOS PÚBLICOS O ABIERTOS AL PÚBLICO", "lat": 3.434245, "lon": -76.53973, "estrato": 4 }, "geometry": { "type": "Point", "coordinates": [ -76.53973, 3.434245 ] } },
{ "type": "Feature", "properties": { "agrupado": "ARMAS EXCEPTO DE FUEGO", "fecha_hech": "2024-05-05T00:00:00", "hora_hecho": "6:18", "cod_comuna": 19, "nom_comuna": "C-9 JUNIN", "cod_barrio": 1913, "nom_bar_01": "El Cedro", "dire_hecho": "CALLE 15 CON CARRERA 15", "sitio_hech": "SITIOS PÚBLICOS O ABIERTOS AL PÚBLICO", "lat": 3.4371482, "lon": -76.5379358, "estrato": 4 }, "geometry": { "type": "Point", "coordinates": [ -76.5379358, 3.4371482 ] } },
{ "type": "Feature", "properties": { "agrupado": "SUSTANCIAS PSICOACTIVAS", "fecha_hech": "2024-05-05T00:00:00", "hora_hecho": "17:05", "cod_comuna": 19, "nom_comuna": "C-19 EL LIDO", "cod_barrio": 1905, "nom_bar_01": "Eucaristico", "dire_hecho": "CARRERA 36A- CALLE 6", "sitio_hech": "SITIOS PÚBLICOS O ABIERTOS AL PÚBLICO", "lat": 3.425933333, "lon": -76.53973, "estrato": 4 }, "geometry": { "type": "Point", "coordinates": [ -76.53973, 3.425933333 ] } },
{ "type": "Feature", "properties": { "agrupado": "ARMAS EXCEPTO DE FUEGO", "fecha_hech": "2024-05-05T00:00:00", "hora_hecho": "17:53", "cod_comuna": 19, "nom_comuna": "C-19 EL LIDO", "cod_barrio": 1913, "nom_bar_01": "El Cedro", "dire_hecho": "CALLE 7 CARRERA 29", "sitio_hech": "SITIOS PÚBLICOS O ABIERTOS AL PÚBLICO", "lat": 3.428941667, "lon": -76.53881167, "estrato": 4 }, "geometry": { "type": "Point", "coordinates": [ -76.53881167, 3.428941667 ] } },
{ "type": "Feature", "properties": { "agrupado": "ARMAS EXCEPTO DE FUEGO", "fecha_hech": "2024-05-07T00:00:00", "hora_hecho": "4:44", "cod_comuna": 19, "nom_comuna": "C-19 EL LIDO", "cod_barrio": 1913, "nom_bar_01": "El Cedro", "dire_hecho": "CALLE 9 CARRRA 34", "sitio_hech": "SITIOS PÚBLICOS O ABIERTOS AL PÚBLICO", "lat": 3.429048333, "lon": -76.53871667, "estrato": 4 }, "geometry": { "type": "Point", "coordinates": [ -76.53871667, 3.429048333 ] } },
{ "type": "Feature", "properties": { "agrupado": "ARMAS EXCEPTO DE FUEGO", "fecha_hech": "2024-05-09T00:00:00", "hora_hecho": "15:15", "cod_comuna": 19, "nom_comuna": "C-19 EL LIDO", "cod_barrio": 1912, "nom_bar_01": "3 de Julio", "dire_hecho": "CALLE 6 CON CARRERA 29", "sitio_hech": "SITIOS PÚBLICOS O ABIERTOS AL PÚBLICO", "lat": 3.431506667, "lon": -76.53899833, "estrato": 4 }, "geometry": { "type": "Point", "coordinates": [ -76.53899833, 3.431506667 ] } },
{ "type": "Feature", "properties": { "agrupado": "ARMAS EXCEPTO DE FUEGO", "fecha_hech": "2024-05-12T00:00:00", "hora_hecho": "11:34", "cod_comuna": 19, "nom_comuna": "C-19 EL LIDO", "cod_barrio": 1913, "nom_bar_01": "El Cedro", "dire_hecho": "CALLE 6 CON 36", "sitio_hech": "SITIOS PÚBLICOS O ABIERTOS AL PÚBLICO", "lat": 3.42895, "lon": -76.53882833, "estrato": 4 }, "geometry": { "type": "Point", "coordinates": [ -76.53882833, 3.42895 ] } },
{ "type": "Feature", "properties": { "agrupado": "ARMAS EXCEPTO DE FUEGO", "fecha_hech": "2024-05-12T00:00:00", "hora_hecho": "18:08", "cod_comuna": 19, "nom_comuna": "C-19 EL LIDO", "cod_barrio": 1912, "nom_bar_01": "3 de Julio", "dire_hecho": "CALLE 5B CON CARRERA 25", "sitio_hech": "SITIOS PÚBLICOS O ABIERTOS AL PÚBLICO", "lat": 3.435478333, "lon": -76.53979333, "estrato": 4 }, "geometry": { "type": "Point", "coordinates": [ -76.53979333, 3.435478333 ] } },
{ "type": "Feature", "properties": { "agrupado": "ARMAS EXCEPTO DE FUEGO", "fecha_hech": "2024-05-14T00:00:00", "hora_hecho": "19:57", "cod_comuna": 19, "nom_comuna": "C-19 EL LIDO", "cod_barrio": 1913, "nom_bar_01": "El Cedro", "dire_hecho": "CALLE 8 CON CARRERA 34", "sitio_hech": "SITIOS PÚBLICOS O ABIERTOS AL PÚBLICO", "lat": 3.426741667, "lon": -76.53761333, "estrato": 4 }, "geometry": { "type": "Point", "coordinates": [ -76.53761333, 3.426741667 ] } },
{ "type": "Feature", "properties": { "agrupado": "SUSTANCIAS PSICOACTIVAS", "fecha_hech": "2024-05-15T00:00:00", "hora_hecho": "16:27", "cod_comuna": 19, "nom_comuna": "C-19 EL LIDO", "cod_barrio": 1913, "nom_bar_01": "El Cedro", "dire_hecho": "CALLE 5B CON CRA 34", "sitio_hech": "SITIOS PÚBLICOS O ABIERTOS AL PÚBLICO", "lat": 3.43268, "lon": -76.53867833, "estrato": 4 }, "geometry": { "type": "Point", "coordinates": [ -76.53867833, 3.43268 ] } },
{ "type": "Feature", "properties": { "agrupado": "ARMAS EXCEPTO DE FUEGO", "fecha_hech": "2024-05-18T00:00:00", "hora_hecho": "9:38", "cod_comuna": 19, "nom_comuna": "C-19 EL LIDO", "cod_barrio": 1913, "nom_bar_01": "El Cedro", "dire_hecho": "CALLE 9C CON 29", "sitio_hech": "SITIOS PÚBLICOS O ABIERTOS AL PÚBLICO", "lat": 3.428808333, "lon": -76.53893167, "estrato": 4 }, "geometry": { "type": "Point", "coordinates": [ -76.53893167, 3.428808333 ] } },
{ "type": "Feature", "properties": { "agrupado": "DESACATO, IRRESPETO A LA AUTORIDAD", "fecha_hech": "2024-05-20T00:00:00", "hora_hecho": "7:32", "cod_comuna": 19, "nom_comuna": "C-19 EL LIDO", "cod_barrio": 1912, "nom_bar_01": "3 de Julio", "dire_hecho": "CL 6 KR 26", "sitio_hech": "SITIOS PÚBLICOS O ABIERTOS AL PÚBLICO", "lat": 3.433868333, "lon": -76.53887667, "estrato": 4 }, "geometry": { "type": "Point", "coordinates": [ -76.53887667, 3.433868333 ] } },
{ "type": "Feature", "properties": { "agrupado": "ARMAS EXCEPTO DE FUEGO", "fecha_hech": "2024-05-21T00:00:00", "hora_hecho": "5:12", "cod_comuna": 19, "nom_comuna": "C-19 EL LIDO", "cod_barrio": 1913, "nom_bar_01": "El Cedro", "dire_hecho": "CL 6 KR 28", "sitio_hech": "SITIOS PÚBLICOS O ABIERTOS AL PÚBLICO", "lat": 3.432131667, "lon": -76.53862333, "estrato": 4 }, "geometry": { "type": "Point", "coordinates": [ -76.53862333, 3.432131667 ] } },
{ "type": "Feature", "properties": { "agrupado": "DESACATO, IRRESPETO A LA AUTORIDAD", "fecha_hech": "2024-05-24T00:00:00", "hora_hecho": "19:45", "cod_comuna": 19, "nom_comuna": "C-10 EL GUABAL", "cod_barrio": 1906, "nom_bar_01": "San Fernando Nuevo", "dire_hecho": "CALLE 5B3 CRA 37", "sitio_hech": "SITIOS PÚBLICOS O ABIERTOS AL PÚBLICO", "lat": 3.42725, "lon": -76.54230667, "estrato": 4 }, "geometry": { "type": "Point", "coordinates": [ -76.54230667, 3.42725 ] } },
{ "type": "Feature", "properties": { "agrupado": "DESACATO, IRRESPETO A LA AUTORIDAD", "fecha_hech": "2024-05-25T00:00:00", "hora_hecho": "18:38", "cod_comuna": 19, "nom_comuna": "C-19 EL LIDO", "cod_barrio": 1913, "nom_bar_01": "El Cedro", "dire_hecho": "CALLE 6 CON CARRERA 27", "sitio_hech": "SITIOS PÚBLICOS O ABIERTOS AL PÚBLICO", "lat": 3.432771667, "lon": -76.53874833, "estrato": 4 }, "geometry": { "type": "Point", "coordinates": [ -76.53874833, 3.432771667 ] } },
{ "type": "Feature", "properties": { "agrupado": "SUSTANCIAS PSICOACTIVAS", "fecha_hech": "2024-05-26T00:00:00", "hora_hecho": "10:48", "cod_comuna": 19, "nom_comuna": "C-19 EL LIDO", "cod_barrio": 1905, "nom_bar_01": "Eucaristico", "dire_hecho": "CR 36 CON CLL 7 PARQUE EL.TEMPLETE", "sitio_hech": "SITIOS PÚBLICOS O ABIERTOS AL PÚBLICO", "lat": 3.426113333, "lon": -76.53969667, "estrato": 4 }, "geometry": { "type": "Point", "coordinates": [ -76.53969667, 3.426113333 ] } },
{ "type": "Feature", "properties": { "agrupado": "ARMAS EXCEPTO DE FUEGO", "fecha_hech": "2024-05-26T00:00:00", "hora_hecho": "13:32", "cod_comuna": 19, "nom_comuna": "C-19 EL LIDO", "cod_barrio": 1913, "nom_bar_01": "El Cedro", "dire_hecho": "CALLE 6 CARRERA 34", "sitio_hech": "SITIOS PÚBLICOS O ABIERTOS AL PÚBLICO", "lat": 3.428801667, "lon": -76.53885833, "estrato": 4 }, "geometry": { "type": "Point", "coordinates": [ -76.53885833, 3.428801667 ] } },
{ "type": "Feature", "properties": { "agrupado": "ARMAS EXCEPTO DE FUEGO", "fecha_hech": "2024-05-26T00:00:00", "hora_hecho": "18:47", "cod_comuna": 19, "nom_comuna": "C-19 EL LIDO", "cod_barrio": 1913, "nom_bar_01": "El Cedro", "dire_hecho": "CALLE 7 CARRERA 29", "sitio_hech": "SITIOS PÚBLICOS O ABIERTOS AL PÚBLICO", "lat": 3.428953333, "lon": -76.538725, "estrato": 4 }, "geometry": { "type": "Point", "coordinates": [ -76.538725, 3.428953333 ] } },
{ "type": "Feature", "properties": { "agrupado": "DESACATO, IRRESPETO A LA AUTORIDAD", "fecha_hech": "2024-05-27T00:00:00", "hora_hecho": "0:00", "cod_comuna": 19, "nom_comuna": "C-19 EL LIDO", "cod_barrio": 1913, "nom_bar_01": "El Cedro", "dire_hecho": "CL 6 KR 27", "sitio_hech": "SITIOS PÚBLICOS O ABIERTOS AL PÚBLICO", "lat": 3.434065, "lon": -76.53875167, "estrato": 4 }, "geometry": { "type": "Point", "coordinates": [ -76.53875167, 3.434065 ] } },
{ "type": "Feature", "properties": { "agrupado": "ARMAS EXCEPTO DE FUEGO", "fecha_hech": "2024-05-27T00:00:00", "hora_hecho": "15:59", "cod_comuna": 19, "nom_comuna": "C-19 EL LIDO", "cod_barrio": 1912, "nom_bar_01": "3 de Julio", "dire_hecho": "CALLE 5 CON CARRERA 38D", "sitio_hech": "SITIOS PÚBLICOS O ABIERTOS AL PÚBLICO", "lat": 3.43, "lon": -76.54, "estrato": 4 }, "geometry": { "type": "Point", "coordinates": [ -76.54, 3.43 ] } },
{ "type": "Feature", "properties": { "agrupado": "ARMAS EXCEPTO DE FUEGO", "fecha_hech": "2024-05-28T00:00:00", "hora_hecho": "6:04", "cod_comuna": 19, "nom_comuna": "C-19 EL LIDO", "cod_barrio": 1913, "nom_bar_01": "El Cedro", "dire_hecho": "CALLE 6 CRA 31", "sitio_hech": "SITIOS PÚBLICOS O ABIERTOS AL PÚBLICO", "lat": 3.428933333, "lon": -76.538795, "estrato": 4 }, "geometry": { "type": "Point", "coordinates": [ -76.538795, 3.428933333 ] } },
{ "type": "Feature", "properties": { "agrupado": "ARMAS EXCEPTO DE FUEGO", "fecha_hech": "2024-05-30T00:00:00", "hora_hecho": "0:48", "cod_comuna": 19, "nom_comuna": "C-19 EL LIDO", "cod_barrio": 1913, "nom_bar_01": "El Cedro", "dire_hecho": "CL 8 KR 26", "sitio_hech": "SITIOS PÚBLICOS O ABIERTOS AL PÚBLICO", "lat": 3.433095, "lon": -76.53751, "estrato": 4 }, "geometry": { "type": "Point", "coordinates": [ -76.53751, 3.433095 ] } },
{ "type": "Feature", "properties": { "agrupado": "SUSTANCIAS PSICOACTIVAS", "fecha_hech": "2024-06-03T00:00:00", "hora_hecho": "8:44", "cod_comuna": 19, "nom_comuna": "C-19 EL LIDO", "cod_barrio": 1913, "nom_bar_01": "El Cedro", "dire_hecho": "CARRERA 30 CON CALLE 9", "sitio_hech": "SITIOS PÚBLICOS O ABIERTOS AL PÚBLICO", "lat": 3.43244, "lon": -76.53757667000001, "estrato": 4 }, "geometry": { "type": "Point", "coordinates": [ -76.53757667, 3.43244 ] } },
{ "type": "Feature", "properties": { "agrupado": "SUSTANCIAS PSICOACTIVAS", "fecha_hech": "2024-06-05T00:00:00", "hora_hecho": "16:08", "cod_comuna": 19, "nom_comuna": "C-19 EL LIDO", "cod_barrio": 1913, "nom_bar_01": "El Cedro", "dire_hecho": "CALLE 9C BIS CARRERA 29", "sitio_hech": "SITIOS PÚBLICOS O ABIERTOS AL PÚBLICO", "lat": 3.432442, "lon": -76.5380712, "estrato": 4 }, "geometry": { "type": "Point", "coordinates": [ -76.5380712, 3.432442 ] } },
{ "type": "Feature", "properties": { "agrupado": "ARMAS EXCEPTO DE FUEGO", "fecha_hech": "2024-06-06T00:00:00", "hora_hecho": "4:43", "cod_comuna": 19, "nom_comuna": "C-19 EL LIDO", "cod_barrio": 1913, "nom_bar_01": "El Cedro", "dire_hecho": "CALLE 9 CARRERA 27", "sitio_hech": "SITIOS PÚBLICOS O ABIERTOS AL PÚBLICO", "lat": 3.428938333, "lon": -76.53881667, "estrato": 4 }, "geometry": { "type": "Point", "coordinates": [ -76.53881667, 3.428938333 ] } },
{ "type": "Feature", "properties": { "agrupado": "SUSTANCIAS PSICOACTIVAS", "fecha_hech": "2024-06-06T00:00:00", "hora_hecho": "10:09", "cod_comuna": 19, "nom_comuna": "C-19 EL LIDO", "cod_barrio": 1913, "nom_bar_01": "El Cedro", "dire_hecho": "CALLE 5 CON CARRERA 34", "sitio_hech": "SITIOS PÚBLICOS O ABIERTOS AL PÚBLICO", "lat": 3.428371667, "lon": -76.53866167, "estrato": 4 }, "geometry": { "type": "Point", "coordinates": [ -76.53866167, 3.428371667 ] } },
{ "type": "Feature", "properties": { "agrupado": "ARMAS EXCEPTO DE FUEGO", "fecha_hech": "2024-06-07T00:00:00", "hora_hecho": "0:09", "cod_comuna": 19, "nom_comuna": "C-19 EL LIDO", "cod_barrio": 1912, "nom_bar_01": "3 de Julio", "dire_hecho": "CALLE 5 CON CARRERA 25", "sitio_hech": "SITIOS PÚBLICOS O ABIERTOS AL PÚBLICO", "lat": 3.435326667, "lon": -76.539775, "estrato": 4 }, "geometry": { "type": "Point", "coordinates": [ -76.539775, 3.435326667 ] } },
{ "type": "Feature", "properties": { "agrupado": "ARMAS EXCEPTO DE FUEGO", "fecha_hech": "2024-06-08T00:00:00", "hora_hecho": "22:38", "cod_comuna": 19, "nom_comuna": "C-19 EL LIDO", "cod_barrio": 1912, "nom_bar_01": "3 de Julio", "dire_hecho": "CALLE 5C CON CARRERA 30", "sitio_hech": "SITIOS PÚBLICOS O ABIERTOS AL PÚBLICO", "lat": 3.430386667, "lon": -76.53943667, "estrato": 4 }, "geometry": { "type": "Point", "coordinates": [ -76.53943667, 3.430386667 ] } },
{ "type": "Feature", "properties": { "agrupado": "ARMAS EXCEPTO DE FUEGO", "fecha_hech": "2024-06-09T00:00:00", "hora_hecho": "4:13", "cod_comuna": 19, "nom_comuna": "C-19 EL LIDO", "cod_barrio": 1905, "nom_bar_01": "Eucaristico", "dire_hecho": "CARRERA 36 CON AVENIDA ROOSEVELT", "sitio_hech": "SITIOS PÚBLICOS O ABIERTOS AL PÚBLICO", "lat": 3.425943333, "lon": -76.53972667, "estrato": 4 }, "geometry": { "type": "Point", "coordinates": [ -76.53972667, 3.425943333 ] } },
{ "type": "Feature", "properties": { "agrupado": "ARMAS EXCEPTO DE FUEGO", "fecha_hech": "2024-06-09T00:00:00", "hora_hecho": "14:43", "cod_comuna": 19, "nom_comuna": "C-19 EL LIDO", "cod_barrio": 1912, "nom_bar_01": "3 de Julio", "dire_hecho": "CALLE 5C CON CARRERA 30", "sitio_hech": "SITIOS PÚBLICOS O ABIERTOS AL PÚBLICO", "lat": 3.43328, "lon": -76.53901667, "estrato": 4 }, "geometry": { "type": "Point", "coordinates": [ -76.53901667, 3.43328 ] } },
{ "type": "Feature", "properties": { "agrupado": "SUSTANCIAS PSICOACTIVAS", "fecha_hech": "2024-06-09T00:00:00", "hora_hecho": "22:51", "cod_comuna": 19, "nom_comuna": "C-19 EL LIDO", "cod_barrio": 1905, "nom_bar_01": "Eucaristico", "dire_hecho": "CARRERA 36 A CON CALLE 6", "sitio_hech": "SITIOS PÚBLICOS O ABIERTOS AL PÚBLICO", "lat": 3.425901667, "lon": -76.53910333, "estrato": 4 }, "geometry": { "type": "Point", "coordinates": [ -76.53910333, 3.425901667 ] } },
{ "type": "Feature", "properties": { "agrupado": "ARMAS EXCEPTO DE FUEGO", "fecha_hech": "2024-06-11T00:00:00", "hora_hecho": "11:39", "cod_comuna": 19, "nom_comuna": "C-19 EL LIDO", "cod_barrio": 1913, "nom_bar_01": "El Cedro", "dire_hecho": "CALLE 9B CARRERA 29", "sitio_hech": "SITIOS PÚBLICOS O ABIERTOS AL PÚBLICO", "lat": 3.42891, "lon": -76.53885167, "estrato": 4 }, "geometry": { "type": "Point", "coordinates": [ -76.53885167, 3.42891 ] } },
{ "type": "Feature", "properties": { "agrupado": "SUSTANCIAS PSICOACTIVAS", "fecha_hech": "2024-06-12T00:00:00", "hora_hecho": "18:27", "cod_comuna": 19, "nom_comuna": "C-19 EL LIDO", "cod_barrio": 1905, "nom_bar_01": "Eucaristico", "dire_hecho": "PARQUE TEMPMETE CR 36 CON 7", "sitio_hech": "SITIOS PÚBLICOS O ABIERTOS AL PÚBLICO", "lat": 3.426013333, "lon": -76.539625, "estrato": 4 }, "geometry": { "type": "Point", "coordinates": [ -76.539625, 3.426013333 ] } },
{ "type": "Feature", "properties": { "agrupado": "SUSTANCIAS PSICOACTIVAS", "fecha_hech": "2024-06-13T00:00:00", "hora_hecho": "9:19", "cod_comuna": 19, "nom_comuna": "C-19 EL LIDO", "cod_barrio": 1905, "nom_bar_01": "Eucaristico", "dire_hecho": "CALLE 6 CARRERA 36", "sitio_hech": "SITIOS PÚBLICOS O ABIERTOS AL PÚBLICO", "lat": 3.425205, "lon": -76.54017833, "estrato": 4 }, "geometry": { "type": "Point", "coordinates": [ -76.54017833, 3.425205 ] } },
{ "type": "Feature", "properties": { "agrupado": "DESACATO, IRRESPETO A LA AUTORIDAD", "fecha_hech": "2024-06-15T00:00:00", "hora_hecho": "20:51", "cod_comuna": 19, "nom_comuna": "C-19 EL LIDO", "cod_barrio": 1913, "nom_bar_01": "El Cedro", "dire_hecho": "CL 6 KR 26", "sitio_hech": "SITIOS PÚBLICOS O ABIERTOS AL PÚBLICO", "lat": 3.434511667, "lon": -76.53872167, "estrato": 4 }, "geometry": { "type": "Point", "coordinates": [ -76.53872167, 3.434511667 ] } },
{ "type": "Feature", "properties": { "agrupado": "ARMAS EXCEPTO DE FUEGO", "fecha_hech": "2024-06-16T00:00:00", "hora_hecho": "17:54", "cod_comuna": 19, "nom_comuna": "C-19 EL LIDO", "cod_barrio": 1913, "nom_bar_01": "El Cedro", "dire_hecho": "CALLE 9 CARRERA 32A", "sitio_hech": "SITIOS PÚBLICOS O ABIERTOS AL PÚBLICO", "lat": 3.428841667, "lon": -76.53879, "estrato": 4 }, "geometry": { "type": "Point", "coordinates": [ -76.53879, 3.428841667 ] } },
{ "type": "Feature", "properties": { "agrupado": "DESACATO, IRRESPETO A LA AUTORIDAD", "fecha_hech": "2024-06-16T00:00:00", "hora_hecho": "23:28", "cod_comuna": 19, "nom_comuna": "C-19 EL LIDO", "cod_barrio": 1912, "nom_bar_01": "3 de Julio", "dire_hecho": "CALLE 5 CARRERA 24", "sitio_hech": "SITIOS PÚBLICOS O ABIERTOS AL PÚBLICO", "lat": 3.436878333, "lon": -76.53906833000001, "estrato": 4 }, "geometry": { "type": "Point", "coordinates": [ -76.53906833, 3.436878333 ] } },
{ "type": "Feature", "properties": { "agrupado": "ARMAS EXCEPTO DE FUEGO", "fecha_hech": "2024-06-17T00:00:00", "hora_hecho": "10:58", "cod_comuna": 19, "nom_comuna": "C-19 EL LIDO", "cod_barrio": 1913, "nom_bar_01": "El Cedro", "dire_hecho": "CALLE 6 CRA 30", "sitio_hech": "SITIOS PÚBLICOS O ABIERTOS AL PÚBLICO", "lat": 3.428838333, "lon": -76.53881, "estrato": 4 }, "geometry": { "type": "Point", "coordinates": [ -76.53881, 3.428838333 ] } },
{ "type": "Feature", "properties": { "agrupado": "ARMAS EXCEPTO DE FUEGO", "fecha_hech": "2024-06-18T00:00:00", "hora_hecho": "15:05", "cod_comuna": 19, "nom_comuna": "C-19 EL LIDO", "cod_barrio": 1913, "nom_bar_01": "El Cedro", "dire_hecho": "CL 8 KR 32", "sitio_hech": "SITIOS PÚBLICOS O ABIERTOS AL PÚBLICO", "lat": 3.427996667, "lon": -76.53791333, "estrato": 4 }, "geometry": { "type": "Point", "coordinates": [ -76.53791333, 3.427996667 ] } },
{ "type": "Feature", "properties": { "agrupado": "DESACATO, IRRESPETO A LA AUTORIDAD", "fecha_hech": "2024-06-18T00:00:00", "hora_hecho": "19:38", "cod_comuna": 19, "nom_comuna": "C-19 EL LIDO", "cod_barrio": 1913, "nom_bar_01": "El Cedro", "dire_hecho": "CLL 8 KR 34", "sitio_hech": "SITIOS PÚBLICOS O ABIERTOS AL PÚBLICO", "lat": 3.427961667, "lon": -76.537855, "estrato": 4 }, "geometry": { "type": "Point", "coordinates": [ -76.537855, 3.427961667 ] } },
{ "type": "Feature", "properties": { "agrupado": "ARMAS EXCEPTO DE FUEGO", "fecha_hech": "2024-06-20T00:00:00", "hora_hecho": "13:07", "cod_comuna": 19, "nom_comuna": "C-19 EL LIDO", "cod_barrio": 1912, "nom_bar_01": "3 de Julio", "dire_hecho": "CARRERA 25 CON CALLE 5", "sitio_hech": "SITIOS PÚBLICOS O ABIERTOS AL PÚBLICO", "lat": 3.435226667, "lon": -76.539415, "estrato": 4 }, "geometry": { "type": "Point", "coordinates": [ -76.539415, 3.435226667 ] } },
{ "type": "Feature", "properties": { "agrupado": "ARMAS EXCEPTO DE FUEGO", "fecha_hech": "2024-06-22T00:00:00", "hora_hecho": "18:19", "cod_comuna": 19, "nom_comuna": "C-19 EL LIDO", "cod_barrio": 1906, "nom_bar_01": "San Fernando Nuevo", "dire_hecho": "CARRERA 36B CON CALLE 5B3", "sitio_hech": "SITIOS PÚBLICOS O ABIERTOS AL PÚBLICO", "lat": 3.42773, "lon": -76.54142667000001, "estrato": 4 }, "geometry": { "type": "Point", "coordinates": [ -76.54142667, 3.42773 ] } },
{ "type": "Feature", "properties": { "agrupado": "ARMAS EXCEPTO DE FUEGO", "fecha_hech": "2024-06-22T00:00:00", "hora_hecho": "23:24", "cod_comuna": 19, "nom_comuna": "C-19 EL LIDO", "cod_barrio": 1913, "nom_bar_01": "El Cedro", "dire_hecho": "CL 8 KR 30", "sitio_hech": "SITIOS PÚBLICOS O ABIERTOS AL PÚBLICO", "lat": 3.427936667, "lon": -76.53788167, "estrato": 4 }, "geometry": { "type": "Point", "coordinates": [ -76.53788167, 3.427936667 ] } },
{ "type": "Feature", "properties": { "agrupado": "ARMAS EXCEPTO DE FUEGO", "fecha_hech": "2024-06-23T00:00:00", "hora_hecho": "12:07", "cod_comuna": 19, "nom_comuna": "C-19 EL LIDO", "cod_barrio": 1913, "nom_bar_01": "El Cedro", "dire_hecho": "CALLE 6 CARRERA 31", "sitio_hech": "SITIOS PÚBLICOS O ABIERTOS AL PÚBLICO", "lat": 3.428891667, "lon": -76.53885, "estrato": 4 }, "geometry": { "type": "Point", "coordinates": [ -76.53885, 3.428891667 ] } },
{ "type": "Feature", "properties": { "agrupado": "ARMAS EXCEPTO DE FUEGO", "fecha_hech": "2024-06-24T00:00:00", "hora_hecho": "0:09", "cod_comuna": 19, "nom_comuna": "C-19 EL LIDO", "cod_barrio": 1912, "nom_bar_01": "3 de Julio", "dire_hecho": "CALLE B53 CON CARRERA 34", "sitio_hech": "SITIOS PÚBLICOS O ABIERTOS AL PÚBLICO", "lat": 3.42902, "lon": -76.53944167, "estrato": 4 }, "geometry": { "type": "Point", "coordinates": [ -76.53944167, 3.42902 ] } },
{ "type": "Feature", "properties": { "agrupado": "DESACATO, IRRESPETO A LA AUTORIDAD", "fecha_hech": "2024-06-25T00:00:00", "hora_hecho": "18:37", "cod_comuna": 19, "nom_comuna": "C-19 EL LIDO", "cod_barrio": 1905, "nom_bar_01": "Eucaristico", "dire_hecho": "CARRERA 34 CON CALLE 6", "sitio_hech": "SITIOS PÚBLICOS O ABIERTOS AL PÚBLICO", "lat": 3.427453333, "lon": -76.53863833, "estrato": 4 }, "geometry": { "type": "Point", "coordinates": [ -76.53863833, 3.427453333 ] } },
{ "type": "Feature", "properties": { "agrupado": "ARMAS EXCEPTO DE FUEGO", "fecha_hech": "2024-06-25T00:00:00", "hora_hecho": "19:12", "cod_comuna": 19, "nom_comuna": "C-19 EL LIDO", "cod_barrio": 1905, "nom_bar_01": "Eucaristico", "dire_hecho": "CRA 34 CON CALLE 7", "sitio_hech": "SITIOS PÚBLICOS O ABIERTOS AL PÚBLICO", "lat": 3.427463333, "lon": -76.538715, "estrato": 4 }, "geometry": { "type": "Point", "coordinates": [ -76.538715, 3.427463333 ] } },
{ "type": "Feature", "properties": { "agrupado": "DESACATO, IRRESPETO A LA AUTORIDAD", "fecha_hech": "2024-06-25T00:00:00", "hora_hecho": "19:44", "cod_comuna": 19, "nom_comuna": "C-19 EL LIDO", "cod_barrio": 1905, "nom_bar_01": "Eucaristico", "dire_hecho": "CALLE 7 CARRERA 34- 60", "sitio_hech": "SITIOS PÚBLICOS O ABIERTOS AL PÚBLICO", "lat": 3.427416667, "lon": -76.53865667, "estrato": 4 }, "geometry": { "type": "Point", "coordinates": [ -76.53865667, 3.427416667 ] } },
{ "type": "Feature", "properties": { "agrupado": "ARMAS EXCEPTO DE FUEGO", "fecha_hech": "2024-06-27T00:00:00", "hora_hecho": "20:46", "cod_comuna": 19, "nom_comuna": "C-19 EL LIDO", "cod_barrio": 1913, "nom_bar_01": "El Cedro", "dire_hecho": "CL 5 B 3 CR38", "sitio_hech": "SITIOS PÚBLICOS O ABIERTOS AL PÚBLICO", "lat": 3.430358333, "lon": -76.53832333, "estrato": 4 }, "geometry": { "type": "Point", "coordinates": [ -76.53832333, 3.430358333 ] } },
{ "type": "Feature", "properties": { "agrupado": "ARMAS EXCEPTO DE FUEGO", "fecha_hech": "2024-06-28T00:00:00", "hora_hecho": "8:58", "cod_comuna": 19, "nom_comuna": "C-19 EL LIDO", "cod_barrio": 1913, "nom_bar_01": "El Cedro", "dire_hecho": "KR 32 CL 8", "sitio_hech": "SITIOS PÚBLICOS O ABIERTOS AL PÚBLICO", "lat": 3.42803, "lon": -76.53780667, "estrato": 4 }, "geometry": { "type": "Point", "coordinates": [ -76.53780667, 3.42803 ] } },
{ "type": "Feature", "properties": { "agrupado": "SUSTANCIAS PSICOACTIVAS", "fecha_hech": "2024-06-29T00:00:00", "hora_hecho": "5:38", "cod_comuna": 19, "nom_comuna": "C-19 EL LIDO", "cod_barrio": 1913, "nom_bar_01": "El Cedro", "dire_hecho": "CL 5 CON CR 55", "sitio_hech": "SITIOS PÚBLICOS O ABIERTOS AL PÚBLICO", "lat": 3.432573333, "lon": -76.53843167, "estrato": 4 }, "geometry": { "type": "Point", "coordinates": [ -76.53843167, 3.432573333 ] } },
{ "type": "Feature", "properties": { "agrupado": "ARMAS EXCEPTO DE FUEGO", "fecha_hech": "2024-06-29T00:00:00", "hora_hecho": "9:10", "cod_comuna": 19, "nom_comuna": "C-19 EL LIDO", "cod_barrio": 1912, "nom_bar_01": "3 de Julio", "dire_hecho": "CALLE 5C CON CARRERA 27", "sitio_hech": "SITIOS PÚBLICOS O ABIERTOS AL PÚBLICO", "lat": 3.43335, "lon": -76.53998, "estrato": 4 }, "geometry": { "type": "Point", "coordinates": [ -76.53998, 3.43335 ] } },
{ "type": "Feature", "properties": { "agrupado": "DESACATO, IRRESPETO A LA AUTORIDAD", "fecha_hech": "2024-06-29T00:00:00", "hora_hecho": "10:17", "cod_comuna": 19, "nom_comuna": "C-19 EL LIDO", "cod_barrio": 1912, "nom_bar_01": "3 de Julio", "dire_hecho": "CALLE 5 CON CARRERA 25", "sitio_hech": "SITIOS PÚBLICOS O ABIERTOS AL PÚBLICO", "lat": 3.435795, "lon": -76.54007, "estrato": 4 }, "geometry": { "type": "Point", "coordinates": [ -76.54007, 3.435795 ] } },
{ "type": "Feature", "properties": { "agrupado": "ARMAS EXCEPTO DE FUEGO", "fecha_hech": "2024-06-29T00:00:00", "hora_hecho": "16:05", "cod_comuna": 19, "nom_comuna": "C-19 EL LIDO", "cod_barrio": 1913, "nom_bar_01": "El Cedro", "dire_hecho": "CALLE 5B CON CARRERA 34", "sitio_hech": "SITIOS PÚBLICOS O ABIERTOS AL PÚBLICO", "lat": 3.432688333, "lon": -76.53867833, "estrato": 4 }, "geometry": { "type": "Point", "coordinates": [ -76.53867833, 3.432688333 ] } },
{ "type": "Feature", "properties": { "agrupado": "SUSTANCIAS PSICOACTIVAS", "fecha_hech": "2024-06-30T00:00:00", "hora_hecho": "20:28", "cod_comuna": 19, "nom_comuna": "C-19 EL LIDO", "cod_barrio": 1905, "nom_bar_01": "Eucaristico", "dire_hecho": "CALLE 6A CON 62", "sitio_hech": "SITIOS PÚBLICOS O ABIERTOS AL PÚBLICO", "lat": 3.425728333, "lon": -76.538175, "estrato": 4 }, "geometry": { "type": "Point", "coordinates": [ -76.538175, 3.425728333 ] } },
{ "type": "Feature", "properties": { "agrupado": "ARMAS EXCEPTO DE FUEGO", "fecha_hech": "2024-07-01T00:00:00", "hora_hecho": "11:33", "cod_comuna": 19, "nom_comuna": "C-19 EL LIDO", "cod_barrio": 1905, "nom_bar_01": "Eucaristico", "dire_hecho": "CR 36 CON CLL 7 PARQUE TEMPLETE", "sitio_hech": "SITIOS PÚBLICOS O ABIERTOS AL PÚBLICO", "lat": 3.425995, "lon": -76.53961833, "estrato": 4 }, "geometry": { "type": "Point", "coordinates": [ -76.53961833, 3.425995 ] } },
{ "type": "Feature", "properties": { "agrupado": "ARMAS EXCEPTO DE FUEGO", "fecha_hech": "2024-07-02T00:00:00", "hora_hecho": "2:45", "cod_comuna": 19, "nom_comuna": "C-19 EL LIDO", "cod_barrio": 1913, "nom_bar_01": "El Cedro", "dire_hecho": "CL 7 KR 31", "sitio_hech": "SITIOS PÚBLICOS O ABIERTOS AL PÚBLICO", "lat": 3.428916667, "lon": -76.53879667, "estrato": 4 }, "geometry": { "type": "Point", "coordinates": [ -76.53879667, 3.428916667 ] } },
{ "type": "Feature", "properties": { "agrupado": "SUSTANCIAS PSICOACTIVAS", "fecha_hech": "2024-07-02T00:00:00", "hora_hecho": "11:52", "cod_comuna": 19, "nom_comuna": "C-19 EL LIDO", "cod_barrio": 1905, "nom_bar_01": "Eucaristico", "dire_hecho": "CARRERA 36A CON CALLE 6", "sitio_hech": "SITIOS PÚBLICOS O ABIERTOS AL PÚBLICO", "lat": 3.426015, "lon": -76.53965167, "estrato": 4 }, "geometry": { "type": "Point", "coordinates": [ -76.53965167, 3.426015 ] } },
{ "type": "Feature", "properties": { "agrupado": "ARMAS EXCEPTO DE FUEGO", "fecha_hech": "2024-07-02T00:00:00", "hora_hecho": "13:05", "cod_comuna": 19, "nom_comuna": "C-19 EL LIDO", "cod_barrio": 1913, "nom_bar_01": "El Cedro", "dire_hecho": "CALLE 6 CRA 31", "sitio_hech": "SITIOS PÚBLICOS O ABIERTOS AL PÚBLICO", "lat": 3.428925, "lon": -76.53876333, "estrato": 4 }, "geometry": { "type": "Point", "coordinates": [ -76.53876333, 3.428925 ] } },
{ "type": "Feature", "properties": { "agrupado": "ARMAS EXCEPTO DE FUEGO", "fecha_hech": "2024-07-03T00:00:00", "hora_hecho": "18:32", "cod_comuna": 19, "nom_comuna": "C-19 EL LIDO", "cod_barrio": 1913, "nom_bar_01": "El Cedro", "dire_hecho": "CL 8 KR 32", "sitio_hech": "SITIOS PÚBLICOS O ABIERTOS AL PÚBLICO", "lat": 3.428013333, "lon": -76.53775, "estrato": 4 }, "geometry": { "type": "Point", "coordinates": [ -76.53775, 3.428013333 ] } },
{ "type": "Feature", "properties": { "agrupado": "SUSTANCIAS PSICOACTIVAS", "fecha_hech": "2024-07-04T00:00:00", "hora_hecho": "18:57", "cod_comuna": 19, "nom_comuna": "C-19 EL LIDO", "cod_barrio": 1905, "nom_bar_01": "Eucaristico", "dire_hecho": "CARRERA 52 CON CALLE 2", "sitio_hech": "SITIOS PÚBLICOS O ABIERTOS AL PÚBLICO", "lat": 3.42621, "lon": -76.53960333000001, "estrato": 4 }, "geometry": { "type": "Point", "coordinates": [ -76.53960333, 3.42621 ] } },
{ "type": "Feature", "properties": { "agrupado": "ARMAS EXCEPTO DE FUEGO", "fecha_hech": "2024-07-05T00:00:00", "hora_hecho": "10:39", "cod_comuna": 19, "nom_comuna": "C-19 EL LIDO", "cod_barrio": 1905, "nom_bar_01": "Eucaristico", "dire_hecho": "CARRERA 38 CON CALLE 8", "sitio_hech": "SITIOS PÚBLICOS O ABIERTOS AL PÚBLICO", "lat": 3.425901667, "lon": -76.53917333, "estrato": 4 }, "geometry": { "type": "Point", "coordinates": [ -76.53917333, 3.425901667 ] } },
{ "type": "Feature", "properties": { "agrupado": "SUSTANCIAS PSICOACTIVAS", "fecha_hech": "2024-07-05T00:00:00", "hora_hecho": "10:50", "cod_comuna": 19, "nom_comuna": "C-19 EL LIDO", "cod_barrio": 1913, "nom_bar_01": "El Cedro", "dire_hecho": "CALLE 5B2 CAREERA 37", "sitio_hech": "SITIOS PÚBLICOS O ABIERTOS AL PÚBLICO", "lat": 3.428906667, "lon": -76.53885833, "estrato": 4 }, "geometry": { "type": "Point", "coordinates": [ -76.53885833, 3.428906667 ] } },
{ "type": "Feature", "properties": { "agrupado": "SUSTANCIAS PSICOACTIVAS", "fecha_hech": "2024-07-05T00:00:00", "hora_hecho": "20:01", "cod_comuna": 19, "nom_comuna": "C-19 EL LIDO", "cod_barrio": 1905, "nom_bar_01": "Eucaristico", "dire_hecho": "CALLE 6 CON CARRERA 36", "sitio_hech": "SITIOS PÚBLICOS O ABIERTOS AL PÚBLICO", "lat": 3.42599, "lon": -76.53973167, "estrato": 4 }, "geometry": { "type": "Point", "coordinates": [ -76.53973167, 3.42599 ] } },
{ "type": "Feature", "properties": { "agrupado": "ARMAS EXCEPTO DE FUEGO", "fecha_hech": "2024-07-06T00:00:00", "hora_hecho": "2:17", "cod_comuna": 19, "nom_comuna": "C-19 EL LIDO", "cod_barrio": 1905, "nom_bar_01": "Eucaristico", "dire_hecho": "CARRERA 36 CON CALLE 7", "sitio_hech": "SITIOS PÚBLICOS O ABIERTOS AL PÚBLICO", "lat": 3.426146667, "lon": -76.53918833, "estrato": 4 }, "geometry": { "type": "Point", "coordinates": [ -76.53918833, 3.426146667 ] } },
{ "type": "Feature", "properties": { "agrupado": "ARMAS EXCEPTO DE FUEGO", "fecha_hech": "2024-07-06T00:00:00", "hora_hecho": "3:26", "cod_comuna": 19, "nom_comuna": "C-19 EL LIDO", "cod_barrio": 1912, "nom_bar_01": "3 de Julio", "dire_hecho": "CALLE 6 CON CARRERA 34", "sitio_hech": "SITIOS PÚBLICOS O ABIERTOS AL PÚBLICO", "lat": 3.428658333, "lon": -76.53926, "estrato": 4 }, "geometry": { "type": "Point", "coordinates": [ -76.53926, 3.428658333 ] } },
{ "type": "Feature", "properties": { "agrupado": "SUSTANCIAS PSICOACTIVAS", "fecha_hech": "2024-07-06T00:00:00", "hora_hecho": "11:39", "cod_comuna": 19, "nom_comuna": "C-19 EL LIDO", "cod_barrio": 1913, "nom_bar_01": "El Cedro", "dire_hecho": "CALLE 7 CON CARRERA 30A", "sitio_hech": "SITIOS PÚBLICOS O ABIERTOS AL PÚBLICO", "lat": 3.429466667, "lon": -76.538185, "estrato": 4 }, "geometry": { "type": "Point", "coordinates": [ -76.538185, 3.429466667 ] } },
{ "type": "Feature", "properties": { "agrupado": "ARMAS EXCEPTO DE FUEGO", "fecha_hech": "2024-07-06T00:00:00", "hora_hecho": "16:51", "cod_comuna": 19, "nom_comuna": "C-19 EL LIDO", "cod_barrio": 1906, "nom_bar_01": "San Fernando Nuevo", "dire_hecho": "CALLE 5D CON CARRERA 39", "sitio_hech": "SITIOS PÚBLICOS O ABIERTOS AL PÚBLICO", "lat": 3.427761667, "lon": -76.53939167, "estrato": 4 }, "geometry": { "type": "Point", "coordinates": [ -76.53939167, 3.427761667 ] } },
{ "type": "Feature", "properties": { "agrupado": "ARMAS EXCEPTO DE FUEGO", "fecha_hech": "2024-07-07T00:00:00", "hora_hecho": "1:29", "cod_comuna": 19, "nom_comuna": "C-19 EL LIDO", "cod_barrio": 1913, "nom_bar_01": "El Cedro", "dire_hecho": "CALLE 6 CARRERA 31", "sitio_hech": "SITIOS PÚBLICOS O ABIERTOS AL PÚBLICO", "lat": 3.428985, "lon": -76.53882, "estrato": 4 }, "geometry": { "type": "Point", "coordinates": [ -76.53882, 3.428985 ] } },
{ "type": "Feature", "properties": { "agrupado": "ARMAS EXCEPTO DE FUEGO", "fecha_hech": "2024-07-07T00:00:00", "hora_hecho": "13:32", "cod_comuna": 19, "nom_comuna": "C-19 EL LIDO", "cod_barrio": 1905, "nom_bar_01": "Eucaristico", "dire_hecho": "CALLE 37 CON CRA 36", "sitio_hech": "SITIOS PÚBLICOS O ABIERTOS AL PÚBLICO", "lat": 3.425848333, "lon": -76.53917667, "estrato": 4 }, "geometry": { "type": "Point", "coordinates": [ -76.53917667, 3.425848333 ] } },
{ "type": "Feature", "properties": { "agrupado": "ARMAS EXCEPTO DE FUEGO", "fecha_hech": "2024-07-07T00:00:00", "hora_hecho": "19:13", "cod_comuna": 19, "nom_comuna": "C-19 EL LIDO", "cod_barrio": 1913, "nom_bar_01": "El Cedro", "dire_hecho": "CALLE 6 CARRERA 31", "sitio_hech": "SITIOS PÚBLICOS O ABIERTOS AL PÚBLICO", "lat": 3.428916667, "lon": -76.538765, "estrato": 4 }, "geometry": { "type": "Point", "coordinates": [ -76.538765, 3.428916667 ] } },
{ "type": "Feature", "properties": { "agrupado": "ARMAS EXCEPTO DE FUEGO", "fecha_hech": "2024-07-07T00:00:00", "hora_hecho": "19:16", "cod_comuna": 19, "nom_comuna": "C-19 EL LIDO", "cod_barrio": 1905, "nom_bar_01": "Eucaristico", "dire_hecho": "CALLE 7 CON CARRERA 36", "sitio_hech": "SITIOS PÚBLICOS O ABIERTOS AL PÚBLICO", "lat": 3.42606, "lon": -76.53971833, "estrato": 4 }, "geometry": { "type": "Point", "coordinates": [ -76.53971833, 3.42606 ] } },
{ "type": "Feature", "properties": { "agrupado": "DESACATO, IRRESPETO A LA AUTORIDAD", "fecha_hech": "2024-07-07T00:00:00", "hora_hecho": "22:39", "cod_comuna": 19, "nom_comuna": "C-19 EL LIDO", "cod_barrio": 1913, "nom_bar_01": "El Cedro", "dire_hecho": "CL 7 KR 32", "sitio_hech": "SITIOS PÚBLICOS O ABIERTOS AL PÚBLICO", "lat": 3.42841, "lon": -76.53852833000001, "estrato": 4 }, "geometry": { "type": "Point", "coordinates": [ -76.53852833, 3.42841 ] } },
{ "type": "Feature", "properties": { "agrupado": "ARMAS EXCEPTO DE FUEGO", "fecha_hech": "2024-07-08T00:00:00", "hora_hecho": "12:24", "cod_comuna": 19, "nom_comuna": "C-19 EL LIDO", "cod_barrio": 1913, "nom_bar_01": "El Cedro", "dire_hecho": "CALLE 6 CRA 34", "sitio_hech": "SITIOS PÚBLICOS O ABIERTOS AL PÚBLICO", "lat": 3.428986667, "lon": -76.53877667, "estrato": 4 }, "geometry": { "type": "Point", "coordinates": [ -76.53877667, 3.428986667 ] } },
{ "type": "Feature", "properties": { "agrupado": "ARMAS EXCEPTO DE FUEGO", "fecha_hech": "2024-07-08T00:00:00", "hora_hecho": "15:02", "cod_comuna": 19, "nom_comuna": "C-19 EL LIDO", "cod_barrio": 1913, "nom_bar_01": "El Cedro", "dire_hecho": "CARRERA 27 CON CALLE 6A", "sitio_hech": "SITIOS PÚBLICOS O ABIERTOS AL PÚBLICO", "lat": 3.433228333, "lon": -76.53751833, "estrato": 4 }, "geometry": { "type": "Point", "coordinates": [ -76.53751833, 3.433228333 ] } },
{ "type": "Feature", "properties": { "agrupado": "SUSTANCIAS PSICOACTIVAS", "fecha_hech": "2024-07-09T00:00:00", "hora_hecho": "1:23", "cod_comuna": 19, "nom_comuna": "C-19 EL LIDO", "cod_barrio": 1905, "nom_bar_01": "Eucaristico", "dire_hecho": "CARRERA 36 CON CALLE 7", "sitio_hech": "SITIOS PÚBLICOS O ABIERTOS AL PÚBLICO", "lat": 3.425905, "lon": -76.53966333, "estrato": 4 }, "geometry": { "type": "Point", "coordinates": [ -76.53966333, 3.425905 ] } },
{ "type": "Feature", "properties": { "agrupado": "SUSTANCIAS PSICOACTIVAS", "fecha_hech": "2024-07-09T00:00:00", "hora_hecho": "12:42", "cod_comuna": 19, "nom_comuna": "C-19 EL LIDO", "cod_barrio": 1905, "nom_bar_01": "Eucaristico", "dire_hecho": "CALLE 7 CON CARRERA 30", "sitio_hech": "SITIOS PÚBLICOS O ABIERTOS AL PÚBLICO", "lat": 3.425631667, "lon": -76.53908833, "estrato": 4 }, "geometry": { "type": "Point", "coordinates": [ -76.53908833, 3.425631667 ] } },
{ "type": "Feature", "properties": { "agrupado": "ARMAS EXCEPTO DE FUEGO", "fecha_hech": "2024-07-11T00:00:00", "hora_hecho": "18:52", "cod_comuna": 19, "nom_comuna": "C-19 EL LIDO", "cod_barrio": 1905, "nom_bar_01": "Eucaristico", "dire_hecho": "CALLE 8 CON CARRERA 36", "sitio_hech": "SITIOS PÚBLICOS O ABIERTOS AL PÚBLICO", "lat": 3.425463333, "lon": -76.53813167, "estrato": 4 }, "geometry": { "type": "Point", "coordinates": [ -76.53813167, 3.425463333 ] } },
{ "type": "Feature", "properties": { "agrupado": "SUSTANCIAS PSICOACTIVAS", "fecha_hech": "2024-07-12T00:00:00", "hora_hecho": "9:31", "cod_comuna": 19, "nom_comuna": "C-19 EL LIDO", "cod_barrio": 1905, "nom_bar_01": "Eucaristico", "dire_hecho": "CALLE 7 CON CARRERA 36", "sitio_hech": "SITIOS PÚBLICOS O ABIERTOS AL PÚBLICO", "lat": 3.42604, "lon": -76.53944833, "estrato": 4 }, "geometry": { "type": "Point", "coordinates": [ -76.53944833, 3.42604 ] } },
{ "type": "Feature", "properties": { "agrupado": "DESACATO, IRRESPETO A LA AUTORIDAD", "fecha_hech": "2024-07-12T00:00:00", "hora_hecho": "21:25", "cod_comuna": 19, "nom_comuna": "C-19 EL LIDO", "cod_barrio": 1913, "nom_bar_01": "El Cedro", "dire_hecho": "CALLE 8 CON CARRERA 32", "sitio_hech": "SITIOS PÚBLICOS O ABIERTOS AL PÚBLICO", "lat": 3.428148333, "lon": -76.537785, "estrato": 4 }, "geometry": { "type": "Point", "coordinates": [ -76.537785, 3.428148333 ] } },
{ "type": "Feature", "properties": { "agrupado": "ARMAS EXCEPTO DE FUEGO", "fecha_hech": "2024-07-13T00:00:00", "hora_hecho": "11:25", "cod_comuna": 19, "nom_comuna": "C-19 EL LIDO", "cod_barrio": 1913, "nom_bar_01": "El Cedro", "dire_hecho": "CALLE 6 CON CARRERA 26", "sitio_hech": "SITIOS PÚBLICOS O ABIERTOS AL PÚBLICO", "lat": 3.433681667, "lon": -76.53861167, "estrato": 4 }, "geometry": { "type": "Point", "coordinates": [ -76.53861167, 3.433681667 ] } },
{ "type": "Feature", "properties": { "agrupado": "SUSTANCIAS PSICOACTIVAS", "fecha_hech": "2024-07-13T00:00:00", "hora_hecho": "11:35", "cod_comuna": 19, "nom_comuna": "C-19 EL LIDO", "cod_barrio": 1905, "nom_bar_01": "Eucaristico", "dire_hecho": "CR 36 CON CALLE 7 PARQUE EL TEMPLETE", "sitio_hech": "SITIOS PÚBLICOS O ABIERTOS AL PÚBLICO", "lat": 3.426131667, "lon": -76.53954, "estrato": 4 }, "geometry": { "type": "Point", "coordinates": [ -76.53954, 3.426131667 ] } },
{ "type": "Feature", "properties": { "agrupado": "ARMAS EXCEPTO DE FUEGO", "fecha_hech": "2024-07-13T00:00:00", "hora_hecho": "13:25", "cod_comuna": 19, "nom_comuna": "C-19 EL LIDO", "cod_barrio": 1913, "nom_bar_01": "El Cedro", "dire_hecho": "CALLE 25 #6-51", "sitio_hech": "SITIOS PÚBLICOS O ABIERTOS AL PÚBLICO", "lat": 3.435385, "lon": -76.53813333, "estrato": 4 }, "geometry": { "type": "Point", "coordinates": [ -76.53813333, 3.435385 ] } },
{ "type": "Feature", "properties": { "agrupado": "DESACATO, IRRESPETO A LA AUTORIDAD", "fecha_hech": "2024-07-13T00:00:00", "hora_hecho": "18:43", "cod_comuna": 19, "nom_comuna": "C-9 JUNIN", "cod_barrio": 1913, "nom_bar_01": "El Cedro", "dire_hecho": "KRA 10A CON CLL 18", "sitio_hech": "SITIOS PÚBLICOS O ABIERTOS AL PÚBLICO", "lat": 3.4371304, "lon": -76.5379201, "estrato": 4 }, "geometry": { "type": "Point", "coordinates": [ -76.5379201, 3.4371304 ] } },
{ "type": "Feature", "properties": { "agrupado": "SUSTANCIAS PSICOACTIVAS", "fecha_hech": "2024-07-15T00:00:00", "hora_hecho": "10:24", "cod_comuna": 19, "nom_comuna": "C-19 EL LIDO", "cod_barrio": 1905, "nom_bar_01": "Eucaristico", "dire_hecho": "CALLE 7 CON CARRERA 36A", "sitio_hech": "SITIOS PÚBLICOS O ABIERTOS AL PÚBLICO", "lat": 3.425733333, "lon": -76.5392, "estrato": 4 }, "geometry": { "type": "Point", "coordinates": [ -76.5392, 3.425733333 ] } },
{ "type": "Feature", "properties": { "agrupado": "SUSTANCIAS PSICOACTIVAS", "fecha_hech": "2024-07-16T00:00:00", "hora_hecho": "18:16", "cod_comuna": 19, "nom_comuna": "C-19 EL LIDO", "cod_barrio": 1912, "nom_bar_01": "3 de Julio", "dire_hecho": "CARRERA 30 CON 6", "sitio_hech": "SITIOS PÚBLICOS O ABIERTOS AL PÚBLICO", "lat": 3.430428333, "lon": -76.53903833, "estrato": 4 }, "geometry": { "type": "Point", "coordinates": [ -76.53903833, 3.430428333 ] } },
{ "type": "Feature", "properties": { "agrupado": "DESACATO, IRRESPETO A LA AUTORIDAD", "fecha_hech": "2024-07-16T00:00:00", "hora_hecho": "22:01", "cod_comuna": 19, "nom_comuna": "C-19 EL LIDO", "cod_barrio": 1905, "nom_bar_01": "Eucaristico", "dire_hecho": "CALLE 6A CON CARRERA 37", "sitio_hech": "SITIOS PÚBLICOS O ABIERTOS AL PÚBLICO", "lat": 3.425296667, "lon": -76.5393, "estrato": 4 }, "geometry": { "type": "Point", "coordinates": [ -76.5393, 3.425296667 ] } },
{ "type": "Feature", "properties": { "agrupado": "ARMAS EXCEPTO DE FUEGO", "fecha_hech": "2024-07-17T00:00:00", "hora_hecho": "12:19", "cod_comuna": 19, "nom_comuna": "C-19 EL LIDO", "cod_barrio": 1912, "nom_bar_01": "3 de Julio", "dire_hecho": "CALLE 5 CARRERA 24A", "sitio_hech": "SITIOS PÚBLICOS O ABIERTOS AL PÚBLICO", "lat": 3.43643, "lon": -76.53959667, "estrato": 4 }, "geometry": { "type": "Point", "coordinates": [ -76.53959667, 3.43643 ] } },
{ "type": "Feature", "properties": { "agrupado": "RIÑAS", "fecha_hech": "2024-07-18T00:00:00", "hora_hecho": "10:00", "cod_comuna": 19, "nom_comuna": "C-19 EL LIDO", "cod_barrio": 1912, "nom_bar_01": "3 de Julio", "dire_hecho": "CALLE 5 CON 36", "sitio_hech": "SITIOS PÚBLICOS O ABIERTOS AL PÚBLICO", "lat": 3.43, "lon": -76.54, "estrato": 4 }, "geometry": { "type": "Point", "coordinates": [ -76.54, 3.43 ] } },
{ "type": "Feature", "properties": { "agrupado": "SUSTANCIAS PSICOACTIVAS", "fecha_hech": "2024-07-18T00:00:00", "hora_hecho": "16:14", "cod_comuna": 19, "nom_comuna": "C-19 EL LIDO", "cod_barrio": 1905, "nom_bar_01": "Eucaristico", "dire_hecho": "CALLE 8 CARRERA 36A", "sitio_hech": "SITIOS PÚBLICOS O ABIERTOS AL PÚBLICO", "lat": 3.425476667, "lon": -76.53935667, "estrato": 4 }, "geometry": { "type": "Point", "coordinates": [ -76.53935667, 3.425476667 ] } },
{ "type": "Feature", "properties": { "agrupado": "SUSTANCIAS PSICOACTIVAS", "fecha_hech": "2024-07-21T00:00:00", "hora_hecho": "11:57", "cod_comuna": 19, "nom_comuna": "C-19 EL LIDO", "cod_barrio": 1905, "nom_bar_01": "Eucaristico", "dire_hecho": "CALLE 7 CON CARRERA 36", "sitio_hech": "SITIOS PÚBLICOS O ABIERTOS AL PÚBLICO", "lat": 3.425745, "lon": -76.539265, "estrato": 4 }, "geometry": { "type": "Point", "coordinates": [ -76.539265, 3.425745 ] } },
{ "type": "Feature", "properties": { "agrupado": "DESACATO, IRRESPETO A LA AUTORIDAD", "fecha_hech": "2024-07-22T00:00:00", "hora_hecho": "15:34", "cod_comuna": 19, "nom_comuna": "C-19 EL LIDO", "cod_barrio": 1912, "nom_bar_01": "3 de Julio", "dire_hecho": "CALLE 5C CON CARRERA 27", "sitio_hech": "SITIOS PÚBLICOS O ABIERTOS AL PÚBLICO", "lat": 3.43336, "lon": -76.53995833, "estrato": 4 }, "geometry": { "type": "Point", "coordinates": [ -76.53995833, 3.43336 ] } },
{ "type": "Feature", "properties": { "agrupado": "ARMAS EXCEPTO DE FUEGO", "fecha_hech": "2024-07-22T00:00:00", "hora_hecho": "18:39", "cod_comuna": 19, "nom_comuna": "C-19 EL LIDO", "cod_barrio": 1913, "nom_bar_01": "El Cedro", "dire_hecho": "CALLE 6 CARRERA 31", "sitio_hech": "SITIOS PÚBLICOS O ABIERTOS AL PÚBLICO", "lat": 3.428901667, "lon": -76.53885333, "estrato": 4 }, "geometry": { "type": "Point", "coordinates": [ -76.53885333, 3.428901667 ] } },
{ "type": "Feature", "properties": { "agrupado": "ARMAS EXCEPTO DE FUEGO", "fecha_hech": "2024-07-23T00:00:00", "hora_hecho": "8:47", "cod_comuna": 19, "nom_comuna": "C-19 EL LIDO", "cod_barrio": 1912, "nom_bar_01": "3 de Julio", "dire_hecho": "CALLE 5B3 CRA 34", "sitio_hech": "SITIOS PÚBLICOS O ABIERTOS AL PÚBLICO", "lat": 3.429228333, "lon": -76.539655, "estrato": 4 }, "geometry": { "type": "Point", "coordinates": [ -76.539655, 3.429228333 ] } },
{ "type": "Feature", "properties": { "agrupado": "ARMAS EXCEPTO DE FUEGO", "fecha_hech": "2024-07-25T00:00:00", "hora_hecho": "0:37", "cod_comuna": 19, "nom_comuna": "C-19 EL LIDO", "cod_barrio": 1905, "nom_bar_01": "Eucaristico", "dire_hecho": "CALLE 7 CON CARRERA 36", "sitio_hech": "SITIOS PÚBLICOS O ABIERTOS AL PÚBLICO", "lat": 3.426218333, "lon": -76.53981333, "estrato": 4 }, "geometry": { "type": "Point", "coordinates": [ -76.53981333, 3.426218333 ] } },
{ "type": "Feature", "properties": { "agrupado": "DESACATO, IRRESPETO A LA AUTORIDAD", "fecha_hech": "2024-07-25T00:00:00", "hora_hecho": "11:56", "cod_comuna": 19, "nom_comuna": "C-19 EL LIDO", "cod_barrio": 1912, "nom_bar_01": "3 de Julio", "dire_hecho": "CARRERA 27 CALLE 5", "sitio_hech": "SITIOS PÚBLICOS O ABIERTOS AL PÚBLICO", "lat": 3.433331667, "lon": -76.54023667, "estrato": 4 }, "geometry": { "type": "Point", "coordinates": [ -76.54023667, 3.433331667 ] } },
{ "type": "Feature", "properties": { "agrupado": "ARMAS EXCEPTO DE FUEGO", "fecha_hech": "2024-07-25T00:00:00", "hora_hecho": "17:57", "cod_comuna": 19, "nom_comuna": "C-19 EL LIDO", "cod_barrio": 1912, "nom_bar_01": "3 de Julio", "dire_hecho": "CALLE 5C CON CARRERA 27", "sitio_hech": "SITIOS PÚBLICOS O ABIERTOS AL PÚBLICO", "lat": 3.433371667, "lon": -76.53992333, "estrato": 4 }, "geometry": { "type": "Point", "coordinates": [ -76.53992333, 3.433371667 ] } },
{ "type": "Feature", "properties": { "agrupado": "DESACATO, IRRESPETO A LA AUTORIDAD", "fecha_hech": "2024-07-27T00:00:00", "hora_hecho": "0:13", "cod_comuna": 19, "nom_comuna": "C-19 EL LIDO", "cod_barrio": 1912, "nom_bar_01": "3 de Julio", "dire_hecho": "CALLE 5C CON CARRERA 30", "sitio_hech": "SITIOS PÚBLICOS O ABIERTOS AL PÚBLICO", "lat": 3.43035, "lon": -76.53947, "estrato": 4 }, "geometry": { "type": "Point", "coordinates": [ -76.53947, 3.43035 ] } },
{ "type": "Feature", "properties": { "agrupado": "RIÑAS", "fecha_hech": "2024-07-27T00:00:00", "hora_hecho": "12:41", "cod_comuna": 19, "nom_comuna": "C-19 EL LIDO", "cod_barrio": 1912, "nom_bar_01": "3 de Julio", "dire_hecho": "CALLE 7 CON 29", "sitio_hech": "SITIOS PÚBLICOS O ABIERTOS AL PÚBLICO", "lat": 3.43, "lon": -76.54, "estrato": 4 }, "geometry": { "type": "Point", "coordinates": [ -76.54, 3.43 ] } },
{ "type": "Feature", "properties": { "agrupado": "ARMAS EXCEPTO DE FUEGO", "fecha_hech": "2024-07-27T00:00:00", "hora_hecho": "16:05", "cod_comuna": 19, "nom_comuna": "C-19 EL LIDO", "cod_barrio": 1912, "nom_bar_01": "3 de Julio", "dire_hecho": "CALLE 5 CON CARRERA 29", "sitio_hech": "SITIOS PÚBLICOS O ABIERTOS AL PÚBLICO", "lat": 3.434553333, "lon": -76.540365, "estrato": 4 }, "geometry": { "type": "Point", "coordinates": [ -76.540365, 3.434553333 ] } },
{ "type": "Feature", "properties": { "agrupado": "ARMAS EXCEPTO DE FUEGO", "fecha_hech": "2024-07-28T00:00:00", "hora_hecho": "15:54", "cod_comuna": 19, "nom_comuna": "C-19 EL LIDO", "cod_barrio": 1912, "nom_bar_01": "3 de Julio", "dire_hecho": "CARRERA 25 CALLE 5", "sitio_hech": "SITIOS PÚBLICOS O ABIERTOS AL PÚBLICO", "lat": 3.436326667, "lon": -76.539515, "estrato": 4 }, "geometry": { "type": "Point", "coordinates": [ -76.539515, 3.436326667 ] } },
{ "type": "Feature", "properties": { "agrupado": "SUSTANCIAS PSICOACTIVAS", "fecha_hech": "2024-07-29T00:00:00", "hora_hecho": "12:28", "cod_comuna": 19, "nom_comuna": "C-19 EL LIDO", "cod_barrio": 1905, "nom_bar_01": "Eucaristico", "dire_hecho": "CARRERA 36 CON CALLE 7", "sitio_hech": "SITIOS PÚBLICOS O ABIERTOS AL PÚBLICO", "lat": 3.426166667, "lon": -76.53952333, "estrato": 4 }, "geometry": { "type": "Point", "coordinates": [ -76.53952333, 3.426166667 ] } },
{ "type": "Feature", "properties": { "agrupado": "ARMAS EXCEPTO DE FUEGO", "fecha_hech": "2024-07-30T00:00:00", "hora_hecho": "6:22", "cod_comuna": 19, "nom_comuna": "C-19 EL LIDO", "cod_barrio": 1905, "nom_bar_01": "Eucaristico", "dire_hecho": "CARRERA 36A CON CALLE 6", "sitio_hech": "SITIOS PÚBLICOS O ABIERTOS AL PÚBLICO", "lat": 3.426123333, "lon": -76.53982833000001, "estrato": 4 }, "geometry": { "type": "Point", "coordinates": [ -76.53982833, 3.426123333 ] } },
{ "type": "Feature", "properties": { "agrupado": "SUSTANCIAS PSICOACTIVAS", "fecha_hech": "2024-08-02T00:00:00", "hora_hecho": "19:18", "cod_comuna": 19, "nom_comuna": "NO APLICA", "cod_barrio": 1905, "nom_bar_01": "Eucaristico", "dire_hecho": "CALLE 7 Carrera 34", "sitio_hech": "SITIOS PÚBLICOS O ABIERTOS AL PÚBLICO", "lat": 3.4259417, "lon": -76.539155, "estrato": 4 }, "geometry": { "type": "Point", "coordinates": [ -76.539155, 3.4259417 ] } },
{ "type": "Feature", "properties": { "agrupado": "RIÑAS", "fecha_hech": "2024-08-05T00:00:00", "hora_hecho": "23:39", "cod_comuna": 19, "nom_comuna": "C-19 EL LIDO", "cod_barrio": 1912, "nom_bar_01": "3 de Julio", "dire_hecho": "Carrera 28#6-86", "sitio_hech": "DOMICILIO", "lat": 3.43, "lon": -76.54, "estrato": 4 }, "geometry": { "type": "Point", "coordinates": [ -76.54, 3.43 ] } },
{ "type": "Feature", "properties": { "agrupado": "ARMAS EXCEPTO DE FUEGO", "fecha_hech": "2024-08-19T00:00:00", "hora_hecho": "0:50", "cod_comuna": 19, "nom_comuna": "C-19 EL LIDO", "cod_barrio": 1913, "nom_bar_01": "El Cedro", "dire_hecho": "Carrera 30 Calle 6", "sitio_hech": "SITIOS PÚBLICOS O ABIERTOS AL PÚBLICO", "lat": 3.428935, "lon": -76.5388351, "estrato": 4 }, "geometry": { "type": "Point", "coordinates": [ -76.5388351, 3.428935 ] } },
{ "type": "Feature", "properties": { "agrupado": "SUSTANCIAS PSICOACTIVAS", "fecha_hech": "2024-08-29T00:00:00", "hora_hecho": "19:41", "cod_comuna": 19, "nom_comuna": "C-19 EL LIDO", "cod_barrio": 1905, "nom_bar_01": "Eucaristico", "dire_hecho": "Cll 7 con cr 36", "sitio_hech": "SITIOS PÚBLICOS O ABIERTOS AL PÚBLICO", "lat": 3.425885, "lon": -76.5394033, "estrato": 4 }, "geometry": { "type": "Point", "coordinates": [ -76.5394033, 3.425885 ] } },
{ "type": "Feature", "properties": { "agrupado": "DESACATO, IRRESPETO A LA AUTORIDAD", "fecha_hech": "2024-08-31T00:00:00", "hora_hecho": "3:32", "cod_comuna": 19, "nom_comuna": "C-19 EL LIDO", "cod_barrio": 1912, "nom_bar_01": "3 de Julio", "dire_hecho": "CALLE 6 Con carrera 27", "sitio_hech": "SITIOS PÚBLICOS O ABIERTOS AL PÚBLICO", "lat": 3.4332467, "lon": -76.5389033, "estrato": 4 }, "geometry": { "type": "Point", "coordinates": [ -76.5389033, 3.4332467 ] } },
{ "type": "Feature", "properties": { "agrupado": "RIÑAS", "fecha_hech": "2024-08-31T00:00:00", "hora_hecho": "18:26", "cod_comuna": 19, "nom_comuna": "C-19 EL LIDO", "cod_barrio": 1912, "nom_bar_01": "3 de Julio", "dire_hecho": "Cra 31 # 7 -25", "sitio_hech": "SITIOS PÚBLICOS O ABIERTOS AL PÚBLICO", "lat": 3.43, "lon": -76.54, "estrato": 4 }, "geometry": { "type": "Point", "coordinates": [ -76.54, 3.43 ] } },
{ "type": "Feature", "properties": { "agrupado": "DESACATO, IRRESPETO A LA AUTORIDAD", "fecha_hech": "2024-09-01T00:00:00", "hora_hecho": "23:54", "cod_comuna": 19, "nom_comuna": "C-19 EL LIDO", "cod_barrio": 1913, "nom_bar_01": "El Cedro", "dire_hecho": "carrera 34 con 7", "sitio_hech": "MEDIO DE TRANSPORTE", "lat": 3.428483405, "lon": -76.53886211, "estrato": 4 }, "geometry": { "type": "Point", "coordinates": [ -76.53886211, 3.428483405 ] } },
{ "type": "Feature", "properties": { "agrupado": "SUSTANCIAS PSICOACTIVAS", "fecha_hech": "2024-09-03T00:00:00", "hora_hecho": "18:32", "cod_comuna": 19, "nom_comuna": "C-19 EL LIDO", "cod_barrio": 1905, "nom_bar_01": "Eucaristico", "dire_hecho": "Calle 7 Con 36 a", "sitio_hech": "SITIOS PÚBLICOS O ABIERTOS AL PÚBLICO", "lat": 3.425618027, "lon": -76.53914606, "estrato": 4 }, "geometry": { "type": "Point", "coordinates": [ -76.53914606, 3.425618027 ] } },
{ "type": "Feature", "properties": { "agrupado": "SUSTANCIAS PSICOACTIVAS", "fecha_hech": "2024-09-04T00:00:00", "hora_hecho": "13:13", "cod_comuna": 19, "nom_comuna": "C-19 EL LIDO", "cod_barrio": 1905, "nom_bar_01": "Eucaristico", "dire_hecho": "Carrera 36#6", "sitio_hech": "SITIOS PÚBLICOS O ABIERTOS AL PÚBLICO", "lat": 3.4260417, "lon": -76.5397417, "estrato": 4 }, "geometry": { "type": "Point", "coordinates": [ -76.5397417, 3.4260417 ] } },
{ "type": "Feature", "properties": { "agrupado": "SUSTANCIAS PSICOACTIVAS", "fecha_hech": "2024-09-05T00:00:00", "hora_hecho": "7:52", "cod_comuna": 19, "nom_comuna": "C-19 EL LIDO", "cod_barrio": 1912, "nom_bar_01": "3 de Julio", "dire_hecho": "CALLE 5 Carrera 24", "sitio_hech": "SITIOS PÚBLICOS O ABIERTOS AL PÚBLICO", "lat": 3.436885957, "lon": -76.53902092, "estrato": 4 }, "geometry": { "type": "Point", "coordinates": [ -76.53902092, 3.436885957 ] } },
{ "type": "Feature", "properties": { "agrupado": "DESACATO, IRRESPETO A LA AUTORIDAD", "fecha_hech": "2024-09-06T00:00:00", "hora_hecho": "20:07", "cod_comuna": 19, "nom_comuna": "C-19 EL LIDO", "cod_barrio": 1913, "nom_bar_01": "El Cedro", "dire_hecho": "Calle 6 Carrera 30 a", "sitio_hech": "SITIOS PÚBLICOS O ABIERTOS AL PÚBLICO", "lat": 3.4300003, "lon": -76.5388765, "estrato": 4 }, "geometry": { "type": "Point", "coordinates": [ -76.5388765, 3.4300003 ] } },
{ "type": "Feature", "properties": { "agrupado": "SUSTANCIAS PSICOACTIVAS", "fecha_hech": "2024-09-07T00:00:00", "hora_hecho": "14:47", "cod_comuna": 19, "nom_comuna": "C-19 EL LIDO", "cod_barrio": 1905, "nom_bar_01": "Eucaristico", "dire_hecho": "Cr 36 con cll 7", "sitio_hech": "SITIOS PÚBLICOS O ABIERTOS AL PÚBLICO", "lat": 3.4253417, "lon": -76.539415, "estrato": 4 }, "geometry": { "type": "Point", "coordinates": [ -76.539415, 3.4253417 ] } },
{ "type": "Feature", "properties": { "agrupado": "SUSTANCIAS PSICOACTIVAS", "fecha_hech": "2024-09-07T00:00:00", "hora_hecho": "17:02", "cod_comuna": 19, "nom_comuna": "C-19 EL LIDO", "cod_barrio": 1905, "nom_bar_01": "Eucaristico", "dire_hecho": "Cr 36 con cll 7", "sitio_hech": "SITIOS PÚBLICOS O ABIERTOS AL PÚBLICO", "lat": 3.4261733, "lon": -76.5393483, "estrato": 4 }, "geometry": { "type": "Point", "coordinates": [ -76.5393483, 3.4261733 ] } },
{ "type": "Feature", "properties": { "agrupado": "SUSTANCIAS PSICOACTIVAS", "fecha_hech": "2024-09-07T00:00:00", "hora_hecho": "17:17", "cod_comuna": 19, "nom_comuna": "C-19 EL LIDO", "cod_barrio": 1905, "nom_bar_01": "Eucaristico", "dire_hecho": "Cr 36 con cll 7", "sitio_hech": "SITIOS PÚBLICOS O ABIERTOS AL PÚBLICO", "lat": 3.4261733, "lon": -76.5393483, "estrato": 4 }, "geometry": { "type": "Point", "coordinates": [ -76.5393483, 3.4261733 ] } },
{ "type": "Feature", "properties": { "agrupado": "ARMAS EXCEPTO DE FUEGO", "fecha_hech": "2024-09-08T00:00:00", "hora_hecho": "17:32", "cod_comuna": 19, "nom_comuna": "C-19 EL LIDO", "cod_barrio": 1913, "nom_bar_01": "El Cedro", "dire_hecho": "CALLE 5 #50", "sitio_hech": "SITIOS PÚBLICOS O ABIERTOS AL PÚBLICO", "lat": 3.4311633, "lon": -76.53766, "estrato": 4 }, "geometry": { "type": "Point", "coordinates": [ -76.53766, 3.4311633 ] } },
{ "type": "Feature", "properties": { "agrupado": "ARMAS EXCEPTO DE FUEGO", "fecha_hech": "2024-09-09T00:00:00", "hora_hecho": "10:18", "cod_comuna": 19, "nom_comuna": "C-1 TERRON COLORADO", "cod_barrio": 1912, "nom_bar_01": "3 de Julio", "dire_hecho": "CALLE 5c #27", "sitio_hech": "SITIOS PÚBLICOS O ABIERTOS AL PÚBLICO", "lat": 3.433380429, "lon": -76.5399033, "estrato": 4 }, "geometry": { "type": "Point", "coordinates": [ -76.5399033, 3.433380429 ] } },
{ "type": "Feature", "properties": { "agrupado": "SUSTANCIAS PSICOACTIVAS", "fecha_hech": "2024-09-10T00:00:00", "hora_hecho": "10:28", "cod_comuna": 19, "nom_comuna": "C-19 EL LIDO", "cod_barrio": 1905, "nom_bar_01": "Eucaristico", "dire_hecho": "calle 7 con 36", "sitio_hech": "SITIOS PÚBLICOS O ABIERTOS AL PÚBLICO", "lat": 3.4256217, "lon": -76.53916, "estrato": 4 }, "geometry": { "type": "Point", "coordinates": [ -76.53916, 3.4256217 ] } },
{ "type": "Feature", "properties": { "agrupado": "DESACATO, IRRESPETO A LA AUTORIDAD", "fecha_hech": "2024-09-10T00:00:00", "hora_hecho": "10:46", "cod_comuna": 19, "nom_comuna": "C-19 EL LIDO", "cod_barrio": 1905, "nom_bar_01": "Eucaristico", "dire_hecho": "calle 7 con 36a", "sitio_hech": "SITIOS PÚBLICOS O ABIERTOS AL PÚBLICO", "lat": 3.4257083, "lon": -76.539165, "estrato": 4 }, "geometry": { "type": "Point", "coordinates": [ -76.539165, 3.4257083 ] } },
{ "type": "Feature", "properties": { "agrupado": "ARMAS EXCEPTO DE FUEGO", "fecha_hech": "2024-09-11T00:00:00", "hora_hecho": "17:27", "cod_comuna": 19, "nom_comuna": "C-19 EL LIDO", "cod_barrio": 1906, "nom_bar_01": "San Fernando Nuevo", "dire_hecho": "CARRERA 36 #5b3", "sitio_hech": "SITIOS PÚBLICOS O ABIERTOS AL PÚBLICO", "lat": 3.4281167, "lon": -76.540615, "estrato": 4 }, "geometry": { "type": "Point", "coordinates": [ -76.540615, 3.4281167 ] } },
{ "type": "Feature", "properties": { "agrupado": "ARMAS EXCEPTO DE FUEGO", "fecha_hech": "2024-09-12T00:00:00", "hora_hecho": "23:05", "cod_comuna": 19, "nom_comuna": "C-19 EL LIDO", "cod_barrio": 1913, "nom_bar_01": "El Cedro", "dire_hecho": "Carrera 36 Calle 5b3", "sitio_hech": "SITIOS PÚBLICOS O ABIERTOS AL PÚBLICO", "lat": 3.4289502, "lon": -76.5387369, "estrato": 4 }, "geometry": { "type": "Point", "coordinates": [ -76.5387369, 3.4289502 ] } },
{ "type": "Feature", "properties": { "agrupado": "DESACATO, IRRESPETO A LA AUTORIDAD", "fecha_hech": "2024-09-13T00:00:00", "hora_hecho": "6:11", "cod_comuna": 19, "nom_comuna": "C-19 EL LIDO", "cod_barrio": 1913, "nom_bar_01": "El Cedro", "dire_hecho": "Calle 7 Carrera 32", "sitio_hech": "SITIOS PÚBLICOS O ABIERTOS AL PÚBLICO", "lat": 3.4288833, "lon": -76.53881, "estrato": 4 }, "geometry": { "type": "Point", "coordinates": [ -76.53881, 3.4288833 ] } },
{ "type": "Feature", "properties": { "agrupado": "RIÑAS", "fecha_hech": "2024-09-13T00:00:00", "hora_hecho": "18:27", "cod_comuna": 19, "nom_comuna": "C-19 EL LIDO", "cod_barrio": 1913, "nom_bar_01": "El Cedro", "dire_hecho": "Cr34 calle8", "sitio_hech": "SITIOS PÚBLICOS O ABIERTOS AL PÚBLICO", "lat": 3.4269217, "lon": -76.5380017, "estrato": 4 }, "geometry": { "type": "Point", "coordinates": [ -76.5380017, 3.4269217 ] } },
{ "type": "Feature", "properties": { "agrupado": "ARMAS EXCEPTO DE FUEGO", "fecha_hech": "2024-09-14T00:00:00", "hora_hecho": "10:04", "cod_comuna": 19, "nom_comuna": "C-19 EL LIDO", "cod_barrio": 1913, "nom_bar_01": "El Cedro", "dire_hecho": "Cll5 carrera 39", "sitio_hech": "SITIOS PÚBLICOS O ABIERTOS AL PÚBLICO", "lat": 3.4287283, "lon": -76.53884, "estrato": 4 }, "geometry": { "type": "Point", "coordinates": [ -76.53884, 3.4287283 ] } },
{ "type": "Feature", "properties": { "agrupado": "SUSTANCIAS PSICOACTIVAS", "fecha_hech": "2024-09-14T00:00:00", "hora_hecho": "20:45", "cod_comuna": 19, "nom_comuna": "C-19 EL LIDO", "cod_barrio": 1905, "nom_bar_01": "Eucaristico", "dire_hecho": "Carrera 34 Calle 8", "sitio_hech": "SITIOS PÚBLICOS O ABIERTOS AL PÚBLICO", "lat": 3.4262455, "lon": -76.5376568, "estrato": 4 }, "geometry": { "type": "Point", "coordinates": [ -76.5376568, 3.4262455 ] } },
{ "type": "Feature", "properties": { "agrupado": "DESACATO, IRRESPETO A LA AUTORIDAD", "fecha_hech": "2024-09-15T00:00:00", "hora_hecho": "5:19", "cod_comuna": 19, "nom_comuna": "C-19 EL LIDO", "cod_barrio": 1913, "nom_bar_01": "El Cedro", "dire_hecho": "Calle 5 Carrera 25", "sitio_hech": "SITIOS PÚBLICOS O ABIERTOS AL PÚBLICO", "lat": 3.4289207, "lon": -76.5387843, "estrato": 4 }, "geometry": { "type": "Point", "coordinates": [ -76.5387843, 3.4289207 ] } },
{ "type": "Feature", "properties": { "agrupado": "ARMAS EXCEPTO DE FUEGO", "fecha_hech": "2024-09-15T00:00:00", "hora_hecho": "10:30", "cod_comuna": 19, "nom_comuna": "C-19 EL LIDO", "cod_barrio": 1912, "nom_bar_01": "3 de Julio", "dire_hecho": "CALLE 5b #28", "sitio_hech": "SITIOS PÚBLICOS O ABIERTOS AL PÚBLICO", "lat": 3.43331, "lon": -76.53994, "estrato": 4 }, "geometry": { "type": "Point", "coordinates": [ -76.53994, 3.43331 ] } },
{ "type": "Feature", "properties": { "agrupado": "SUSTANCIAS PSICOACTIVAS", "fecha_hech": "2024-09-18T00:00:00", "hora_hecho": "19:55", "cod_comuna": 19, "nom_comuna": "C-19 EL LIDO", "cod_barrio": 1913, "nom_bar_01": "El Cedro", "dire_hecho": "Calle 12 Carrera 24", "sitio_hech": "SITIOS PÚBLICOS O ABIERTOS AL PÚBLICO", "lat": 3.433381687, "lon": -76.53862584, "estrato": 4 }, "geometry": { "type": "Point", "coordinates": [ -76.53862584, 3.433381687 ] } },
{ "type": "Feature", "properties": { "agrupado": "SUSTANCIAS PSICOACTIVAS", "fecha_hech": "2024-09-19T00:00:00", "hora_hecho": "1:22", "cod_comuna": 19, "nom_comuna": "C-19 EL LIDO", "cod_barrio": 1912, "nom_bar_01": "3 de Julio", "dire_hecho": "CALLE 6 #28", "sitio_hech": "SITIOS PÚBLICOS O ABIERTOS AL PÚBLICO", "lat": 3.4340483, "lon": -76.53888, "estrato": 4 }, "geometry": { "type": "Point", "coordinates": [ -76.53888, 3.4340483 ] } },
{ "type": "Feature", "properties": { "agrupado": "SUSTANCIAS PSICOACTIVAS", "fecha_hech": "2024-09-19T00:00:00", "hora_hecho": "19:57", "cod_comuna": 19, "nom_comuna": "C-19 EL LIDO", "cod_barrio": 1905, "nom_bar_01": "Eucaristico", "dire_hecho": "Cr 36 con 7", "sitio_hech": "SITIOS PÚBLICOS O ABIERTOS AL PÚBLICO", "lat": 3.425765, "lon": -76.539295, "estrato": 4 }, "geometry": { "type": "Point", "coordinates": [ -76.539295, 3.425765 ] } },
{ "type": "Feature", "properties": { "agrupado": "DESACATO, IRRESPETO A LA AUTORIDAD", "fecha_hech": "2024-09-20T00:00:00", "hora_hecho": "18:23", "cod_comuna": 19, "nom_comuna": "C-19 EL LIDO", "cod_barrio": 1906, "nom_bar_01": "San Fernando Nuevo", "dire_hecho": "CALLE 5 con 50", "sitio_hech": "SITIOS PÚBLICOS O ABIERTOS AL PÚBLICO", "lat": 3.4278067, "lon": -76.5414267, "estrato": 4 }, "geometry": { "type": "Point", "coordinates": [ -76.5414267, 3.4278067 ] } },
{ "type": "Feature", "properties": { "agrupado": "ARMAS EXCEPTO DE FUEGO", "fecha_hech": "2024-09-21T00:00:00", "hora_hecho": "12:20", "cod_comuna": 19, "nom_comuna": "C-19 EL LIDO", "cod_barrio": 1913, "nom_bar_01": "El Cedro", "dire_hecho": "CALLE 5b #28", "sitio_hech": "SITIOS PÚBLICOS O ABIERTOS AL PÚBLICO", "lat": 3.428845, "lon": -76.53886, "estrato": 4 }, "geometry": { "type": "Point", "coordinates": [ -76.53886, 3.428845 ] } },
{ "type": "Feature", "properties": { "agrupado": "DESACATO, IRRESPETO A LA AUTORIDAD", "fecha_hech": "2024-09-21T00:00:00", "hora_hecho": "14:41", "cod_comuna": 19, "nom_comuna": "C-19 EL LIDO", "cod_barrio": 1905, "nom_bar_01": "Eucaristico", "dire_hecho": "Calle 6 Carrera 36", "sitio_hech": "SITIOS PÚBLICOS O ABIERTOS AL PÚBLICO", "lat": 3.426939, "lon": -76.5396432, "estrato": 4 }, "geometry": { "type": "Point", "coordinates": [ -76.5396432, 3.426939 ] } },
{ "type": "Feature", "properties": { "agrupado": "DESACATO, IRRESPETO A LA AUTORIDAD", "fecha_hech": "2024-09-25T00:00:00", "hora_hecho": "15:08", "cod_comuna": 19, "nom_comuna": "C-19 EL LIDO", "cod_barrio": 1906, "nom_bar_01": "San Fernando Nuevo", "dire_hecho": "CARRERA 37 CON CALLE 5B4", "sitio_hech": "SITIOS PÚBLICOS O ABIERTOS AL PÚBLICO", "lat": 3.4260467, "lon": -76.5413433, "estrato": 4 }, "geometry": { "type": "Point", "coordinates": [ -76.5413433, 3.4260467 ] } },
{ "type": "Feature", "properties": { "agrupado": "RIÑAS", "fecha_hech": "2024-09-25T00:00:00", "hora_hecho": "15:21", "cod_comuna": 19, "nom_comuna": "C-19 EL LIDO", "cod_barrio": 1912, "nom_bar_01": "3 de Julio", "dire_hecho": "Carrera 26 Calle 8", "sitio_hech": "SITIOS PÚBLICOS O ABIERTOS AL PÚBLICO", "lat": 3.43, "lon": -76.54, "estrato": 4 }, "geometry": { "type": "Point", "coordinates": [ -76.54, 3.43 ] } },
{ "type": "Feature", "properties": { "agrupado": "ARMAS EXCEPTO DE FUEGO", "fecha_hech": "2024-09-26T00:00:00", "hora_hecho": "18:57", "cod_comuna": 19, "nom_comuna": "C-19 EL LIDO", "cod_barrio": 1912, "nom_bar_01": "3 de Julio", "dire_hecho": "CALLE 6 con 24", "sitio_hech": "SITIOS PÚBLICOS O ABIERTOS AL PÚBLICO", "lat": 3.4363416, "lon": -76.5387533, "estrato": 4 }, "geometry": { "type": "Point", "coordinates": [ -76.5387533, 3.4363416 ] } },
{ "type": "Feature", "properties": { "agrupado": "SUSTANCIAS PSICOACTIVAS", "fecha_hech": "2024-09-26T00:00:00", "hora_hecho": "19:48", "cod_comuna": 19, "nom_comuna": "C-19 EL LIDO", "cod_barrio": 1905, "nom_bar_01": "Eucaristico", "dire_hecho": "Carrera 37 Con calle 6", "sitio_hech": "SITIOS PÚBLICOS O ABIERTOS AL PÚBLICO", "lat": 3.4256633, "lon": -76.5392133, "estrato": 4 }, "geometry": { "type": "Point", "coordinates": [ -76.5392133, 3.4256633 ] } },
{ "type": "Feature", "properties": { "agrupado": "ARMAS EXCEPTO DE FUEGO", "fecha_hech": "2024-09-27T00:00:00", "hora_hecho": "3:20", "cod_comuna": 19, "nom_comuna": "C-19 EL LIDO", "cod_barrio": 1913, "nom_bar_01": "El Cedro", "dire_hecho": "Calle 6 Carrera 34", "sitio_hech": "SITIOS PÚBLICOS O ABIERTOS AL PÚBLICO", "lat": 3.4286386, "lon": -76.5388857, "estrato": 4 }, "geometry": { "type": "Point", "coordinates": [ -76.5388857, 3.4286386 ] } },
{ "type": "Feature", "properties": { "agrupado": "SUSTANCIAS PSICOACTIVAS", "fecha_hech": "2024-09-27T00:00:00", "hora_hecho": "7:50", "cod_comuna": 19, "nom_comuna": "C-19 EL LIDO", "cod_barrio": 1905, "nom_bar_01": "Eucaristico", "dire_hecho": "Cra 36 a con Roosevelt", "sitio_hech": "SITIOS PÚBLICOS O ABIERTOS AL PÚBLICO", "lat": 3.42599, "lon": -76.5398417, "estrato": 4 }, "geometry": { "type": "Point", "coordinates": [ -76.5398417, 3.42599 ] } },
{ "type": "Feature", "properties": { "agrupado": "DESACATO, IRRESPETO A LA AUTORIDAD", "fecha_hech": "2024-09-27T00:00:00", "hora_hecho": "23:58", "cod_comuna": 19, "nom_comuna": "C-19 EL LIDO", "cod_barrio": 1913, "nom_bar_01": "El Cedro", "dire_hecho": "CALLE 6a #27", "sitio_hech": "SITIOS PÚBLICOS O ABIERTOS AL PÚBLICO", "lat": 3.43327, "lon": -76.5383367, "estrato": 4 }, "geometry": { "type": "Point", "coordinates": [ -76.5383367, 3.43327 ] } },
{ "type": "Feature", "properties": { "agrupado": "ARMAS EXCEPTO DE FUEGO", "fecha_hech": "2024-09-28T00:00:00", "hora_hecho": "12:36", "cod_comuna": 19, "nom_comuna": "C-19 EL LIDO", "cod_barrio": 1913, "nom_bar_01": "El Cedro", "dire_hecho": "Calle 7 con 30", "sitio_hech": "SITIOS PÚBLICOS O ABIERTOS AL PÚBLICO", "lat": 3.42946, "lon": -76.5381717, "estrato": 4 }, "geometry": { "type": "Point", "coordinates": [ -76.5381717, 3.42946 ] } },
{ "type": "Feature", "properties": { "agrupado": "ARMAS EXCEPTO DE FUEGO", "fecha_hech": "2024-09-28T00:00:00", "hora_hecho": "18:26", "cod_comuna": 19, "nom_comuna": "C-19 EL LIDO", "cod_barrio": 1913, "nom_bar_01": "El Cedro", "dire_hecho": "Calle 6 Carrera 34", "sitio_hech": "SITIOS PÚBLICOS O ABIERTOS AL PÚBLICO", "lat": 3.429232467, "lon": -76.53885406000001, "estrato": 4 }, "geometry": { "type": "Point", "coordinates": [ -76.53885406, 3.429232467 ] } },
{ "type": "Feature", "properties": { "agrupado": "ARMAS EXCEPTO DE FUEGO", "fecha_hech": "2024-09-29T00:00:00", "hora_hecho": "18:53", "cod_comuna": 19, "nom_comuna": "C-19 EL LIDO", "cod_barrio": 1906, "nom_bar_01": "San Fernando Nuevo", "dire_hecho": "CALLE 5b3 #36", "sitio_hech": "SITIOS PÚBLICOS O ABIERTOS AL PÚBLICO", "lat": 3.4277182, "lon": -76.541474, "estrato": 4 }, "geometry": { "type": "Point", "coordinates": [ -76.541474, 3.4277182 ] } },
{ "type": "Feature", "properties": { "agrupado": "ARMAS EXCEPTO DE FUEGO", "fecha_hech": "2024-09-30T00:00:00", "hora_hecho": "13:24", "cod_comuna": 19, "nom_comuna": "C-19 EL LIDO", "cod_barrio": 1912, "nom_bar_01": "3 de Julio", "dire_hecho": "CALLE 5c con Carrera 27", "sitio_hech": "SITIOS PÚBLICOS O ABIERTOS AL PÚBLICO", "lat": 3.4334617, "lon": -76.5396983, "estrato": 4 }, "geometry": { "type": "Point", "coordinates": [ -76.5396983, 3.4334617 ] } },
{ "type": "Feature", "properties": { "agrupado": "SUSTANCIAS PSICOACTIVAS", "fecha_hech": "2024-09-30T00:00:00", "hora_hecho": "16:13", "cod_comuna": 19, "nom_comuna": "C-19 EL LIDO", "cod_barrio": 1913, "nom_bar_01": "El Cedro", "dire_hecho": "Calle 6 Carrera 30", "sitio_hech": "SITIOS PÚBLICOS O ABIERTOS AL PÚBLICO", "lat": 3.4303283, "lon": -76.53886, "estrato": 4 }, "geometry": { "type": "Point", "coordinates": [ -76.53886, 3.4303283 ] } },
{ "type": "Feature", "properties": { "agrupado": "SUSTANCIAS PSICOACTIVAS", "fecha_hech": "2024-10-02T00:00:00", "hora_hecho": "18:35", "cod_comuna": 19, "nom_comuna": "C-19 EL LIDO", "cod_barrio": 1905, "nom_bar_01": "Eucaristico", "dire_hecho": "Carrera 36 Con calle 7", "sitio_hech": "SITIOS PÚBLICOS O ABIERTOS AL PÚBLICO", "lat": 3.4258333, "lon": -76.5390933, "estrato": 4 }, "geometry": { "type": "Point", "coordinates": [ -76.5390933, 3.4258333 ] } },
{ "type": "Feature", "properties": { "agrupado": "ARMAS EXCEPTO DE FUEGO", "fecha_hech": "2024-10-02T00:00:00", "hora_hecho": "20:23", "cod_comuna": 19, "nom_comuna": "C-19 EL LIDO", "cod_barrio": 1913, "nom_bar_01": "El Cedro", "dire_hecho": "CALLE 6 #28", "sitio_hech": "SITIOS PÚBLICOS O ABIERTOS AL PÚBLICO", "lat": 3.432095, "lon": -76.5386083, "estrato": 4 }, "geometry": { "type": "Point", "coordinates": [ -76.5386083, 3.432095 ] } },
{ "type": "Feature", "properties": { "agrupado": "RIÑAS", "fecha_hech": "2024-10-05T00:00:00", "hora_hecho": "23:42", "cod_comuna": 19, "nom_comuna": "C-19 EL LIDO", "cod_barrio": 1912, "nom_bar_01": "3 de Julio", "dire_hecho": "Cll5 carrera 24", "sitio_hech": "SITIOS PÚBLICOS O ABIERTOS AL PÚBLICO", "lat": 3.43673, "lon": -76.5390617, "estrato": 4 }, "geometry": { "type": "Point", "coordinates": [ -76.5390617, 3.43673 ] } },
{ "type": "Feature", "properties": { "agrupado": "ARMAS EXCEPTO DE FUEGO", "fecha_hech": "2024-10-05T00:00:00", "hora_hecho": "23:45", "cod_comuna": 19, "nom_comuna": "C-19 EL LIDO", "cod_barrio": 1912, "nom_bar_01": "3 de Julio", "dire_hecho": "Carrera 24 calle 6", "sitio_hech": "SITIOS PÚBLICOS O ABIERTOS AL PÚBLICO", "lat": 3.436755, "lon": -76.5390317, "estrato": 4 }, "geometry": { "type": "Point", "coordinates": [ -76.5390317, 3.436755 ] } },
{ "type": "Feature", "properties": { "agrupado": "DESACATO, IRRESPETO A LA AUTORIDAD", "fecha_hech": "2024-10-06T00:00:00", "hora_hecho": "8:59", "cod_comuna": 19, "nom_comuna": "C-19 EL LIDO", "cod_barrio": 1913, "nom_bar_01": "El Cedro", "dire_hecho": "CALLE 6 #28", "sitio_hech": "SITIOS PÚBLICOS O ABIERTOS AL PÚBLICO", "lat": 3.4321133, "lon": -76.5386133, "estrato": 4 }, "geometry": { "type": "Point", "coordinates": [ -76.5386133, 3.4321133 ] } },
{ "type": "Feature", "properties": { "agrupado": "SUSTANCIAS PSICOACTIVAS", "fecha_hech": "2024-10-07T00:00:00", "hora_hecho": "10:46", "cod_comuna": 19, "nom_comuna": "C-19 EL LIDO", "cod_barrio": 1905, "nom_bar_01": "Eucaristico", "dire_hecho": "CALLE 6 con 34", "sitio_hech": "SITIOS PÚBLICOS O ABIERTOS AL PÚBLICO", "lat": 3.4264539, "lon": -76.5391865, "estrato": 4 }, "geometry": { "type": "Point", "coordinates": [ -76.5391865, 3.4264539 ] } },
{ "type": "Feature", "properties": { "agrupado": "SUSTANCIAS PSICOACTIVAS", "fecha_hech": "2024-10-08T00:00:00", "hora_hecho": "8:29", "cod_comuna": 19, "nom_comuna": "C-19 EL LIDO", "cod_barrio": 1913, "nom_bar_01": "El Cedro", "dire_hecho": "Carrera 28 Con calle 9c", "sitio_hech": "SITIOS PÚBLICOS O ABIERTOS AL PÚBLICO", "lat": 3.43129778, "lon": -76.53816827, "estrato": 4 }, "geometry": { "type": "Point", "coordinates": [ -76.53816827, 3.43129778 ] } },
{ "type": "Feature", "properties": { "agrupado": "ARMAS EXCEPTO DE FUEGO", "fecha_hech": "2024-10-08T00:00:00", "hora_hecho": "19:23", "cod_comuna": 19, "nom_comuna": "C-19 EL LIDO", "cod_barrio": 1906, "nom_bar_01": "San Fernando Nuevo", "dire_hecho": "CARRERA 50 #1", "sitio_hech": "SITIOS PÚBLICOS O ABIERTOS AL PÚBLICO", "lat": 3.427975, "lon": -76.5395138, "estrato": 4 }, "geometry": { "type": "Point", "coordinates": [ -76.5395138, 3.427975 ] } },
{ "type": "Feature", "properties": { "agrupado": "SUSTANCIAS PSICOACTIVAS", "fecha_hech": "2024-10-09T00:00:00", "hora_hecho": "18:01", "cod_comuna": 19, "nom_comuna": "C-19 EL LIDO", "cod_barrio": 1905, "nom_bar_01": "Eucaristico", "dire_hecho": "Calle 6 con 37", "sitio_hech": "SITIOS PÚBLICOS O ABIERTOS AL PÚBLICO", "lat": 3.426092138, "lon": -76.53959324, "estrato": 4 }, "geometry": { "type": "Point", "coordinates": [ -76.53959324, 3.426092138 ] } },
{ "type": "Feature", "properties": { "agrupado": "SUSTANCIAS PSICOACTIVAS", "fecha_hech": "2024-10-11T00:00:00", "hora_hecho": "17:47", "cod_comuna": 19, "nom_comuna": "C-19 EL LIDO", "cod_barrio": 1906, "nom_bar_01": "San Fernando Nuevo", "dire_hecho": "Carrera 34 Calle 7", "sitio_hech": "SITIOS PÚBLICOS O ABIERTOS AL PÚBLICO", "lat": 3.428659471, "lon": -76.53943453, "estrato": 4 }, "geometry": { "type": "Point", "coordinates": [ -76.53943453, 3.428659471 ] } },
{ "type": "Feature", "properties": { "agrupado": "ARMAS EXCEPTO DE FUEGO", "fecha_hech": "2024-10-11T00:00:00", "hora_hecho": "18:52", "cod_comuna": 19, "nom_comuna": "C-19 EL LIDO", "cod_barrio": 1906, "nom_bar_01": "San Fernando Nuevo", "dire_hecho": "Carrera 34 Calle 7", "sitio_hech": "SITIOS PÚBLICOS O ABIERTOS AL PÚBLICO", "lat": 3.428660185, "lon": -76.53944775, "estrato": 4 }, "geometry": { "type": "Point", "coordinates": [ -76.53944775, 3.428660185 ] } },
{ "type": "Feature", "properties": { "agrupado": "ARMAS EXCEPTO DE FUEGO", "fecha_hech": "2024-10-11T00:00:00", "hora_hecho": "20:06", "cod_comuna": 19, "nom_comuna": "C-19 EL LIDO", "cod_barrio": 1906, "nom_bar_01": "San Fernando Nuevo", "dire_hecho": "Cra 34 con calle 6", "sitio_hech": "SITIOS PÚBLICOS O ABIERTOS AL PÚBLICO", "lat": 3.4286167, "lon": -76.5394133, "estrato": 4 }, "geometry": { "type": "Point", "coordinates": [ -76.5394133, 3.4286167 ] } },
{ "type": "Feature", "properties": { "agrupado": "ARMAS EXCEPTO DE FUEGO", "fecha_hech": "2024-10-11T00:00:00", "hora_hecho": "20:16", "cod_comuna": 19, "nom_comuna": "C-19 EL LIDO", "cod_barrio": 1906, "nom_bar_01": "San Fernando Nuevo", "dire_hecho": "Carrera 34 Calle 7", "sitio_hech": "SITIOS PÚBLICOS O ABIERTOS AL PÚBLICO", "lat": 3.4286533, "lon": -76.5394317, "estrato": 4 }, "geometry": { "type": "Point", "coordinates": [ -76.5394317, 3.4286533 ] } },
{ "type": "Feature", "properties": { "agrupado": "ARMAS EXCEPTO DE FUEGO", "fecha_hech": "2024-10-11T00:00:00", "hora_hecho": "20:18", "cod_comuna": 19, "nom_comuna": "C-19 EL LIDO", "cod_barrio": 1906, "nom_bar_01": "San Fernando Nuevo", "dire_hecho": "Cra 34 calle 7", "sitio_hech": "SITIOS PÚBLICOS O ABIERTOS AL PÚBLICO", "lat": 3.4286033, "lon": -76.5394367, "estrato": 4 }, "geometry": { "type": "Point", "coordinates": [ -76.5394367, 3.4286033 ] } },
{ "type": "Feature", "properties": { "agrupado": "DESACATO, IRRESPETO A LA AUTORIDAD", "fecha_hech": "2024-10-11T00:00:00", "hora_hecho": "20:28", "cod_comuna": 19, "nom_comuna": "C-19 EL LIDO", "cod_barrio": 1906, "nom_bar_01": "San Fernando Nuevo", "dire_hecho": "Carrera 34 Calle 7", "sitio_hech": "SITIOS PÚBLICOS O ABIERTOS AL PÚBLICO", "lat": 3.4286433, "lon": -76.5395217, "estrato": 4 }, "geometry": { "type": "Point", "coordinates": [ -76.5395217, 3.4286433 ] } },
{ "type": "Feature", "properties": { "agrupado": "ARMAS EXCEPTO DE FUEGO", "fecha_hech": "2024-10-11T00:00:00", "hora_hecho": "20:30", "cod_comuna": 19, "nom_comuna": "C-19 EL LIDO", "cod_barrio": 1906, "nom_bar_01": "San Fernando Nuevo", "dire_hecho": "Cra 34 calle 6", "sitio_hech": "SITIOS PÚBLICOS O ABIERTOS AL PÚBLICO", "lat": 3.42861, "lon": -76.5394417, "estrato": 4 }, "geometry": { "type": "Point", "coordinates": [ -76.5394417, 3.42861 ] } },
{ "type": "Feature", "properties": { "agrupado": "ARMAS EXCEPTO DE FUEGO", "fecha_hech": "2024-10-12T00:00:00", "hora_hecho": "15:26", "cod_comuna": 19, "nom_comuna": "C-19 EL LIDO", "cod_barrio": 1912, "nom_bar_01": "3 de Julio", "dire_hecho": "Calle 6 Carrera 29", "sitio_hech": "SITIOS PÚBLICOS O ABIERTOS AL PÚBLICO", "lat": 3.4343986, "lon": -76.5395044, "estrato": 4 }, "geometry": { "type": "Point", "coordinates": [ -76.5395044, 3.4343986 ] } },
{ "type": "Feature", "properties": { "agrupado": "DESACATO, IRRESPETO A LA AUTORIDAD", "fecha_hech": "2024-10-12T00:00:00", "hora_hecho": "22:42", "cod_comuna": 19, "nom_comuna": "C-19 EL LIDO", "cod_barrio": 1913, "nom_bar_01": "El Cedro", "dire_hecho": "Calle 7 cra 28", "sitio_hech": "SITIOS PÚBLICOS O ABIERTOS AL PÚBLICO", "lat": 3.431935, "lon": -76.5375983, "estrato": 4 }, "geometry": { "type": "Point", "coordinates": [ -76.5375983, 3.431935 ] } },
{ "type": "Feature", "properties": { "agrupado": "ARMAS EXCEPTO DE FUEGO", "fecha_hech": "2024-10-14T00:00:00", "hora_hecho": "19:35", "cod_comuna": 19, "nom_comuna": "C-19 EL LIDO", "cod_barrio": 1906, "nom_bar_01": "San Fernando Nuevo", "dire_hecho": "CRA 34 5b", "sitio_hech": "SITIOS PÚBLICOS O ABIERTOS AL PÚBLICO", "lat": 3.42772, "lon": -76.5414464, "estrato": 4 }, "geometry": { "type": "Point", "coordinates": [ -76.5414464, 3.42772 ] } },
{ "type": "Feature", "properties": { "agrupado": "DESACATO, IRRESPETO A LA AUTORIDAD", "fecha_hech": "2024-10-17T00:00:00", "hora_hecho": "15:57", "cod_comuna": 19, "nom_comuna": "C-19 EL LIDO", "cod_barrio": 1912, "nom_bar_01": "3 de Julio", "dire_hecho": "San fernando", "sitio_hech": "SITIOS PÚBLICOS O ABIERTOS AL PÚBLICO", "lat": 3.43, "lon": -76.54, "estrato": 4 }, "geometry": { "type": "Point", "coordinates": [ -76.54, 3.43 ] } },
{ "type": "Feature", "properties": { "agrupado": "SUSTANCIAS PSICOACTIVAS", "fecha_hech": "2024-10-19T00:00:00", "hora_hecho": "9:04", "cod_comuna": 19, "nom_comuna": "C-19 EL LIDO", "cod_barrio": 1905, "nom_bar_01": "Eucaristico", "dire_hecho": "CALLE 6 con 36", "sitio_hech": "SITIOS PÚBLICOS O ABIERTOS AL PÚBLICO", "lat": 3.4260667, "lon": -76.53969, "estrato": 4 }, "geometry": { "type": "Point", "coordinates": [ -76.53969, 3.4260667 ] } },
{ "type": "Feature", "properties": { "agrupado": "DESACATO, IRRESPETO A LA AUTORIDAD", "fecha_hech": "2024-10-20T00:00:00", "hora_hecho": "17:37", "cod_comuna": 19, "nom_comuna": "C-19 EL LIDO", "cod_barrio": 1912, "nom_bar_01": "3 de Julio", "dire_hecho": "Carrera 36a con Calle 6", "sitio_hech": "SITIOS PÚBLICOS O ABIERTOS AL PÚBLICO", "lat": 3.43, "lon": -76.54, "estrato": 4 }, "geometry": { "type": "Point", "coordinates": [ -76.54, 3.43 ] } },
{ "type": "Feature", "properties": { "agrupado": "ARMAS EXCEPTO DE FUEGO", "fecha_hech": "2024-10-21T00:00:00", "hora_hecho": "12:06", "cod_comuna": 19, "nom_comuna": "C-19 EL LIDO", "cod_barrio": 1905, "nom_bar_01": "Eucaristico", "dire_hecho": "CALLE 6 #34", "sitio_hech": "SITIOS PÚBLICOS O ABIERTOS AL PÚBLICO", "lat": 3.4277663, "lon": -76.5392584, "estrato": 4 }, "geometry": { "type": "Point", "coordinates": [ -76.5392584, 3.4277663 ] } },
{ "type": "Feature", "properties": { "agrupado": "ARMAS EXCEPTO DE FUEGO", "fecha_hech": "2024-10-22T00:00:00", "hora_hecho": "2:25", "cod_comuna": 19, "nom_comuna": "C-19 EL LIDO", "cod_barrio": 1913, "nom_bar_01": "El Cedro", "dire_hecho": "Calle 6 #28", "sitio_hech": "SITIOS PÚBLICOS O ABIERTOS AL PÚBLICO", "lat": 3.4320932, "lon": -76.5385951, "estrato": 4 }, "geometry": { "type": "Point", "coordinates": [ -76.5385951, 3.4320932 ] } },
{ "type": "Feature", "properties": { "agrupado": "SUSTANCIAS PSICOACTIVAS", "fecha_hech": "2024-10-25T00:00:00", "hora_hecho": "7:50", "cod_comuna": 19, "nom_comuna": "C-19 EL LIDO", "cod_barrio": 1906, "nom_bar_01": "San Fernando Nuevo", "dire_hecho": "Calle 5 Carrera 38", "sitio_hech": "SITIOS PÚBLICOS O ABIERTOS AL PÚBLICO", "lat": 3.4277443, "lon": -76.5402903, "estrato": 4 }, "geometry": { "type": "Point", "coordinates": [ -76.5402903, 3.4277443 ] } },
{ "type": "Feature", "properties": { "agrupado": "RIÑAS", "fecha_hech": "2024-10-25T00:00:00", "hora_hecho": "15:36", "cod_comuna": 19, "nom_comuna": "C-19 EL LIDO", "cod_barrio": 1905, "nom_bar_01": "Eucaristico", "dire_hecho": "Cra 39 con cll 5c", "sitio_hech": "SITIOS PÚBLICOS O ABIERTOS AL PÚBLICO", "lat": 3.4263479, "lon": -76.5377391, "estrato": 4 }, "geometry": { "type": "Point", "coordinates": [ -76.5377391, 3.4263479 ] } },
{ "type": "Feature", "properties": { "agrupado": "ARMAS EXCEPTO DE FUEGO", "fecha_hech": "2024-10-26T00:00:00", "hora_hecho": "0:26", "cod_comuna": 19, "nom_comuna": "C-19 EL LIDO", "cod_barrio": 1912, "nom_bar_01": "3 de Julio", "dire_hecho": "Carrera 29 Calle 5 B 1", "sitio_hech": "SITIOS PÚBLICOS O ABIERTOS AL PÚBLICO", "lat": 3.4318762, "lon": -76.5398553, "estrato": 4 }, "geometry": { "type": "Point", "coordinates": [ -76.5398553, 3.4318762 ] } },
{ "type": "Feature", "properties": { "agrupado": "ARMAS EXCEPTO DE FUEGO", "fecha_hech": "2024-10-26T00:00:00", "hora_hecho": "10:22", "cod_comuna": 19, "nom_comuna": "C-19 EL LIDO", "cod_barrio": 1912, "nom_bar_01": "3 de Julio", "dire_hecho": "Carrera 24 calle 5", "sitio_hech": "SITIOS PÚBLICOS O ABIERTOS AL PÚBLICO", "lat": 3.435185, "lon": -76.5388217, "estrato": 4 }, "geometry": { "type": "Point", "coordinates": [ -76.5388217, 3.435185 ] } },
{ "type": "Feature", "properties": { "agrupado": "SUSTANCIAS PSICOACTIVAS", "fecha_hech": "2024-10-27T00:00:00", "hora_hecho": "1:33", "cod_comuna": 19, "nom_comuna": "C-19 EL LIDO", "cod_barrio": 1912, "nom_bar_01": "3 de Julio", "dire_hecho": "CALLE 5 carrera 24", "sitio_hech": "SITIOS PÚBLICOS O ABIERTOS AL PÚBLICO", "lat": 3.4360333, "lon": -76.539905, "estrato": 4 }, "geometry": { "type": "Point", "coordinates": [ -76.539905, 3.4360333 ] } },
{ "type": "Feature", "properties": { "agrupado": "DESACATO, IRRESPETO A LA AUTORIDAD", "fecha_hech": "2024-10-27T00:00:00", "hora_hecho": "14:56", "cod_comuna": 19, "nom_comuna": "C-19 EL LIDO", "cod_barrio": 1912, "nom_bar_01": "3 de Julio", "dire_hecho": "Calle 5 Carrera 25", "sitio_hech": "SITIOS PÚBLICOS O ABIERTOS AL PÚBLICO", "lat": 3.434942194, "lon": -76.54039016, "estrato": 4 }, "geometry": { "type": "Point", "coordinates": [ -76.54039016, 3.434942194 ] } },
{ "type": "Feature", "properties": { "agrupado": "SUSTANCIAS PSICOACTIVAS", "fecha_hech": "2024-10-28T00:00:00", "hora_hecho": "10:29", "cod_comuna": 19, "nom_comuna": "C-19 EL LIDO", "cod_barrio": 1905, "nom_bar_01": "Eucaristico", "dire_hecho": "CALLE 6 con 37", "sitio_hech": "SITIOS PÚBLICOS O ABIERTOS AL PÚBLICO", "lat": 3.42609, "lon": -76.539645, "estrato": 4 }, "geometry": { "type": "Point", "coordinates": [ -76.539645, 3.42609 ] } },
{ "type": "Feature", "properties": { "agrupado": "SUSTANCIAS PSICOACTIVAS", "fecha_hech": "2024-10-28T00:00:00", "hora_hecho": "23:43", "cod_comuna": 19, "nom_comuna": "C-19 EL LIDO", "cod_barrio": 1905, "nom_bar_01": "Eucaristico", "dire_hecho": "CALLE 7 con 36", "sitio_hech": "SITIOS PÚBLICOS O ABIERTOS AL PÚBLICO", "lat": 3.42586, "lon": -76.539125, "estrato": 4 }, "geometry": { "type": "Point", "coordinates": [ -76.539125, 3.42586 ] } },
{ "type": "Feature", "properties": { "agrupado": "ARMAS EXCEPTO DE FUEGO", "fecha_hech": "2024-10-29T00:00:00", "hora_hecho": "3:26", "cod_comuna": 19, "nom_comuna": "C-19 EL LIDO", "cod_barrio": 1913, "nom_bar_01": "El Cedro", "dire_hecho": "Calle 7 Carrera 30 A", "sitio_hech": "SITIOS PÚBLICOS O ABIERTOS AL PÚBLICO", "lat": 3.429983, "lon": -76.5380923, "estrato": 4 }, "geometry": { "type": "Point", "coordinates": [ -76.5380923, 3.429983 ] } },
{ "type": "Feature", "properties": { "agrupado": "SUSTANCIAS PSICOACTIVAS", "fecha_hech": "2024-10-29T00:00:00", "hora_hecho": "18:27", "cod_comuna": 19, "nom_comuna": "C-19 EL LIDO", "cod_barrio": 1905, "nom_bar_01": "Eucaristico", "dire_hecho": "Carrera 36A Con calle 6", "sitio_hech": "SITIOS PÚBLICOS O ABIERTOS AL PÚBLICO", "lat": 3.42761, "lon": -76.5391933, "estrato": 4 }, "geometry": { "type": "Point", "coordinates": [ -76.5391933, 3.42761 ] } },
{ "type": "Feature", "properties": { "agrupado": "ARMAS EXCEPTO DE FUEGO", "fecha_hech": "2024-10-30T00:00:00", "hora_hecho": "8:21", "cod_comuna": 19, "nom_comuna": "C-19 EL LIDO", "cod_barrio": 1913, "nom_bar_01": "El Cedro", "dire_hecho": "Calle 7 cra 25", "sitio_hech": "SITIOS PÚBLICOS O ABIERTOS AL PÚBLICO", "lat": 3.4352489, "lon": -76.5375482, "estrato": 4 }, "geometry": { "type": "Point", "coordinates": [ -76.5375482, 3.4352489 ] } },
{ "type": "Feature", "properties": { "agrupado": "SUSTANCIAS PSICOACTIVAS", "fecha_hech": "2024-11-02T00:00:00", "hora_hecho": "16:00", "cod_comuna": 19, "nom_comuna": "C-19 EL LIDO", "cod_barrio": 1912, "nom_bar_01": "3 de Julio", "dire_hecho": "Carrera 29 Calle 5 B 1 Parque 3 de julio", "sitio_hech": "SITIOS PÚBLICOS O ABIERTOS AL PÚBLICO", "lat": 3.431862307, "lon": -76.54008058, "estrato": 4 }, "geometry": { "type": "Point", "coordinates": [ -76.54008058, 3.431862307 ] } },
{ "type": "Feature", "properties": { "agrupado": "SUSTANCIAS PSICOACTIVAS", "fecha_hech": "2024-11-02T00:00:00", "hora_hecho": "17:34", "cod_comuna": 19, "nom_comuna": "C-19 EL LIDO", "cod_barrio": 1905, "nom_bar_01": "Eucaristico", "dire_hecho": "Calle 36 con calle", "sitio_hech": "SITIOS PÚBLICOS O ABIERTOS AL PÚBLICO", "lat": 3.4260433, "lon": -76.53965, "estrato": 4 }, "geometry": { "type": "Point", "coordinates": [ -76.53965, 3.4260433 ] } },
{ "type": "Feature", "properties": { "agrupado": "DESACATO, IRRESPETO A LA AUTORIDAD", "fecha_hech": "2024-11-05T00:00:00", "hora_hecho": "1:03", "cod_comuna": 19, "nom_comuna": "C-19 EL LIDO", "cod_barrio": 1913, "nom_bar_01": "El Cedro", "dire_hecho": "Calle 6 Carrera 24", "sitio_hech": "SITIOS PÚBLICOS O ABIERTOS AL PÚBLICO", "lat": 3.436155, "lon": -76.5384683, "estrato": 4 }, "geometry": { "type": "Point", "coordinates": [ -76.5384683, 3.436155 ] } },
{ "type": "Feature", "properties": { "agrupado": "DESACATO, IRRESPETO A LA AUTORIDAD", "fecha_hech": "2024-11-07T00:00:00", "hora_hecho": "23:17", "cod_comuna": 19, "nom_comuna": "C-19 EL LIDO", "cod_barrio": 1912, "nom_bar_01": "3 de Julio", "dire_hecho": "CALLE 6 Con carrera 27", "sitio_hech": "SITIOS PÚBLICOS O ABIERTOS AL PÚBLICO", "lat": 3.43269, "lon": -76.5389417, "estrato": 4 }, "geometry": { "type": "Point", "coordinates": [ -76.5389417, 3.43269 ] } },
{ "type": "Feature", "properties": { "agrupado": "SUSTANCIAS PSICOACTIVAS", "fecha_hech": "2024-11-09T00:00:00", "hora_hecho": "12:36", "cod_comuna": 19, "nom_comuna": "C-19 EL LIDO", "cod_barrio": 1912, "nom_bar_01": "3 de Julio", "dire_hecho": "Calle 5 Carrera 24", "sitio_hech": "SITIOS PÚBLICOS O ABIERTOS AL PÚBLICO", "lat": 3.4364565, "lon": -76.5393536, "estrato": 4 }, "geometry": { "type": "Point", "coordinates": [ -76.5393536, 3.4364565 ] } },
{ "type": "Feature", "properties": { "agrupado": "DESACATO, IRRESPETO A LA AUTORIDAD", "fecha_hech": "2024-11-11T00:00:00", "hora_hecho": "5:17", "cod_comuna": 19, "nom_comuna": "C-19 EL LIDO", "cod_barrio": 1913, "nom_bar_01": "El Cedro", "dire_hecho": "Calle 6 Carrera 26", "sitio_hech": "SITIOS PÚBLICOS O ABIERTOS AL PÚBLICO", "lat": 3.430330138, "lon": -76.53892786, "estrato": 4 }, "geometry": { "type": "Point", "coordinates": [ -76.53892786, 3.430330138 ] } },
{ "type": "Feature", "properties": { "agrupado": "ARMAS EXCEPTO DE FUEGO", "fecha_hech": "2024-11-11T00:00:00", "hora_hecho": "10:33", "cod_comuna": 19, "nom_comuna": "C-19 EL LIDO", "cod_barrio": 1912, "nom_bar_01": "3 de Julio", "dire_hecho": "CARRERA 27 con 5c", "sitio_hech": "SITIOS PÚBLICOS O ABIERTOS AL PÚBLICO", "lat": 3.4334533, "lon": -76.540385, "estrato": 4 }, "geometry": { "type": "Point", "coordinates": [ -76.540385, 3.4334533 ] } },
{ "type": "Feature", "properties": { "agrupado": "SUSTANCIAS PSICOACTIVAS", "fecha_hech": "2024-11-11T00:00:00", "hora_hecho": "19:59", "cod_comuna": 19, "nom_comuna": "C-19 EL LIDO", "cod_barrio": 1912, "nom_bar_01": "3 de Julio", "dire_hecho": "Carrera 34 Calle 5 B", "sitio_hech": "SITIOS PÚBLICOS O ABIERTOS AL PÚBLICO", "lat": 3.4289998, "lon": -76.5394498, "estrato": 4 }, "geometry": { "type": "Point", "coordinates": [ -76.5394498, 3.4289998 ] } },
{ "type": "Feature", "properties": { "agrupado": "SUSTANCIAS PSICOACTIVAS", "fecha_hech": "2024-11-11T00:00:00", "hora_hecho": "20:43", "cod_comuna": 19, "nom_comuna": "C-19 EL LIDO", "cod_barrio": 1906, "nom_bar_01": "San Fernando Nuevo", "dire_hecho": "Calle 5 B Carrera 34", "sitio_hech": "SITIOS PÚBLICOS O ABIERTOS AL PÚBLICO", "lat": 3.4288417, "lon": -76.5395367, "estrato": 4 }, "geometry": { "type": "Point", "coordinates": [ -76.5395367, 3.4288417 ] } },
{ "type": "Feature", "properties": { "agrupado": "SUSTANCIAS PSICOACTIVAS", "fecha_hech": "2024-11-11T00:00:00", "hora_hecho": "20:55", "cod_comuna": 19, "nom_comuna": "C-19 EL LIDO", "cod_barrio": 1912, "nom_bar_01": "3 de Julio", "dire_hecho": "Calle 5 B Carrera 34", "sitio_hech": "SITIOS PÚBLICOS O ABIERTOS AL PÚBLICO", "lat": 3.4295631, "lon": -76.5398089, "estrato": 4 }, "geometry": { "type": "Point", "coordinates": [ -76.5398089, 3.4295631 ] } },
{ "type": "Feature", "properties": { "agrupado": "SUSTANCIAS PSICOACTIVAS", "fecha_hech": "2024-11-11T00:00:00", "hora_hecho": "21:13", "cod_comuna": 19, "nom_comuna": "C-19 EL LIDO", "cod_barrio": 1912, "nom_bar_01": "3 de Julio", "dire_hecho": "Calle 5 B Carrera 39", "sitio_hech": "SITIOS PÚBLICOS O ABIERTOS AL PÚBLICO", "lat": 3.4295568, "lon": -76.5398283, "estrato": 4 }, "geometry": { "type": "Point", "coordinates": [ -76.5398283, 3.4295568 ] } },
{ "type": "Feature", "properties": { "agrupado": "SUSTANCIAS PSICOACTIVAS", "fecha_hech": "2024-11-11T00:00:00", "hora_hecho": "21:26", "cod_comuna": 19, "nom_comuna": "C-19 EL LIDO", "cod_barrio": 1912, "nom_bar_01": "3 de Julio", "dire_hecho": "Calle 5 B Carrera 39", "sitio_hech": "SITIOS PÚBLICOS O ABIERTOS AL PÚBLICO", "lat": 3.4295515, "lon": -76.5397388, "estrato": 4 }, "geometry": { "type": "Point", "coordinates": [ -76.5397388, 3.4295515 ] } },
{ "type": "Feature", "properties": { "agrupado": "SUSTANCIAS PSICOACTIVAS", "fecha_hech": "2024-11-11T00:00:00", "hora_hecho": "21:37", "cod_comuna": 19, "nom_comuna": "C-19 EL LIDO", "cod_barrio": 1912, "nom_bar_01": "3 de Julio", "dire_hecho": "Calle 5 B Carrera 34", "sitio_hech": "SITIOS PÚBLICOS O ABIERTOS AL PÚBLICO", "lat": 3.4295473, "lon": -76.5398304, "estrato": 4 }, "geometry": { "type": "Point", "coordinates": [ -76.5398304, 3.4295473 ] } },
{ "type": "Feature", "properties": { "agrupado": "SUSTANCIAS PSICOACTIVAS", "fecha_hech": "2024-11-11T00:00:00", "hora_hecho": "21:39", "cod_comuna": 19, "nom_comuna": "C-19 EL LIDO", "cod_barrio": 1912, "nom_bar_01": "3 de Julio", "dire_hecho": "Calle 5 B Carrera 39", "sitio_hech": "SITIOS PÚBLICOS O ABIERTOS AL PÚBLICO", "lat": 3.4295233, "lon": -76.5398317, "estrato": 4 }, "geometry": { "type": "Point", "coordinates": [ -76.5398317, 3.4295233 ] } },
{ "type": "Feature", "properties": { "agrupado": "SUSTANCIAS PSICOACTIVAS", "fecha_hech": "2024-11-11T00:00:00", "hora_hecho": "21:53", "cod_comuna": 19, "nom_comuna": "C-19 EL LIDO", "cod_barrio": 1912, "nom_bar_01": "3 de Julio", "dire_hecho": "Calle 5 B Carrera 39", "sitio_hech": "SITIOS PÚBLICOS O ABIERTOS AL PÚBLICO", "lat": 3.4296012, "lon": -76.5398074, "estrato": 4 }, "geometry": { "type": "Point", "coordinates": [ -76.5398074, 3.4296012 ] } },
{ "type": "Feature", "properties": { "agrupado": "SUSTANCIAS PSICOACTIVAS", "fecha_hech": "2024-11-11T00:00:00", "hora_hecho": "21:56", "cod_comuna": 19, "nom_comuna": "C-19 EL LIDO", "cod_barrio": 1912, "nom_bar_01": "3 de Julio", "dire_hecho": "Calle 5 B Carrera 34", "sitio_hech": "SITIOS PÚBLICOS O ABIERTOS AL PÚBLICO", "lat": 3.4296003, "lon": -76.5398035, "estrato": 4 }, "geometry": { "type": "Point", "coordinates": [ -76.5398035, 3.4296003 ] } },
{ "type": "Feature", "properties": { "agrupado": "SUSTANCIAS PSICOACTIVAS", "fecha_hech": "2024-11-11T00:00:00", "hora_hecho": "22:03", "cod_comuna": 19, "nom_comuna": "C-19 EL LIDO", "cod_barrio": 1912, "nom_bar_01": "3 de Julio", "dire_hecho": "Calle 5 B Carrera 39", "sitio_hech": "SITIOS PÚBLICOS O ABIERTOS AL PÚBLICO", "lat": 3.4296024, "lon": -76.5397829, "estrato": 4 }, "geometry": { "type": "Point", "coordinates": [ -76.5397829, 3.4296024 ] } },
{ "type": "Feature", "properties": { "agrupado": "SUSTANCIAS PSICOACTIVAS", "fecha_hech": "2024-11-11T00:00:00", "hora_hecho": "22:10", "cod_comuna": 19, "nom_comuna": "C-19 EL LIDO", "cod_barrio": 1912, "nom_bar_01": "3 de Julio", "dire_hecho": "Calle 5 B Carrera 34", "sitio_hech": "SITIOS PÚBLICOS O ABIERTOS AL PÚBLICO", "lat": 3.4295424, "lon": -76.5398032, "estrato": 4 }, "geometry": { "type": "Point", "coordinates": [ -76.5398032, 3.4295424 ] } },
{ "type": "Feature", "properties": { "agrupado": "SUSTANCIAS PSICOACTIVAS", "fecha_hech": "2024-11-14T00:00:00", "hora_hecho": "7:32", "cod_comuna": 19, "nom_comuna": "C-19 EL LIDO", "cod_barrio": 1912, "nom_bar_01": "3 de Julio", "dire_hecho": "Calle 5 cra 24", "sitio_hech": "SITIOS PÚBLICOS O ABIERTOS AL PÚBLICO", "lat": 3.4368133, "lon": -76.53896, "estrato": 4 }, "geometry": { "type": "Point", "coordinates": [ -76.53896, 3.4368133 ] } },
{ "type": "Feature", "properties": { "agrupado": "SUSTANCIAS PSICOACTIVAS", "fecha_hech": "2024-11-15T00:00:00", "hora_hecho": "23:47", "cod_comuna": 19, "nom_comuna": "C-19 EL LIDO", "cod_barrio": 1912, "nom_bar_01": "3 de Julio", "dire_hecho": "Calle 6 Carrera 27 Barrio 3 de julio", "sitio_hech": "SITIOS PÚBLICOS O ABIERTOS AL PÚBLICO", "lat": 3.433290008, "lon": -76.53904129, "estrato": 4 }, "geometry": { "type": "Point", "coordinates": [ -76.53904129, 3.433290008 ] } },
{ "type": "Feature", "properties": { "agrupado": "ARMAS EXCEPTO DE FUEGO", "fecha_hech": "2024-11-16T00:00:00", "hora_hecho": "9:07", "cod_comuna": 19, "nom_comuna": "C-19 EL LIDO", "cod_barrio": 1913, "nom_bar_01": "El Cedro", "dire_hecho": "CALLE 6 Carrera 26", "sitio_hech": "SITIOS PÚBLICOS O ABIERTOS AL PÚBLICO", "lat": 3.434360359, "lon": -76.53870659, "estrato": 4 }, "geometry": { "type": "Point", "coordinates": [ -76.53870659, 3.434360359 ] } },
{ "type": "Feature", "properties": { "agrupado": "ARMAS EXCEPTO DE FUEGO", "fecha_hech": "2024-11-16T00:00:00", "hora_hecho": "11:43", "cod_comuna": 19, "nom_comuna": "C-19 EL LIDO", "cod_barrio": 1912, "nom_bar_01": "3 de Julio", "dire_hecho": "Calle 8 Carrera 26", "sitio_hech": "SITIOS PÚBLICOS O ABIERTOS AL PÚBLICO", "lat": 3.4323467, "lon": -76.5389425, "estrato": 4 }, "geometry": { "type": "Point", "coordinates": [ -76.5389425, 3.4323467 ] } },
{ "type": "Feature", "properties": { "agrupado": "SUSTANCIAS PSICOACTIVAS", "fecha_hech": "2024-11-20T00:00:00", "hora_hecho": "0:45", "cod_comuna": 19, "nom_comuna": "C-19 EL LIDO", "cod_barrio": 1905, "nom_bar_01": "Eucaristico", "dire_hecho": "CL 6 con cra 39", "sitio_hech": "SITIOS PÚBLICOS O ABIERTOS AL PÚBLICO", "lat": 3.426251167, "lon": -76.53961907, "estrato": 4 }, "geometry": { "type": "Point", "coordinates": [ -76.53961907, 3.426251167 ] } },
{ "type": "Feature", "properties": { "agrupado": "SUSTANCIAS PSICOACTIVAS", "fecha_hech": "2024-11-21T00:00:00", "hora_hecho": "7:53", "cod_comuna": 19, "nom_comuna": "C-19 EL LIDO", "cod_barrio": 1905, "nom_bar_01": "Eucaristico", "dire_hecho": "Calle 36 con 7", "sitio_hech": "SITIOS PÚBLICOS O ABIERTOS AL PÚBLICO", "lat": 3.4256867, "lon": -76.5390333, "estrato": 4 }, "geometry": { "type": "Point", "coordinates": [ -76.5390333, 3.4256867 ] } },
{ "type": "Feature", "properties": { "agrupado": "ARMAS EXCEPTO DE FUEGO", "fecha_hech": "2024-11-21T00:00:00", "hora_hecho": "8:51", "cod_comuna": 19, "nom_comuna": "C-19 EL LIDO", "cod_barrio": 1906, "nom_bar_01": "San Fernando Nuevo", "dire_hecho": "Carrera 36 Calle 5 B 4 Barrio San Fernando nuevo", "sitio_hech": "SITIOS PÚBLICOS O ABIERTOS AL PÚBLICO", "lat": 3.4278179, "lon": -76.5403542, "estrato": 4 }, "geometry": { "type": "Point", "coordinates": [ -76.5403542, 3.4278179 ] } },
{ "type": "Feature", "properties": { "agrupado": "ARMAS EXCEPTO DE FUEGO", "fecha_hech": "2024-11-22T00:00:00", "hora_hecho": "3:17", "cod_comuna": 19, "nom_comuna": "C-19 EL LIDO", "cod_barrio": 1912, "nom_bar_01": "3 de Julio", "dire_hecho": "Calle 6 Carrera 29 Barrio 3 de julio", "sitio_hech": "SITIOS PÚBLICOS O ABIERTOS AL PÚBLICO", "lat": 3.4318699, "lon": -76.5392279, "estrato": 4 }, "geometry": { "type": "Point", "coordinates": [ -76.5392279, 3.4318699 ] } },
{ "type": "Feature", "properties": { "agrupado": "ARMAS EXCEPTO DE FUEGO", "fecha_hech": "2024-11-23T00:00:00", "hora_hecho": "16:45", "cod_comuna": 19, "nom_comuna": "C-19 EL LIDO", "cod_barrio": 1912, "nom_bar_01": "3 de Julio", "dire_hecho": "Calle 6 Carrera 29 Barrio 3 de julio", "sitio_hech": "SITIOS PÚBLICOS O ABIERTOS AL PÚBLICO", "lat": 3.4314437, "lon": -76.539029, "estrato": 4 }, "geometry": { "type": "Point", "coordinates": [ -76.539029, 3.4314437 ] } },
{ "type": "Feature", "properties": { "agrupado": "DESACATO, IRRESPETO A LA AUTORIDAD", "fecha_hech": "2024-11-23T00:00:00", "hora_hecho": "16:55", "cod_comuna": 19, "nom_comuna": "C-19 EL LIDO", "cod_barrio": 1905, "nom_bar_01": "Eucaristico", "dire_hecho": "Cra 36a BIS con 7", "sitio_hech": "MEDIO DE TRANSPORTE", "lat": 3.42526, "lon": -76.5393633, "estrato": 4 }, "geometry": { "type": "Point", "coordinates": [ -76.5393633, 3.42526 ] } },
{ "type": "Feature", "properties": { "agrupado": "ARMAS EXCEPTO DE FUEGO", "fecha_hech": "2024-11-23T00:00:00", "hora_hecho": "16:57", "cod_comuna": 19, "nom_comuna": "C-19 EL LIDO", "cod_barrio": 1912, "nom_bar_01": "3 de Julio", "dire_hecho": "Calle 6 Carrera 29 Barrio 3 de julio", "sitio_hech": "SITIOS PÚBLICOS O ABIERTOS AL PÚBLICO", "lat": 3.4313055, "lon": -76.5390301, "estrato": 4 }, "geometry": { "type": "Point", "coordinates": [ -76.5390301, 3.4313055 ] } },
{ "type": "Feature", "properties": { "agrupado": "SUSTANCIAS PSICOACTIVAS", "fecha_hech": "2024-11-24T00:00:00", "hora_hecho": "16:50", "cod_comuna": 19, "nom_comuna": "C-19 EL LIDO", "cod_barrio": 1905, "nom_bar_01": "Eucaristico", "dire_hecho": "Carrera 34 calle 6", "sitio_hech": "SITIOS PÚBLICOS O ABIERTOS AL PÚBLICO", "lat": 3.427806784, "lon": -76.53880342, "estrato": 4 }, "geometry": { "type": "Point", "coordinates": [ -76.53880342, 3.427806784 ] } },
{ "type": "Feature", "properties": { "agrupado": "DESACATO, IRRESPETO A LA AUTORIDAD", "fecha_hech": "2024-11-24T00:00:00", "hora_hecho": "19:52", "cod_comuna": 19, "nom_comuna": "C-19 EL LIDO", "cod_barrio": 1905, "nom_bar_01": "Eucaristico", "dire_hecho": "Carrera 34 calle 8", "sitio_hech": "SITIOS PÚBLICOS O ABIERTOS AL PÚBLICO", "lat": 3.4263089, "lon": -76.5376814, "estrato": 4 }, "geometry": { "type": "Point", "coordinates": [ -76.5376814, 3.4263089 ] } },
{ "type": "Feature", "properties": { "agrupado": "ARMAS EXCEPTO DE FUEGO", "fecha_hech": "2024-11-24T00:00:00", "hora_hecho": "20:13", "cod_comuna": 19, "nom_comuna": "C-19 EL LIDO", "cod_barrio": 1905, "nom_bar_01": "Eucaristico", "dire_hecho": "Cra 34 con cll8", "sitio_hech": "SITIOS PÚBLICOS O ABIERTOS AL PÚBLICO", "lat": 3.426324241, "lon": -76.53772131, "estrato": 4 }, "geometry": { "type": "Point", "coordinates": [ -76.53772131, 3.426324241 ] } },
{ "type": "Feature", "properties": { "agrupado": "SUSTANCIAS PSICOACTIVAS", "fecha_hech": "2024-11-27T00:00:00", "hora_hecho": "8:57", "cod_comuna": 19, "nom_comuna": "C-19 EL LIDO", "cod_barrio": 1905, "nom_bar_01": "Eucaristico", "dire_hecho": "Calle 9 con 37", "sitio_hech": "SITIOS PÚBLICOS O ABIERTOS AL PÚBLICO", "lat": 3.426045539, "lon": -76.53952577, "estrato": 4 }, "geometry": { "type": "Point", "coordinates": [ -76.53952577, 3.426045539 ] } },
{ "type": "Feature", "properties": { "agrupado": "SUSTANCIAS PSICOACTIVAS", "fecha_hech": "2024-11-27T00:00:00", "hora_hecho": "12:17", "cod_comuna": 19, "nom_comuna": "C-19 EL LIDO", "cod_barrio": 1905, "nom_bar_01": "Eucaristico", "dire_hecho": "Calle 6 con 36", "sitio_hech": "SITIOS PÚBLICOS O ABIERTOS AL PÚBLICO", "lat": 3.426062091, "lon": -76.539436, "estrato": 4 }, "geometry": { "type": "Point", "coordinates": [ -76.539436, 3.426062091 ] } },
{ "type": "Feature", "properties": { "agrupado": "ARMAS EXCEPTO DE FUEGO", "fecha_hech": "2024-11-27T00:00:00", "hora_hecho": "17:30", "cod_comuna": 19, "nom_comuna": "C-19 EL LIDO", "cod_barrio": 1905, "nom_bar_01": "Eucaristico", "dire_hecho": "Calle 9 Carrera 36", "sitio_hech": "SITIOS PÚBLICOS O ABIERTOS AL PÚBLICO", "lat": 3.4257317, "lon": -76.53813, "estrato": 4 }, "geometry": { "type": "Point", "coordinates": [ -76.53813, 3.4257317 ] } },
{ "type": "Feature", "properties": { "agrupado": "SUSTANCIAS PSICOACTIVAS", "fecha_hech": "2024-11-29T00:00:00", "hora_hecho": "0:17", "cod_comuna": 19, "nom_comuna": "C-19 EL LIDO", "cod_barrio": 1913, "nom_bar_01": "El Cedro", "dire_hecho": "Cll9c#28", "sitio_hech": "SITIOS PÚBLICOS O ABIERTOS AL PÚBLICO", "lat": 3.42897, "lon": -76.5388233, "estrato": 4 }, "geometry": { "type": "Point", "coordinates": [ -76.5388233, 3.42897 ] } },
{ "type": "Feature", "properties": { "agrupado": "ARMAS EXCEPTO DE FUEGO", "fecha_hech": "2024-11-29T00:00:00", "hora_hecho": "12:14", "cod_comuna": 19, "nom_comuna": "C-19 EL LIDO", "cod_barrio": 1913, "nom_bar_01": "El Cedro", "dire_hecho": "CALLE 6 #28", "sitio_hech": "SITIOS PÚBLICOS O ABIERTOS AL PÚBLICO", "lat": 3.432195, "lon": -76.5386617, "estrato": 4 }, "geometry": { "type": "Point", "coordinates": [ -76.5386617, 3.432195 ] } },
{ "type": "Feature", "properties": { "agrupado": "DESACATO, IRRESPETO A LA AUTORIDAD", "fecha_hech": "2024-12-01T00:00:00", "hora_hecho": "2:41", "cod_comuna": 19, "nom_comuna": "C-19 EL LIDO", "cod_barrio": 1912, "nom_bar_01": "3 de Julio", "dire_hecho": "Calle 5 Carrera 34 Barrio San Fernando nuevo", "sitio_hech": "SITIOS PÚBLICOS O ABIERTOS AL PÚBLICO", "lat": 3.4320692, "lon": -76.5390018, "estrato": 4 }, "geometry": { "type": "Point", "coordinates": [ -76.5390018, 3.4320692 ] } },
{ "type": "Feature", "properties": { "agrupado": "ARMAS EXCEPTO DE FUEGO", "fecha_hech": "2024-12-01T00:00:00", "hora_hecho": "18:19", "cod_comuna": 19, "nom_comuna": "C-19 EL LIDO", "cod_barrio": 1912, "nom_bar_01": "3 de Julio", "dire_hecho": "CALLE 6 #30", "sitio_hech": "SITIOS PÚBLICOS O ABIERTOS AL PÚBLICO", "lat": 3.430405, "lon": -76.5391, "estrato": 4 }, "geometry": { "type": "Point", "coordinates": [ -76.5391, 3.430405 ] } },
{ "type": "Feature", "properties": { "agrupado": "DESACATO, IRRESPETO A LA AUTORIDAD", "fecha_hech": "2024-12-02T00:00:00", "hora_hecho": "0:03", "cod_comuna": 19, "nom_comuna": "C-19 EL LIDO", "cod_barrio": 1912, "nom_bar_01": "3 de Julio", "dire_hecho": "Carrera 15 calle 5", "sitio_hech": "SITIOS PÚBLICOS O ABIERTOS AL PÚBLICO", "lat": 3.4333217, "lon": -76.540015, "estrato": 4 }, "geometry": { "type": "Point", "coordinates": [ -76.540015, 3.4333217 ] } },
{ "type": "Feature", "properties": { "agrupado": "SUSTANCIAS PSICOACTIVAS", "fecha_hech": "2024-12-02T00:00:00", "hora_hecho": "1:10", "cod_comuna": 19, "nom_comuna": "C-19 EL LIDO", "cod_barrio": 1912, "nom_bar_01": "3 de Julio", "dire_hecho": "CARRERA 34 CALLE 5b3", "sitio_hech": "SITIOS PÚBLICOS O ABIERTOS AL PÚBLICO", "lat": 3.4291967, "lon": -76.5395533, "estrato": 4 }, "geometry": { "type": "Point", "coordinates": [ -76.5395533, 3.4291967 ] } },
{ "type": "Feature", "properties": { "agrupado": "DESACATO, IRRESPETO A LA AUTORIDAD", "fecha_hech": "2024-12-02T00:00:00", "hora_hecho": "17:01", "cod_comuna": 19, "nom_comuna": "C-19 EL LIDO", "cod_barrio": 1912, "nom_bar_01": "3 de Julio", "dire_hecho": "Carrera 27 # 5 b 34", "sitio_hech": "SITIOS PÚBLICOS O ABIERTOS AL PÚBLICO", "lat": 3.4333952, "lon": -76.5396669, "estrato": 4 }, "geometry": { "type": "Point", "coordinates": [ -76.5396669, 3.4333952 ] } },
{ "type": "Feature", "properties": { "agrupado": "SUSTANCIAS PSICOACTIVAS", "fecha_hech": "2024-12-04T00:00:00", "hora_hecho": "9:49", "cod_comuna": 19, "nom_comuna": "C-19 EL LIDO", "cod_barrio": 1905, "nom_bar_01": "Eucaristico", "dire_hecho": "Cra 36 con calle 6", "sitio_hech": "SITIOS PÚBLICOS O ABIERTOS AL PÚBLICO", "lat": 3.4266887, "lon": -76.5394392, "estrato": 4 }, "geometry": { "type": "Point", "coordinates": [ -76.5394392, 3.4266887 ] } },
{ "type": "Feature", "properties": { "agrupado": "ARMAS EXCEPTO DE FUEGO", "fecha_hech": "2024-12-08T00:00:00", "hora_hecho": "13:28", "cod_comuna": 19, "nom_comuna": "C-19 EL LIDO", "cod_barrio": 1913, "nom_bar_01": "El Cedro", "dire_hecho": "Calle 6 #28", "sitio_hech": "SITIOS PÚBLICOS O ABIERTOS AL PÚBLICO", "lat": 3.4322011, "lon": -76.5386059, "estrato": 4 }, "geometry": { "type": "Point", "coordinates": [ -76.5386059, 3.4322011 ] } },
{ "type": "Feature", "properties": { "agrupado": "ARMAS EXCEPTO DE FUEGO", "fecha_hech": "2024-12-08T00:00:00", "hora_hecho": "16:30", "cod_comuna": 19, "nom_comuna": "C-19 EL LIDO", "cod_barrio": 1913, "nom_bar_01": "El Cedro", "dire_hecho": "Calle 7 Carrera 31", "sitio_hech": "SITIOS PÚBLICOS O ABIERTOS AL PÚBLICO", "lat": 3.428945, "lon": -76.53833, "estrato": 4 }, "geometry": { "type": "Point", "coordinates": [ -76.53833, 3.428945 ] } },
{ "type": "Feature", "properties": { "agrupado": "ARMAS EXCEPTO DE FUEGO", "fecha_hech": "2024-12-08T00:00:00", "hora_hecho": "16:34", "cod_comuna": 19, "nom_comuna": "C-19 EL LIDO", "cod_barrio": 1913, "nom_bar_01": "El Cedro", "dire_hecho": "Carrera 36 B Calle 5 B 4 Barrio San Fernando nuevo", "sitio_hech": "SITIOS PÚBLICOS O ABIERTOS AL PÚBLICO", "lat": 3.4334504, "lon": -76.5387566, "estrato": 4 }, "geometry": { "type": "Point", "coordinates": [ -76.5387566, 3.4334504 ] } },
{ "type": "Feature", "properties": { "agrupado": "ARMAS EXCEPTO DE FUEGO", "fecha_hech": "2024-12-08T00:00:00", "hora_hecho": "19:41", "cod_comuna": 19, "nom_comuna": "C-19 EL LIDO", "cod_barrio": 1905, "nom_bar_01": "Eucaristico", "dire_hecho": "Calle 7 con 36", "sitio_hech": "SITIOS PÚBLICOS O ABIERTOS AL PÚBLICO", "lat": 3.426005396, "lon": -76.53939714000001, "estrato": 4 }, "geometry": { "type": "Point", "coordinates": [ -76.53939714, 3.426005396 ] } },
{ "type": "Feature", "properties": { "agrupado": "SUSTANCIAS PSICOACTIVAS", "fecha_hech": "2024-12-08T00:00:00", "hora_hecho": "23:30", "cod_comuna": 19, "nom_comuna": "C-19 EL LIDO", "cod_barrio": 1912, "nom_bar_01": "3 de Julio", "dire_hecho": "Calle 6 #30", "sitio_hech": "SITIOS PÚBLICOS O ABIERTOS AL PÚBLICO", "lat": 3.4303383, "lon": -76.5391333, "estrato": 4 }, "geometry": { "type": "Point", "coordinates": [ -76.5391333, 3.4303383 ] } },
{ "type": "Feature", "properties": { "agrupado": "DESACATO, IRRESPETO A LA AUTORIDAD", "fecha_hech": "2024-12-10T00:00:00", "hora_hecho": "14:39", "cod_comuna": 19, "nom_comuna": "C-19 EL LIDO", "cod_barrio": 1912, "nom_bar_01": "3 de Julio", "dire_hecho": "Calle 6 #29", "sitio_hech": "SITIOS PÚBLICOS O ABIERTOS AL PÚBLICO", "lat": 3.431785, "lon": -76.5390333, "estrato": 4 }, "geometry": { "type": "Point", "coordinates": [ -76.5390333, 3.431785 ] } },
{ "type": "Feature", "properties": { "agrupado": "DESACATO, IRRESPETO A LA AUTORIDAD", "fecha_hech": "2024-12-11T00:00:00", "hora_hecho": "15:03", "cod_comuna": 19, "nom_comuna": "C-19 EL LIDO", "cod_barrio": 1906, "nom_bar_01": "San Fernando Nuevo", "dire_hecho": "Carrera 36 B Calle 5 B 4 Barrio San Fernando nuevo", "sitio_hech": "SITIOS PÚBLICOS O ABIERTOS AL PÚBLICO", "lat": 3.4267744, "lon": -76.5415233, "estrato": 4 }, "geometry": { "type": "Point", "coordinates": [ -76.5415233, 3.4267744 ] } },
{ "type": "Feature", "properties": { "agrupado": "ARMAS EXCEPTO DE FUEGO", "fecha_hech": "2024-12-13T00:00:00", "hora_hecho": "18:34", "cod_comuna": 19, "nom_comuna": "C-19 EL LIDO", "cod_barrio": 1913, "nom_bar_01": "El Cedro", "dire_hecho": "Calle 6 cra 32", "sitio_hech": "SITIOS PÚBLICOS O ABIERTOS AL PÚBLICO", "lat": 3.4289517, "lon": -76.53894, "estrato": 4 }, "geometry": { "type": "Point", "coordinates": [ -76.53894, 3.4289517 ] } },
{ "type": "Feature", "properties": { "agrupado": "DESACATO, IRRESPETO A LA AUTORIDAD", "fecha_hech": "2024-12-14T00:00:00", "hora_hecho": "0:09", "cod_comuna": 19, "nom_comuna": "C-19 EL LIDO", "cod_barrio": 1914, "nom_bar_01": "Champagnat", "dire_hecho": "Calle 9 con cra 36", "sitio_hech": "SITIOS PÚBLICOS O ABIERTOS AL PÚBLICO", "lat": 3.4255017, "lon": -76.5377167, "estrato": 4 }, "geometry": { "type": "Point", "coordinates": [ -76.5377167, 3.4255017 ] } },
{ "type": "Feature", "properties": { "agrupado": "SUSTANCIAS PSICOACTIVAS", "fecha_hech": "2024-12-15T00:00:00", "hora_hecho": "11:38", "cod_comuna": 19, "nom_comuna": "C-19 EL LIDO", "cod_barrio": 1905, "nom_bar_01": "Eucaristico", "dire_hecho": "Cll 6 con 36", "sitio_hech": "SITIOS PÚBLICOS O ABIERTOS AL PÚBLICO", "lat": 3.4260083, "lon": -76.5397283, "estrato": 4 }, "geometry": { "type": "Point", "coordinates": [ -76.5397283, 3.4260083 ] } },
{ "type": "Feature", "properties": { "agrupado": "SUSTANCIAS PSICOACTIVAS", "fecha_hech": "2024-12-15T00:00:00", "hora_hecho": "16:28", "cod_comuna": 19, "nom_comuna": "C-19 EL LIDO", "cod_barrio": 1906, "nom_bar_01": "San Fernando Nuevo", "dire_hecho": "Calle 5b cra 36", "sitio_hech": "SITIOS PÚBLICOS O ABIERTOS AL PÚBLICO", "lat": 3.4281692, "lon": -76.5406872, "estrato": 4 }, "geometry": { "type": "Point", "coordinates": [ -76.5406872, 3.4281692 ] } },
{ "type": "Feature", "properties": { "agrupado": "SUSTANCIAS PSICOACTIVAS", "fecha_hech": "2024-12-15T00:00:00", "hora_hecho": "16:47", "cod_comuna": 19, "nom_comuna": "C-19 EL LIDO", "cod_barrio": 1906, "nom_bar_01": "San Fernando Nuevo", "dire_hecho": "Calle 5b cra 34", "sitio_hech": "SITIOS PÚBLICOS O ABIERTOS AL PÚBLICO", "lat": 3.4283902, "lon": -76.5405725, "estrato": 4 }, "geometry": { "type": "Point", "coordinates": [ -76.5405725, 3.4283902 ] } },
{ "type": "Feature", "properties": { "agrupado": "ARMAS EXCEPTO DE FUEGO", "fecha_hech": "2024-12-15T00:00:00", "hora_hecho": "18:19", "cod_comuna": 19, "nom_comuna": "C-19 EL LIDO", "cod_barrio": 1905, "nom_bar_01": "Eucaristico", "dire_hecho": "Calle 8 Carrera 36", "sitio_hech": "SITIOS PÚBLICOS O ABIERTOS AL PÚBLICO", "lat": 3.4257433, "lon": -76.53818, "estrato": 4 }, "geometry": { "type": "Point", "coordinates": [ -76.53818, 3.4257433 ] } },
{ "type": "Feature", "properties": { "agrupado": "DESACATO, IRRESPETO A LA AUTORIDAD", "fecha_hech": "2024-12-17T00:00:00", "hora_hecho": "1:50", "cod_comuna": 19, "nom_comuna": "C-19 EL LIDO", "cod_barrio": 1905, "nom_bar_01": "Eucaristico", "dire_hecho": "CALLE 6 Carrera 36", "sitio_hech": "SITIOS PÚBLICOS O ABIERTOS AL PÚBLICO", "lat": 3.4263633, "lon": -76.5398683, "estrato": 4 }, "geometry": { "type": "Point", "coordinates": [ -76.5398683, 3.4263633 ] } },
{ "type": "Feature", "properties": { "agrupado": "ARMAS EXCEPTO DE FUEGO", "fecha_hech": "2024-12-17T00:00:00", "hora_hecho": "8:27", "cod_comuna": 19, "nom_comuna": "C-19 EL LIDO", "cod_barrio": 1913, "nom_bar_01": "El Cedro", "dire_hecho": "Cr 28 cl 6 El cedro", "sitio_hech": "SITIOS PÚBLICOS O ABIERTOS AL PÚBLICO", "lat": 3.4325817, "lon": -76.5388, "estrato": 4 }, "geometry": { "type": "Point", "coordinates": [ -76.5388, 3.4325817 ] } },
{ "type": "Feature", "properties": { "agrupado": "ARMAS EXCEPTO DE FUEGO", "fecha_hech": "2024-12-18T00:00:00", "hora_hecho": "15:48", "cod_comuna": 19, "nom_comuna": "C-19 EL LIDO", "cod_barrio": 1905, "nom_bar_01": "Eucaristico", "dire_hecho": "Calle 9 Cr32", "sitio_hech": "SITIOS PÚBLICOS O ABIERTOS AL PÚBLICO", "lat": 3.4263783, "lon": -76.5378617, "estrato": 4 }, "geometry": { "type": "Point", "coordinates": [ -76.5378617, 3.4263783 ] } },
{ "type": "Feature", "properties": { "agrupado": "ARMAS EXCEPTO DE FUEGO", "fecha_hech": "2024-12-18T00:00:00", "hora_hecho": "20:16", "cod_comuna": 19, "nom_comuna": "C-19 EL LIDO", "cod_barrio": 1913, "nom_bar_01": "El Cedro", "dire_hecho": "CALLE 5 Carrera 34", "sitio_hech": "SITIOS PÚBLICOS O ABIERTOS AL PÚBLICO", "lat": 3.4340783, "lon": -76.5386667, "estrato": 4 }, "geometry": { "type": "Point", "coordinates": [ -76.5386667, 3.4340783 ] } },
{ "type": "Feature", "properties": { "agrupado": "SUSTANCIAS PSICOACTIVAS", "fecha_hech": "2024-12-20T00:00:00", "hora_hecho": "15:13", "cod_comuna": 19, "nom_comuna": "C-19 EL LIDO", "cod_barrio": 1905, "nom_bar_01": "Eucaristico", "dire_hecho": "Calle 6 con 36", "sitio_hech": "SITIOS PÚBLICOS O ABIERTOS AL PÚBLICO", "lat": 3.426015, "lon": -76.5396183, "estrato": 4 }, "geometry": { "type": "Point", "coordinates": [ -76.5396183, 3.426015 ] } },
{ "type": "Feature", "properties": { "agrupado": "SUSTANCIAS PSICOACTIVAS", "fecha_hech": "2024-12-22T00:00:00", "hora_hecho": "12:16", "cod_comuna": 19, "nom_comuna": "C-19 EL LIDO", "cod_barrio": 1905, "nom_bar_01": "Eucaristico", "dire_hecho": "Carrera 36a calle7", "sitio_hech": "SITIOS PÚBLICOS O ABIERTOS AL PÚBLICO", "lat": 3.426031862, "lon": -76.53920068, "estrato": 4 }, "geometry": { "type": "Point", "coordinates": [ -76.53920068, 3.426031862 ] } },
{ "type": "Feature", "properties": { "agrupado": "ARMAS EXCEPTO DE FUEGO", "fecha_hech": "2024-12-26T00:00:00", "hora_hecho": "0:13", "cod_comuna": 19, "nom_comuna": "C-19 EL LIDO", "cod_barrio": 1913, "nom_bar_01": "El Cedro", "dire_hecho": "Carrera 24 A Calle 6", "sitio_hech": "SITIOS PÚBLICOS O ABIERTOS AL PÚBLICO", "lat": 3.4360517, "lon": -76.5376667, "estrato": 4 }, "geometry": { "type": "Point", "coordinates": [ -76.5376667, 3.4360517 ] } },
{ "type": "Feature", "properties": { "agrupado": "SUSTANCIAS PSICOACTIVAS", "fecha_hech": "2024-12-26T00:00:00", "hora_hecho": "0:25", "cod_comuna": 19, "nom_comuna": "C-19 EL LIDO", "cod_barrio": 1913, "nom_bar_01": "El Cedro", "dire_hecho": "Carrera 24 A Calle 6", "sitio_hech": "SITIOS PÚBLICOS O ABIERTOS AL PÚBLICO", "lat": 3.4360517, "lon": -76.5376667, "estrato": 4 }, "geometry": { "type": "Point", "coordinates": [ -76.5376667, 3.4360517 ] } },
{ "type": "Feature", "properties": { "agrupado": "ARMAS EXCEPTO DE FUEGO", "fecha_hech": "2024-12-28T00:00:00", "hora_hecho": "11:58", "cod_comuna": 19, "nom_comuna": "C-19 EL LIDO", "cod_barrio": 1905, "nom_bar_01": "Eucaristico", "dire_hecho": "Calle 8 Carrera 36", "sitio_hech": "SITIOS PÚBLICOS O ABIERTOS AL PÚBLICO", "lat": 3.4256817, "lon": -76.5381933, "estrato": 4 }, "geometry": { "type": "Point", "coordinates": [ -76.5381933, 3.4256817 ] } },
{ "type": "Feature", "properties": { "agrupado": "ARMAS EXCEPTO DE FUEGO", "fecha_hech": "2025-01-01T00:00:00", "hora_hecho": "12:08", "cod_comuna": 19, "nom_comuna": "C-19 EL LIDO", "cod_barrio": 1912, "nom_bar_01": "3 de Julio", "dire_hecho": "Carrera 27 #5a", "sitio_hech": "SITIOS PÚBLICOS O ABIERTOS AL PÚBLICO", "lat": 3.4333517, "lon": -76.53996, "estrato": 4 }, "geometry": { "type": "Point", "coordinates": [ -76.53996, 3.4333517 ] } },
{ "type": "Feature", "properties": { "agrupado": "ARMAS EXCEPTO DE FUEGO", "fecha_hech": "2025-01-02T00:00:00", "hora_hecho": "3:25", "cod_comuna": 19, "nom_comuna": "C-19 EL LIDO", "cod_barrio": 1913, "nom_bar_01": "El Cedro", "dire_hecho": "Calle 6 #28", "sitio_hech": "SITIOS PÚBLICOS O ABIERTOS AL PÚBLICO", "lat": 3.4323283, "lon": -76.5387583, "estrato": 4 }, "geometry": { "type": "Point", "coordinates": [ -76.5387583, 3.4323283 ] } },
{ "type": "Feature", "properties": { "agrupado": "SUSTANCIAS PSICOACTIVAS", "fecha_hech": "2025-01-02T00:00:00", "hora_hecho": "17:42", "cod_comuna": 19, "nom_comuna": "C-19 EL LIDO", "cod_barrio": 1905, "nom_bar_01": "Eucaristico", "dire_hecho": "Calle 6 Carrera 36", "sitio_hech": "SITIOS PÚBLICOS O ABIERTOS AL PÚBLICO", "lat": 3.4260417, "lon": -76.5396383, "estrato": 4 }, "geometry": { "type": "Point", "coordinates": [ -76.5396383, 3.4260417 ] } },
{ "type": "Feature", "properties": { "agrupado": "SUSTANCIAS PSICOACTIVAS", "fecha_hech": "2025-01-03T00:00:00", "hora_hecho": "10:35", "cod_comuna": 19, "nom_comuna": "C-19 EL LIDO", "cod_barrio": 1905, "nom_bar_01": "Eucaristico", "dire_hecho": "Calle 7 Carrera 36 A", "sitio_hech": "SITIOS PÚBLICOS O ABIERTOS AL PÚBLICO", "lat": 3.425925, "lon": -76.5390867, "estrato": 4 }, "geometry": { "type": "Point", "coordinates": [ -76.5390867, 3.425925 ] } },
{ "type": "Feature", "properties": { "agrupado": "DESACATO, IRRESPETO A LA AUTORIDAD", "fecha_hech": "2025-01-06T00:00:00", "hora_hecho": "10:40", "cod_comuna": 19, "nom_comuna": "C-19 EL LIDO", "cod_barrio": 1912, "nom_bar_01": "3 de Julio", "dire_hecho": "Carrera 27 CALLE 5b", "sitio_hech": "SITIOS PÚBLICOS O ABIERTOS AL PÚBLICO", "lat": 3.4333617, "lon": -76.5399617, "estrato": 4 }, "geometry": { "type": "Point", "coordinates": [ -76.5399617, 3.4333617 ] } },
{ "type": "Feature", "properties": { "agrupado": "DESACATO, IRRESPETO A LA AUTORIDAD", "fecha_hech": "2025-01-06T00:00:00", "hora_hecho": "18:18", "cod_comuna": 19, "nom_comuna": "C-19 EL LIDO", "cod_barrio": 1912, "nom_bar_01": "3 de Julio", "dire_hecho": "Calle 5 Con carrera 25", "sitio_hech": "SITIOS PÚBLICOS O ABIERTOS AL PÚBLICO", "lat": 3.4360517, "lon": -76.5399183, "estrato": 4 }, "geometry": { "type": "Point", "coordinates": [ -76.5399183, 3.4360517 ] } },
{ "type": "Feature", "properties": { "agrupado": "ARMAS EXCEPTO DE FUEGO", "fecha_hech": "2025-01-07T00:00:00", "hora_hecho": "8:12", "cod_comuna": 19, "nom_comuna": "C-19 EL LIDO", "cod_barrio": 1913, "nom_bar_01": "El Cedro", "dire_hecho": "Calle 9 cra 32a", "sitio_hech": "SITIOS PÚBLICOS O ABIERTOS AL PÚBLICO", "lat": 3.4270499, "lon": -76.5376834, "estrato": 4 }, "geometry": { "type": "Point", "coordinates": [ -76.5376834, 3.4270499 ] } },
{ "type": "Feature", "properties": { "agrupado": "ARMAS EXCEPTO DE FUEGO", "fecha_hech": "2025-01-09T00:00:00", "hora_hecho": "17:05", "cod_comuna": 19, "nom_comuna": "C-19 EL LIDO", "cod_barrio": 1913, "nom_bar_01": "El Cedro", "dire_hecho": "Calle 6 carrera 26", "sitio_hech": "SITIOS PÚBLICOS O ABIERTOS AL PÚBLICO", "lat": 3.4344484, "lon": -76.5387499, "estrato": 4 }, "geometry": { "type": "Point", "coordinates": [ -76.5387499, 3.4344484 ] } },
{ "type": "Feature", "properties": { "agrupado": "ARMAS EXCEPTO DE FUEGO", "fecha_hech": "2025-01-09T00:00:00", "hora_hecho": "17:30", "cod_comuna": 19, "nom_comuna": "C-19 EL LIDO", "cod_barrio": 1913, "nom_bar_01": "El Cedro", "dire_hecho": "Calle 6 cra 26", "sitio_hech": "SITIOS PÚBLICOS O ABIERTOS AL PÚBLICO", "lat": 3.4346341, "lon": -76.5387115, "estrato": 4 }, "geometry": { "type": "Point", "coordinates": [ -76.5387115, 3.4346341 ] } },
{ "type": "Feature", "properties": { "agrupado": "ARMAS EXCEPTO DE FUEGO", "fecha_hech": "2025-01-11T00:00:00", "hora_hecho": "6:32", "cod_comuna": 19, "nom_comuna": "C-19 EL LIDO", "cod_barrio": 1905, "nom_bar_01": "Eucaristico", "dire_hecho": "Calle 6 con Carrera 35", "sitio_hech": "SITIOS PÚBLICOS O ABIERTOS AL PÚBLICO", "lat": 3.427576263, "lon": -76.53921505, "estrato": 4 }, "geometry": { "type": "Point", "coordinates": [ -76.53921505, 3.427576263 ] } },
{ "type": "Feature", "properties": { "agrupado": "DESACATO, IRRESPETO A LA AUTORIDAD", "fecha_hech": "2025-01-11T00:00:00", "hora_hecho": "23:20", "cod_comuna": 19, "nom_comuna": "C-19 EL LIDO", "cod_barrio": 1905, "nom_bar_01": "Eucaristico", "dire_hecho": "CALLE 6 con 36a", "sitio_hech": "SITIOS PÚBLICOS O ABIERTOS AL PÚBLICO", "lat": 3.4256333, "lon": -76.5401081, "estrato": 4 }, "geometry": { "type": "Point", "coordinates": [ -76.5401081, 3.4256333 ] } },
{ "type": "Feature", "properties": { "agrupado": "ARMAS EXCEPTO DE FUEGO", "fecha_hech": "2025-01-12T00:00:00", "hora_hecho": "10:33", "cod_comuna": 19, "nom_comuna": "C-19 EL LIDO", "cod_barrio": 1905, "nom_bar_01": "Eucaristico", "dire_hecho": "Cra 34 con calle 6", "sitio_hech": "SITIOS PÚBLICOS O ABIERTOS AL PÚBLICO", "lat": 3.4265244, "lon": -76.5394451, "estrato": 4 }, "geometry": { "type": "Point", "coordinates": [ -76.5394451, 3.4265244 ] } },
{ "type": "Feature", "properties": { "agrupado": "DESACATO, IRRESPETO A LA AUTORIDAD", "fecha_hech": "2025-01-12T00:00:00", "hora_hecho": "23:41", "cod_comuna": 19, "nom_comuna": "C-19 EL LIDO", "cod_barrio": 1912, "nom_bar_01": "3 de Julio", "dire_hecho": "CALLE 5 Carrera 24", "sitio_hech": "SITIOS PÚBLICOS O ABIERTOS AL PÚBLICO", "lat": 3.4355982, "lon": -76.5402426, "estrato": 4 }, "geometry": { "type": "Point", "coordinates": [ -76.5402426, 3.4355982 ] } },
{ "type": "Feature", "properties": { "agrupado": "ARMAS EXCEPTO DE FUEGO", "fecha_hech": "2025-01-14T00:00:00", "hora_hecho": "5:43", "cod_comuna": 19, "nom_comuna": "C-19 EL LIDO", "cod_barrio": 1913, "nom_bar_01": "El Cedro", "dire_hecho": "Calle 6 cra 29", "sitio_hech": "SITIOS PÚBLICOS O ABIERTOS AL PÚBLICO", "lat": 3.4323443, "lon": -76.5387285, "estrato": 4 }, "geometry": { "type": "Point", "coordinates": [ -76.5387285, 3.4323443 ] } },
{ "type": "Feature", "properties": { "agrupado": "DESACATO, IRRESPETO A LA AUTORIDAD", "fecha_hech": "2025-01-16T00:00:00", "hora_hecho": "0:47", "cod_comuna": 19, "nom_comuna": "C-19 EL LIDO", "cod_barrio": 1913, "nom_bar_01": "El Cedro", "dire_hecho": "CALLE 5 Carrera 38", "sitio_hech": "SITIOS PÚBLICOS O ABIERTOS AL PÚBLICO", "lat": 3.4302247, "lon": -76.5385913, "estrato": 4 }, "geometry": { "type": "Point", "coordinates": [ -76.5385913, 3.4302247 ] } },
{ "type": "Feature", "properties": { "agrupado": "SUSTANCIAS PSICOACTIVAS", "fecha_hech": "2025-01-16T00:00:00", "hora_hecho": "20:36", "cod_comuna": 19, "nom_comuna": "C-19 EL LIDO", "cod_barrio": 1905, "nom_bar_01": "Eucaristico", "dire_hecho": "Calle 6 con 36", "sitio_hech": "SITIOS PÚBLICOS O ABIERTOS AL PÚBLICO", "lat": 3.425964551, "lon": -76.53939231, "estrato": 4 }, "geometry": { "type": "Point", "coordinates": [ -76.53939231, 3.425964551 ] } },
{ "type": "Feature", "properties": { "agrupado": "ARMAS EXCEPTO DE FUEGO", "fecha_hech": "2025-01-17T00:00:00", "hora_hecho": "13:01", "cod_comuna": 19, "nom_comuna": "C-19 EL LIDO", "cod_barrio": 1905, "nom_bar_01": "Eucaristico", "dire_hecho": "Cra 36 con calle 6", "sitio_hech": "SITIOS PÚBLICOS O ABIERTOS AL PÚBLICO", "lat": 3.4265594, "lon": -76.5392146, "estrato": 4 }, "geometry": { "type": "Point", "coordinates": [ -76.5392146, 3.4265594 ] } },
{ "type": "Feature", "properties": { "agrupado": "ARMAS EXCEPTO DE FUEGO", "fecha_hech": "2025-01-17T00:00:00", "hora_hecho": "17:46", "cod_comuna": 19, "nom_comuna": "C-19 EL LIDO", "cod_barrio": 1905, "nom_bar_01": "Eucaristico", "dire_hecho": "Carrera 36acalle6", "sitio_hech": "SITIOS PÚBLICOS O ABIERTOS AL PÚBLICO", "lat": 3.4260998, "lon": -76.5397234, "estrato": 4 }, "geometry": { "type": "Point", "coordinates": [ -76.5397234, 3.4260998 ] } },
{ "type": "Feature", "properties": { "agrupado": "SUSTANCIAS PSICOACTIVAS", "fecha_hech": "2025-01-17T00:00:00", "hora_hecho": "19:59", "cod_comuna": 19, "nom_comuna": "C-19 EL LIDO", "cod_barrio": 1913, "nom_bar_01": "El Cedro", "dire_hecho": "Carrera 32 A #cll9", "sitio_hech": "SITIOS PÚBLICOS O ABIERTOS AL PÚBLICO", "lat": 3.4265365, "lon": -76.5376049, "estrato": 4 }, "geometry": { "type": "Point", "coordinates": [ -76.5376049, 3.4265365 ] } },
{ "type": "Feature", "properties": { "agrupado": "SUSTANCIAS PSICOACTIVAS", "fecha_hech": "2025-01-18T00:00:00", "hora_hecho": "16:36", "cod_comuna": 19, "nom_comuna": "C-19 EL LIDO", "cod_barrio": 1906, "nom_bar_01": "San Fernando Nuevo", "dire_hecho": "Calle 5 #25", "sitio_hech": "SITIOS PÚBLICOS O ABIERTOS AL PÚBLICO", "lat": 3.4279796, "lon": -76.5394799, "estrato": 4 }, "geometry": { "type": "Point", "coordinates": [ -76.5394799, 3.4279796 ] } },
{ "type": "Feature", "properties": { "agrupado": "SUSTANCIAS PSICOACTIVAS", "fecha_hech": "2025-01-19T00:00:00", "hora_hecho": "0:44", "cod_comuna": 19, "nom_comuna": "C-19 EL LIDO", "cod_barrio": 1905, "nom_bar_01": "Eucaristico", "dire_hecho": "Carrera 36a calle6", "sitio_hech": "SITIOS PÚBLICOS O ABIERTOS AL PÚBLICO", "lat": 3.426272871, "lon": -76.53938843, "estrato": 4 }, "geometry": { "type": "Point", "coordinates": [ -76.53938843, 3.426272871 ] } },
{ "type": "Feature", "properties": { "agrupado": "ARMAS EXCEPTO DE FUEGO", "fecha_hech": "2025-01-19T00:00:00", "hora_hecho": "15:54", "cod_comuna": 19, "nom_comuna": "C-19 EL LIDO", "cod_barrio": 1905, "nom_bar_01": "Eucaristico", "dire_hecho": "Calle 6 con 36a", "sitio_hech": "SITIOS PÚBLICOS O ABIERTOS AL PÚBLICO", "lat": 3.4259094, "lon": -76.5397523, "estrato": 4 }, "geometry": { "type": "Point", "coordinates": [ -76.5397523, 3.4259094 ] } },
{ "type": "Feature", "properties": { "agrupado": "ARMAS EXCEPTO DE FUEGO", "fecha_hech": "2025-01-20T00:00:00", "hora_hecho": "1:07", "cod_comuna": 19, "nom_comuna": "C-19 EL LIDO", "cod_barrio": 1913, "nom_bar_01": "El Cedro", "dire_hecho": "Calle 6 cra 29", "sitio_hech": "SITIOS PÚBLICOS O ABIERTOS AL PÚBLICO", "lat": 3.4290806, "lon": -76.5388892, "estrato": 4 }, "geometry": { "type": "Point", "coordinates": [ -76.5388892, 3.4290806 ] } },
{ "type": "Feature", "properties": { "agrupado": "SUSTANCIAS PSICOACTIVAS", "fecha_hech": "2025-01-20T00:00:00", "hora_hecho": "16:43", "cod_comuna": 19, "nom_comuna": "C-19 EL LIDO", "cod_barrio": 1905, "nom_bar_01": "Eucaristico", "dire_hecho": "Carrera 36a calle6", "sitio_hech": "SITIOS PÚBLICOS O ABIERTOS AL PÚBLICO", "lat": 3.426628333, "lon": -76.53961609, "estrato": 4 }, "geometry": { "type": "Point", "coordinates": [ -76.53961609, 3.426628333 ] } },
{ "type": "Feature", "properties": { "agrupado": "DESACATO, IRRESPETO A LA AUTORIDAD", "fecha_hech": "2025-01-21T00:00:00", "hora_hecho": "16:31", "cod_comuna": 19, "nom_comuna": "C-19 EL LIDO", "cod_barrio": 1912, "nom_bar_01": "3 de Julio", "dire_hecho": "Carrera 27 Calle 5 B", "sitio_hech": "SITIOS PÚBLICOS O ABIERTOS AL PÚBLICO", "lat": 3.4333809, "lon": -76.5399774, "estrato": 4 }, "geometry": { "type": "Point", "coordinates": [ -76.5399774, 3.4333809 ] } },
{ "type": "Feature", "properties": { "agrupado": "ARMAS EXCEPTO DE FUEGO", "fecha_hech": "2025-01-22T00:00:00", "hora_hecho": "12:43", "cod_comuna": 19, "nom_comuna": "C-19 EL LIDO", "cod_barrio": 1905, "nom_bar_01": "Eucaristico", "dire_hecho": "Cll7 cra 36a", "sitio_hech": "SITIOS PÚBLICOS O ABIERTOS AL PÚBLICO", "lat": 3.4259013, "lon": -76.5391324, "estrato": 4 }, "geometry": { "type": "Point", "coordinates": [ -76.5391324, 3.4259013 ] } },
{ "type": "Feature", "properties": { "agrupado": "ARMAS EXCEPTO DE FUEGO", "fecha_hech": "2025-01-22T00:00:00", "hora_hecho": "16:51", "cod_comuna": 19, "nom_comuna": "C-19 EL LIDO", "cod_barrio": 1905, "nom_bar_01": "Eucaristico", "dire_hecho": "Calle 8 con 34", "sitio_hech": "SITIOS PÚBLICOS O ABIERTOS AL PÚBLICO", "lat": 3.426270333, "lon": -76.53772072, "estrato": 4 }, "geometry": { "type": "Point", "coordinates": [ -76.53772072, 3.426270333 ] } },
{ "type": "Feature", "properties": { "agrupado": "ARMAS EXCEPTO DE FUEGO", "fecha_hech": "2025-01-22T00:00:00", "hora_hecho": "19:21", "cod_comuna": 19, "nom_comuna": "C-19 EL LIDO", "cod_barrio": 1905, "nom_bar_01": "Eucaristico", "dire_hecho": "Calle 6 con 36", "sitio_hech": "SITIOS PÚBLICOS O ABIERTOS AL PÚBLICO", "lat": 3.426104652, "lon": -76.53958838, "estrato": 4 }, "geometry": { "type": "Point", "coordinates": [ -76.53958838, 3.426104652 ] } },
{ "type": "Feature", "properties": { "agrupado": "DESACATO, IRRESPETO A LA AUTORIDAD", "fecha_hech": "2025-01-22T00:00:00", "hora_hecho": "22:44", "cod_comuna": 19, "nom_comuna": "C-19 EL LIDO", "cod_barrio": 1912, "nom_bar_01": "3 de Julio", "dire_hecho": "Carrera 28 5 B", "sitio_hech": "SITIOS PÚBLICOS O ABIERTOS AL PÚBLICO", "lat": 3.4323102, "lon": -76.5404198, "estrato": 4 }, "geometry": { "type": "Point", "coordinates": [ -76.5404198, 3.4323102 ] } },
{ "type": "Feature", "properties": { "agrupado": "DESACATO, IRRESPETO A LA AUTORIDAD", "fecha_hech": "2025-01-23T00:00:00", "hora_hecho": "21:03", "cod_comuna": 19, "nom_comuna": "C-19 EL LIDO", "cod_barrio": 1913, "nom_bar_01": "El Cedro", "dire_hecho": "Cll6#34", "sitio_hech": "SITIOS PÚBLICOS O ABIERTOS AL PÚBLICO", "lat": 3.428872131, "lon": -76.53877936000001, "estrato": 4 }, "geometry": { "type": "Point", "coordinates": [ -76.53877936, 3.428872131 ] } },
{ "type": "Feature", "properties": { "agrupado": "ARMAS EXCEPTO DE FUEGO", "fecha_hech": "2025-01-23T00:00:00", "hora_hecho": "22:34", "cod_comuna": 19, "nom_comuna": "C-19 EL LIDO", "cod_barrio": 1913, "nom_bar_01": "El Cedro", "dire_hecho": "Calle 29 Con 6", "sitio_hech": "SITIOS PÚBLICOS O ABIERTOS AL PÚBLICO", "lat": 3.43180109, "lon": -76.53874708, "estrato": 4 }, "geometry": { "type": "Point", "coordinates": [ -76.53874708, 3.43180109 ] } },
{ "type": "Feature", "properties": { "agrupado": "ARMAS EXCEPTO DE FUEGO", "fecha_hech": "2025-01-24T00:00:00", "hora_hecho": "17:25", "cod_comuna": 19, "nom_comuna": "C-19 EL LIDO", "cod_barrio": 1913, "nom_bar_01": "El Cedro", "dire_hecho": "Calle 6 cra 32", "sitio_hech": "SITIOS PÚBLICOS O ABIERTOS AL PÚBLICO", "lat": 3.4289869, "lon": -76.5388415, "estrato": 4 }, "geometry": { "type": "Point", "coordinates": [ -76.5388415, 3.4289869 ] } },
{ "type": "Feature", "properties": { "agrupado": "ARMAS EXCEPTO DE FUEGO", "fecha_hech": "2025-01-24T00:00:00", "hora_hecho": "17:43", "cod_comuna": 19, "nom_comuna": "C-19 EL LIDO", "cod_barrio": 1905, "nom_bar_01": "Eucaristico", "dire_hecho": "Cll 8 36a Bis", "sitio_hech": "SITIOS PÚBLICOS O ABIERTOS AL PÚBLICO", "lat": 3.4253082, "lon": -76.5388006, "estrato": 4 }, "geometry": { "type": "Point", "coordinates": [ -76.5388006, 3.4253082 ] } },
{ "type": "Feature", "properties": { "agrupado": "DESACATO, IRRESPETO A LA AUTORIDAD", "fecha_hech": "2025-01-24T00:00:00", "hora_hecho": "18:30", "cod_comuna": 19, "nom_comuna": "C-19 EL LIDO", "cod_barrio": 1913, "nom_bar_01": "El Cedro", "dire_hecho": "Calle 6 #28", "sitio_hech": "SITIOS PÚBLICOS O ABIERTOS AL PÚBLICO", "lat": 3.4320833, "lon": -76.5388589, "estrato": 4 }, "geometry": { "type": "Point", "coordinates": [ -76.5388589, 3.4320833 ] } },
{ "type": "Feature", "properties": { "agrupado": "DESACATO, IRRESPETO A LA AUTORIDAD", "fecha_hech": "2025-01-25T00:00:00", "hora_hecho": "11:23", "cod_comuna": 19, "nom_comuna": "C-19 EL LIDO", "cod_barrio": 1913, "nom_bar_01": "El Cedro", "dire_hecho": "Calle 6 cra 34", "sitio_hech": "SITIOS PÚBLICOS O ABIERTOS AL PÚBLICO", "lat": 3.4290279, "lon": -76.5388507, "estrato": 4 }, "geometry": { "type": "Point", "coordinates": [ -76.5388507, 3.4290279 ] } },
{ "type": "Feature", "properties": { "agrupado": "SUSTANCIAS PSICOACTIVAS", "fecha_hech": "2025-01-25T00:00:00", "hora_hecho": "14:32", "cod_comuna": 19, "nom_comuna": "C-19 EL LIDO", "cod_barrio": 1912, "nom_bar_01": "3 de Julio", "dire_hecho": "Carrera 34 Calle 5 B 3 Barrio 3 de julio", "sitio_hech": "SITIOS PÚBLICOS O ABIERTOS AL PÚBLICO", "lat": 3.42899, "lon": -76.5394362, "estrato": 4 }, "geometry": { "type": "Point", "coordinates": [ -76.5394362, 3.42899 ] } },
{ "type": "Feature", "properties": { "agrupado": "DESACATO, IRRESPETO A LA AUTORIDAD", "fecha_hech": "2025-01-25T00:00:00", "hora_hecho": "14:57", "cod_comuna": 19, "nom_comuna": "C-19 EL LIDO", "cod_barrio": 1905, "nom_bar_01": "Eucaristico", "dire_hecho": "Calle7 con36", "sitio_hech": "SITIOS PÚBLICOS O ABIERTOS AL PÚBLICO", "lat": 3.4260182, "lon": -76.5390052, "estrato": 4 }, "geometry": { "type": "Point", "coordinates": [ -76.5390052, 3.4260182 ] } },
{ "type": "Feature", "properties": { "agrupado": "DESACATO, IRRESPETO A LA AUTORIDAD", "fecha_hech": "2025-01-25T00:00:00", "hora_hecho": "16:13", "cod_comuna": 19, "nom_comuna": "C-19 EL LIDO", "cod_barrio": 1905, "nom_bar_01": "Eucaristico", "dire_hecho": "Calle7 con36", "sitio_hech": "SITIOS PÚBLICOS O ABIERTOS AL PÚBLICO", "lat": 3.425905013, "lon": -76.53920391, "estrato": 4 }, "geometry": { "type": "Point", "coordinates": [ -76.53920391, 3.425905013 ] } },
{ "type": "Feature", "properties": { "agrupado": "DESACATO, IRRESPETO A LA AUTORIDAD", "fecha_hech": "2025-01-25T00:00:00", "hora_hecho": "19:31", "cod_comuna": 19, "nom_comuna": "C-19 EL LIDO", "cod_barrio": 1906, "nom_bar_01": "San Fernando Nuevo", "dire_hecho": "Carrera 34 calle 6", "sitio_hech": "SITIOS PÚBLICOS O ABIERTOS AL PÚBLICO", "lat": 3.428478717, "lon": -76.53917899, "estrato": 4 }, "geometry": { "type": "Point", "coordinates": [ -76.53917899, 3.428478717 ] } },
{ "type": "Feature", "properties": { "agrupado": "SUSTANCIAS PSICOACTIVAS", "fecha_hech": "2025-01-25T00:00:00", "hora_hecho": "21:14", "cod_comuna": 19, "nom_comuna": "C-19 EL LIDO", "cod_barrio": 1905, "nom_bar_01": "Eucaristico", "dire_hecho": "Calle 7 con Carrera 36 a bis", "sitio_hech": "SITIOS PÚBLICOS O ABIERTOS AL PÚBLICO", "lat": 3.425739222, "lon": -76.53929807, "estrato": 4 }, "geometry": { "type": "Point", "coordinates": [ -76.53929807, 3.425739222 ] } },
{ "type": "Feature", "properties": { "agrupado": "ARMAS EXCEPTO DE FUEGO", "fecha_hech": "2025-01-28T00:00:00", "hora_hecho": "19:10", "cod_comuna": 19, "nom_comuna": "C-19 EL LIDO", "cod_barrio": 1905, "nom_bar_01": "Eucaristico", "dire_hecho": "Carrera 34 Calle 5 B 4 B/ San fernando Nuevo", "sitio_hech": "SITIOS PÚBLICOS O ABIERTOS AL PÚBLICO", "lat": 3.4281592, "lon": -76.5391278, "estrato": 4 }, "geometry": { "type": "Point", "coordinates": [ -76.5391278, 3.4281592 ] } },
{ "type": "Feature", "properties": { "agrupado": "ARMAS EXCEPTO DE FUEGO", "fecha_hech": "2025-01-29T00:00:00", "hora_hecho": "9:12", "cod_comuna": 19, "nom_comuna": "C-19 EL LIDO", "cod_barrio": 1905, "nom_bar_01": "Eucaristico", "dire_hecho": "Calle9 con 37", "sitio_hech": "SITIOS PÚBLICOS O ABIERTOS AL PÚBLICO", "lat": 3.4259643, "lon": -76.5397332, "estrato": 4 }, "geometry": { "type": "Point", "coordinates": [ -76.5397332, 3.4259643 ] } },
{ "type": "Feature", "properties": { "agrupado": "ARMAS EXCEPTO DE FUEGO", "fecha_hech": "2025-01-30T00:00:00", "hora_hecho": "10:38", "cod_comuna": 19, "nom_comuna": "C-19 EL LIDO", "cod_barrio": 1905, "nom_bar_01": "Eucaristico", "dire_hecho": "Calle 9 Carrera 35", "sitio_hech": "SITIOS PÚBLICOS O ABIERTOS AL PÚBLICO", "lat": 3.4256944, "lon": -76.5381764, "estrato": 4 }, "geometry": { "type": "Point", "coordinates": [ -76.5381764, 3.4256944 ] } },
{ "type": "Feature", "properties": { "agrupado": "ARMAS EXCEPTO DE FUEGO", "fecha_hech": "2025-01-30T00:00:00", "hora_hecho": "18:28", "cod_comuna": 19, "nom_comuna": "C-19 EL LIDO", "cod_barrio": 1905, "nom_bar_01": "Eucaristico", "dire_hecho": "Cll7 cr 36a bis", "sitio_hech": "SITIOS PÚBLICOS O ABIERTOS AL PÚBLICO", "lat": 3.4252916, "lon": -76.5393534, "estrato": 4 }, "geometry": { "type": "Point", "coordinates": [ -76.5393534, 3.4252916 ] } },
{ "type": "Feature", "properties": { "agrupado": "ARMAS EXCEPTO DE FUEGO", "fecha_hech": "2025-01-31T00:00:00", "hora_hecho": "12:30", "cod_comuna": 19, "nom_comuna": "C-19 EL LIDO", "cod_barrio": 1912, "nom_bar_01": "3 de Julio", "dire_hecho": "Calle 5 B 26 73", "sitio_hech": "SITIOS PÚBLICOS O ABIERTOS AL PÚBLICO", "lat": 3.4337281, "lon": -76.5404142, "estrato": 4 }, "geometry": { "type": "Point", "coordinates": [ -76.5404142, 3.4337281 ] } },
{ "type": "Feature", "properties": { "agrupado": "SUSTANCIAS PSICOACTIVAS", "fecha_hech": "2025-01-31T00:00:00", "hora_hecho": "14:45", "cod_comuna": 19, "nom_comuna": "C-19 EL LIDO", "cod_barrio": 1905, "nom_bar_01": "Eucaristico", "dire_hecho": "Cll 6 con 35", "sitio_hech": "SITIOS PÚBLICOS O ABIERTOS AL PÚBLICO", "lat": 3.4260638, "lon": -76.5398882, "estrato": 4 }, "geometry": { "type": "Point", "coordinates": [ -76.5398882, 3.4260638 ] } },
{ "type": "Feature", "properties": { "agrupado": "ARMAS EXCEPTO DE FUEGO", "fecha_hech": "2025-01-31T00:00:00", "hora_hecho": "17:22", "cod_comuna": 19, "nom_comuna": "C-19 EL LIDO", "cod_barrio": 1905, "nom_bar_01": "Eucaristico", "dire_hecho": "Calle6 con 36", "sitio_hech": "SITIOS PÚBLICOS O ABIERTOS AL PÚBLICO", "lat": 3.4264412, "lon": -76.5394412, "estrato": 4 }, "geometry": { "type": "Point", "coordinates": [ -76.5394412, 3.4264412 ] } },
{ "type": "Feature", "properties": { "agrupado": "DESACATO, IRRESPETO A LA AUTORIDAD", "fecha_hech": "2025-01-31T00:00:00", "hora_hecho": "21:04", "cod_comuna": 19, "nom_comuna": "C-19 EL LIDO", "cod_barrio": 1912, "nom_bar_01": "3 de Julio", "dire_hecho": "Carrera 34 Calle 5 B 2 B/ 3 de julio", "sitio_hech": "SITIOS PÚBLICOS O ABIERTOS AL PÚBLICO", "lat": 3.4298546, "lon": -76.5400145, "estrato": 4 }, "geometry": { "type": "Point", "coordinates": [ -76.5400145, 3.4298546 ] } },
{ "type": "Feature", "properties": { "agrupado": "ARMAS EXCEPTO DE FUEGO", "fecha_hech": "2025-02-01T00:00:00", "hora_hecho": "4:32", "cod_comuna": 19, "nom_comuna": "C-19 EL LIDO", "cod_barrio": 1912, "nom_bar_01": "3 de Julio", "dire_hecho": "Cll 5 24a 138", "sitio_hech": "SITIOS PÚBLICOS O ABIERTOS AL PÚBLICO", "lat": 3.436335588, "lon": -76.53938502, "estrato": 4 }, "geometry": { "type": "Point", "coordinates": [ -76.53938502, 3.436335588 ] } },
{ "type": "Feature", "properties": { "agrupado": "SUSTANCIAS PSICOACTIVAS", "fecha_hech": "2025-02-03T00:00:00", "hora_hecho": "2:18", "cod_comuna": 19, "nom_comuna": "C-19 EL LIDO", "cod_barrio": 1905, "nom_bar_01": "Eucaristico", "dire_hecho": "Carrera36a calle6", "sitio_hech": "SITIOS PÚBLICOS O ABIERTOS AL PÚBLICO", "lat": 3.42601339, "lon": -76.53990086, "estrato": 4 }, "geometry": { "type": "Point", "coordinates": [ -76.53990086, 3.42601339 ] } },
{ "type": "Feature", "properties": { "agrupado": "ARMAS EXCEPTO DE FUEGO", "fecha_hech": "2025-02-03T00:00:00", "hora_hecho": "23:40", "cod_comuna": 19, "nom_comuna": "C-19 EL LIDO", "cod_barrio": 1905, "nom_bar_01": "Eucaristico", "dire_hecho": "Av Roosevelt con 34", "sitio_hech": "SITIOS PÚBLICOS O ABIERTOS AL PÚBLICO", "lat": 3.4276071, "lon": -76.5393094, "estrato": 4 }, "geometry": { "type": "Point", "coordinates": [ -76.5393094, 3.4276071 ] } },
{ "type": "Feature", "properties": { "agrupado": "SUSTANCIAS PSICOACTIVAS", "fecha_hech": "2025-02-04T00:00:00", "hora_hecho": "8:15", "cod_comuna": 19, "nom_comuna": "C-19 EL LIDO", "cod_barrio": 1906, "nom_bar_01": "San Fernando Nuevo", "dire_hecho": "Carrera 36 Calle 5 B 3 B/ San fernando Nuevo", "sitio_hech": "SITIOS PÚBLICOS O ABIERTOS AL PÚBLICO", "lat": 3.4277651, "lon": -76.5415511, "estrato": 4 }, "geometry": { "type": "Point", "coordinates": [ -76.5415511, 3.4277651 ] } },
{ "type": "Feature", "properties": { "agrupado": "ARMAS EXCEPTO DE FUEGO", "fecha_hech": "2025-02-05T00:00:00", "hora_hecho": "11:56", "cod_comuna": 19, "nom_comuna": "C-19 EL LIDO", "cod_barrio": 1913, "nom_bar_01": "El Cedro", "dire_hecho": "Calle 8 Carrera 34", "sitio_hech": "SITIOS PÚBLICOS O ABIERTOS AL PÚBLICO", "lat": 3.4270784, "lon": -76.5374613, "estrato": 4 }, "geometry": { "type": "Point", "coordinates": [ -76.5374613, 3.4270784 ] } },
{ "type": "Feature", "properties": { "agrupado": "SUSTANCIAS PSICOACTIVAS", "fecha_hech": "2025-02-06T00:00:00", "hora_hecho": "17:45", "cod_comuna": 19, "nom_comuna": "C-19 EL LIDO", "cod_barrio": 1905, "nom_bar_01": "Eucaristico", "dire_hecho": "Calle 6 con 36", "sitio_hech": "SITIOS PÚBLICOS O ABIERTOS AL PÚBLICO", "lat": 3.4264127, "lon": -76.5395697, "estrato": 4 }, "geometry": { "type": "Point", "coordinates": [ -76.5395697, 3.4264127 ] } },
{ "type": "Feature", "properties": { "agrupado": "ARMAS EXCEPTO DE FUEGO", "fecha_hech": "2025-02-06T00:00:00", "hora_hecho": "21:01", "cod_comuna": 19, "nom_comuna": "C-19 EL LIDO", "cod_barrio": 1914, "nom_bar_01": "Champagnat", "dire_hecho": "Calle 9 Con 34", "sitio_hech": "SITIOS PÚBLICOS O ABIERTOS AL PÚBLICO", "lat": 3.425638743, "lon": -76.53768015, "estrato": 4 }, "geometry": { "type": "Point", "coordinates": [ -76.53768015, 3.425638743 ] } },
{ "type": "Feature", "properties": { "agrupado": "ARMAS EXCEPTO DE FUEGO", "fecha_hech": "2025-02-07T00:00:00", "hora_hecho": "2:08", "cod_comuna": 19, "nom_comuna": "C-19 EL LIDO", "cod_barrio": 1913, "nom_bar_01": "El Cedro", "dire_hecho": "Calle 6 cra 31", "sitio_hech": "SITIOS PÚBLICOS O ABIERTOS AL PÚBLICO", "lat": 3.4290066, "lon": -76.5389425, "estrato": 4 }, "geometry": { "type": "Point", "coordinates": [ -76.5389425, 3.4290066 ] } },
{ "type": "Feature", "properties": { "agrupado": "SUSTANCIAS PSICOACTIVAS", "fecha_hech": "2025-02-07T00:00:00", "hora_hecho": "17:40", "cod_comuna": 19, "nom_comuna": "C-19 EL LIDO", "cod_barrio": 1905, "nom_bar_01": "Eucaristico", "dire_hecho": "Diagonal36a calle6", "sitio_hech": "SITIOS PÚBLICOS O ABIERTOS AL PÚBLICO", "lat": 3.425939054, "lon": -76.53956027, "estrato": 4 }, "geometry": { "type": "Point", "coordinates": [ -76.53956027, 3.425939054 ] } },
{ "type": "Feature", "properties": { "agrupado": "ARMAS EXCEPTO DE FUEGO", "fecha_hech": "2025-02-07T00:00:00", "hora_hecho": "18:56", "cod_comuna": 19, "nom_comuna": "C-19 EL LIDO", "cod_barrio": 1905, "nom_bar_01": "Eucaristico", "dire_hecho": "CALLE 5 CARRERA 36", "sitio_hech": "SITIOS PÚBLICOS O ABIERTOS AL PÚBLICO", "lat": 3.4258346, "lon": -76.5404652, "estrato": 4 }, "geometry": { "type": "Point", "coordinates": [ -76.5404652, 3.4258346 ] } },
{ "type": "Feature", "properties": { "agrupado": "SUSTANCIAS PSICOACTIVAS", "fecha_hech": "2025-02-08T00:00:00", "hora_hecho": "12:41", "cod_comuna": 19, "nom_comuna": "C-19 EL LIDO", "cod_barrio": 1913, "nom_bar_01": "El Cedro", "dire_hecho": "Carrera 31 CALLE 9c parque", "sitio_hech": "SITIOS PÚBLICOS O ABIERTOS AL PÚBLICO", "lat": 3.4289819, "lon": -76.5388213, "estrato": 4 }, "geometry": { "type": "Point", "coordinates": [ -76.5388213, 3.4289819 ] } },
{ "type": "Feature", "properties": { "agrupado": "DESACATO, IRRESPETO A LA AUTORIDAD", "fecha_hech": "2025-02-08T00:00:00", "hora_hecho": "16:50", "cod_comuna": 19, "nom_comuna": "C-19 EL LIDO", "cod_barrio": 1913, "nom_bar_01": "El Cedro", "dire_hecho": "Calle 6 cra 31", "sitio_hech": "SITIOS PÚBLICOS O ABIERTOS AL PÚBLICO", "lat": 3.4289533, "lon": -76.53883, "estrato": 4 }, "geometry": { "type": "Point", "coordinates": [ -76.53883, 3.4289533 ] } },
{ "type": "Feature", "properties": { "agrupado": "SUSTANCIAS PSICOACTIVAS", "fecha_hech": "2025-02-09T00:00:00", "hora_hecho": "17:00", "cod_comuna": 19, "nom_comuna": "C-19 EL LIDO", "cod_barrio": 1905, "nom_bar_01": "Eucaristico", "dire_hecho": "Calle 6 con 36a", "sitio_hech": "SITIOS PÚBLICOS O ABIERTOS AL PÚBLICO", "lat": 3.4260163, "lon": -76.53983541, "estrato": 4 }, "geometry": { "type": "Point", "coordinates": [ -76.53983541, 3.4260163 ] } },
{ "type": "Feature", "properties": { "agrupado": "SUSTANCIAS PSICOACTIVAS", "fecha_hech": "2025-02-09T00:00:00", "hora_hecho": "17:08", "cod_comuna": 19, "nom_comuna": "C-19 EL LIDO", "cod_barrio": 1905, "nom_bar_01": "Eucaristico", "dire_hecho": "Cll 6 con 36a", "sitio_hech": "SITIOS PÚBLICOS O ABIERTOS AL PÚBLICO", "lat": 3.425996782, "lon": -76.53980049, "estrato": 4 }, "geometry": { "type": "Point", "coordinates": [ -76.53980049, 3.425996782 ] } },
{ "type": "Feature", "properties": { "agrupado": "SUSTANCIAS PSICOACTIVAS", "fecha_hech": "2025-02-09T00:00:00", "hora_hecho": "17:30", "cod_comuna": 19, "nom_comuna": "C-19 EL LIDO", "cod_barrio": 1905, "nom_bar_01": "Eucaristico", "dire_hecho": "Cll 6 con 36a", "sitio_hech": "SITIOS PÚBLICOS O ABIERTOS AL PÚBLICO", "lat": 3.425983314, "lon": -76.53976235, "estrato": 4 }, "geometry": { "type": "Point", "coordinates": [ -76.53976235, 3.425983314 ] } },
{ "type": "Feature", "properties": { "agrupado": "ARMAS EXCEPTO DE FUEGO", "fecha_hech": "2025-02-12T00:00:00", "hora_hecho": "3:54", "cod_comuna": 19, "nom_comuna": "C-19 EL LIDO", "cod_barrio": 1913, "nom_bar_01": "El Cedro", "dire_hecho": "Calle 6 Carrera 28", "sitio_hech": "SITIOS PÚBLICOS O ABIERTOS AL PÚBLICO", "lat": 3.4321933, "lon": -76.538669, "estrato": 4 }, "geometry": { "type": "Point", "coordinates": [ -76.538669, 3.4321933 ] } },
{ "type": "Feature", "properties": { "agrupado": "ARMAS EXCEPTO DE FUEGO", "fecha_hech": "2025-02-13T00:00:00", "hora_hecho": "9:17", "cod_comuna": 19, "nom_comuna": "C-19 EL LIDO", "cod_barrio": 1912, "nom_bar_01": "3 de Julio", "dire_hecho": "Calle 6 Carrera 26 Barrio 3 de julio", "sitio_hech": "SITIOS PÚBLICOS O ABIERTOS AL PÚBLICO", "lat": 3.4343862, "lon": -76.5389451, "estrato": 4 }, "geometry": { "type": "Point", "coordinates": [ -76.5389451, 3.4343862 ] } },
{ "type": "Feature", "properties": { "agrupado": "ARMAS EXCEPTO DE FUEGO", "fecha_hech": "2025-02-13T00:00:00", "hora_hecho": "14:46", "cod_comuna": 19, "nom_comuna": "C-19 EL LIDO", "cod_barrio": 1913, "nom_bar_01": "El Cedro", "dire_hecho": "Calle 8 Carrera 26", "sitio_hech": "SITIOS PÚBLICOS O ABIERTOS AL PÚBLICO", "lat": 3.4324758, "lon": -76.537536, "estrato": 4 }, "geometry": { "type": "Point", "coordinates": [ -76.537536, 3.4324758 ] } },
{ "type": "Feature", "properties": { "agrupado": "SUSTANCIAS PSICOACTIVAS", "fecha_hech": "2025-02-14T00:00:00", "hora_hecho": "4:42", "cod_comuna": 19, "nom_comuna": "C-19 EL LIDO", "cod_barrio": 1905, "nom_bar_01": "Eucaristico", "dire_hecho": "Calle6#36abis", "sitio_hech": "SITIOS PÚBLICOS O ABIERTOS AL PÚBLICO", "lat": 3.4252328, "lon": -76.5401977, "estrato": 4 }, "geometry": { "type": "Point", "coordinates": [ -76.5401977, 3.4252328 ] } },
{ "type": "Feature", "properties": { "agrupado": "ARMAS EXCEPTO DE FUEGO", "fecha_hech": "2025-02-14T00:00:00", "hora_hecho": "10:15", "cod_comuna": 19, "nom_comuna": "C-19 EL LIDO", "cod_barrio": 1912, "nom_bar_01": "3 de Julio", "dire_hecho": "CALLE 5 Carrera 26", "sitio_hech": "SITIOS PÚBLICOS O ABIERTOS AL PÚBLICO", "lat": 3.4337152, "lon": -76.538935, "estrato": 4 }, "geometry": { "type": "Point", "coordinates": [ -76.538935, 3.4337152 ] } },
{ "type": "Feature", "properties": { "agrupado": "DESACATO, IRRESPETO A LA AUTORIDAD", "fecha_hech": "2025-02-14T00:00:00", "hora_hecho": "15:08", "cod_comuna": 19, "nom_comuna": "C-19 EL LIDO", "cod_barrio": 1913, "nom_bar_01": "El Cedro", "dire_hecho": "Cr 26 cl 6 Champañag", "sitio_hech": "SITIOS PÚBLICOS O ABIERTOS AL PÚBLICO", "lat": 3.4343585, "lon": -76.5385409, "estrato": 4 }, "geometry": { "type": "Point", "coordinates": [ -76.5385409, 3.4343585 ] } },
{ "type": "Feature", "properties": { "agrupado": "ARMAS EXCEPTO DE FUEGO", "fecha_hech": "2025-02-14T00:00:00", "hora_hecho": "19:08", "cod_comuna": 19, "nom_comuna": "C-19 EL LIDO", "cod_barrio": 1913, "nom_bar_01": "El Cedro", "dire_hecho": "Calle 6 #28", "sitio_hech": "SITIOS PÚBLICOS O ABIERTOS AL PÚBLICO", "lat": 3.4323415, "lon": -76.5387614, "estrato": 4 }, "geometry": { "type": "Point", "coordinates": [ -76.5387614, 3.4323415 ] } },
{ "type": "Feature", "properties": { "agrupado": "SUSTANCIAS PSICOACTIVAS", "fecha_hech": "2025-02-14T00:00:00", "hora_hecho": "23:31", "cod_comuna": 19, "nom_comuna": "C-19 EL LIDO", "cod_barrio": 1906, "nom_bar_01": "San Fernando Nuevo", "dire_hecho": "Cll 5A#34", "sitio_hech": "SITIOS PÚBLICOS O ABIERTOS AL PÚBLICO", "lat": 3.4270452, "lon": -76.5411802, "estrato": 4 }, "geometry": { "type": "Point", "coordinates": [ -76.5411802, 3.4270452 ] } },
{ "type": "Feature", "properties": { "agrupado": "SUSTANCIAS PSICOACTIVAS", "fecha_hech": "2025-02-15T00:00:00", "hora_hecho": "16:21", "cod_comuna": 19, "nom_comuna": "C-19 EL LIDO", "cod_barrio": 1905, "nom_bar_01": "Eucaristico", "dire_hecho": "Cll 6 con 36a", "sitio_hech": "SITIOS PÚBLICOS O ABIERTOS AL PÚBLICO", "lat": 3.426318812, "lon": -76.53965641000001, "estrato": 4 }, "geometry": { "type": "Point", "coordinates": [ -76.53965641, 3.426318812 ] } },
{ "type": "Feature", "properties": { "agrupado": "SUSTANCIAS PSICOACTIVAS", "fecha_hech": "2025-02-15T00:00:00", "hora_hecho": "16:53", "cod_comuna": 19, "nom_comuna": "C-19 EL LIDO", "cod_barrio": 1905, "nom_bar_01": "Eucaristico", "dire_hecho": "Cll 6 con 36", "sitio_hech": "SITIOS PÚBLICOS O ABIERTOS AL PÚBLICO", "lat": 3.426332486, "lon": -76.53948164000001, "estrato": 4 }, "geometry": { "type": "Point", "coordinates": [ -76.53948164, 3.426332486 ] } },
{ "type": "Feature", "properties": { "agrupado": "SUSTANCIAS PSICOACTIVAS", "fecha_hech": "2025-02-20T00:00:00", "hora_hecho": "18:17", "cod_comuna": 19, "nom_comuna": "C-19 EL LIDO", "cod_barrio": 1905, "nom_bar_01": "Eucaristico", "dire_hecho": "Carrera 36 calle 7", "sitio_hech": "SITIOS PÚBLICOS O ABIERTOS AL PÚBLICO", "lat": 3.4257599, "lon": -76.5394633, "estrato": 4 }, "geometry": { "type": "Point", "coordinates": [ -76.5394633, 3.4257599 ] } },
{ "type": "Feature", "properties": { "agrupado": "SUSTANCIAS PSICOACTIVAS", "fecha_hech": "2025-02-20T00:00:00", "hora_hecho": "18:32", "cod_comuna": 19, "nom_comuna": "C-19 EL LIDO", "cod_barrio": 1905, "nom_bar_01": "Eucaristico", "dire_hecho": "Carrera 37 Calle 7", "sitio_hech": "SITIOS PÚBLICOS O ABIERTOS AL PÚBLICO", "lat": 3.4259544, "lon": -76.5395806, "estrato": 4 }, "geometry": { "type": "Point", "coordinates": [ -76.5395806, 3.4259544 ] } },
{ "type": "Feature", "properties": { "agrupado": "ARMAS EXCEPTO DE FUEGO", "fecha_hech": "2025-02-20T00:00:00", "hora_hecho": "23:49", "cod_comuna": 19, "nom_comuna": "C-19 EL LIDO", "cod_barrio": 1906, "nom_bar_01": "San Fernando Nuevo", "dire_hecho": "CALLE 34 CALLE 6", "sitio_hech": "SITIOS PÚBLICOS O ABIERTOS AL PÚBLICO", "lat": 3.4281338, "lon": -76.5392137, "estrato": 4 }, "geometry": { "type": "Point", "coordinates": [ -76.5392137, 3.4281338 ] } },
{ "type": "Feature", "properties": { "agrupado": "ARMAS EXCEPTO DE FUEGO", "fecha_hech": "2025-02-21T00:00:00", "hora_hecho": "3:17", "cod_comuna": 19, "nom_comuna": "C-19 EL LIDO", "cod_barrio": 1912, "nom_bar_01": "3 de Julio", "dire_hecho": "Calle 6 Carrera 29", "sitio_hech": "SITIOS PÚBLICOS O ABIERTOS AL PÚBLICO", "lat": 3.4312353, "lon": -76.539014, "estrato": 4 }, "geometry": { "type": "Point", "coordinates": [ -76.539014, 3.4312353 ] } },
{ "type": "Feature", "properties": { "agrupado": "DESACATO, IRRESPETO A LA AUTORIDAD", "fecha_hech": "2025-02-21T00:00:00", "hora_hecho": "9:29", "cod_comuna": 19, "nom_comuna": "C-19 EL LIDO", "cod_barrio": 1905, "nom_bar_01": "Eucaristico", "dire_hecho": "Calle 5a #34", "sitio_hech": "SITIOS PÚBLICOS O ABIERTOS AL PÚBLICO", "lat": 3.4258423, "lon": -76.5404764, "estrato": 4 }, "geometry": { "type": "Point", "coordinates": [ -76.5404764, 3.4258423 ] } },
{ "type": "Feature", "properties": { "agrupado": "SUSTANCIAS PSICOACTIVAS", "fecha_hech": "2025-02-22T00:00:00", "hora_hecho": "8:09", "cod_comuna": 19, "nom_comuna": "C-19 EL LIDO", "cod_barrio": 1905, "nom_bar_01": "Eucaristico", "dire_hecho": "Cra 36 BIS con 7", "sitio_hech": "SITIOS PÚBLICOS O ABIERTOS AL PÚBLICO", "lat": 3.4253183, "lon": -76.539075, "estrato": 4 }, "geometry": { "type": "Point", "coordinates": [ -76.539075, 3.4253183 ] } },
{ "type": "Feature", "properties": { "agrupado": "SUSTANCIAS PSICOACTIVAS", "fecha_hech": "2025-02-22T00:00:00", "hora_hecho": "22:49", "cod_comuna": 19, "nom_comuna": "C-19 EL LIDO", "cod_barrio": 1905, "nom_bar_01": "Eucaristico", "dire_hecho": "CALLE 6 con 36", "sitio_hech": "SITIOS PÚBLICOS O ABIERTOS AL PÚBLICO", "lat": 3.426148, "lon": -76.5397033, "estrato": 4 }, "geometry": { "type": "Point", "coordinates": [ -76.5397033, 3.426148 ] } },
{ "type": "Feature", "properties": { "agrupado": "ARMAS EXCEPTO DE FUEGO", "fecha_hech": "2025-02-23T00:00:00", "hora_hecho": "19:56", "cod_comuna": 19, "nom_comuna": "C-19 EL LIDO", "cod_barrio": 1912, "nom_bar_01": "3 de Julio", "dire_hecho": "Carrera 25 #5", "sitio_hech": "SITIOS PÚBLICOS O ABIERTOS AL PÚBLICO", "lat": 3.4356254, "lon": -76.5401485, "estrato": 4 }, "geometry": { "type": "Point", "coordinates": [ -76.5401485, 3.4356254 ] } },
{ "type": "Feature", "properties": { "agrupado": "ARMAS EXCEPTO DE FUEGO", "fecha_hech": "2025-02-24T00:00:00", "hora_hecho": "0:48", "cod_comuna": 19, "nom_comuna": "C-19 EL LIDO", "cod_barrio": 1905, "nom_bar_01": "Eucaristico", "dire_hecho": "calle 6 con Carrera 34", "sitio_hech": "SITIOS PÚBLICOS O ABIERTOS AL PÚBLICO", "lat": 3.4258423, "lon": -76.5404764, "estrato": 4 }, "geometry": { "type": "Point", "coordinates": [ -76.5404764, 3.4258423 ] } },
{ "type": "Feature", "properties": { "agrupado": "DESACATO, IRRESPETO A LA AUTORIDAD", "fecha_hech": "2025-02-24T00:00:00", "hora_hecho": "15:29", "cod_comuna": 19, "nom_comuna": "C-19 EL LIDO", "cod_barrio": 1905, "nom_bar_01": "Eucaristico", "dire_hecho": "Calle6con36", "sitio_hech": "SITIOS PÚBLICOS O ABIERTOS AL PÚBLICO", "lat": 3.426412853, "lon": -76.53970889, "estrato": 4 }, "geometry": { "type": "Point", "coordinates": [ -76.53970889, 3.426412853 ] } },
{ "type": "Feature", "properties": { "agrupado": "ARMAS EXCEPTO DE FUEGO", "fecha_hech": "2025-02-26T00:00:00", "hora_hecho": "10:42", "cod_comuna": 19, "nom_comuna": "C-19 EL LIDO", "cod_barrio": 1912, "nom_bar_01": "3 de Julio", "dire_hecho": "Calle 5 Carrera 36", "sitio_hech": "SITIOS PÚBLICOS O ABIERTOS AL PÚBLICO", "lat": 3.4333273, "lon": -76.5399356, "estrato": 4 }, "geometry": { "type": "Point", "coordinates": [ -76.5399356, 3.4333273 ] } },
{ "type": "Feature", "properties": { "agrupado": "ARMAS EXCEPTO DE FUEGO", "fecha_hech": "2025-02-27T00:00:00", "hora_hecho": "4:47", "cod_comuna": 19, "nom_comuna": "C-19 EL LIDO", "cod_barrio": 1913, "nom_bar_01": "El Cedro", "dire_hecho": "Calle 6 Carrera 34", "sitio_hech": "SITIOS PÚBLICOS O ABIERTOS AL PÚBLICO", "lat": 3.4289683, "lon": -76.5388429, "estrato": 4 }, "geometry": { "type": "Point", "coordinates": [ -76.5388429, 3.4289683 ] } },
{ "type": "Feature", "properties": { "agrupado": "SUSTANCIAS PSICOACTIVAS", "fecha_hech": "2025-02-27T00:00:00", "hora_hecho": "17:29", "cod_comuna": 19, "nom_comuna": "C-19 EL LIDO", "cod_barrio": 1905, "nom_bar_01": "Eucaristico", "dire_hecho": "Calle7 con 36", "sitio_hech": "SITIOS PÚBLICOS O ABIERTOS AL PÚBLICO", "lat": 3.4259078, "lon": -76.5389515, "estrato": 4 }, "geometry": { "type": "Point", "coordinates": [ -76.5389515, 3.4259078 ] } },
{ "type": "Feature", "properties": { "agrupado": "SUSTANCIAS PSICOACTIVAS", "fecha_hech": "2025-02-27T00:00:00", "hora_hecho": "18:06", "cod_comuna": 19, "nom_comuna": "C-19 EL LIDO", "cod_barrio": 1905, "nom_bar_01": "Eucaristico", "dire_hecho": "Calle6 con 36", "sitio_hech": "SITIOS PÚBLICOS O ABIERTOS AL PÚBLICO", "lat": 3.426477426, "lon": -76.53949746000001, "estrato": 4 }, "geometry": { "type": "Point", "coordinates": [ -76.53949746, 3.426477426 ] } },
{ "type": "Feature", "properties": { "agrupado": "SUSTANCIAS PSICOACTIVAS", "fecha_hech": "2025-02-28T00:00:00", "hora_hecho": "10:24", "cod_comuna": 19, "nom_comuna": "C-19 EL LIDO", "cod_barrio": 1905, "nom_bar_01": "Eucaristico", "dire_hecho": "Calle 36 BIS con 7", "sitio_hech": "SITIOS PÚBLICOS O ABIERTOS AL PÚBLICO", "lat": 3.426030992, "lon": -76.5395612, "estrato": 4 }, "geometry": { "type": "Point", "coordinates": [ -76.5395612, 3.426030992 ] } },
{ "type": "Feature", "properties": { "agrupado": "SUSTANCIAS PSICOACTIVAS", "fecha_hech": "2025-02-28T00:00:00", "hora_hecho": "10:38", "cod_comuna": 19, "nom_comuna": "C-19 EL LIDO", "cod_barrio": 1905, "nom_bar_01": "Eucaristico", "dire_hecho": "Cra 36 BIS con 7", "sitio_hech": "SITIOS PÚBLICOS O ABIERTOS AL PÚBLICO", "lat": 3.425980853, "lon": -76.53956153, "estrato": 4 }, "geometry": { "type": "Point", "coordinates": [ -76.53956153, 3.425980853 ] } },
{ "type": "Feature", "properties": { "agrupado": "SUSTANCIAS PSICOACTIVAS", "fecha_hech": "2025-02-28T00:00:00", "hora_hecho": "15:52", "cod_comuna": 19, "nom_comuna": "C-19 EL LIDO", "cod_barrio": 1905, "nom_bar_01": "Eucaristico", "dire_hecho": "Carrera A calle 6", "sitio_hech": "SITIOS PÚBLICOS O ABIERTOS AL PÚBLICO", "lat": 3.425757127, "lon": -76.53879575000001, "estrato": 4 }, "geometry": { "type": "Point", "coordinates": [ -76.53879575, 3.425757127 ] } },
{ "type": "Feature", "properties": { "agrupado": "ARMAS EXCEPTO DE FUEGO", "fecha_hech": "2025-03-01T00:00:00", "hora_hecho": "20:08", "cod_comuna": 19, "nom_comuna": "C-19 EL LIDO", "cod_barrio": 1913, "nom_bar_01": "El Cedro", "dire_hecho": "Calle 6 con 30", "sitio_hech": "SITIOS PÚBLICOS O ABIERTOS AL PÚBLICO", "lat": 3.4302758, "lon": -76.5389648, "estrato": 4 }, "geometry": { "type": "Point", "coordinates": [ -76.5389648, 3.4302758 ] } },
{ "type": "Feature", "properties": { "agrupado": "DESACATO, IRRESPETO A LA AUTORIDAD", "fecha_hech": "2025-03-02T00:00:00", "hora_hecho": "11:43", "cod_comuna": 19, "nom_comuna": "C-19 EL LIDO", "cod_barrio": 1913, "nom_bar_01": "El Cedro", "dire_hecho": "Calle 6 cra 31", "sitio_hech": "SITIOS PÚBLICOS O ABIERTOS AL PÚBLICO", "lat": 3.4289757, "lon": -76.5388365, "estrato": 4 }, "geometry": { "type": "Point", "coordinates": [ -76.5388365, 3.4289757 ] } },
{ "type": "Feature", "properties": { "agrupado": "DESACATO, IRRESPETO A LA AUTORIDAD", "fecha_hech": "2025-03-03T00:00:00", "hora_hecho": "18:49", "cod_comuna": 19, "nom_comuna": "C-19 EL LIDO", "cod_barrio": 1906, "nom_bar_01": "San Fernando Nuevo", "dire_hecho": "Carrera 36 Calle 6", "sitio_hech": "SITIOS PÚBLICOS O ABIERTOS AL PÚBLICO", "lat": 3.4271967, "lon": -76.5399383, "estrato": 4 }, "geometry": { "type": "Point", "coordinates": [ -76.5399383, 3.4271967 ] } },
{ "type": "Feature", "properties": { "agrupado": "ARMAS EXCEPTO DE FUEGO", "fecha_hech": "2025-03-06T00:00:00", "hora_hecho": "0:50", "cod_comuna": 19, "nom_comuna": "C-19 EL LIDO", "cod_barrio": 1913, "nom_bar_01": "El Cedro", "dire_hecho": "Calle 6 cra 25", "sitio_hech": "SITIOS PÚBLICOS O ABIERTOS AL PÚBLICO", "lat": 3.4356024, "lon": -76.5387208, "estrato": 4 }, "geometry": { "type": "Point", "coordinates": [ -76.5387208, 3.4356024 ] } },
{ "type": "Feature", "properties": { "agrupado": "ARMAS EXCEPTO DE FUEGO", "fecha_hech": "2025-03-06T00:00:00", "hora_hecho": "17:17", "cod_comuna": 19, "nom_comuna": "C-19 EL LIDO", "cod_barrio": 1905, "nom_bar_01": "Eucaristico", "dire_hecho": "Calle 9 Carrera 36", "sitio_hech": "SITIOS PÚBLICOS O ABIERTOS AL PÚBLICO", "lat": 3.4256889, "lon": -76.5382624, "estrato": 4 }, "geometry": { "type": "Point", "coordinates": [ -76.5382624, 3.4256889 ] } },
{ "type": "Feature", "properties": { "agrupado": "SUSTANCIAS PSICOACTIVAS", "fecha_hech": "2025-03-06T00:00:00", "hora_hecho": "18:22", "cod_comuna": 19, "nom_comuna": "C-19 EL LIDO", "cod_barrio": 1912, "nom_bar_01": "3 de Julio", "dire_hecho": "Calle 5b Carrera 29", "sitio_hech": "SITIOS PÚBLICOS O ABIERTOS AL PÚBLICO", "lat": 3.4327145, "lon": -76.5405135, "estrato": 4 }, "geometry": { "type": "Point", "coordinates": [ -76.5405135, 3.4327145 ] } },
{ "type": "Feature", "properties": { "agrupado": "ARMAS EXCEPTO DE FUEGO", "fecha_hech": "2025-03-06T00:00:00", "hora_hecho": "18:35", "cod_comuna": 19, "nom_comuna": "C-19 EL LIDO", "cod_barrio": 1906, "nom_bar_01": "San Fernando Nuevo", "dire_hecho": "Calle 5 Carrera 38", "sitio_hech": "SITIOS PÚBLICOS O ABIERTOS AL PÚBLICO", "lat": 3.4271988, "lon": -76.5395723, "estrato": 4 }, "geometry": { "type": "Point", "coordinates": [ -76.5395723, 3.4271988 ] } },
{ "type": "Feature", "properties": { "agrupado": "DESACATO, IRRESPETO A LA AUTORIDAD", "fecha_hech": "2025-03-07T00:00:00", "hora_hecho": "15:59", "cod_comuna": 19, "nom_comuna": "C-19 EL LIDO", "cod_barrio": 1912, "nom_bar_01": "3 de Julio", "dire_hecho": "Calle 5 c # 27", "sitio_hech": "SITIOS PÚBLICOS O ABIERTOS AL PÚBLICO", "lat": 3.4333441, "lon": -76.5396939, "estrato": 4 }, "geometry": { "type": "Point", "coordinates": [ -76.5396939, 3.4333441 ] } },
{ "type": "Feature", "properties": { "agrupado": "ARMAS EXCEPTO DE FUEGO", "fecha_hech": "2025-03-08T00:00:00", "hora_hecho": "8:42", "cod_comuna": 19, "nom_comuna": "C-19 EL LIDO", "cod_barrio": 1912, "nom_bar_01": "3 de Julio", "dire_hecho": "Calle 5b #27", "sitio_hech": "SITIOS PÚBLICOS O ABIERTOS AL PÚBLICO", "lat": 3.4333652, "lon": -76.5403975, "estrato": 4 }, "geometry": { "type": "Point", "coordinates": [ -76.5403975, 3.4333652 ] } },
{ "type": "Feature", "properties": { "agrupado": "ARMAS EXCEPTO DE FUEGO", "fecha_hech": "2025-03-08T00:00:00", "hora_hecho": "11:22", "cod_comuna": 19, "nom_comuna": "C-19 EL LIDO", "cod_barrio": 1906, "nom_bar_01": "San Fernando Nuevo", "dire_hecho": "Calle 6 cra 34", "sitio_hech": "SITIOS PÚBLICOS O ABIERTOS AL PÚBLICO", "lat": 3.427930875, "lon": -76.5394283, "estrato": 4 }, "geometry": { "type": "Point", "coordinates": [ -76.5394283, 3.427930875 ] } },
{ "type": "Feature", "properties": { "agrupado": "ARMAS EXCEPTO DE FUEGO", "fecha_hech": "2025-03-08T00:00:00", "hora_hecho": "18:28", "cod_comuna": 19, "nom_comuna": "C-19 EL LIDO", "cod_barrio": 1905, "nom_bar_01": "Eucaristico", "dire_hecho": "Cll 7 cr 36", "sitio_hech": "SITIOS PÚBLICOS O ABIERTOS AL PÚBLICO", "lat": 3.4263759, "lon": -76.5381656, "estrato": 4 }, "geometry": { "type": "Point", "coordinates": [ -76.5381656, 3.4263759 ] } },
{ "type": "Feature", "properties": { "agrupado": "DESACATO, IRRESPETO A LA AUTORIDAD", "fecha_hech": "2025-03-09T00:00:00", "hora_hecho": "18:01", "cod_comuna": 19, "nom_comuna": "C-19 EL LIDO", "cod_barrio": 1912, "nom_bar_01": "3 de Julio", "dire_hecho": "Carrera 25 5 04", "sitio_hech": "SITIOS PÚBLICOS O ABIERTOS AL PÚBLICO", "lat": 3.4355353, "lon": -76.5402604, "estrato": 4 }, "geometry": { "type": "Point", "coordinates": [ -76.5402604, 3.4355353 ] } },
{ "type": "Feature", "properties": { "agrupado": "ARMAS EXCEPTO DE FUEGO", "fecha_hech": "2025-03-11T00:00:00", "hora_hecho": "9:11", "cod_comuna": 19, "nom_comuna": "C-19 EL LIDO", "cod_barrio": 1912, "nom_bar_01": "3 de Julio", "dire_hecho": "Carrera 27 Calle 5B", "sitio_hech": "SITIOS PÚBLICOS O ABIERTOS AL PÚBLICO", "lat": 3.4333266, "lon": -76.5398726, "estrato": 4 }, "geometry": { "type": "Point", "coordinates": [ -76.5398726, 3.4333266 ] } },
{ "type": "Feature", "properties": { "agrupado": "RIÑAS", "fecha_hech": "2025-03-11T00:00:00", "hora_hecho": "16:19", "cod_comuna": 19, "nom_comuna": "C-19 EL LIDO", "cod_barrio": 1905, "nom_bar_01": "Eucaristico", "dire_hecho": "Carrera 34 Calle 9 Templete", "sitio_hech": "SITIOS PÚBLICOS O ABIERTOS AL PÚBLICO", "lat": 3.4260208, "lon": -76.5378173, "estrato": 4 }, "geometry": { "type": "Point", "coordinates": [ -76.5378173, 3.4260208 ] } },
{ "type": "Feature", "properties": { "agrupado": "RIÑAS", "fecha_hech": "2025-03-11T00:00:00", "hora_hecho": "17:09", "cod_comuna": 19, "nom_comuna": "C-19 EL LIDO", "cod_barrio": 1905, "nom_bar_01": "Eucaristico", "dire_hecho": "Calle 9 Carrera 34 44", "sitio_hech": "SITIOS PÚBLICOS O ABIERTOS AL PÚBLICO", "lat": 3.4258555, "lon": -76.5378831, "estrato": 4 }, "geometry": { "type": "Point", "coordinates": [ -76.5378831, 3.4258555 ] } },
{ "type": "Feature", "properties": { "agrupado": "RIÑAS", "fecha_hech": "2025-03-11T00:00:00", "hora_hecho": "17:25", "cod_comuna": 19, "nom_comuna": "C-19 EL LIDO", "cod_barrio": 1905, "nom_bar_01": "Eucaristico", "dire_hecho": "Calle 9 Carrera 34 44", "sitio_hech": "SITIOS PÚBLICOS O ABIERTOS AL PÚBLICO", "lat": 3.4258762, "lon": -76.5378972, "estrato": 4 }, "geometry": { "type": "Point", "coordinates": [ -76.5378972, 3.4258762 ] } },
{ "type": "Feature", "properties": { "agrupado": "ARMAS EXCEPTO DE FUEGO", "fecha_hech": "2025-03-13T00:00:00", "hora_hecho": "6:23", "cod_comuna": 19, "nom_comuna": "C-19 EL LIDO", "cod_barrio": 1913, "nom_bar_01": "El Cedro", "dire_hecho": "Cll 7 cr 26", "sitio_hech": "SITIOS PÚBLICOS O ABIERTOS AL PÚBLICO", "lat": 3.4333902, "lon": -76.5375613, "estrato": 4 }, "geometry": { "type": "Point", "coordinates": [ -76.5375613, 3.4333902 ] } },
{ "type": "Feature", "properties": { "agrupado": "ARMAS EXCEPTO DE FUEGO", "fecha_hech": "2025-03-13T00:00:00", "hora_hecho": "16:48", "cod_comuna": 19, "nom_comuna": "C-19 EL LIDO", "cod_barrio": 1906, "nom_bar_01": "San Fernando Nuevo", "dire_hecho": "Calle 6 # 34", "sitio_hech": "SITIOS PÚBLICOS O ABIERTOS AL PÚBLICO", "lat": 3.4279288, "lon": -76.5395152, "estrato": 4 }, "geometry": { "type": "Point", "coordinates": [ -76.5395152, 3.4279288 ] } },
{ "type": "Feature", "properties": { "agrupado": "ARMAS EXCEPTO DE FUEGO", "fecha_hech": "2025-03-13T00:00:00", "hora_hecho": "18:36", "cod_comuna": 19, "nom_comuna": "C-19 EL LIDO", "cod_barrio": 1913, "nom_bar_01": "El Cedro", "dire_hecho": "Calle6 cra 26", "sitio_hech": "SITIOS PÚBLICOS O ABIERTOS AL PÚBLICO", "lat": 3.434762247, "lon": -76.53864035, "estrato": 4 }, "geometry": { "type": "Point", "coordinates": [ -76.53864035, 3.434762247 ] } },
{ "type": "Feature", "properties": { "agrupado": "ARMAS EXCEPTO DE FUEGO", "fecha_hech": "2025-03-14T00:00:00", "hora_hecho": "12:07", "cod_comuna": 19, "nom_comuna": "C-19 EL LIDO", "cod_barrio": 1913, "nom_bar_01": "El Cedro", "dire_hecho": "Calle 6 cra 24", "sitio_hech": "SITIOS PÚBLICOS O ABIERTOS AL PÚBLICO", "lat": 3.436231476, "lon": -76.5385683, "estrato": 4 }, "geometry": { "type": "Point", "coordinates": [ -76.5385683, 3.436231476 ] } },
{ "type": "Feature", "properties": { "agrupado": "SUSTANCIAS PSICOACTIVAS", "fecha_hech": "2025-03-14T00:00:00", "hora_hecho": "15:55", "cod_comuna": 19, "nom_comuna": "C-19 EL LIDO", "cod_barrio": 1905, "nom_bar_01": "Eucaristico", "dire_hecho": "Calle 7 con 36", "sitio_hech": "SITIOS PÚBLICOS O ABIERTOS AL PÚBLICO", "lat": 3.4259978, "lon": -76.5390716, "estrato": 4 }, "geometry": { "type": "Point", "coordinates": [ -76.5390716, 3.4259978 ] } },
{ "type": "Feature", "properties": { "agrupado": "ARMAS EXCEPTO DE FUEGO", "fecha_hech": "2025-03-15T00:00:00", "hora_hecho": "18:34", "cod_comuna": 19, "nom_comuna": "C-19 EL LIDO", "cod_barrio": 1905, "nom_bar_01": "Eucaristico", "dire_hecho": "Calle 9 Carrera 36", "sitio_hech": "SITIOS PÚBLICOS O ABIERTOS AL PÚBLICO", "lat": 3.4257498, "lon": -76.5381217, "estrato": 4 }, "geometry": { "type": "Point", "coordinates": [ -76.5381217, 3.4257498 ] } },
{ "type": "Feature", "properties": { "agrupado": "DESACATO, IRRESPETO A LA AUTORIDAD", "fecha_hech": "2025-03-15T00:00:00", "hora_hecho": "23:34", "cod_comuna": 19, "nom_comuna": "C-19 EL LIDO", "cod_barrio": 1906, "nom_bar_01": "San Fernando Nuevo", "dire_hecho": "Calle 6 Carrera 36 B/ San fernando Nuevo", "sitio_hech": "SITIOS PÚBLICOS O ABIERTOS AL PÚBLICO", "lat": 3.427669176, "lon": -76.53954068, "estrato": 4 }, "geometry": { "type": "Point", "coordinates": [ -76.53954068, 3.427669176 ] } },
{ "type": "Feature", "properties": { "agrupado": "DESACATO, IRRESPETO A LA AUTORIDAD", "fecha_hech": "2025-03-16T00:00:00", "hora_hecho": "5:20", "cod_comuna": 19, "nom_comuna": "C-19 EL LIDO", "cod_barrio": 1905, "nom_bar_01": "Eucaristico", "dire_hecho": "Calle 6 con 36", "sitio_hech": "SITIOS PÚBLICOS O ABIERTOS AL PÚBLICO", "lat": 3.426619229, "lon": -76.53960097, "estrato": 4 }, "geometry": { "type": "Point", "coordinates": [ -76.53960097, 3.426619229 ] } },
{ "type": "Feature", "properties": { "agrupado": "ARMAS EXCEPTO DE FUEGO", "fecha_hech": "2025-03-16T00:00:00", "hora_hecho": "18:49", "cod_comuna": 19, "nom_comuna": "C-19 EL LIDO", "cod_barrio": 1913, "nom_bar_01": "El Cedro", "dire_hecho": "Calle 6 cra 25", "sitio_hech": "SITIOS PÚBLICOS O ABIERTOS AL PÚBLICO", "lat": 3.436267001, "lon": -76.53854821, "estrato": 4 }, "geometry": { "type": "Point", "coordinates": [ -76.53854821, 3.436267001 ] } },
{ "type": "Feature", "properties": { "agrupado": "ARMAS EXCEPTO DE FUEGO", "fecha_hech": "2025-03-16T00:00:00", "hora_hecho": "19:30", "cod_comuna": 19, "nom_comuna": "C-19 EL LIDO", "cod_barrio": 1906, "nom_bar_01": "San Fernando Nuevo", "dire_hecho": "Calle 6 #34", "sitio_hech": "SITIOS PÚBLICOS O ABIERTOS AL PÚBLICO", "lat": 3.4279687, "lon": -76.5394828, "estrato": 4 }, "geometry": { "type": "Point", "coordinates": [ -76.5394828, 3.4279687 ] } },
{ "type": "Feature", "properties": { "agrupado": "ARMAS EXCEPTO DE FUEGO", "fecha_hech": "2025-03-17T00:00:00", "hora_hecho": "12:19", "cod_comuna": 19, "nom_comuna": "C-19 EL LIDO", "cod_barrio": 1912, "nom_bar_01": "3 de Julio", "dire_hecho": "Calle 6 #25", "sitio_hech": "SITIOS PÚBLICOS O ABIERTOS AL PÚBLICO", "lat": 3.4355866, "lon": -76.5388587, "estrato": 4 }, "geometry": { "type": "Point", "coordinates": [ -76.5388587, 3.4355866 ] } },
{ "type": "Feature", "properties": { "agrupado": "ARMAS EXCEPTO DE FUEGO", "fecha_hech": "2025-03-17T00:00:00", "hora_hecho": "12:27", "cod_comuna": 19, "nom_comuna": "C-19 EL LIDO", "cod_barrio": 1912, "nom_bar_01": "3 de Julio", "dire_hecho": "Calle 6 #25", "sitio_hech": "SITIOS PÚBLICOS O ABIERTOS AL PÚBLICO", "lat": 3.435315537, "lon": -76.53885881, "estrato": 4 }, "geometry": { "type": "Point", "coordinates": [ -76.53885881, 3.435315537 ] } },
{ "type": "Feature", "properties": { "agrupado": "ARMAS EXCEPTO DE FUEGO", "fecha_hech": "2025-03-18T00:00:00", "hora_hecho": "2:50", "cod_comuna": 19, "nom_comuna": "C-19 EL LIDO", "cod_barrio": 1912, "nom_bar_01": "3 de Julio", "dire_hecho": "Calle 6 #28", "sitio_hech": "SITIOS PÚBLICOS O ABIERTOS AL PÚBLICO", "lat": 3.432149688, "lon": -76.53908854, "estrato": 4 }, "geometry": { "type": "Point", "coordinates": [ -76.53908854, 3.432149688 ] } },
{ "type": "Feature", "properties": { "agrupado": "ARMAS EXCEPTO DE FUEGO", "fecha_hech": "2025-03-18T00:00:00", "hora_hecho": "10:01", "cod_comuna": 19, "nom_comuna": "C-19 EL LIDO", "cod_barrio": 1913, "nom_bar_01": "El Cedro", "dire_hecho": "Cll 7 cr 32", "sitio_hech": "SITIOS PÚBLICOS O ABIERTOS AL PÚBLICO", "lat": 3.4288442, "lon": -76.5384298, "estrato": 4 }, "geometry": { "type": "Point", "coordinates": [ -76.5384298, 3.4288442 ] } },
{ "type": "Feature", "properties": { "agrupado": "ARMAS EXCEPTO DE FUEGO", "fecha_hech": "2025-03-19T00:00:00", "hora_hecho": "11:33", "cod_comuna": 19, "nom_comuna": "C-19 EL LIDO", "cod_barrio": 1905, "nom_bar_01": "Eucaristico", "dire_hecho": "Calle 9 Carrera 38", "sitio_hech": "SITIOS PÚBLICOS O ABIERTOS AL PÚBLICO", "lat": 3.4256771, "lon": -76.5381848, "estrato": 4 }, "geometry": { "type": "Point", "coordinates": [ -76.5381848, 3.4256771 ] } },
{ "type": "Feature", "properties": { "agrupado": "DESACATO, IRRESPETO A LA AUTORIDAD", "fecha_hech": "2025-03-19T00:00:00", "hora_hecho": "15:33", "cod_comuna": 19, "nom_comuna": "C-19 EL LIDO", "cod_barrio": 1912, "nom_bar_01": "3 de Julio", "dire_hecho": "Calle 5c #27", "sitio_hech": "SITIOS PÚBLICOS O ABIERTOS AL PÚBLICO", "lat": 3.4333633, "lon": -76.5398783, "estrato": 4 }, "geometry": { "type": "Point", "coordinates": [ -76.5398783, 3.4333633 ] } },
{ "type": "Feature", "properties": { "agrupado": "SUSTANCIAS PSICOACTIVAS", "fecha_hech": "2025-03-20T00:00:00", "hora_hecho": "15:53", "cod_comuna": 19, "nom_comuna": "C-19 EL LIDO", "cod_barrio": 1905, "nom_bar_01": "Eucaristico", "dire_hecho": "Calle 6 con 36", "sitio_hech": "SITIOS PÚBLICOS O ABIERTOS AL PÚBLICO", "lat": 3.426293078, "lon": -76.53965644, "estrato": 4 }, "geometry": { "type": "Point", "coordinates": [ -76.53965644, 3.426293078 ] } },
{ "type": "Feature", "properties": { "agrupado": "SUSTANCIAS PSICOACTIVAS", "fecha_hech": "2025-03-20T00:00:00", "hora_hecho": "21:05", "cod_comuna": 19, "nom_comuna": "C-19 EL LIDO", "cod_barrio": 1905, "nom_bar_01": "Eucaristico", "dire_hecho": "Calle 7 con 36abis", "sitio_hech": "SITIOS PÚBLICOS O ABIERTOS AL PÚBLICO", "lat": 3.426007213, "lon": -76.53958712, "estrato": 4 }, "geometry": { "type": "Point", "coordinates": [ -76.53958712, 3.426007213 ] } },
{ "type": "Feature", "properties": { "agrupado": "ARMAS EXCEPTO DE FUEGO", "fecha_hech": "2025-03-22T00:00:00", "hora_hecho": "2:34", "cod_comuna": 19, "nom_comuna": "C-19 EL LIDO", "cod_barrio": 1913, "nom_bar_01": "El Cedro", "dire_hecho": "Carrera 28 Calle 6", "sitio_hech": "SITIOS PÚBLICOS O ABIERTOS AL PÚBLICO", "lat": 3.4325392, "lon": -76.5384324, "estrato": 4 }, "geometry": { "type": "Point", "coordinates": [ -76.5384324, 3.4325392 ] } },
{ "type": "Feature", "properties": { "agrupado": "ARMAS EXCEPTO DE FUEGO", "fecha_hech": "2025-03-22T00:00:00", "hora_hecho": "18:24", "cod_comuna": 19, "nom_comuna": "C-19 EL LIDO", "cod_barrio": 1912, "nom_bar_01": "3 de Julio", "dire_hecho": "Calle 5b2 #37a", "sitio_hech": "SITIOS PÚBLICOS O ABIERTOS AL PÚBLICO", "lat": 3.4319117, "lon": -76.5401533, "estrato": 4 }, "geometry": { "type": "Point", "coordinates": [ -76.5401533, 3.4319117 ] } },
{ "type": "Feature", "properties": { "agrupado": "ARMAS EXCEPTO DE FUEGO", "fecha_hech": "2025-03-22T00:00:00", "hora_hecho": "20:29", "cod_comuna": 19, "nom_comuna": "C-19 EL LIDO", "cod_barrio": 1913, "nom_bar_01": "El Cedro", "dire_hecho": "Calle 6 cra 32", "sitio_hech": "SITIOS PÚBLICOS O ABIERTOS AL PÚBLICO", "lat": 3.429065561, "lon": -76.53892891, "estrato": 4 }, "geometry": { "type": "Point", "coordinates": [ -76.53892891, 3.429065561 ] } },
{ "type": "Feature", "properties": { "agrupado": "ARMAS EXCEPTO DE FUEGO", "fecha_hech": "2025-03-22T00:00:00", "hora_hecho": "23:06", "cod_comuna": 19, "nom_comuna": "C-19 EL LIDO", "cod_barrio": 1912, "nom_bar_01": "3 de Julio", "dire_hecho": "CL 6 con cra 26", "sitio_hech": "SITIOS PÚBLICOS O ABIERTOS AL PÚBLICO", "lat": 3.434309986, "lon": -76.53892988, "estrato": 4 }, "geometry": { "type": "Point", "coordinates": [ -76.53892988, 3.434309986 ] } },
{ "type": "Feature", "properties": { "agrupado": "DESACATO, IRRESPETO A LA AUTORIDAD", "fecha_hech": "2025-03-23T00:00:00", "hora_hecho": "20:34", "cod_comuna": 19, "nom_comuna": "C-19 EL LIDO", "cod_barrio": 1912, "nom_bar_01": "3 de Julio", "dire_hecho": "Calle 5 Carrera 25", "sitio_hech": "SITIOS PÚBLICOS O ABIERTOS AL PÚBLICO", "lat": 3.4353733, "lon": -76.5401652, "estrato": 4 }, "geometry": { "type": "Point", "coordinates": [ -76.5401652, 3.4353733 ] } },
{ "type": "Feature", "properties": { "agrupado": "SUSTANCIAS PSICOACTIVAS", "fecha_hech": "2025-03-27T00:00:00", "hora_hecho": "8:12", "cod_comuna": 19, "nom_comuna": "C-19 EL LIDO", "cod_barrio": 1905, "nom_bar_01": "Eucaristico", "dire_hecho": "Calle 7 con 36", "sitio_hech": "SITIOS PÚBLICOS O ABIERTOS AL PÚBLICO", "lat": 3.426016702, "lon": -76.53947247000001, "estrato": 4 }, "geometry": { "type": "Point", "coordinates": [ -76.53947247, 3.426016702 ] } },
{ "type": "Feature", "properties": { "agrupado": "SUSTANCIAS PSICOACTIVAS", "fecha_hech": "2025-03-27T00:00:00", "hora_hecho": "8:26", "cod_comuna": 19, "nom_comuna": "C-19 EL LIDO", "cod_barrio": 1905, "nom_bar_01": "Eucaristico", "dire_hecho": "Calle 7 con 36", "sitio_hech": "SITIOS PÚBLICOS O ABIERTOS AL PÚBLICO", "lat": 3.425991571, "lon": -76.5394727, "estrato": 4 }, "geometry": { "type": "Point", "coordinates": [ -76.5394727, 3.425991571 ] } },
{ "type": "Feature", "properties": { "agrupado": "ARMAS EXCEPTO DE FUEGO", "fecha_hech": "2025-03-29T00:00:00", "hora_hecho": "9:28", "cod_comuna": 19, "nom_comuna": "C-19 EL LIDO", "cod_barrio": 1912, "nom_bar_01": "3 de Julio", "dire_hecho": "Calle 6 #25", "sitio_hech": "SITIOS PÚBLICOS O ABIERTOS AL PÚBLICO", "lat": 3.4351517, "lon": -76.5388567, "estrato": 4 }, "geometry": { "type": "Point", "coordinates": [ -76.5388567, 3.4351517 ] } },
{ "type": "Feature", "properties": { "agrupado": "ARMAS EXCEPTO DE FUEGO", "fecha_hech": "2025-03-30T00:00:00", "hora_hecho": "10:21", "cod_comuna": 19, "nom_comuna": "C-19 EL LIDO", "cod_barrio": 1906, "nom_bar_01": "San Fernando Nuevo", "dire_hecho": "Carrera 36 A Calle 5 B 5 B/ San fernando Nuevo", "sitio_hech": "SITIOS PÚBLICOS O ABIERTOS AL PÚBLICO", "lat": 3.4266379, "lon": -76.5404476, "estrato": 4 }, "geometry": { "type": "Point", "coordinates": [ -76.5404476, 3.4266379 ] } },
{ "type": "Feature", "properties": { "agrupado": "SUSTANCIAS PSICOACTIVAS", "fecha_hech": "2025-03-30T00:00:00", "hora_hecho": "18:45", "cod_comuna": 19, "nom_comuna": "C-19 EL LIDO", "cod_barrio": 1905, "nom_bar_01": "Eucaristico", "dire_hecho": "Cll 6 con cra36a", "sitio_hech": "SITIOS PÚBLICOS O ABIERTOS AL PÚBLICO", "lat": 3.4260667, "lon": -76.5396217, "estrato": 4 }, "geometry": { "type": "Point", "coordinates": [ -76.5396217, 3.4260667 ] } },
{ "type": "Feature", "properties": { "agrupado": "DESACATO, IRRESPETO A LA AUTORIDAD", "fecha_hech": "2025-03-30T00:00:00", "hora_hecho": "19:24", "cod_comuna": 19, "nom_comuna": "C-19 EL LIDO", "cod_barrio": 1905, "nom_bar_01": "Eucaristico", "dire_hecho": "Calle 6 carrera 34", "sitio_hech": "SITIOS PÚBLICOS O ABIERTOS AL PÚBLICO", "lat": 3.428328765, "lon": -76.53910795, "estrato": 4 }, "geometry": { "type": "Point", "coordinates": [ -76.53910795, 3.428328765 ] } },
{ "type": "Feature", "properties": { "agrupado": "DESACATO, IRRESPETO A LA AUTORIDAD", "fecha_hech": "2025-03-30T00:00:00", "hora_hecho": "19:26", "cod_comuna": 19, "nom_comuna": "C-19 EL LIDO", "cod_barrio": 1905, "nom_bar_01": "Eucaristico", "dire_hecho": "Cll 7 con cra 36a", "sitio_hech": "SITIOS PÚBLICOS O ABIERTOS AL PÚBLICO", "lat": 3.425705, "lon": -76.5392367, "estrato": 4 }, "geometry": { "type": "Point", "coordinates": [ -76.5392367, 3.425705 ] } },
{ "type": "Feature", "properties": { "agrupado": "ARMAS EXCEPTO DE FUEGO", "fecha_hech": "2025-03-31T00:00:00", "hora_hecho": "18:56", "cod_comuna": 19, "nom_comuna": "C-19 EL LIDO", "cod_barrio": 1913, "nom_bar_01": "El Cedro", "dire_hecho": "Calle 8 cra 32", "sitio_hech": "SITIOS PÚBLICOS O ABIERTOS AL PÚBLICO", "lat": 3.4289583, "lon": -76.5388117, "estrato": 4 }, "geometry": { "type": "Point", "coordinates": [ -76.5388117, 3.4289583 ] } },
{ "type": "Feature", "properties": { "agrupado": "SUSTANCIAS PSICOACTIVAS", "fecha_hech": "2025-04-01T00:00:00", "hora_hecho": "11:05", "cod_comuna": 19, "nom_comuna": "C-19 EL LIDO", "cod_barrio": 1912, "nom_bar_01": "3 de Julio", "dire_hecho": "Calle 5b1 #29", "sitio_hech": "SITIOS PÚBLICOS O ABIERTOS AL PÚBLICO", "lat": 3.435361, "lon": -76.5402963, "estrato": 4 }, "geometry": { "type": "Point", "coordinates": [ -76.5402963, 3.435361 ] } },
{ "type": "Feature", "properties": { "agrupado": "ARMAS EXCEPTO DE FUEGO", "fecha_hech": "2025-04-02T00:00:00", "hora_hecho": "20:52", "cod_comuna": 19, "nom_comuna": "C-19 EL LIDO", "cod_barrio": 1905, "nom_bar_01": "Eucaristico", "dire_hecho": "Calle 6 Carrera 36", "sitio_hech": "SITIOS PÚBLICOS O ABIERTOS AL PÚBLICO", "lat": 3.4252667, "lon": -76.5401039, "estrato": 4 }, "geometry": { "type": "Point", "coordinates": [ -76.5401039, 3.4252667 ] } },
{ "type": "Feature", "properties": { "agrupado": "ARMAS EXCEPTO DE FUEGO", "fecha_hech": "2025-04-03T00:00:00", "hora_hecho": "11:54", "cod_comuna": 19, "nom_comuna": "C-19 EL LIDO", "cod_barrio": 1905, "nom_bar_01": "Eucaristico", "dire_hecho": "Calle 9 Carrera 36", "sitio_hech": "SITIOS PÚBLICOS O ABIERTOS AL PÚBLICO", "lat": 3.4257004, "lon": -76.538077, "estrato": 4 }, "geometry": { "type": "Point", "coordinates": [ -76.538077, 3.4257004 ] } },
{ "type": "Feature", "properties": { "agrupado": "ARMAS EXCEPTO DE FUEGO", "fecha_hech": "2025-04-06T00:00:00", "hora_hecho": "9:03", "cod_comuna": 19, "nom_comuna": "C-19 EL LIDO", "cod_barrio": 1905, "nom_bar_01": "Eucaristico", "dire_hecho": "Cra 36 con cll 6", "sitio_hech": "SITIOS PÚBLICOS O ABIERTOS AL PÚBLICO", "lat": 3.426145, "lon": -76.5396917, "estrato": 4 }, "geometry": { "type": "Point", "coordinates": [ -76.5396917, 3.426145 ] } },
{ "type": "Feature", "properties": { "agrupado": "SUSTANCIAS PSICOACTIVAS", "fecha_hech": "2025-04-06T00:00:00", "hora_hecho": "11:02", "cod_comuna": 19, "nom_comuna": "C-19 EL LIDO", "cod_barrio": 1905, "nom_bar_01": "Eucaristico", "dire_hecho": "Cra 36 con cll6", "sitio_hech": "SITIOS PÚBLICOS O ABIERTOS AL PÚBLICO", "lat": 3.42597, "lon": -76.5394617, "estrato": 4 }, "geometry": { "type": "Point", "coordinates": [ -76.5394617, 3.42597 ] } },
{ "type": "Feature", "properties": { "agrupado": "SUSTANCIAS PSICOACTIVAS", "fecha_hech": "2025-04-06T00:00:00", "hora_hecho": "16:23", "cod_comuna": 19, "nom_comuna": "C-19 EL LIDO", "cod_barrio": 1905, "nom_bar_01": "Eucaristico", "dire_hecho": "Carrera 36 A 6 70", "sitio_hech": "SITIOS PÚBLICOS O ABIERTOS AL PÚBLICO", "lat": 3.4258087, "lon": -76.5395478, "estrato": 4 }, "geometry": { "type": "Point", "coordinates": [ -76.5395478, 3.4258087 ] } },
{ "type": "Feature", "properties": { "agrupado": "ARMAS EXCEPTO DE FUEGO", "fecha_hech": "2025-04-06T00:00:00", "hora_hecho": "18:02", "cod_comuna": 19, "nom_comuna": "C-19 EL LIDO", "cod_barrio": 1913, "nom_bar_01": "El Cedro", "dire_hecho": "Cll 6 cra 31", "sitio_hech": "SITIOS PÚBLICOS O ABIERTOS AL PÚBLICO", "lat": 3.4289383, "lon": -76.5387483, "estrato": 4 }, "geometry": { "type": "Point", "coordinates": [ -76.5387483, 3.4289383 ] } },
{ "type": "Feature", "properties": { "agrupado": "DESACATO, IRRESPETO A LA AUTORIDAD", "fecha_hech": "2025-04-07T00:00:00", "hora_hecho": "0:17", "cod_comuna": 19, "nom_comuna": "C-19 EL LIDO", "cod_barrio": 1912, "nom_bar_01": "3 de Julio", "dire_hecho": "Calle 6 Carrera 29", "sitio_hech": "SITIOS PÚBLICOS O ABIERTOS AL PÚBLICO", "lat": 3.4320183, "lon": -76.53896, "estrato": 4 }, "geometry": { "type": "Point", "coordinates": [ -76.53896, 3.4320183 ] } },
{ "type": "Feature", "properties": { "agrupado": "DESACATO, IRRESPETO A LA AUTORIDAD", "fecha_hech": "2025-04-07T00:00:00", "hora_hecho": "1:28", "cod_comuna": 19, "nom_comuna": "C-19 EL LIDO", "cod_barrio": 1912, "nom_bar_01": "3 de Julio", "dire_hecho": "Calle 6 Con carrera 27", "sitio_hech": "SITIOS PÚBLICOS O ABIERTOS AL PÚBLICO", "lat": 3.433285, "lon": -76.5389067, "estrato": 4 }, "geometry": { "type": "Point", "coordinates": [ -76.5389067, 3.433285 ] } },
{ "type": "Feature", "properties": { "agrupado": "ARMAS EXCEPTO DE FUEGO", "fecha_hech": "2025-04-07T00:00:00", "hora_hecho": "10:36", "cod_comuna": 19, "nom_comuna": "C-19 EL LIDO", "cod_barrio": 1912, "nom_bar_01": "3 de Julio", "dire_hecho": "Calle 5b #26", "sitio_hech": "SITIOS PÚBLICOS O ABIERTOS AL PÚBLICO", "lat": 3.4345017, "lon": -76.5401433, "estrato": 4 }, "geometry": { "type": "Point", "coordinates": [ -76.5401433, 3.4345017 ] } },
{ "type": "Feature", "properties": { "agrupado": "ARMAS EXCEPTO DE FUEGO", "fecha_hech": "2025-04-07T00:00:00", "hora_hecho": "15:17", "cod_comuna": 19, "nom_comuna": "C-19 EL LIDO", "cod_barrio": 1912, "nom_bar_01": "3 de Julio", "dire_hecho": "Carrera 34 Calle 5b3 B/ 3 de julio", "sitio_hech": "SITIOS PÚBLICOS O ABIERTOS AL PÚBLICO", "lat": 3.4287546, "lon": -76.5392416, "estrato": 4 }, "geometry": { "type": "Point", "coordinates": [ -76.5392416, 3.4287546 ] } },
{ "type": "Feature", "properties": { "agrupado": "ARMAS EXCEPTO DE FUEGO", "fecha_hech": "2025-04-07T00:00:00", "hora_hecho": "16:18", "cod_comuna": 19, "nom_comuna": "C-19 EL LIDO", "cod_barrio": 1905, "nom_bar_01": "Eucaristico", "dire_hecho": "Carrera 36 A Calle 6", "sitio_hech": "SITIOS PÚBLICOS O ABIERTOS AL PÚBLICO", "lat": 3.425964047, "lon": -76.5399665, "estrato": 4 }, "geometry": { "type": "Point", "coordinates": [ -76.5399665, 3.425964047 ] } },
{ "type": "Feature", "properties": { "agrupado": "SUSTANCIAS PSICOACTIVAS", "fecha_hech": "2025-04-07T00:00:00", "hora_hecho": "18:06", "cod_comuna": 19, "nom_comuna": "C-19 EL LIDO", "cod_barrio": 1905, "nom_bar_01": "Eucaristico", "dire_hecho": "Calle 7 Carrera 36", "sitio_hech": "SITIOS PÚBLICOS O ABIERTOS AL PÚBLICO", "lat": 3.4257775, "lon": -76.5390923, "estrato": 4 }, "geometry": { "type": "Point", "coordinates": [ -76.5390923, 3.4257775 ] } },
{ "type": "Feature", "properties": { "agrupado": "ARMAS EXCEPTO DE FUEGO", "fecha_hech": "2025-04-08T00:00:00", "hora_hecho": "3:19", "cod_comuna": 19, "nom_comuna": "C-19 EL LIDO", "cod_barrio": 1912, "nom_bar_01": "3 de Julio", "dire_hecho": "Calle 6 carrera 28", "sitio_hech": "SITIOS PÚBLICOS O ABIERTOS AL PÚBLICO", "lat": 3.432168176, "lon": -76.53918302, "estrato": 4 }, "geometry": { "type": "Point", "coordinates": [ -76.53918302, 3.432168176 ] } },
{ "type": "Feature", "properties": { "agrupado": "ARMAS EXCEPTO DE FUEGO", "fecha_hech": "2025-04-08T00:00:00", "hora_hecho": "9:36", "cod_comuna": 19, "nom_comuna": "C-19 EL LIDO", "cod_barrio": 1913, "nom_bar_01": "El Cedro", "dire_hecho": "Calle6carrera26", "sitio_hech": "SITIOS PÚBLICOS O ABIERTOS AL PÚBLICO", "lat": 3.4345467, "lon": -76.5387183, "estrato": 4 }, "geometry": { "type": "Point", "coordinates": [ -76.5387183, 3.4345467 ] } },
{ "type": "Feature", "properties": { "agrupado": "DESACATO, IRRESPETO A LA AUTORIDAD", "fecha_hech": "2025-04-08T00:00:00", "hora_hecho": "16:28", "cod_comuna": 19, "nom_comuna": "C-19 EL LIDO", "cod_barrio": 1913, "nom_bar_01": "El Cedro", "dire_hecho": "Carrera 31 Calle 7", "sitio_hech": "SITIOS PÚBLICOS O ABIERTOS AL PÚBLICO", "lat": 3.42916549, "lon": -76.53845273, "estrato": 4 }, "geometry": { "type": "Point", "coordinates": [ -76.53845273, 3.42916549 ] } },
{ "type": "Feature", "properties": { "agrupado": "RIÑAS", "fecha_hech": "2025-04-08T00:00:00", "hora_hecho": "16:29", "cod_comuna": 19, "nom_comuna": "C-19 EL LIDO", "cod_barrio": 1905, "nom_bar_01": "Eucaristico", "dire_hecho": "Calle 6 Con carrera 37", "sitio_hech": "SITIOS PÚBLICOS O ABIERTOS AL PÚBLICO", "lat": 3.4253417, "lon": -76.54044, "estrato": 4 }, "geometry": { "type": "Point", "coordinates": [ -76.54044, 3.4253417 ] } },
{ "type": "Feature", "properties": { "agrupado": "ARMAS EXCEPTO DE FUEGO", "fecha_hech": "2025-04-08T00:00:00", "hora_hecho": "16:47", "cod_comuna": 19, "nom_comuna": "C-19 EL LIDO", "cod_barrio": 1913, "nom_bar_01": "El Cedro", "dire_hecho": "Carrera 31 Calle 7", "sitio_hech": "SITIOS PÚBLICOS O ABIERTOS AL PÚBLICO", "lat": 3.4289883, "lon": -76.5388333, "estrato": 4 }, "geometry": { "type": "Point", "coordinates": [ -76.5388333, 3.4289883 ] } },
{ "type": "Feature", "properties": { "agrupado": "ARMAS EXCEPTO DE FUEGO", "fecha_hech": "2025-04-08T00:00:00", "hora_hecho": "18:06", "cod_comuna": 19, "nom_comuna": "C-19 EL LIDO", "cod_barrio": 1905, "nom_bar_01": "Eucaristico", "dire_hecho": "Cll6 con cra34", "sitio_hech": "SITIOS PÚBLICOS O ABIERTOS AL PÚBLICO", "lat": 3.427979983, "lon": -76.53889285, "estrato": 4 }, "geometry": { "type": "Point", "coordinates": [ -76.53889285, 3.427979983 ] } },
{ "type": "Feature", "properties": { "agrupado": "DESACATO, IRRESPETO A LA AUTORIDAD", "fecha_hech": "2025-04-08T00:00:00", "hora_hecho": "23:09", "cod_comuna": 19, "nom_comuna": "C-19 EL LIDO", "cod_barrio": 1912, "nom_bar_01": "3 de Julio", "dire_hecho": "Calle 6 cra 31-32", "sitio_hech": "SITIOS PÚBLICOS O ABIERTOS AL PÚBLICO", "lat": 3.4288187, "lon": -76.5391165, "estrato": 4 }, "geometry": { "type": "Point", "coordinates": [ -76.5391165, 3.4288187 ] } },
{ "type": "Feature", "properties": { "agrupado": "DESACATO, IRRESPETO A LA AUTORIDAD", "fecha_hech": "2025-04-09T00:00:00", "hora_hecho": "16:18", "cod_comuna": 19, "nom_comuna": "C-19 EL LIDO", "cod_barrio": 1912, "nom_bar_01": "3 de Julio", "dire_hecho": "Calle 6 carrer 30", "sitio_hech": "SITIOS PÚBLICOS O ABIERTOS AL PÚBLICO", "lat": 3.4305886, "lon": -76.5390504, "estrato": 4 }, "geometry": { "type": "Point", "coordinates": [ -76.5390504, 3.4305886 ] } },
{ "type": "Feature", "properties": { "agrupado": "DESACATO, IRRESPETO A LA AUTORIDAD", "fecha_hech": "2025-04-12T00:00:00", "hora_hecho": "0:56", "cod_comuna": 19, "nom_comuna": "C-19 EL LIDO", "cod_barrio": 1912, "nom_bar_01": "3 de Julio", "dire_hecho": "Carrera 34 con Calle 6", "sitio_hech": "SITIOS PÚBLICOS O ABIERTOS AL PÚBLICO", "lat": 3.4287292, "lon": -76.539318, "estrato": 4 }, "geometry": { "type": "Point", "coordinates": [ -76.539318, 3.4287292 ] } },
{ "type": "Feature", "properties": { "agrupado": "DESACATO, IRRESPETO A LA AUTORIDAD", "fecha_hech": "2025-04-13T00:00:00", "hora_hecho": "3:06", "cod_comuna": 19, "nom_comuna": "C-19 EL LIDO", "cod_barrio": 1912, "nom_bar_01": "3 de Julio", "dire_hecho": "CALLE 5 CARRERA 25", "sitio_hech": "SITIOS PÚBLICOS O ABIERTOS AL PÚBLICO", "lat": 3.4355467, "lon": -76.5402459, "estrato": 4 }, "geometry": { "type": "Point", "coordinates": [ -76.5402459, 3.4355467 ] } },
{ "type": "Feature", "properties": { "agrupado": "DESACATO, IRRESPETO A LA AUTORIDAD", "fecha_hech": "2025-04-13T00:00:00", "hora_hecho": "3:25", "cod_comuna": 19, "nom_comuna": "C-19 EL LIDO", "cod_barrio": 1912, "nom_bar_01": "3 de Julio", "dire_hecho": "CALLE 5 CARRERA 25", "sitio_hech": "SITIOS PÚBLICOS O ABIERTOS AL PÚBLICO", "lat": 3.4354909, "lon": -76.5402613, "estrato": 4 }, "geometry": { "type": "Point", "coordinates": [ -76.5402613, 3.4354909 ] } },
{ "type": "Feature", "properties": { "agrupado": "DESACATO, IRRESPETO A LA AUTORIDAD", "fecha_hech": "2025-04-15T00:00:00", "hora_hecho": "16:37", "cod_comuna": 19, "nom_comuna": "C-19 EL LIDO", "cod_barrio": 1912, "nom_bar_01": "3 de Julio", "dire_hecho": "Calle 6 cra27", "sitio_hech": "SITIOS PÚBLICOS O ABIERTOS AL PÚBLICO", "lat": 3.4332367, "lon": -76.5389767, "estrato": 4 }, "geometry": { "type": "Point", "coordinates": [ -76.5389767, 3.4332367 ] } },
{ "type": "Feature", "properties": { "agrupado": "ARMAS EXCEPTO DE FUEGO", "fecha_hech": "2025-04-16T00:00:00", "hora_hecho": "10:50", "cod_comuna": 19, "nom_comuna": "C-19 EL LIDO", "cod_barrio": 1905, "nom_bar_01": "Eucaristico", "dire_hecho": "Calle 6 Carrera 36", "sitio_hech": "SITIOS PÚBLICOS O ABIERTOS AL PÚBLICO", "lat": 3.4259967, "lon": -76.5396617, "estrato": 4 }, "geometry": { "type": "Point", "coordinates": [ -76.5396617, 3.4259967 ] } },
{ "type": "Feature", "properties": { "agrupado": "ARMAS EXCEPTO DE FUEGO", "fecha_hech": "2025-04-18T00:00:00", "hora_hecho": "23:24", "cod_comuna": 19, "nom_comuna": "C-19 EL LIDO", "cod_barrio": 1912, "nom_bar_01": "3 de Julio", "dire_hecho": "Cll 7#26", "sitio_hech": "SITIOS PÚBLICOS O ABIERTOS AL PÚBLICO", "lat": 3.4333983, "lon": -76.5389733, "estrato": 4 }, "geometry": { "type": "Point", "coordinates": [ -76.5389733, 3.4333983 ] } },
{ "type": "Feature", "properties": { "agrupado": "ARMAS EXCEPTO DE FUEGO", "fecha_hech": "2025-04-20T00:00:00", "hora_hecho": "2:41", "cod_comuna": 19, "nom_comuna": "C-19 EL LIDO", "cod_barrio": 1913, "nom_bar_01": "El Cedro", "dire_hecho": "Calle 6 #34", "sitio_hech": "SITIOS PÚBLICOS O ABIERTOS AL PÚBLICO", "lat": 3.428815, "lon": -76.53883, "estrato": 4 }, "geometry": { "type": "Point", "coordinates": [ -76.53883, 3.428815 ] } },
{ "type": "Feature", "properties": { "agrupado": "ARMAS EXCEPTO DE FUEGO", "fecha_hech": "2025-04-20T00:00:00", "hora_hecho": "7:29", "cod_comuna": 19, "nom_comuna": "C-19 EL LIDO", "cod_barrio": 1913, "nom_bar_01": "El Cedro", "dire_hecho": "Calle 6 Carrera 26 Barrio el cedro", "sitio_hech": "SITIOS PÚBLICOS O ABIERTOS AL PÚBLICO", "lat": 3.4345698, "lon": -76.5386771, "estrato": 4 }, "geometry": { "type": "Point", "coordinates": [ -76.5386771, 3.4345698 ] } },
{ "type": "Feature", "properties": { "agrupado": "ARMAS EXCEPTO DE FUEGO", "fecha_hech": "2025-04-22T00:00:00", "hora_hecho": "14:54", "cod_comuna": 19, "nom_comuna": "C-19 EL LIDO", "cod_barrio": 1906, "nom_bar_01": "San Fernando Nuevo", "dire_hecho": "Carrera 34 Calle 5 B B/ 3 de julio", "sitio_hech": "SITIOS PÚBLICOS O ABIERTOS AL PÚBLICO", "lat": 3.428439213, "lon": -76.53916944, "estrato": 4 }, "geometry": { "type": "Point", "coordinates": [ -76.53916944, 3.428439213 ] } },
{ "type": "Feature", "properties": { "agrupado": "ARMAS EXCEPTO DE FUEGO", "fecha_hech": "2025-04-24T00:00:00", "hora_hecho": "0:43", "cod_comuna": 19, "nom_comuna": "C-19 EL LIDO", "cod_barrio": 1912, "nom_bar_01": "3 de Julio", "dire_hecho": "Calle 6 con Carrera 26", "sitio_hech": "SITIOS PÚBLICOS O ABIERTOS AL PÚBLICO", "lat": 3.43353217, "lon": -76.53883425, "estrato": 4 }, "geometry": { "type": "Point", "coordinates": [ -76.53883425, 3.43353217 ] } },
{ "type": "Feature", "properties": { "agrupado": "ARMAS EXCEPTO DE FUEGO", "fecha_hech": "2025-04-24T00:00:00", "hora_hecho": "3:26", "cod_comuna": 19, "nom_comuna": "C-19 EL LIDO", "cod_barrio": 1913, "nom_bar_01": "El Cedro", "dire_hecho": "Calle6carrera34", "sitio_hech": "SITIOS PÚBLICOS O ABIERTOS AL PÚBLICO", "lat": 3.4286635, "lon": -76.5388343, "estrato": 4 }, "geometry": { "type": "Point", "coordinates": [ -76.5388343, 3.4286635 ] } },
{ "type": "Feature", "properties": { "agrupado": "ARMAS EXCEPTO DE FUEGO", "fecha_hech": "2025-04-24T00:00:00", "hora_hecho": "11:44", "cod_comuna": 19, "nom_comuna": "C-19 EL LIDO", "cod_barrio": 1905, "nom_bar_01": "Eucaristico", "dire_hecho": "Calle 9 Carrera 37", "sitio_hech": "SITIOS PÚBLICOS O ABIERTOS AL PÚBLICO", "lat": 3.4257241, "lon": -76.5380981, "estrato": 4 }, "geometry": { "type": "Point", "coordinates": [ -76.5380981, 3.4257241 ] } },
{ "type": "Feature", "properties": { "agrupado": "DESACATO, IRRESPETO A LA AUTORIDAD", "fecha_hech": "2025-04-24T00:00:00", "hora_hecho": "15:34", "cod_comuna": 19, "nom_comuna": "C-19 EL LIDO", "cod_barrio": 1912, "nom_bar_01": "3 de Julio", "dire_hecho": "Carrera 27#5c", "sitio_hech": "SITIOS PÚBLICOS O ABIERTOS AL PÚBLICO", "lat": 3.4334069, "lon": -76.5400217, "estrato": 4 }, "geometry": { "type": "Point", "coordinates": [ -76.5400217, 3.4334069 ] } },
{ "type": "Feature", "properties": { "agrupado": "DESACATO, IRRESPETO A LA AUTORIDAD", "fecha_hech": "2025-04-24T00:00:00", "hora_hecho": "20:44", "cod_comuna": 19, "nom_comuna": "C-19 EL LIDO", "cod_barrio": 1906, "nom_bar_01": "San Fernando Nuevo", "dire_hecho": "Carrera 36 Calle 5b4", "sitio_hech": "SITIOS PÚBLICOS O ABIERTOS AL PÚBLICO", "lat": 3.427293058, "lon": -76.54050673, "estrato": 4 }, "geometry": { "type": "Point", "coordinates": [ -76.54050673, 3.427293058 ] } },
{ "type": "Feature", "properties": { "agrupado": "DESACATO, IRRESPETO A LA AUTORIDAD", "fecha_hech": "2025-04-24T00:00:00", "hora_hecho": "21:08", "cod_comuna": 19, "nom_comuna": "C-19 EL LIDO", "cod_barrio": 1906, "nom_bar_01": "San Fernando Nuevo", "dire_hecho": "Carrera 36 Calle 5b4", "sitio_hech": "SITIOS PÚBLICOS O ABIERTOS AL PÚBLICO", "lat": 3.427253998, "lon": -76.54049854, "estrato": 4 }, "geometry": { "type": "Point", "coordinates": [ -76.54049854, 3.427253998 ] } },
{ "type": "Feature", "properties": { "agrupado": "ARMAS EXCEPTO DE FUEGO", "fecha_hech": "2025-04-25T00:00:00", "hora_hecho": "8:56", "cod_comuna": 19, "nom_comuna": "C-19 EL LIDO", "cod_barrio": 1913, "nom_bar_01": "El Cedro", "dire_hecho": "Calle 9 cra 32a", "sitio_hech": "SITIOS PÚBLICOS O ABIERTOS AL PÚBLICO", "lat": 3.4273009, "lon": -76.5376455, "estrato": 4 }, "geometry": { "type": "Point", "coordinates": [ -76.5376455, 3.4273009 ] } },
{ "type": "Feature", "properties": { "agrupado": "SUSTANCIAS PSICOACTIVAS", "fecha_hech": "2025-04-25T00:00:00", "hora_hecho": "18:37", "cod_comuna": 19, "nom_comuna": "C-19 EL LIDO", "cod_barrio": 1905, "nom_bar_01": "Eucaristico", "dire_hecho": "Carrera 36 A BIS Calle 8", "sitio_hech": "SITIOS PÚBLICOS O ABIERTOS AL PÚBLICO", "lat": 3.425392923, "lon": -76.53857667, "estrato": 4 }, "geometry": { "type": "Point", "coordinates": [ -76.53857667, 3.425392923 ] } },
{ "type": "Feature", "properties": { "agrupado": "SUSTANCIAS PSICOACTIVAS", "fecha_hech": "2025-04-26T00:00:00", "hora_hecho": "11:06", "cod_comuna": 19, "nom_comuna": "C-19 EL LIDO", "cod_barrio": 1905, "nom_bar_01": "Eucaristico", "dire_hecho": "Carrera 36 A Calle 6", "sitio_hech": "SITIOS PÚBLICOS O ABIERTOS AL PÚBLICO", "lat": 3.4259828, "lon": -76.5397042, "estrato": 4 }, "geometry": { "type": "Point", "coordinates": [ -76.5397042, 3.4259828 ] } },
{ "type": "Feature", "properties": { "agrupado": "ARMAS EXCEPTO DE FUEGO", "fecha_hech": "2025-04-27T00:00:00", "hora_hecho": "19:49", "cod_comuna": 19, "nom_comuna": "C-19 EL LIDO", "cod_barrio": 1913, "nom_bar_01": "El Cedro", "dire_hecho": "Calle 6 cra 32a", "sitio_hech": "SITIOS PÚBLICOS O ABIERTOS AL PÚBLICO", "lat": 3.4289733, "lon": -76.5388617, "estrato": 4 }, "geometry": { "type": "Point", "coordinates": [ -76.5388617, 3.4289733 ] } },
{ "type": "Feature", "properties": { "agrupado": "ARMAS EXCEPTO DE FUEGO", "fecha_hech": "2025-04-28T00:00:00", "hora_hecho": "11:12", "cod_comuna": 19, "nom_comuna": "C-19 EL LIDO", "cod_barrio": 1913, "nom_bar_01": "El Cedro", "dire_hecho": "Calle 6 carrera 26", "sitio_hech": "SITIOS PÚBLICOS O ABIERTOS AL PÚBLICO", "lat": 3.4343547, "lon": -76.5386855, "estrato": 4 }, "geometry": { "type": "Point", "coordinates": [ -76.5386855, 3.4343547 ] } },
{ "type": "Feature", "properties": { "agrupado": "SUSTANCIAS PSICOACTIVAS", "fecha_hech": "2025-04-28T00:00:00", "hora_hecho": "18:34", "cod_comuna": 19, "nom_comuna": "C-19 EL LIDO", "cod_barrio": 1905, "nom_bar_01": "Eucaristico", "dire_hecho": "Carrera 36 A BIS Calle 8", "sitio_hech": "SITIOS PÚBLICOS O ABIERTOS AL PÚBLICO", "lat": 3.425426873, "lon": -76.53850824, "estrato": 4 }, "geometry": { "type": "Point", "coordinates": [ -76.53850824, 3.425426873 ] } },
{ "type": "Feature", "properties": { "agrupado": "DESACATO, IRRESPETO A LA AUTORIDAD", "fecha_hech": "2025-04-28T00:00:00", "hora_hecho": "21:10", "cod_comuna": 19, "nom_comuna": "C-19 EL LIDO", "cod_barrio": 1905, "nom_bar_01": "Eucaristico", "dire_hecho": "Calle 9 Carrera 34", "sitio_hech": "SITIOS PÚBLICOS O ABIERTOS AL PÚBLICO", "lat": 3.425797496, "lon": -76.53777256, "estrato": 4 }, "geometry": { "type": "Point", "coordinates": [ -76.53777256, 3.425797496 ] } },
{ "type": "Feature", "properties": { "agrupado": "ARMAS EXCEPTO DE FUEGO", "fecha_hech": "2025-04-29T00:00:00", "hora_hecho": "3:01", "cod_comuna": 19, "nom_comuna": "C-19 EL LIDO", "cod_barrio": 1912, "nom_bar_01": "3 de Julio", "dire_hecho": "Carrer 28 Calle 6", "sitio_hech": "SITIOS PÚBLICOS O ABIERTOS AL PÚBLICO", "lat": 3.432556024, "lon": -76.53892383, "estrato": 4 }, "geometry": { "type": "Point", "coordinates": [ -76.53892383, 3.432556024 ] } },
{ "type": "Feature", "properties": { "agrupado": "SUSTANCIAS PSICOACTIVAS", "fecha_hech": "2025-04-29T00:00:00", "hora_hecho": "16:23", "cod_comuna": 19, "nom_comuna": "C-19 EL LIDO", "cod_barrio": 1905, "nom_bar_01": "Eucaristico", "dire_hecho": "Carrera 36 A Calle 6 Parque el templete", "sitio_hech": "SITIOS PÚBLICOS O ABIERTOS AL PÚBLICO", "lat": 3.4259533, "lon": -76.5396717, "estrato": 4 }, "geometry": { "type": "Point", "coordinates": [ -76.5396717, 3.4259533 ] } },
{ "type": "Feature", "properties": { "agrupado": "DESACATO, IRRESPETO A LA AUTORIDAD", "fecha_hech": "2025-04-29T00:00:00", "hora_hecho": "19:54", "cod_comuna": 19, "nom_comuna": "C-19 EL LIDO", "cod_barrio": 1912, "nom_bar_01": "3 de Julio", "dire_hecho": "Carrera 27 Calle 6", "sitio_hech": "SITIOS PÚBLICOS O ABIERTOS AL PÚBLICO", "lat": 3.4333833, "lon": -76.53893, "estrato": 4 }, "geometry": { "type": "Point", "coordinates": [ -76.53893, 3.4333833 ] } },
{ "type": "Feature", "properties": { "agrupado": "ARMAS EXCEPTO DE FUEGO", "fecha_hech": "2025-04-30T00:00:00", "hora_hecho": "16:02", "cod_comuna": 19, "nom_comuna": "C-19 EL LIDO", "cod_barrio": 1913, "nom_bar_01": "El Cedro", "dire_hecho": "Calle 6 #28", "sitio_hech": "SITIOS PÚBLICOS O ABIERTOS AL PÚBLICO", "lat": 3.4326875, "lon": -76.5388258, "estrato": 4 }, "geometry": { "type": "Point", "coordinates": [ -76.5388258, 3.4326875 ] } },
{ "type": "Feature", "properties": { "agrupado": "ARMAS EXCEPTO DE FUEGO", "fecha_hech": "2025-04-30T00:00:00", "hora_hecho": "16:25", "cod_comuna": 19, "nom_comuna": "C-19 EL LIDO", "cod_barrio": 1913, "nom_bar_01": "El Cedro", "dire_hecho": "Cr 26 cll 6", "sitio_hech": "SITIOS PÚBLICOS O ABIERTOS AL PÚBLICO", "lat": 3.4344653, "lon": -76.5385629, "estrato": 4 }, "geometry": { "type": "Point", "coordinates": [ -76.5385629, 3.4344653 ] } },
{ "type": "Feature", "properties": { "agrupado": "SUSTANCIAS PSICOACTIVAS", "fecha_hech": "2025-05-01T00:00:00", "hora_hecho": "16:12", "cod_comuna": 19, "nom_comuna": "C-19 EL LIDO", "cod_barrio": 1905, "nom_bar_01": "Eucaristico", "dire_hecho": "Carrera 36 A BIS Calle 7", "sitio_hech": "SITIOS PÚBLICOS O ABIERTOS AL PÚBLICO", "lat": 3.425399846, "lon": -76.53886022, "estrato": 4 }, "geometry": { "type": "Point", "coordinates": [ -76.53886022, 3.425399846 ] } },
{ "type": "Feature", "properties": { "agrupado": "DESACATO, IRRESPETO A LA AUTORIDAD", "fecha_hech": "2025-05-02T00:00:00", "hora_hecho": "9:29", "cod_comuna": 19, "nom_comuna": "C-19 EL LIDO", "cod_barrio": 1906, "nom_bar_01": "San Fernando Nuevo", "dire_hecho": "Calle 6 Carrera 34 B/ 3 de julio", "sitio_hech": "SITIOS PÚBLICOS O ABIERTOS AL PÚBLICO", "lat": 3.428485965, "lon": -76.53920522, "estrato": 4 }, "geometry": { "type": "Point", "coordinates": [ -76.53920522, 3.428485965 ] } },
{ "type": "Feature", "properties": { "agrupado": "SUSTANCIAS PSICOACTIVAS", "fecha_hech": "2025-05-02T00:00:00", "hora_hecho": "11:35", "cod_comuna": 19, "nom_comuna": "C-19 EL LIDO", "cod_barrio": 1905, "nom_bar_01": "Eucaristico", "dire_hecho": "Carrera 36 A BIS Calle 8", "sitio_hech": "SITIOS PÚBLICOS O ABIERTOS AL PÚBLICO", "lat": 3.425335351, "lon": -76.53842453, "estrato": 4 }, "geometry": { "type": "Point", "coordinates": [ -76.53842453, 3.425335351 ] } },
{ "type": "Feature", "properties": { "agrupado": "ARMAS EXCEPTO DE FUEGO", "fecha_hech": "2025-05-02T00:00:00", "hora_hecho": "23:46", "cod_comuna": 19, "nom_comuna": "C-19 EL LIDO", "cod_barrio": 1912, "nom_bar_01": "3 de Julio", "dire_hecho": "Calle 6 Carrera 25 B/ 3 de julio", "sitio_hech": "SITIOS PÚBLICOS O ABIERTOS AL PÚBLICO", "lat": 3.435227675, "lon": -76.53974475, "estrato": 4 }, "geometry": { "type": "Point", "coordinates": [ -76.53974475, 3.435227675 ] } },
{ "type": "Feature", "properties": { "agrupado": "ARMAS EXCEPTO DE FUEGO", "fecha_hech": "2025-05-03T00:00:00", "hora_hecho": "20:26", "cod_comuna": 19, "nom_comuna": "C-19 EL LIDO", "cod_barrio": 1912, "nom_bar_01": "3 de Julio", "dire_hecho": "Calle 6 #25", "sitio_hech": "SITIOS PÚBLICOS O ABIERTOS AL PÚBLICO", "lat": 3.4351782, "lon": -76.5391762, "estrato": 4 }, "geometry": { "type": "Point", "coordinates": [ -76.5391762, 3.4351782 ] } },
{ "type": "Feature", "properties": { "agrupado": "ARMAS EXCEPTO DE FUEGO", "fecha_hech": "2025-05-04T00:00:00", "hora_hecho": "12:17", "cod_comuna": 19, "nom_comuna": "C-19 EL LIDO", "cod_barrio": 1913, "nom_bar_01": "El Cedro", "dire_hecho": "Cll 6 cra 31", "sitio_hech": "SITIOS PÚBLICOS O ABIERTOS AL PÚBLICO", "lat": 3.4289917, "lon": -76.5387817, "estrato": 4 }, "geometry": { "type": "Point", "coordinates": [ -76.5387817, 3.4289917 ] } },
{ "type": "Feature", "properties": { "agrupado": "SUSTANCIAS PSICOACTIVAS", "fecha_hech": "2025-05-04T00:00:00", "hora_hecho": "15:24", "cod_comuna": 19, "nom_comuna": "C-19 EL LIDO", "cod_barrio": 1905, "nom_bar_01": "Eucaristico", "dire_hecho": "Carrera 36 Calle 7", "sitio_hech": "SITIOS PÚBLICOS O ABIERTOS AL PÚBLICO", "lat": 3.425707624, "lon": -76.53843775, "estrato": 4 }, "geometry": { "type": "Point", "coordinates": [ -76.53843775, 3.425707624 ] } },
{ "type": "Feature", "properties": { "agrupado": "SUSTANCIAS PSICOACTIVAS", "fecha_hech": "2025-05-05T00:00:00", "hora_hecho": "7:44", "cod_comuna": 19, "nom_comuna": "C-19 EL LIDO", "cod_barrio": 1905, "nom_bar_01": "Eucaristico", "dire_hecho": "Carrera 38 Calle 5 B 5 B/ San Fernando Nuevo", "sitio_hech": "SITIOS PÚBLICOS O ABIERTOS AL PÚBLICO", "lat": 3.4267001, "lon": -76.53997063, "estrato": 4 }, "geometry": { "type": "Point", "coordinates": [ -76.53997063, 3.4267001 ] } },
{ "type": "Feature", "properties": { "agrupado": "SUSTANCIAS PSICOACTIVAS", "fecha_hech": "2025-05-05T00:00:00", "hora_hecho": "11:41", "cod_comuna": 19, "nom_comuna": "C-19 EL LIDO", "cod_barrio": 1905, "nom_bar_01": "Eucaristico", "dire_hecho": "Carrera 36 Calle 7", "sitio_hech": "SITIOS PÚBLICOS O ABIERTOS AL PÚBLICO", "lat": 3.42560822, "lon": -76.53855283, "estrato": 4 }, "geometry": { "type": "Point", "coordinates": [ -76.53855283, 3.42560822 ] } },
{ "type": "Feature", "properties": { "agrupado": "SUSTANCIAS PSICOACTIVAS", "fecha_hech": "2025-05-05T00:00:00", "hora_hecho": "15:57", "cod_comuna": 19, "nom_comuna": "C-19 EL LIDO", "cod_barrio": 1913, "nom_bar_01": "El Cedro", "dire_hecho": "Calle 9 C Carrera 29", "sitio_hech": "SITIOS PÚBLICOS O ABIERTOS AL PÚBLICO", "lat": 3.4341167, "lon": -76.5387026, "estrato": 4 }, "geometry": { "type": "Point", "coordinates": [ -76.5387026, 3.4341167 ] } },
{ "type": "Feature", "properties": { "agrupado": "ARMAS EXCEPTO DE FUEGO", "fecha_hech": "2025-05-07T00:00:00", "hora_hecho": "12:06", "cod_comuna": 19, "nom_comuna": "C-19 EL LIDO", "cod_barrio": 1913, "nom_bar_01": "El Cedro", "dire_hecho": "Cll 6 cra 31", "sitio_hech": "SITIOS PÚBLICOS O ABIERTOS AL PÚBLICO", "lat": 3.4289183, "lon": -76.5388683, "estrato": 4 }, "geometry": { "type": "Point", "coordinates": [ -76.5388683, 3.4289183 ] } },
{ "type": "Feature", "properties": { "agrupado": "SUSTANCIAS PSICOACTIVAS", "fecha_hech": "2025-05-07T00:00:00", "hora_hecho": "15:10", "cod_comuna": 19, "nom_comuna": "C-19 EL LIDO", "cod_barrio": 1905, "nom_bar_01": "Eucaristico", "dire_hecho": "Carrera 36 Calle 8", "sitio_hech": "SITIOS PÚBLICOS O ABIERTOS AL PÚBLICO", "lat": 3.425664406, "lon": -76.53842781, "estrato": 4 }, "geometry": { "type": "Point", "coordinates": [ -76.53842781, 3.425664406 ] } },
{ "type": "Feature", "properties": { "agrupado": "ARMAS EXCEPTO DE FUEGO", "fecha_hech": "2025-05-08T00:00:00", "hora_hecho": "0:05", "cod_comuna": 19, "nom_comuna": "C-19 EL LIDO", "cod_barrio": 1912, "nom_bar_01": "3 de Julio", "dire_hecho": "Calle 5 B Carrera 37 A", "sitio_hech": "SITIOS PÚBLICOS O ABIERTOS AL PÚBLICO", "lat": 3.4311563, "lon": -76.5389972, "estrato": 4 }, "geometry": { "type": "Point", "coordinates": [ -76.5389972, 3.4311563 ] } },
{ "type": "Feature", "properties": { "agrupado": "ARMAS EXCEPTO DE FUEGO", "fecha_hech": "2025-05-08T00:00:00", "hora_hecho": "1:22", "cod_comuna": 19, "nom_comuna": "C-19 EL LIDO", "cod_barrio": 1913, "nom_bar_01": "El Cedro", "dire_hecho": "Cll 6 cra 31", "sitio_hech": "SITIOS PÚBLICOS O ABIERTOS AL PÚBLICO", "lat": 3.4290618, "lon": -76.5388776, "estrato": 4 }, "geometry": { "type": "Point", "coordinates": [ -76.5388776, 3.4290618 ] } },
{ "type": "Feature", "properties": { "agrupado": "SUSTANCIAS PSICOACTIVAS", "fecha_hech": "2025-05-09T00:00:00", "hora_hecho": "4:49", "cod_comuna": 19, "nom_comuna": "C-19 EL LIDO", "cod_barrio": 1905, "nom_bar_01": "Eucaristico", "dire_hecho": "Carrera 36 Calle 8", "sitio_hech": "SITIOS PÚBLICOS O ABIERTOS AL PÚBLICO", "lat": 3.425679589, "lon": -76.53844948, "estrato": 4 }, "geometry": { "type": "Point", "coordinates": [ -76.53844948, 3.425679589 ] } },
{ "type": "Feature", "properties": { "agrupado": "SUSTANCIAS PSICOACTIVAS", "fecha_hech": "2025-05-10T00:00:00", "hora_hecho": "16:26", "cod_comuna": 19, "nom_comuna": "C-19 EL LIDO", "cod_barrio": 1905, "nom_bar_01": "Eucaristico", "dire_hecho": "Calle 8 Carrera 36", "sitio_hech": "SITIOS PÚBLICOS O ABIERTOS AL PÚBLICO", "lat": 3.425747085, "lon": -76.5383251, "estrato": 4 }, "geometry": { "type": "Point", "coordinates": [ -76.5383251, 3.425747085 ] } },
{ "type": "Feature", "properties": { "agrupado": "SUSTANCIAS PSICOACTIVAS", "fecha_hech": "2025-05-10T00:00:00", "hora_hecho": "21:06", "cod_comuna": 19, "nom_comuna": "C-19 EL LIDO", "cod_barrio": 1905, "nom_bar_01": "Eucaristico", "dire_hecho": "Calle 8 Carrera 36", "sitio_hech": "SITIOS PÚBLICOS O ABIERTOS AL PÚBLICO", "lat": 3.425804208, "lon": -76.53840847, "estrato": 4 }, "geometry": { "type": "Point", "coordinates": [ -76.53840847, 3.425804208 ] } },
{ "type": "Feature", "properties": { "agrupado": "ARMAS EXCEPTO DE FUEGO", "fecha_hech": "2025-05-11T00:00:00", "hora_hecho": "5:14", "cod_comuna": 19, "nom_comuna": "C-19 EL LIDO", "cod_barrio": 1912, "nom_bar_01": "3 de Julio", "dire_hecho": "Calle 6 #28", "sitio_hech": "SITIOS PÚBLICOS O ABIERTOS AL PÚBLICO", "lat": 3.431994138, "lon": -76.53911586, "estrato": 4 }, "geometry": { "type": "Point", "coordinates": [ -76.53911586, 3.431994138 ] } },
{ "type": "Feature", "properties": { "agrupado": "ARMAS EXCEPTO DE FUEGO", "fecha_hech": "2025-05-12T00:00:00", "hora_hecho": "0:54", "cod_comuna": 19, "nom_comuna": "C-19 EL LIDO", "cod_barrio": 1905, "nom_bar_01": "Eucaristico", "dire_hecho": "Carrera 36 Calle 8", "sitio_hech": "SITIOS PÚBLICOS O ABIERTOS AL PÚBLICO", "lat": 3.425792145, "lon": -76.5382855, "estrato": 4 }, "geometry": { "type": "Point", "coordinates": [ -76.5382855, 3.425792145 ] } },
{ "type": "Feature", "properties": { "agrupado": "ARMAS EXCEPTO DE FUEGO", "fecha_hech": "2025-05-13T00:00:00", "hora_hecho": "1:28", "cod_comuna": 19, "nom_comuna": "C-19 EL LIDO", "cod_barrio": 1912, "nom_bar_01": "3 de Julio", "dire_hecho": "Carrera 26 Calle 6", "sitio_hech": "SITIOS PÚBLICOS O ABIERTOS AL PÚBLICO", "lat": 3.434276, "lon": -76.5389865, "estrato": 4 }, "geometry": { "type": "Point", "coordinates": [ -76.5389865, 3.434276 ] } },
{ "type": "Feature", "properties": { "agrupado": "DESACATO, IRRESPETO A LA AUTORIDAD", "fecha_hech": "2025-05-13T00:00:00", "hora_hecho": "15:14", "cod_comuna": 19, "nom_comuna": "C-19 EL LIDO", "cod_barrio": 1912, "nom_bar_01": "3 de Julio", "dire_hecho": "Calle 6 Carrera 30 3 de julio", "sitio_hech": "SITIOS PÚBLICOS O ABIERTOS AL PÚBLICO", "lat": 3.4293742, "lon": -76.5391416, "estrato": 4 }, "geometry": { "type": "Point", "coordinates": [ -76.5391416, 3.4293742 ] } },
{ "type": "Feature", "properties": { "agrupado": "SUSTANCIAS PSICOACTIVAS", "fecha_hech": "2025-05-14T00:00:00", "hora_hecho": "8:54", "cod_comuna": 19, "nom_comuna": "C-19 EL LIDO", "cod_barrio": 1905, "nom_bar_01": "Eucaristico", "dire_hecho": "Carrera 36 Calle 8", "sitio_hech": "SITIOS PÚBLICOS O ABIERTOS AL PÚBLICO", "lat": 3.42571781, "lon": -76.53840611, "estrato": 4 }, "geometry": { "type": "Point", "coordinates": [ -76.53840611, 3.42571781 ] } },
{ "type": "Feature", "properties": { "agrupado": "SUSTANCIAS PSICOACTIVAS", "fecha_hech": "2025-05-14T00:00:00", "hora_hecho": "12:29", "cod_comuna": 19, "nom_comuna": "C-19 EL LIDO", "cod_barrio": 1905, "nom_bar_01": "Eucaristico", "dire_hecho": "Calle 8 Carrera 36", "sitio_hech": "SITIOS PÚBLICOS O ABIERTOS AL PÚBLICO", "lat": 3.425928434, "lon": -76.53831823, "estrato": 4 }, "geometry": { "type": "Point", "coordinates": [ -76.53831823, 3.425928434 ] } },
{ "type": "Feature", "properties": { "agrupado": "ARMAS EXCEPTO DE FUEGO", "fecha_hech": "2025-05-14T00:00:00", "hora_hecho": "13:33", "cod_comuna": 19, "nom_comuna": "C-19 EL LIDO", "cod_barrio": 1906, "nom_bar_01": "San Fernando Nuevo", "dire_hecho": "Carrera 34 Calle 6", "sitio_hech": "SITIOS PÚBLICOS O ABIERTOS AL PÚBLICO", "lat": 3.4285428, "lon": -76.5392493, "estrato": 4 }, "geometry": { "type": "Point", "coordinates": [ -76.5392493, 3.4285428 ] } },
{ "type": "Feature", "properties": { "agrupado": "SUSTANCIAS PSICOACTIVAS", "fecha_hech": "2025-05-14T00:00:00", "hora_hecho": "16:54", "cod_comuna": 19, "nom_comuna": "C-19 EL LIDO", "cod_barrio": 1906, "nom_bar_01": "San Fernando Nuevo", "dire_hecho": "Calle 6 Carrera 34", "sitio_hech": "SITIOS PÚBLICOS O ABIERTOS AL PÚBLICO", "lat": 3.4280617, "lon": -76.5393933, "estrato": 4 }, "geometry": { "type": "Point", "coordinates": [ -76.5393933, 3.4280617 ] } },
{ "type": "Feature", "properties": { "agrupado": "SUSTANCIAS PSICOACTIVAS", "fecha_hech": "2025-05-14T00:00:00", "hora_hecho": "18:14", "cod_comuna": 19, "nom_comuna": "C-19 EL LIDO", "cod_barrio": 1905, "nom_bar_01": "Eucaristico", "dire_hecho": "Carrera 36 A BIS Calle 7", "sitio_hech": "SITIOS PÚBLICOS O ABIERTOS AL PÚBLICO", "lat": 3.42529165, "lon": -76.53921084, "estrato": 4 }, "geometry": { "type": "Point", "coordinates": [ -76.53921084, 3.42529165 ] } },
{ "type": "Feature", "properties": { "agrupado": "SUSTANCIAS PSICOACTIVAS", "fecha_hech": "2025-05-14T00:00:00", "hora_hecho": "19:03", "cod_comuna": 19, "nom_comuna": "C-19 EL LIDO", "cod_barrio": 1905, "nom_bar_01": "Eucaristico", "dire_hecho": "Calle 6 Carrera 36 A", "sitio_hech": "SITIOS PÚBLICOS O ABIERTOS AL PÚBLICO", "lat": 3.425953249, "lon": -76.53983242, "estrato": 4 }, "geometry": { "type": "Point", "coordinates": [ -76.53983242, 3.425953249 ] } },
{ "type": "Feature", "properties": { "agrupado": "SUSTANCIAS PSICOACTIVAS", "fecha_hech": "2025-05-14T00:00:00", "hora_hecho": "19:58", "cod_comuna": 19, "nom_comuna": "C-19 EL LIDO", "cod_barrio": 1905, "nom_bar_01": "Eucaristico", "dire_hecho": "Carrera 36 A Calle 6", "sitio_hech": "SITIOS PÚBLICOS O ABIERTOS AL PÚBLICO", "lat": 3.42598, "lon": -76.5397067, "estrato": 4 }, "geometry": { "type": "Point", "coordinates": [ -76.5397067, 3.42598 ] } },
{ "type": "Feature", "properties": { "agrupado": "SUSTANCIAS PSICOACTIVAS", "fecha_hech": "2025-05-15T00:00:00", "hora_hecho": "0:27", "cod_comuna": 19, "nom_comuna": "C-19 EL LIDO", "cod_barrio": 1905, "nom_bar_01": "Eucaristico", "dire_hecho": "Carrera 36 Calle 8", "sitio_hech": "SITIOS PÚBLICOS O ABIERTOS AL PÚBLICO", "lat": 3.42574183, "lon": -76.53838802, "estrato": 4 }, "geometry": { "type": "Point", "coordinates": [ -76.53838802, 3.42574183 ] } },
{ "type": "Feature", "properties": { "agrupado": "SUSTANCIAS PSICOACTIVAS", "fecha_hech": "2025-05-15T00:00:00", "hora_hecho": "13:24", "cod_comuna": 19, "nom_comuna": "C-19 EL LIDO", "cod_barrio": 1905, "nom_bar_01": "Eucaristico", "dire_hecho": "Calle 7 Carrera 36 Parque templete", "sitio_hech": "SITIOS PÚBLICOS O ABIERTOS AL PÚBLICO", "lat": 3.426023239, "lon": -76.53919955000001, "estrato": 4 }, "geometry": { "type": "Point", "coordinates": [ -76.53919955, 3.426023239 ] } },
{ "type": "Feature", "properties": { "agrupado": "ARMAS EXCEPTO DE FUEGO", "fecha_hech": "2025-05-15T00:00:00", "hora_hecho": "19:32", "cod_comuna": 19, "nom_comuna": "C-19 EL LIDO", "cod_barrio": 1913, "nom_bar_01": "El Cedro", "dire_hecho": "Calle 6 carrera 34", "sitio_hech": "SITIOS PÚBLICOS O ABIERTOS AL PÚBLICO", "lat": 3.428977316, "lon": -76.53892754, "estrato": 4 }, "geometry": { "type": "Point", "coordinates": [ -76.53892754, 3.428977316 ] } },
{ "type": "Feature", "properties": { "agrupado": "SUSTANCIAS PSICOACTIVAS", "fecha_hech": "2025-05-17T00:00:00", "hora_hecho": "11:58", "cod_comuna": 19, "nom_comuna": "C-19 EL LIDO", "cod_barrio": 1905, "nom_bar_01": "Eucaristico", "dire_hecho": "Calle 8 Carrera 36", "sitio_hech": "SITIOS PÚBLICOS O ABIERTOS AL PÚBLICO", "lat": 3.425725097, "lon": -76.53845287, "estrato": 4 }, "geometry": { "type": "Point", "coordinates": [ -76.53845287, 3.425725097 ] } },
{ "type": "Feature", "properties": { "agrupado": "SUSTANCIAS PSICOACTIVAS", "fecha_hech": "2025-05-17T00:00:00", "hora_hecho": "17:30", "cod_comuna": 19, "nom_comuna": "C-19 EL LIDO", "cod_barrio": 1905, "nom_bar_01": "Eucaristico", "dire_hecho": "Calle 6 Carrera 36 Parque templete", "sitio_hech": "SITIOS PÚBLICOS O ABIERTOS AL PÚBLICO", "lat": 3.4264655, "lon": -76.5396323, "estrato": 4 }, "geometry": { "type": "Point", "coordinates": [ -76.5396323, 3.4264655 ] } },
{ "type": "Feature", "properties": { "agrupado": "SUSTANCIAS PSICOACTIVAS", "fecha_hech": "2025-05-17T00:00:00", "hora_hecho": "18:32", "cod_comuna": 19, "nom_comuna": "C-19 EL LIDO", "cod_barrio": 1905, "nom_bar_01": "Eucaristico", "dire_hecho": "Calle 6 Carrera 36 A Parque templete", "sitio_hech": "SITIOS PÚBLICOS O ABIERTOS AL PÚBLICO", "lat": 3.4259245, "lon": -76.5395711, "estrato": 4 }, "geometry": { "type": "Point", "coordinates": [ -76.5395711, 3.4259245 ] } },
{ "type": "Feature", "properties": { "agrupado": "SUSTANCIAS PSICOACTIVAS", "fecha_hech": "2025-05-18T00:00:00", "hora_hecho": "8:54", "cod_comuna": 19, "nom_comuna": "C-19 EL LIDO", "cod_barrio": 1905, "nom_bar_01": "Eucaristico", "dire_hecho": "Calle 6 Carrera 36 A Parque el templete", "sitio_hech": "SITIOS PÚBLICOS O ABIERTOS AL PÚBLICO", "lat": 3.426005586, "lon": -76.5397354, "estrato": 4 }, "geometry": { "type": "Point", "coordinates": [ -76.5397354, 3.426005586 ] } },
{ "type": "Feature", "properties": { "agrupado": "SUSTANCIAS PSICOACTIVAS", "fecha_hech": "2025-05-19T00:00:00", "hora_hecho": "18:40", "cod_comuna": 19, "nom_comuna": "C-19 EL LIDO", "cod_barrio": 1905, "nom_bar_01": "Eucaristico", "dire_hecho": "Carrera 36 Calle 8", "sitio_hech": "SITIOS PÚBLICOS O ABIERTOS AL PÚBLICO", "lat": 3.425806826, "lon": -76.53840275, "estrato": 4 }, "geometry": { "type": "Point", "coordinates": [ -76.53840275, 3.425806826 ] } },
{ "type": "Feature", "properties": { "agrupado": "SUSTANCIAS PSICOACTIVAS", "fecha_hech": "2025-05-20T00:00:00", "hora_hecho": "15:21", "cod_comuna": 19, "nom_comuna": "C-19 EL LIDO", "cod_barrio": 1905, "nom_bar_01": "Eucaristico", "dire_hecho": "Calle 6 Carrera 36 A Parque el templete", "sitio_hech": "SITIOS PÚBLICOS O ABIERTOS AL PÚBLICO", "lat": 3.4260516, "lon": -76.5396905, "estrato": 4 }, "geometry": { "type": "Point", "coordinates": [ -76.5396905, 3.4260516 ] } },
{ "type": "Feature", "properties": { "agrupado": "ARMAS EXCEPTO DE FUEGO", "fecha_hech": "2025-05-20T00:00:00", "hora_hecho": "19:33", "cod_comuna": 19, "nom_comuna": "C-19 EL LIDO", "cod_barrio": 1913, "nom_bar_01": "El Cedro", "dire_hecho": "Calle 6 Carrera 24", "sitio_hech": "SITIOS PÚBLICOS O ABIERTOS AL PÚBLICO", "lat": 3.437105, "lon": -76.53853, "estrato": 4 }, "geometry": { "type": "Point", "coordinates": [ -76.53853, 3.437105 ] } },
{ "type": "Feature", "properties": { "agrupado": "ARMAS EXCEPTO DE FUEGO", "fecha_hech": "2025-05-21T00:00:00", "hora_hecho": "0:34", "cod_comuna": 19, "nom_comuna": "C-19 EL LIDO", "cod_barrio": 1905, "nom_bar_01": "Eucaristico", "dire_hecho": "Calle 8 Carrera 36", "sitio_hech": "SITIOS PÚBLICOS O ABIERTOS AL PÚBLICO", "lat": 3.425797728, "lon": -76.53841543, "estrato": 4 }, "geometry": { "type": "Point", "coordinates": [ -76.53841543, 3.425797728 ] } },
{ "type": "Feature", "properties": { "agrupado": "DESACATO, IRRESPETO A LA AUTORIDAD", "fecha_hech": "2025-05-21T00:00:00", "hora_hecho": "16:20", "cod_comuna": 19, "nom_comuna": "C-19 EL LIDO", "cod_barrio": 1912, "nom_bar_01": "3 de Julio", "dire_hecho": "Cr 27 cll5b", "sitio_hech": "SITIOS PÚBLICOS O ABIERTOS AL PÚBLICO", "lat": 3.4334041, "lon": -76.5400296, "estrato": 4 }, "geometry": { "type": "Point", "coordinates": [ -76.5400296, 3.4334041 ] } },
{ "type": "Feature", "properties": { "agrupado": "SUSTANCIAS PSICOACTIVAS", "fecha_hech": "2025-05-22T00:00:00", "hora_hecho": "1:53", "cod_comuna": 19, "nom_comuna": "C-19 EL LIDO", "cod_barrio": 1913, "nom_bar_01": "El Cedro", "dire_hecho": "Calle 6 Carrera 30", "sitio_hech": "SITIOS PÚBLICOS O ABIERTOS AL PÚBLICO", "lat": 3.430036, "lon": -76.5388998, "estrato": 4 }, "geometry": { "type": "Point", "coordinates": [ -76.5388998, 3.430036 ] } },
{ "type": "Feature", "properties": { "agrupado": "DESACATO, IRRESPETO A LA AUTORIDAD", "fecha_hech": "2025-05-23T00:00:00", "hora_hecho": "15:07", "cod_comuna": 19, "nom_comuna": "C-19 EL LIDO", "cod_barrio": 1905, "nom_bar_01": "Eucaristico", "dire_hecho": "Carrer 36 calle 9", "sitio_hech": "SITIOS PÚBLICOS O ABIERTOS AL PÚBLICO", "lat": 3.4256183, "lon": -76.5378133, "estrato": 4 }, "geometry": { "type": "Point", "coordinates": [ -76.5378133, 3.4256183 ] } },
{ "type": "Feature", "properties": { "agrupado": "SUSTANCIAS PSICOACTIVAS", "fecha_hech": "2025-05-23T00:00:00", "hora_hecho": "15:30", "cod_comuna": 19, "nom_comuna": "C-19 EL LIDO", "cod_barrio": 1905, "nom_bar_01": "Eucaristico", "dire_hecho": "Calle 6 Carrera 36 Parque el templete", "sitio_hech": "SITIOS PÚBLICOS O ABIERTOS AL PÚBLICO", "lat": 3.42647, "lon": -76.5396483, "estrato": 4 }, "geometry": { "type": "Point", "coordinates": [ -76.5396483, 3.42647 ] } },
{ "type": "Feature", "properties": { "agrupado": "SUSTANCIAS PSICOACTIVAS", "fecha_hech": "2025-05-23T00:00:00", "hora_hecho": "16:41", "cod_comuna": 19, "nom_comuna": "C-19 EL LIDO", "cod_barrio": 1905, "nom_bar_01": "Eucaristico", "dire_hecho": "Carrera 36 calle 6", "sitio_hech": "SITIOS PÚBLICOS O ABIERTOS AL PÚBLICO", "lat": 3.4260133, "lon": -76.53973, "estrato": 4 }, "geometry": { "type": "Point", "coordinates": [ -76.53973, 3.4260133 ] } },
{ "type": "Feature", "properties": { "agrupado": "SUSTANCIAS PSICOACTIVAS", "fecha_hech": "2025-05-23T00:00:00", "hora_hecho": "16:54", "cod_comuna": 19, "nom_comuna": "C-19 EL LIDO", "cod_barrio": 1905, "nom_bar_01": "Eucaristico", "dire_hecho": "Cra 42 con cll 6A", "sitio_hech": "SITIOS PÚBLICOS O ABIERTOS AL PÚBLICO", "lat": 3.4260683, "lon": -76.53967, "estrato": 4 }, "geometry": { "type": "Point", "coordinates": [ -76.53967, 3.4260683 ] } },
{ "type": "Feature", "properties": { "agrupado": "SUSTANCIAS PSICOACTIVAS", "fecha_hech": "2025-05-24T00:00:00", "hora_hecho": "7:56", "cod_comuna": 19, "nom_comuna": "C-19 EL LIDO", "cod_barrio": 1905, "nom_bar_01": "Eucaristico", "dire_hecho": "Carrera 36 calle 7", "sitio_hech": "SITIOS PÚBLICOS O ABIERTOS AL PÚBLICO", "lat": 3.425882114, "lon": -76.53917044000001, "estrato": 4 }, "geometry": { "type": "Point", "coordinates": [ -76.53917044, 3.425882114 ] } },
{ "type": "Feature", "properties": { "agrupado": "SUSTANCIAS PSICOACTIVAS", "fecha_hech": "2025-05-24T00:00:00", "hora_hecho": "8:16", "cod_comuna": 19, "nom_comuna": "C-19 EL LIDO", "cod_barrio": 1905, "nom_bar_01": "Eucaristico", "dire_hecho": "Carrera 36 calle 7", "sitio_hech": "SITIOS PÚBLICOS O ABIERTOS AL PÚBLICO", "lat": 3.426105771, "lon": -76.53917745, "estrato": 4 }, "geometry": { "type": "Point", "coordinates": [ -76.53917745, 3.426105771 ] } },
{ "type": "Feature", "properties": { "agrupado": "ARMAS EXCEPTO DE FUEGO", "fecha_hech": "2025-05-25T00:00:00", "hora_hecho": "0:14", "cod_comuna": 19, "nom_comuna": "C-19 EL LIDO", "cod_barrio": 1912, "nom_bar_01": "3 de Julio", "dire_hecho": "Carrera 26 Calle 6", "sitio_hech": "SITIOS PÚBLICOS O ABIERTOS AL PÚBLICO", "lat": 3.4343329, "lon": -76.5390106, "estrato": 4 }, "geometry": { "type": "Point", "coordinates": [ -76.5390106, 3.4343329 ] } },
{ "type": "Feature", "properties": { "agrupado": "ARMAS EXCEPTO DE FUEGO", "fecha_hech": "2025-05-25T00:00:00", "hora_hecho": "0:23", "cod_comuna": 19, "nom_comuna": "C-19 EL LIDO", "cod_barrio": 1912, "nom_bar_01": "3 de Julio", "dire_hecho": "Calle 6 Carrera 26", "sitio_hech": "SITIOS PÚBLICOS O ABIERTOS AL PÚBLICO", "lat": 3.4342283, "lon": -76.5389867, "estrato": 4 }, "geometry": { "type": "Point", "coordinates": [ -76.5389867, 3.4342283 ] } },
{ "type": "Feature", "properties": { "agrupado": "ARMAS EXCEPTO DE FUEGO", "fecha_hech": "2025-05-25T00:00:00", "hora_hecho": "10:17", "cod_comuna": 19, "nom_comuna": "C-19 EL LIDO", "cod_barrio": 1913, "nom_bar_01": "El Cedro", "dire_hecho": "Calle 6 cra 30a", "sitio_hech": "SITIOS PÚBLICOS O ABIERTOS AL PÚBLICO", "lat": 3.4302567, "lon": -76.5388683, "estrato": 4 }, "geometry": { "type": "Point", "coordinates": [ -76.5388683, 3.4302567 ] } },
{ "type": "Feature", "properties": { "agrupado": "ARMAS EXCEPTO DE FUEGO", "fecha_hech": "2025-05-25T00:00:00", "hora_hecho": "10:31", "cod_comuna": 19, "nom_comuna": "C-19 EL LIDO", "cod_barrio": 1913, "nom_bar_01": "El Cedro", "dire_hecho": "Cll 6 cra 31", "sitio_hech": "SITIOS PÚBLICOS O ABIERTOS AL PÚBLICO", "lat": 3.4289232, "lon": -76.5388439, "estrato": 4 }, "geometry": { "type": "Point", "coordinates": [ -76.5388439, 3.4289232 ] } },
{ "type": "Feature", "properties": { "agrupado": "ARMAS EXCEPTO DE FUEGO", "fecha_hech": "2025-05-27T00:00:00", "hora_hecho": "11:30", "cod_comuna": 19, "nom_comuna": "C-19 EL LIDO", "cod_barrio": 1913, "nom_bar_01": "El Cedro", "dire_hecho": "Calle 6 Carrera 28", "sitio_hech": "SITIOS PÚBLICOS O ABIERTOS AL PÚBLICO", "lat": 3.4324822, "lon": -76.5387506, "estrato": 4 }, "geometry": { "type": "Point", "coordinates": [ -76.5387506, 3.4324822 ] } },
{ "type": "Feature", "properties": { "agrupado": "ARMAS EXCEPTO DE FUEGO", "fecha_hech": "2025-05-27T00:00:00", "hora_hecho": "16:34", "cod_comuna": 19, "nom_comuna": "C-19 EL LIDO", "cod_barrio": 1912, "nom_bar_01": "3 de Julio", "dire_hecho": "Calle 5b #27", "sitio_hech": "SITIOS PÚBLICOS O ABIERTOS AL PÚBLICO", "lat": 3.4333591, "lon": -76.5399394, "estrato": 4 }, "geometry": { "type": "Point", "coordinates": [ -76.5399394, 3.4333591 ] } },
{ "type": "Feature", "properties": { "agrupado": "SUSTANCIAS PSICOACTIVAS", "fecha_hech": "2025-05-27T00:00:00", "hora_hecho": "18:19", "cod_comuna": 19, "nom_comuna": "C-19 EL LIDO", "cod_barrio": 1906, "nom_bar_01": "San Fernando Nuevo", "dire_hecho": "Cl5b carrera 35", "sitio_hech": "SITIOS PÚBLICOS O ABIERTOS AL PÚBLICO", "lat": 3.42604, "lon": -76.5413333, "estrato": 4 }, "geometry": { "type": "Point", "coordinates": [ -76.5413333, 3.42604 ] } },
{ "type": "Feature", "properties": { "agrupado": "DESACATO, IRRESPETO A LA AUTORIDAD", "fecha_hech": "2025-05-27T00:00:00", "hora_hecho": "19:20", "cod_comuna": 19, "nom_comuna": "C-19 EL LIDO", "cod_barrio": 1912, "nom_bar_01": "3 de Julio", "dire_hecho": "Calle 6 #34", "sitio_hech": "SITIOS PÚBLICOS O ABIERTOS AL PÚBLICO", "lat": 3.428768659, "lon": -76.53920289, "estrato": 4 }, "geometry": { "type": "Point", "coordinates": [ -76.53920289, 3.428768659 ] } },
{ "type": "Feature", "properties": { "agrupado": "RIÑAS", "fecha_hech": "2025-05-27T00:00:00", "hora_hecho": "23:10", "cod_comuna": 19, "nom_comuna": "C-19 EL LIDO", "cod_barrio": 1905, "nom_bar_01": "Eucaristico", "dire_hecho": "Carrera 36 Calle 6 B/ eucaristico", "sitio_hech": "SITIOS PÚBLICOS O ABIERTOS AL PÚBLICO", "lat": 3.4263961, "lon": -76.5392956, "estrato": 4 }, "geometry": { "type": "Point", "coordinates": [ -76.5392956, 3.4263961 ] } },
{ "type": "Feature", "properties": { "agrupado": "ARMAS EXCEPTO DE FUEGO", "fecha_hech": "2025-05-28T00:00:00", "hora_hecho": "8:30", "cod_comuna": 19, "nom_comuna": "C-19 EL LIDO", "cod_barrio": 1905, "nom_bar_01": "Eucaristico", "dire_hecho": "Cll 8 cra 36", "sitio_hech": "SITIOS PÚBLICOS O ABIERTOS AL PÚBLICO", "lat": 3.4268153, "lon": -76.5380467, "estrato": 4 }, "geometry": { "type": "Point", "coordinates": [ -76.5380467, 3.4268153 ] } },
{ "type": "Feature", "properties": { "agrupado": "ARMAS EXCEPTO DE FUEGO", "fecha_hech": "2025-05-28T00:00:00", "hora_hecho": "15:27", "cod_comuna": 19, "nom_comuna": "C-19 EL LIDO", "cod_barrio": 1905, "nom_bar_01": "Eucaristico", "dire_hecho": "Carrera 36 Calle 8", "sitio_hech": "SITIOS PÚBLICOS O ABIERTOS AL PÚBLICO", "lat": 3.425955324, "lon": -76.53851157, "estrato": 4 }, "geometry": { "type": "Point", "coordinates": [ -76.53851157, 3.425955324 ] } },
{ "type": "Feature", "properties": { "agrupado": "ARMAS EXCEPTO DE FUEGO", "fecha_hech": "2025-05-28T00:00:00", "hora_hecho": "20:33", "cod_comuna": 19, "nom_comuna": "C-19 EL LIDO", "cod_barrio": 1905, "nom_bar_01": "Eucaristico", "dire_hecho": "Calle 6 Carrera 39", "sitio_hech": "SITIOS PÚBLICOS O ABIERTOS AL PÚBLICO", "lat": 3.426385961, "lon": -76.53939103, "estrato": 4 }, "geometry": { "type": "Point", "coordinates": [ -76.53939103, 3.426385961 ] } },
{ "type": "Feature", "properties": { "agrupado": "ARMAS EXCEPTO DE FUEGO", "fecha_hech": "2025-05-29T00:00:00", "hora_hecho": "3:59", "cod_comuna": 19, "nom_comuna": "C-19 EL LIDO", "cod_barrio": 1912, "nom_bar_01": "3 de Julio", "dire_hecho": "Calle 6 #29", "sitio_hech": "SITIOS PÚBLICOS O ABIERTOS AL PÚBLICO", "lat": 3.43172, "lon": -76.53899, "estrato": 4 }, "geometry": { "type": "Point", "coordinates": [ -76.53899, 3.43172 ] } },
{ "type": "Feature", "properties": { "agrupado": "ARMAS EXCEPTO DE FUEGO", "fecha_hech": "2025-05-29T00:00:00", "hora_hecho": "8:05", "cod_comuna": 19, "nom_comuna": "C-19 EL LIDO", "cod_barrio": 1912, "nom_bar_01": "3 de Julio", "dire_hecho": "Calle 5 Carrera 25 B/ 3 de julio", "sitio_hech": "SITIOS PÚBLICOS O ABIERTOS AL PÚBLICO", "lat": 3.4353807, "lon": -76.5402292, "estrato": 4 }, "geometry": { "type": "Point", "coordinates": [ -76.5402292, 3.4353807 ] } },
{ "type": "Feature", "properties": { "agrupado": "DESACATO, IRRESPETO A LA AUTORIDAD", "fecha_hech": "2025-05-30T00:00:00", "hora_hecho": "11:20", "cod_comuna": 19, "nom_comuna": "C-19 EL LIDO", "cod_barrio": 1905, "nom_bar_01": "Eucaristico", "dire_hecho": "Carrera 42 CALLE 9", "sitio_hech": "SITIOS PÚBLICOS O ABIERTOS AL PÚBLICO", "lat": 3.4256499, "lon": -76.5381821, "estrato": 4 }, "geometry": { "type": "Point", "coordinates": [ -76.5381821, 3.4256499 ] } },
{ "type": "Feature", "properties": { "agrupado": "ARMAS EXCEPTO DE FUEGO", "fecha_hech": "2025-05-30T00:00:00", "hora_hecho": "12:21", "cod_comuna": 19, "nom_comuna": "C-19 EL LIDO", "cod_barrio": 1913, "nom_bar_01": "El Cedro", "dire_hecho": "Calle 6 Carrera 26", "sitio_hech": "SITIOS PÚBLICOS O ABIERTOS AL PÚBLICO", "lat": 3.4343515, "lon": -76.538651, "estrato": 4 }, "geometry": { "type": "Point", "coordinates": [ -76.538651, 3.4343515 ] } },
{ "type": "Feature", "properties": { "agrupado": "ARMAS EXCEPTO DE FUEGO", "fecha_hech": "2025-05-30T00:00:00", "hora_hecho": "16:36", "cod_comuna": 19, "nom_comuna": "C-19 EL LIDO", "cod_barrio": 1912, "nom_bar_01": "3 de Julio", "dire_hecho": "Carrera 27 #5b", "sitio_hech": "SITIOS PÚBLICOS O ABIERTOS AL PÚBLICO", "lat": 3.4333417, "lon": -76.5398533, "estrato": 4 }, "geometry": { "type": "Point", "coordinates": [ -76.5398533, 3.4333417 ] } },
{ "type": "Feature", "properties": { "agrupado": "DESACATO, IRRESPETO A LA AUTORIDAD", "fecha_hech": "2025-05-30T00:00:00", "hora_hecho": "17:07", "cod_comuna": 19, "nom_comuna": "C-19 EL LIDO", "cod_barrio": 1905, "nom_bar_01": "Eucaristico", "dire_hecho": "Calle 9 Carrera 36 El templete", "sitio_hech": "MEDIO DE TRANSPORTE", "lat": 3.4255367, "lon": -76.5378017, "estrato": 4 }, "geometry": { "type": "Point", "coordinates": [ -76.5378017, 3.4255367 ] } },
{ "type": "Feature", "properties": { "agrupado": "DESACATO, IRRESPETO A LA AUTORIDAD", "fecha_hech": "2025-05-31T00:00:00", "hora_hecho": "22:36", "cod_comuna": 19, "nom_comuna": "C-19 EL LIDO", "cod_barrio": 1905, "nom_bar_01": "Eucaristico", "dire_hecho": "Crr 36a con cll 7", "sitio_hech": "SITIOS PÚBLICOS O ABIERTOS AL PÚBLICO", "lat": 3.4258067, "lon": -76.5394483, "estrato": 4 }, "geometry": { "type": "Point", "coordinates": [ -76.5394483, 3.4258067 ] } },
{ "type": "Feature", "properties": { "agrupado": "DESACATO, IRRESPETO A LA AUTORIDAD", "fecha_hech": "2025-06-01T00:00:00", "hora_hecho": "0:13", "cod_comuna": 19, "nom_comuna": "C-19 EL LIDO", "cod_barrio": 1912, "nom_bar_01": "3 de Julio", "dire_hecho": "Calle 6 cra 34", "sitio_hech": "SITIOS PÚBLICOS O ABIERTOS AL PÚBLICO", "lat": 3.428591239, "lon": -76.53911502, "estrato": 4 }, "geometry": { "type": "Point", "coordinates": [ -76.53911502, 3.428591239 ] } },
{ "type": "Feature", "properties": { "agrupado": "SUSTANCIAS PSICOACTIVAS", "fecha_hech": "2025-06-01T00:00:00", "hora_hecho": "0:56", "cod_comuna": 19, "nom_comuna": "C-19 EL LIDO", "cod_barrio": 1905, "nom_bar_01": "Eucaristico", "dire_hecho": "Cr 36a con cll 6", "sitio_hech": "SITIOS PÚBLICOS O ABIERTOS AL PÚBLICO", "lat": 3.4258083, "lon": -76.539365, "estrato": 4 }, "geometry": { "type": "Point", "coordinates": [ -76.539365, 3.4258083 ] } },
{ "type": "Feature", "properties": { "agrupado": "DESACATO, IRRESPETO A LA AUTORIDAD", "fecha_hech": "2025-06-01T00:00:00", "hora_hecho": "3:41", "cod_comuna": 19, "nom_comuna": "C-19 EL LIDO", "cod_barrio": 1913, "nom_bar_01": "El Cedro", "dire_hecho": "Cll 6 con 29", "sitio_hech": "SITIOS PÚBLICOS O ABIERTOS AL PÚBLICO", "lat": 3.431823407, "lon": -76.53876058, "estrato": 4 }, "geometry": { "type": "Point", "coordinates": [ -76.53876058, 3.431823407 ] } },
{ "type": "Feature", "properties": { "agrupado": "ARMAS EXCEPTO DE FUEGO", "fecha_hech": "2025-06-04T00:00:00", "hora_hecho": "6:20", "cod_comuna": 19, "nom_comuna": "C-19 EL LIDO", "cod_barrio": 1905, "nom_bar_01": "Eucaristico", "dire_hecho": "Calle 6 cra 34", "sitio_hech": "SITIOS PÚBLICOS O ABIERTOS AL PÚBLICO", "lat": 3.42704504, "lon": -76.5393545, "estrato": 4 }, "geometry": { "type": "Point", "coordinates": [ -76.5393545, 3.42704504 ] } },
{ "type": "Feature", "properties": { "agrupado": "DESACATO, IRRESPETO A LA AUTORIDAD", "fecha_hech": "2025-06-04T00:00:00", "hora_hecho": "19:10", "cod_comuna": 19, "nom_comuna": "C-19 EL LIDO", "cod_barrio": 1913, "nom_bar_01": "El Cedro", "dire_hecho": "Calle 7 cr 30", "sitio_hech": "SITIOS PÚBLICOS O ABIERTOS AL PÚBLICO", "lat": 3.4302442, "lon": -76.5380386, "estrato": 4 }, "geometry": { "type": "Point", "coordinates": [ -76.5380386, 3.4302442 ] } },
{ "type": "Feature", "properties": { "agrupado": "SUSTANCIAS PSICOACTIVAS", "fecha_hech": "2025-06-04T00:00:00", "hora_hecho": "19:37", "cod_comuna": 19, "nom_comuna": "C-19 EL LIDO", "cod_barrio": 1905, "nom_bar_01": "Eucaristico", "dire_hecho": "Calle 6 Carrera 36 A Parque el templete", "sitio_hech": "SITIOS PÚBLICOS O ABIERTOS AL PÚBLICO", "lat": 3.4259251, "lon": -76.5395885, "estrato": 4 }, "geometry": { "type": "Point", "coordinates": [ -76.5395885, 3.4259251 ] } },
{ "type": "Feature", "properties": { "agrupado": "ARMAS EXCEPTO DE FUEGO", "fecha_hech": "2025-06-05T00:00:00", "hora_hecho": "16:18", "cod_comuna": 19, "nom_comuna": "C-19 EL LIDO", "cod_barrio": 1913, "nom_bar_01": "El Cedro", "dire_hecho": "Calle 6 #28", "sitio_hech": "SITIOS PÚBLICOS O ABIERTOS AL PÚBLICO", "lat": 3.4326332, "lon": -76.5388335, "estrato": 4 }, "geometry": { "type": "Point", "coordinates": [ -76.5388335, 3.4326332 ] } },
{ "type": "Feature", "properties": { "agrupado": "SUSTANCIAS PSICOACTIVAS", "fecha_hech": "2025-06-05T00:00:00", "hora_hecho": "22:34", "cod_comuna": 19, "nom_comuna": "C-19 EL LIDO", "cod_barrio": 1905, "nom_bar_01": "Eucaristico", "dire_hecho": "Calle 7 Carrera 36 A Parque el templete", "sitio_hech": "SITIOS PÚBLICOS O ABIERTOS AL PÚBLICO", "lat": 3.4256233, "lon": -76.5391931, "estrato": 4 }, "geometry": { "type": "Point", "coordinates": [ -76.5391931, 3.4256233 ] } },
{ "type": "Feature", "properties": { "agrupado": "SUSTANCIAS PSICOACTIVAS", "fecha_hech": "2025-06-06T00:00:00", "hora_hecho": "15:32", "cod_comuna": 19, "nom_comuna": "C-19 EL LIDO", "cod_barrio": 1905, "nom_bar_01": "Eucaristico", "dire_hecho": "Calle 6 Carrera 36 A", "sitio_hech": "SITIOS PÚBLICOS O ABIERTOS AL PÚBLICO", "lat": 3.426046, "lon": -76.5397862, "estrato": 4 }, "geometry": { "type": "Point", "coordinates": [ -76.5397862, 3.426046 ] } },
{ "type": "Feature", "properties": { "agrupado": "ARMAS EXCEPTO DE FUEGO", "fecha_hech": "2025-06-06T00:00:00", "hora_hecho": "17:55", "cod_comuna": 19, "nom_comuna": "C-19 EL LIDO", "cod_barrio": 1905, "nom_bar_01": "Eucaristico", "dire_hecho": "Calle 6 Carrera 36", "sitio_hech": "SITIOS PÚBLICOS O ABIERTOS AL PÚBLICO", "lat": 3.426339, "lon": -76.5397203, "estrato": 4 }, "geometry": { "type": "Point", "coordinates": [ -76.5397203, 3.426339 ] } },
{ "type": "Feature", "properties": { "agrupado": "ARMAS EXCEPTO DE FUEGO", "fecha_hech": "2025-06-07T00:00:00", "hora_hecho": "9:17", "cod_comuna": 19, "nom_comuna": "C-19 EL LIDO", "cod_barrio": 1913, "nom_bar_01": "El Cedro", "dire_hecho": "Carrera 28 Calle 6", "sitio_hech": "SITIOS PÚBLICOS O ABIERTOS AL PÚBLICO", "lat": 3.4325334, "lon": -76.5385689, "estrato": 4 }, "geometry": { "type": "Point", "coordinates": [ -76.5385689, 3.4325334 ] } },
{ "type": "Feature", "properties": { "agrupado": "ARMAS EXCEPTO DE FUEGO", "fecha_hech": "2025-06-07T00:00:00", "hora_hecho": "11:26", "cod_comuna": 19, "nom_comuna": "C-19 EL LIDO", "cod_barrio": 1905, "nom_bar_01": "Eucaristico", "dire_hecho": "Calle 7 Carrera 36", "sitio_hech": "SITIOS PÚBLICOS O ABIERTOS AL PÚBLICO", "lat": 3.4258524, "lon": -76.5390708, "estrato": 4 }, "geometry": { "type": "Point", "coordinates": [ -76.5390708, 3.4258524 ] } },
{ "type": "Feature", "properties": { "agrupado": "ARMAS EXCEPTO DE FUEGO", "fecha_hech": "2025-06-08T00:00:00", "hora_hecho": "4:21", "cod_comuna": 19, "nom_comuna": "C-19 EL LIDO", "cod_barrio": 1913, "nom_bar_01": "El Cedro", "dire_hecho": "Carrera 28 Calle 6", "sitio_hech": "SITIOS PÚBLICOS O ABIERTOS AL PÚBLICO", "lat": 3.432650721, "lon": -76.53870464000001, "estrato": 4 }, "geometry": { "type": "Point", "coordinates": [ -76.53870464, 3.432650721 ] } },
{ "type": "Feature", "properties": { "agrupado": "ARMAS EXCEPTO DE FUEGO", "fecha_hech": "2025-06-08T00:00:00", "hora_hecho": "21:15", "cod_comuna": 19, "nom_comuna": "C-19 EL LIDO", "cod_barrio": 1906, "nom_bar_01": "San Fernando Nuevo", "dire_hecho": "Cr 37 con 5b4", "sitio_hech": "SITIOS PÚBLICOS O ABIERTOS AL PÚBLICO", "lat": 3.4266615, "lon": -76.5418279, "estrato": 4 }, "geometry": { "type": "Point", "coordinates": [ -76.5418279, 3.4266615 ] } },
{ "type": "Feature", "properties": { "agrupado": "SUSTANCIAS PSICOACTIVAS", "fecha_hech": "2025-06-11T00:00:00", "hora_hecho": "19:34", "cod_comuna": 19, "nom_comuna": "C-19 EL LIDO", "cod_barrio": 1905, "nom_bar_01": "Eucaristico", "dire_hecho": "Calle 7 con 34", "sitio_hech": "SITIOS PÚBLICOS O ABIERTOS AL PÚBLICO", "lat": 3.42556844, "lon": -76.53905757, "estrato": 4 }, "geometry": { "type": "Point", "coordinates": [ -76.53905757, 3.42556844 ] } },
{ "type": "Feature", "properties": { "agrupado": "ARMAS EXCEPTO DE FUEGO", "fecha_hech": "2025-06-12T00:00:00", "hora_hecho": "15:11", "cod_comuna": 19, "nom_comuna": "C-19 EL LIDO", "cod_barrio": 1906, "nom_bar_01": "San Fernando Nuevo", "dire_hecho": "Calle 5 b5 con Carrera 36", "sitio_hech": "SITIOS PÚBLICOS O ABIERTOS AL PÚBLICO", "lat": 3.426912, "lon": -76.5399869, "estrato": 4 }, "geometry": { "type": "Point", "coordinates": [ -76.5399869, 3.426912 ] } },
{ "type": "Feature", "properties": { "agrupado": "ARMAS EXCEPTO DE FUEGO", "fecha_hech": "2025-06-12T00:00:00", "hora_hecho": "20:43", "cod_comuna": 19, "nom_comuna": "C-19 EL LIDO", "cod_barrio": 1913, "nom_bar_01": "El Cedro", "dire_hecho": "Calle 10 Carrera 31 Calle8carrera34", "sitio_hech": "SITIOS PÚBLICOS O ABIERTOS AL PÚBLICO", "lat": 3.4280505, "lon": -76.5375213, "estrato": 4 }, "geometry": { "type": "Point", "coordinates": [ -76.5375213, 3.4280505 ] } },
{ "type": "Feature", "properties": { "agrupado": "ARMAS EXCEPTO DE FUEGO", "fecha_hech": "2025-06-14T00:00:00", "hora_hecho": "2:46", "cod_comuna": 19, "nom_comuna": "C-19 EL LIDO", "cod_barrio": 1912, "nom_bar_01": "3 de Julio", "dire_hecho": "Calle 6 con 27", "sitio_hech": "SITIOS PÚBLICOS O ABIERTOS AL PÚBLICO", "lat": 3.4327534, "lon": -76.5388586, "estrato": 4 }, "geometry": { "type": "Point", "coordinates": [ -76.5388586, 3.4327534 ] } },
{ "type": "Feature", "properties": { "agrupado": "ARMAS EXCEPTO DE FUEGO", "fecha_hech": "2025-06-15T00:00:00", "hora_hecho": "4:53", "cod_comuna": 19, "nom_comuna": "C-19 EL LIDO", "cod_barrio": 1906, "nom_bar_01": "San Fernando Nuevo", "dire_hecho": "Calle 5b1 con Carrera 38bis", "sitio_hech": "SITIOS PÚBLICOS O ABIERTOS AL PÚBLICO", "lat": 3.4280551, "lon": -76.5392488, "estrato": 4 }, "geometry": { "type": "Point", "coordinates": [ -76.5392488, 3.4280551 ] } },
{ "type": "Feature", "properties": { "agrupado": "ARMAS EXCEPTO DE FUEGO", "fecha_hech": "2025-06-15T00:00:00", "hora_hecho": "8:51", "cod_comuna": 19, "nom_comuna": "C-19 EL LIDO", "cod_barrio": 1913, "nom_bar_01": "El Cedro", "dire_hecho": "Calle 6 #30", "sitio_hech": "SITIOS PÚBLICOS O ABIERTOS AL PÚBLICO", "lat": 3.4304312, "lon": -76.5388948, "estrato": 4 }, "geometry": { "type": "Point", "coordinates": [ -76.5388948, 3.4304312 ] } },
{ "type": "Feature", "properties": { "agrupado": "DESACATO, IRRESPETO A LA AUTORIDAD", "fecha_hech": "2025-06-16T00:00:00", "hora_hecho": "0:40", "cod_comuna": 19, "nom_comuna": "C-19 EL LIDO", "cod_barrio": 1912, "nom_bar_01": "3 de Julio", "dire_hecho": "Calle 6 #28", "sitio_hech": "SITIOS PÚBLICOS O ABIERTOS AL PÚBLICO", "lat": 3.4341949, "lon": -76.5388399, "estrato": 4 }, "geometry": { "type": "Point", "coordinates": [ -76.5388399, 3.4341949 ] } },
{ "type": "Feature", "properties": { "agrupado": "SUSTANCIAS PSICOACTIVAS", "fecha_hech": "2025-06-16T00:00:00", "hora_hecho": "14:45", "cod_comuna": 19, "nom_comuna": "C-19 EL LIDO", "cod_barrio": 1905, "nom_bar_01": "Eucaristico", "dire_hecho": "Calle 9 Carrera 34 B/ eucaristico", "sitio_hech": "SITIOS PÚBLICOS O ABIERTOS AL PÚBLICO", "lat": 3.4261647, "lon": -76.5376395, "estrato": 4 }, "geometry": { "type": "Point", "coordinates": [ -76.5376395, 3.4261647 ] } },
{ "type": "Feature", "properties": { "agrupado": "SUSTANCIAS PSICOACTIVAS", "fecha_hech": "2025-06-16T00:00:00", "hora_hecho": "17:08", "cod_comuna": 19, "nom_comuna": "C-19 EL LIDO", "cod_barrio": 1905, "nom_bar_01": "Eucaristico", "dire_hecho": "Carrera 36 A Calle 6", "sitio_hech": "SITIOS PÚBLICOS O ABIERTOS AL PÚBLICO", "lat": 3.4260558, "lon": -76.5395946, "estrato": 4 }, "geometry": { "type": "Point", "coordinates": [ -76.5395946, 3.4260558 ] } },
{ "type": "Feature", "properties": { "agrupado": "DESACATO, IRRESPETO A LA AUTORIDAD", "fecha_hech": "2025-06-16T00:00:00", "hora_hecho": "21:29", "cod_comuna": 19, "nom_comuna": "C-19 EL LIDO", "cod_barrio": 1913, "nom_bar_01": "El Cedro", "dire_hecho": "Carrera 27 Calle 6A-35", "sitio_hech": "MEDIO DE TRANSPORTE", "lat": 3.4332346, "lon": -76.5378292, "estrato": 4 }, "geometry": { "type": "Point", "coordinates": [ -76.5378292, 3.4332346 ] } },
{ "type": "Feature", "properties": { "agrupado": "SUSTANCIAS PSICOACTIVAS", "fecha_hech": "2025-06-17T00:00:00", "hora_hecho": "19:18", "cod_comuna": 19, "nom_comuna": "C-19 EL LIDO", "cod_barrio": 1905, "nom_bar_01": "Eucaristico", "dire_hecho": "Calle 7 cra 36", "sitio_hech": "SITIOS PÚBLICOS O ABIERTOS AL PÚBLICO", "lat": 3.4258826, "lon": -76.5397594, "estrato": 4 }, "geometry": { "type": "Point", "coordinates": [ -76.5397594, 3.4258826 ] } },
{ "type": "Feature", "properties": { "agrupado": "DESACATO, IRRESPETO A LA AUTORIDAD", "fecha_hech": "2025-06-17T00:00:00", "hora_hecho": "20:16", "cod_comuna": 19, "nom_comuna": "C-19 EL LIDO", "cod_barrio": 1913, "nom_bar_01": "El Cedro", "dire_hecho": "Calle 6 cra 32", "sitio_hech": "SITIOS PÚBLICOS O ABIERTOS AL PÚBLICO", "lat": 3.428990965, "lon": -76.53895645, "estrato": 4 }, "geometry": { "type": "Point", "coordinates": [ -76.53895645, 3.428990965 ] } },
{ "type": "Feature", "properties": { "agrupado": "ARMAS EXCEPTO DE FUEGO", "fecha_hech": "2025-06-17T00:00:00", "hora_hecho": "20:46", "cod_comuna": 19, "nom_comuna": "C-19 EL LIDO", "cod_barrio": 1912, "nom_bar_01": "3 de Julio", "dire_hecho": "Cr 25 cll 5", "sitio_hech": "SITIOS PÚBLICOS O ABIERTOS AL PÚBLICO", "lat": 3.4351544, "lon": -76.5396463, "estrato": 4 }, "geometry": { "type": "Point", "coordinates": [ -76.5396463, 3.4351544 ] } },
{ "type": "Feature", "properties": { "agrupado": "ARMAS EXCEPTO DE FUEGO", "fecha_hech": "2025-06-19T00:00:00", "hora_hecho": "10:23", "cod_comuna": 19, "nom_comuna": "C-19 EL LIDO", "cod_barrio": 1905, "nom_bar_01": "Eucaristico", "dire_hecho": "Calle 7 con 36", "sitio_hech": "SITIOS PÚBLICOS O ABIERTOS AL PÚBLICO", "lat": 3.426248772, "lon": -76.53953766, "estrato": 4 }, "geometry": { "type": "Point", "coordinates": [ -76.53953766, 3.426248772 ] } },
{ "type": "Feature", "properties": { "agrupado": "SUSTANCIAS PSICOACTIVAS", "fecha_hech": "2025-06-19T00:00:00", "hora_hecho": "15:31", "cod_comuna": 19, "nom_comuna": "C-19 EL LIDO", "cod_barrio": 1905, "nom_bar_01": "Eucaristico", "dire_hecho": "Calle 6 Carrera 36 A", "sitio_hech": "SITIOS PÚBLICOS O ABIERTOS AL PÚBLICO", "lat": 3.4260643, "lon": -76.5397278, "estrato": 4 }, "geometry": { "type": "Point", "coordinates": [ -76.5397278, 3.4260643 ] } },
{ "type": "Feature", "properties": { "agrupado": "ARMAS EXCEPTO DE FUEGO", "fecha_hech": "2025-06-19T00:00:00", "hora_hecho": "22:36", "cod_comuna": 19, "nom_comuna": "C-19 EL LIDO", "cod_barrio": 1912, "nom_bar_01": "3 de Julio", "dire_hecho": "Calle 6 con Carrera 25", "sitio_hech": "SITIOS PÚBLICOS O ABIERTOS AL PÚBLICO", "lat": 3.4354017, "lon": -76.5387738, "estrato": 4 }, "geometry": { "type": "Point", "coordinates": [ -76.5387738, 3.4354017 ] } },
{ "type": "Feature", "properties": { "agrupado": "SUSTANCIAS PSICOACTIVAS", "fecha_hech": "2025-06-19T00:00:00", "hora_hecho": "23:19", "cod_comuna": 19, "nom_comuna": "C-19 EL LIDO", "cod_barrio": 1905, "nom_bar_01": "Eucaristico", "dire_hecho": "Carrera 36 Calle 8", "sitio_hech": "SITIOS PÚBLICOS O ABIERTOS AL PÚBLICO", "lat": 3.425842081, "lon": -76.53844333000001, "estrato": 4 }, "geometry": { "type": "Point", "coordinates": [ -76.53844333, 3.425842081 ] } },
{ "type": "Feature", "properties": { "agrupado": "SUSTANCIAS PSICOACTIVAS", "fecha_hech": "2025-06-21T00:00:00", "hora_hecho": "8:15", "cod_comuna": 19, "nom_comuna": "C-19 EL LIDO", "cod_barrio": 1905, "nom_bar_01": "Eucaristico", "dire_hecho": "Calle 7 cra 36", "sitio_hech": "SITIOS PÚBLICOS O ABIERTOS AL PÚBLICO", "lat": 3.4259357, "lon": -76.5391418, "estrato": 4 }, "geometry": { "type": "Point", "coordinates": [ -76.5391418, 3.4259357 ] } },
{ "type": "Feature", "properties": { "agrupado": "SUSTANCIAS PSICOACTIVAS", "fecha_hech": "2025-06-21T00:00:00", "hora_hecho": "16:20", "cod_comuna": 19, "nom_comuna": "C-19 EL LIDO", "cod_barrio": 1905, "nom_bar_01": "Eucaristico", "dire_hecho": "Calle 7 Carrera 36 A", "sitio_hech": "SITIOS PÚBLICOS O ABIERTOS AL PÚBLICO", "lat": 3.425361675, "lon": -76.53918631000001, "estrato": 4 }, "geometry": { "type": "Point", "coordinates": [ -76.53918631, 3.425361675 ] } },
{ "type": "Feature", "properties": { "agrupado": "SUSTANCIAS PSICOACTIVAS", "fecha_hech": "2025-06-21T00:00:00", "hora_hecho": "22:33", "cod_comuna": 19, "nom_comuna": "C-19 EL LIDO", "cod_barrio": 1905, "nom_bar_01": "Eucaristico", "dire_hecho": "Calle 7 Cra 36", "sitio_hech": "SITIOS PÚBLICOS O ABIERTOS AL PÚBLICO", "lat": 3.4257403, "lon": -76.5391855, "estrato": 4 }, "geometry": { "type": "Point", "coordinates": [ -76.5391855, 3.4257403 ] } },
{ "type": "Feature", "properties": { "agrupado": "ARMAS EXCEPTO DE FUEGO", "fecha_hech": "2025-06-22T00:00:00", "hora_hecho": "8:43", "cod_comuna": 19, "nom_comuna": "C-19 EL LIDO", "cod_barrio": 1905, "nom_bar_01": "Eucaristico", "dire_hecho": "Carrera 36 Calle 8", "sitio_hech": "SITIOS PÚBLICOS O ABIERTOS AL PÚBLICO", "lat": 3.425701376, "lon": -76.5384665, "estrato": 4 }, "geometry": { "type": "Point", "coordinates": [ -76.5384665, 3.425701376 ] } },
{ "type": "Feature", "properties": { "agrupado": "DESACATO, IRRESPETO A LA AUTORIDAD", "fecha_hech": "2025-06-23T00:00:00", "hora_hecho": "16:55", "cod_comuna": 19, "nom_comuna": "C-19 EL LIDO", "cod_barrio": 1913, "nom_bar_01": "El Cedro", "dire_hecho": "Calle 6 #27", "sitio_hech": "SITIOS PÚBLICOS O ABIERTOS AL PÚBLICO", "lat": 3.4334428, "lon": -76.5387656, "estrato": 4 }, "geometry": { "type": "Point", "coordinates": [ -76.5387656, 3.4334428 ] } },
{ "type": "Feature", "properties": { "agrupado": "ARMAS EXCEPTO DE FUEGO", "fecha_hech": "2025-06-24T00:00:00", "hora_hecho": "8:21", "cod_comuna": 19, "nom_comuna": "C-19 EL LIDO", "cod_barrio": 1912, "nom_bar_01": "3 de Julio", "dire_hecho": "Calle 6 #28", "sitio_hech": "SITIOS PÚBLICOS O ABIERTOS AL PÚBLICO", "lat": 3.4326154, "lon": -76.5389613, "estrato": 4 }, "geometry": { "type": "Point", "coordinates": [ -76.5389613, 3.4326154 ] } },
{ "type": "Feature", "properties": { "agrupado": "SUSTANCIAS PSICOACTIVAS", "fecha_hech": "2025-06-24T00:00:00", "hora_hecho": "19:34", "cod_comuna": 19, "nom_comuna": "C-19 EL LIDO", "cod_barrio": 1905, "nom_bar_01": "Eucaristico", "dire_hecho": "Calle 8 Carrera 36", "sitio_hech": "SITIOS PÚBLICOS O ABIERTOS AL PÚBLICO", "lat": 3.425842842, "lon": -76.53835494, "estrato": 4 }, "geometry": { "type": "Point", "coordinates": [ -76.53835494, 3.425842842 ] } },
{ "type": "Feature", "properties": { "agrupado": "ARMAS EXCEPTO DE FUEGO", "fecha_hech": "2025-06-25T00:00:00", "hora_hecho": "1:45", "cod_comuna": 19, "nom_comuna": "C-19 EL LIDO", "cod_barrio": 1912, "nom_bar_01": "3 de Julio", "dire_hecho": "Calle 6 #34", "sitio_hech": "SITIOS PÚBLICOS O ABIERTOS AL PÚBLICO", "lat": 3.4288283, "lon": -76.5391161, "estrato": 4 }, "geometry": { "type": "Point", "coordinates": [ -76.5391161, 3.4288283 ] } },
{ "type": "Feature", "properties": { "agrupado": "SUSTANCIAS PSICOACTIVAS", "fecha_hech": "2025-06-27T00:00:00", "hora_hecho": "16:50", "cod_comuna": 19, "nom_comuna": "C-19 EL LIDO", "cod_barrio": 1905, "nom_bar_01": "Eucaristico", "dire_hecho": "Calle 7 Carrera 36", "sitio_hech": "SITIOS PÚBLICOS O ABIERTOS AL PÚBLICO", "lat": 3.4258527, "lon": -76.5390089, "estrato": 4 }, "geometry": { "type": "Point", "coordinates": [ -76.5390089, 3.4258527 ] } },
{ "type": "Feature", "properties": { "agrupado": "ARMAS EXCEPTO DE FUEGO", "fecha_hech": "2025-07-01T00:00:00", "hora_hecho": "11:23", "cod_comuna": 19, "nom_comuna": "C-19 EL LIDO", "cod_barrio": 1906, "nom_bar_01": "San Fernando Nuevo", "dire_hecho": "Cra 34 con calle 6", "sitio_hech": "SITIOS PÚBLICOS O ABIERTOS AL PÚBLICO", "lat": 3.428514, "lon": -76.5395002, "estrato": 4 }, "geometry": { "type": "Point", "coordinates": [ -76.5395002, 3.428514 ] } },
{ "type": "Feature", "properties": { "agrupado": "SUSTANCIAS PSICOACTIVAS", "fecha_hech": "2025-07-01T00:00:00", "hora_hecho": "20:28", "cod_comuna": 19, "nom_comuna": "C-19 EL LIDO", "cod_barrio": 1905, "nom_bar_01": "Eucaristico", "dire_hecho": "Calle 6 Carrera 36 A", "sitio_hech": "SITIOS PÚBLICOS O ABIERTOS AL PÚBLICO", "lat": 3.425283943, "lon": -76.53961211, "estrato": 4 }, "geometry": { "type": "Point", "coordinates": [ -76.53961211, 3.425283943 ] } },
{ "type": "Feature", "properties": { "agrupado": "SUSTANCIAS PSICOACTIVAS", "fecha_hech": "2025-07-02T00:00:00", "hora_hecho": "13:23", "cod_comuna": 19, "nom_comuna": "C-19 EL LIDO", "cod_barrio": 1905, "nom_bar_01": "Eucaristico", "dire_hecho": "Carrera 36 A Calle 7", "sitio_hech": "SITIOS PÚBLICOS O ABIERTOS AL PÚBLICO", "lat": 3.42584952, "lon": -76.53938073, "estrato": 4 }, "geometry": { "type": "Point", "coordinates": [ -76.53938073, 3.42584952 ] } },
{ "type": "Feature", "properties": { "agrupado": "DESACATO, IRRESPETO A LA AUTORIDAD", "fecha_hech": "2025-07-02T00:00:00", "hora_hecho": "15:39", "cod_comuna": 19, "nom_comuna": "C-19 EL LIDO", "cod_barrio": 1912, "nom_bar_01": "3 de Julio", "dire_hecho": "Clle 5 con 24a", "sitio_hech": "SITIOS PÚBLICOS O ABIERTOS AL PÚBLICO", "lat": 3.436352585, "lon": -76.53966222, "estrato": 4 }, "geometry": { "type": "Point", "coordinates": [ -76.53966222, 3.436352585 ] } },
{ "type": "Feature", "properties": { "agrupado": "RIÑAS", "fecha_hech": "2025-07-02T00:00:00", "hora_hecho": "20:11", "cod_comuna": 19, "nom_comuna": "C-19 EL LIDO", "cod_barrio": 1905, "nom_bar_01": "Eucaristico", "dire_hecho": "Calle7-35-10", "sitio_hech": "SITIOS PÚBLICOS O ABIERTOS AL PÚBLICO", "lat": 3.426926342, "lon": -76.53863695, "estrato": 4 }, "geometry": { "type": "Point", "coordinates": [ -76.53863695, 3.426926342 ] } },
{ "type": "Feature", "properties": { "agrupado": "RIÑAS", "fecha_hech": "2025-07-02T00:00:00", "hora_hecho": "20:46", "cod_comuna": 19, "nom_comuna": "C-19 EL LIDO", "cod_barrio": 1905, "nom_bar_01": "Eucaristico", "dire_hecho": "Calle 7 35-10", "sitio_hech": "SITIOS PÚBLICOS O ABIERTOS AL PÚBLICO", "lat": 3.4268832, "lon": -76.5387935, "estrato": 4 }, "geometry": { "type": "Point", "coordinates": [ -76.5387935, 3.4268832 ] } },
{ "type": "Feature", "properties": { "agrupado": "RIÑAS", "fecha_hech": "2025-07-02T00:00:00", "hora_hecho": "20:55", "cod_comuna": 19, "nom_comuna": "C-19 EL LIDO", "cod_barrio": 1905, "nom_bar_01": "Eucaristico", "dire_hecho": "Calle 7 35-10", "sitio_hech": "SITIOS PÚBLICOS O ABIERTOS AL PÚBLICO", "lat": 3.4268092, "lon": -76.5387561, "estrato": 4 }, "geometry": { "type": "Point", "coordinates": [ -76.5387561, 3.4268092 ] } },
{ "type": "Feature", "properties": { "agrupado": "RIÑAS", "fecha_hech": "2025-07-02T00:00:00", "hora_hecho": "21:02", "cod_comuna": 19, "nom_comuna": "C-19 EL LIDO", "cod_barrio": 1905, "nom_bar_01": "Eucaristico", "dire_hecho": "Calle 7 #35-12", "sitio_hech": "SITIOS PÚBLICOS O ABIERTOS AL PÚBLICO", "lat": 3.4267252, "lon": -76.5386211, "estrato": 4 }, "geometry": { "type": "Point", "coordinates": [ -76.5386211, 3.4267252 ] } },
{ "type": "Feature", "properties": { "agrupado": "SUSTANCIAS PSICOACTIVAS", "fecha_hech": "2025-07-03T00:00:00", "hora_hecho": "9:51", "cod_comuna": 19, "nom_comuna": "C-19 EL LIDO", "cod_barrio": 1913, "nom_bar_01": "El Cedro", "dire_hecho": "Calle 6 cra24a", "sitio_hech": "SITIOS PÚBLICOS O ABIERTOS AL PÚBLICO", "lat": 3.436131661, "lon": -76.53865628, "estrato": 4 }, "geometry": { "type": "Point", "coordinates": [ -76.53865628, 3.436131661 ] } },
{ "type": "Feature", "properties": { "agrupado": "SUSTANCIAS PSICOACTIVAS", "fecha_hech": "2025-07-03T00:00:00", "hora_hecho": "10:03", "cod_comuna": 19, "nom_comuna": "C-19 EL LIDO", "cod_barrio": 1905, "nom_bar_01": "Eucaristico", "dire_hecho": "Calle 7-36a", "sitio_hech": "SITIOS PÚBLICOS O ABIERTOS AL PÚBLICO", "lat": 3.4254475, "lon": -76.5392636, "estrato": 4 }, "geometry": { "type": "Point", "coordinates": [ -76.5392636, 3.4254475 ] } },
{ "type": "Feature", "properties": { "agrupado": "SUSTANCIAS PSICOACTIVAS", "fecha_hech": "2025-07-03T00:00:00", "hora_hecho": "21:03", "cod_comuna": 19, "nom_comuna": "C-19 EL LIDO", "cod_barrio": 1905, "nom_bar_01": "Eucaristico", "dire_hecho": "Calle 6 cra 36a", "sitio_hech": "SITIOS PÚBLICOS O ABIERTOS AL PÚBLICO", "lat": 3.4259747, "lon": -76.5398303, "estrato": 4 }, "geometry": { "type": "Point", "coordinates": [ -76.5398303, 3.4259747 ] } },
{ "type": "Feature", "properties": { "agrupado": "ARMAS EXCEPTO DE FUEGO", "fecha_hech": "2025-07-04T00:00:00", "hora_hecho": "11:37", "cod_comuna": 19, "nom_comuna": "C-19 EL LIDO", "cod_barrio": 1905, "nom_bar_01": "Eucaristico", "dire_hecho": "Calle 8 Carrera 36", "sitio_hech": "SITIOS PÚBLICOS O ABIERTOS AL PÚBLICO", "lat": 3.425735907, "lon": -76.53850781, "estrato": 4 }, "geometry": { "type": "Point", "coordinates": [ -76.53850781, 3.425735907 ] } },
{ "type": "Feature", "properties": { "agrupado": "SUSTANCIAS PSICOACTIVAS", "fecha_hech": "2025-07-04T00:00:00", "hora_hecho": "17:58", "cod_comuna": 19, "nom_comuna": "C-19 EL LIDO", "cod_barrio": 1905, "nom_bar_01": "Eucaristico", "dire_hecho": "Calle 6 Carrera 36 A", "sitio_hech": "SITIOS PÚBLICOS O ABIERTOS AL PÚBLICO", "lat": 3.426088411, "lon": -76.53977848, "estrato": 4 }, "geometry": { "type": "Point", "coordinates": [ -76.53977848, 3.426088411 ] } },
{ "type": "Feature", "properties": { "agrupado": "DESACATO, IRRESPETO A LA AUTORIDAD", "fecha_hech": "2025-07-04T00:00:00", "hora_hecho": "21:13", "cod_comuna": 19, "nom_comuna": "C-19 EL LIDO", "cod_barrio": 1906, "nom_bar_01": "San Fernando Nuevo", "dire_hecho": "Cll5B5 cra 36B", "sitio_hech": "SITIOS PÚBLICOS O ABIERTOS AL PÚBLICO", "lat": 3.426397, "lon": -76.5406379, "estrato": 4 }, "geometry": { "type": "Point", "coordinates": [ -76.5406379, 3.426397 ] } },
{ "type": "Feature", "properties": { "agrupado": "DESACATO, IRRESPETO A LA AUTORIDAD", "fecha_hech": "2025-07-05T00:00:00", "hora_hecho": "0:52", "cod_comuna": 19, "nom_comuna": "C-19 EL LIDO", "cod_barrio": 1912, "nom_bar_01": "3 de Julio", "dire_hecho": "Calle 5 con Carrera 25", "sitio_hech": "SITIOS PÚBLICOS O ABIERTOS AL PÚBLICO", "lat": 3.436566025, "lon": -76.5394054, "estrato": 4 }, "geometry": { "type": "Point", "coordinates": [ -76.5394054, 3.436566025 ] } },
{ "type": "Feature", "properties": { "agrupado": "DESACATO, IRRESPETO A LA AUTORIDAD", "fecha_hech": "2025-07-06T00:00:00", "hora_hecho": "18:35", "cod_comuna": 19, "nom_comuna": "C-19 EL LIDO", "cod_barrio": 1913, "nom_bar_01": "El Cedro", "dire_hecho": "Carrera26calle9", "sitio_hech": "SITIOS PÚBLICOS O ABIERTOS AL PÚBLICO", "lat": 3.4345831, "lon": -76.5387765, "estrato": 4 }, "geometry": { "type": "Point", "coordinates": [ -76.5387765, 3.4345831 ] } },
{ "type": "Feature", "properties": { "agrupado": "DESACATO, IRRESPETO A LA AUTORIDAD", "fecha_hech": "2025-07-07T00:00:00", "hora_hecho": "15:46", "cod_comuna": 19, "nom_comuna": "C-19 EL LIDO", "cod_barrio": 1912, "nom_bar_01": "3 de Julio", "dire_hecho": "Calle 12 A Carrera 24", "sitio_hech": "SITIOS PÚBLICOS O ABIERTOS AL PÚBLICO", "lat": 3.4323854, "lon": -76.5390243, "estrato": 4 }, "geometry": { "type": "Point", "coordinates": [ -76.5390243, 3.4323854 ] } },
{ "type": "Feature", "properties": { "agrupado": "SUSTANCIAS PSICOACTIVAS", "fecha_hech": "2025-07-08T00:00:00", "hora_hecho": "2:47", "cod_comuna": 19, "nom_comuna": "C-19 EL LIDO", "cod_barrio": 1905, "nom_bar_01": "Eucaristico", "dire_hecho": "Carrera 36 Calle 8", "sitio_hech": "SITIOS PÚBLICOS O ABIERTOS AL PÚBLICO", "lat": 3.42581852, "lon": -76.53847286, "estrato": 4 }, "geometry": { "type": "Point", "coordinates": [ -76.53847286, 3.42581852 ] } },
{ "type": "Feature", "properties": { "agrupado": "ARMAS EXCEPTO DE FUEGO", "fecha_hech": "2025-07-09T00:00:00", "hora_hecho": "11:19", "cod_comuna": 19, "nom_comuna": "C-19 EL LIDO", "cod_barrio": 1913, "nom_bar_01": "El Cedro", "dire_hecho": "Calle 6 cra 31", "sitio_hech": "SITIOS PÚBLICOS O ABIERTOS AL PÚBLICO", "lat": 3.4290116, "lon": -76.5388026, "estrato": 4 }, "geometry": { "type": "Point", "coordinates": [ -76.5388026, 3.4290116 ] } },
{ "type": "Feature", "properties": { "agrupado": "ARMAS EXCEPTO DE FUEGO", "fecha_hech": "2025-07-09T00:00:00", "hora_hecho": "15:29", "cod_comuna": 19, "nom_comuna": "C-19 EL LIDO", "cod_barrio": 1912, "nom_bar_01": "3 de Julio", "dire_hecho": "Carrera 25 Calle 5 B/ 3 de julio", "sitio_hech": "SITIOS PÚBLICOS O ABIERTOS AL PÚBLICO", "lat": 3.4354913, "lon": -76.5400233, "estrato": 4 }, "geometry": { "type": "Point", "coordinates": [ -76.5400233, 3.4354913 ] } },
{ "type": "Feature", "properties": { "agrupado": "ARMAS EXCEPTO DE FUEGO", "fecha_hech": "2025-07-09T00:00:00", "hora_hecho": "16:44", "cod_comuna": 19, "nom_comuna": "C-19 EL LIDO", "cod_barrio": 1905, "nom_bar_01": "Eucaristico", "dire_hecho": "Calle 6 con 36", "sitio_hech": "SITIOS PÚBLICOS O ABIERTOS AL PÚBLICO", "lat": 3.4258882, "lon": -76.5395081, "estrato": 4 }, "geometry": { "type": "Point", "coordinates": [ -76.5395081, 3.4258882 ] } },
{ "type": "Feature", "properties": { "agrupado": "SUSTANCIAS PSICOACTIVAS", "fecha_hech": "2025-07-09T00:00:00", "hora_hecho": "16:59", "cod_comuna": 19, "nom_comuna": "C-19 EL LIDO", "cod_barrio": 1905, "nom_bar_01": "Eucaristico", "dire_hecho": "Calle 6 con 36", "sitio_hech": "SITIOS PÚBLICOS O ABIERTOS AL PÚBLICO", "lat": 3.426127, "lon": -76.5394571, "estrato": 4 }, "geometry": { "type": "Point", "coordinates": [ -76.5394571, 3.426127 ] } },
{ "type": "Feature", "properties": { "agrupado": "ARMAS EXCEPTO DE FUEGO", "fecha_hech": "2025-07-11T00:00:00", "hora_hecho": "10:03", "cod_comuna": 19, "nom_comuna": "C-19 EL LIDO", "cod_barrio": 1912, "nom_bar_01": "3 de Julio", "dire_hecho": "Calle 5c Con carrera 27", "sitio_hech": "SITIOS PÚBLICOS O ABIERTOS AL PÚBLICO", "lat": 3.4333777, "lon": -76.5399785, "estrato": 4 }, "geometry": { "type": "Point", "coordinates": [ -76.5399785, 3.4333777 ] } },
{ "type": "Feature", "properties": { "agrupado": "ARMAS EXCEPTO DE FUEGO", "fecha_hech": "2025-07-11T00:00:00", "hora_hecho": "11:06", "cod_comuna": 19, "nom_comuna": "C-19 EL LIDO", "cod_barrio": 1905, "nom_bar_01": "Eucaristico", "dire_hecho": "Calle 9 Carrera 36", "sitio_hech": "SITIOS PÚBLICOS O ABIERTOS AL PÚBLICO", "lat": 3.4256934, "lon": -76.5381083, "estrato": 4 }, "geometry": { "type": "Point", "coordinates": [ -76.5381083, 3.4256934 ] } },
{ "type": "Feature", "properties": { "agrupado": "ARMAS EXCEPTO DE FUEGO", "fecha_hech": "2025-07-11T00:00:00", "hora_hecho": "12:30", "cod_comuna": 19, "nom_comuna": "C-19 EL LIDO", "cod_barrio": 1913, "nom_bar_01": "El Cedro", "dire_hecho": "Calle 6 Carrera 26", "sitio_hech": "SITIOS PÚBLICOS O ABIERTOS AL PÚBLICO", "lat": 3.434265447, "lon": -76.5377512, "estrato": 4 }, "geometry": { "type": "Point", "coordinates": [ -76.5377512, 3.434265447 ] } },
{ "type": "Feature", "properties": { "agrupado": "DESACATO, IRRESPETO A LA AUTORIDAD", "fecha_hech": "2025-07-11T00:00:00", "hora_hecho": "15:34", "cod_comuna": 19, "nom_comuna": "C-19 EL LIDO", "cod_barrio": 1913, "nom_bar_01": "El Cedro", "dire_hecho": "Calle 6 #28", "sitio_hech": "SITIOS PÚBLICOS O ABIERTOS AL PÚBLICO", "lat": 3.4326354, "lon": -76.5388374, "estrato": 4 }, "geometry": { "type": "Point", "coordinates": [ -76.5388374, 3.4326354 ] } },
{ "type": "Feature", "properties": { "agrupado": "DESACATO, IRRESPETO A LA AUTORIDAD", "fecha_hech": "2025-07-11T00:00:00", "hora_hecho": "22:53", "cod_comuna": 19, "nom_comuna": "C-19 EL LIDO", "cod_barrio": 1913, "nom_bar_01": "El Cedro", "dire_hecho": "Calle 7 Carrera 27", "sitio_hech": "SITIOS PÚBLICOS O ABIERTOS AL PÚBLICO", "lat": 3.433164, "lon": -76.5375404, "estrato": 4 }, "geometry": { "type": "Point", "coordinates": [ -76.5375404, 3.433164 ] } },
{ "type": "Feature", "properties": { "agrupado": "DESACATO, IRRESPETO A LA AUTORIDAD", "fecha_hech": "2025-07-12T00:00:00", "hora_hecho": "19:36", "cod_comuna": 19, "nom_comuna": "C-19 EL LIDO", "cod_barrio": 1905, "nom_bar_01": "Eucaristico", "dire_hecho": "CLL 52 CR 5", "sitio_hech": "SITIOS PÚBLICOS O ABIERTOS AL PÚBLICO", "lat": 3.4257541, "lon": -76.5383037, "estrato": 4 }, "geometry": { "type": "Point", "coordinates": [ -76.5383037, 3.4257541 ] } },
{ "type": "Feature", "properties": { "agrupado": "ARMAS EXCEPTO DE FUEGO", "fecha_hech": "2025-07-12T00:00:00", "hora_hecho": "20:08", "cod_comuna": 19, "nom_comuna": "C-19 EL LIDO", "cod_barrio": 1905, "nom_bar_01": "Eucaristico", "dire_hecho": "CR 36 CALLE 8", "sitio_hech": "SITIOS PÚBLICOS O ABIERTOS AL PÚBLICO", "lat": 3.4257389, "lon": -76.5381238, "estrato": 4 }, "geometry": { "type": "Point", "coordinates": [ -76.5381238, 3.4257389 ] } },
{ "type": "Feature", "properties": { "agrupado": "SUSTANCIAS PSICOACTIVAS", "fecha_hech": "2025-07-12T00:00:00", "hora_hecho": "20:20", "cod_comuna": 19, "nom_comuna": "C-19 EL LIDO", "cod_barrio": 1905, "nom_bar_01": "Eucaristico", "dire_hecho": "Carrera 36 Calle 8", "sitio_hech": "SITIOS PÚBLICOS O ABIERTOS AL PÚBLICO", "lat": 3.425743038, "lon": -76.53847534000001, "estrato": 4 }, "geometry": { "type": "Point", "coordinates": [ -76.53847534, 3.425743038 ] } },
{ "type": "Feature", "properties": { "agrupado": "ARMAS EXCEPTO DE FUEGO", "fecha_hech": "2025-07-13T00:00:00", "hora_hecho": "8:27", "cod_comuna": 19, "nom_comuna": "C-19 EL LIDO", "cod_barrio": 1913, "nom_bar_01": "El Cedro", "dire_hecho": "Calle6carrera25", "sitio_hech": "SITIOS PÚBLICOS O ABIERTOS AL PÚBLICO", "lat": 3.435321, "lon": -76.5386904, "estrato": 4 }, "geometry": { "type": "Point", "coordinates": [ -76.5386904, 3.435321 ] } },
{ "type": "Feature", "properties": { "agrupado": "ARMAS EXCEPTO DE FUEGO", "fecha_hech": "2025-07-13T00:00:00", "hora_hecho": "9:17", "cod_comuna": 19, "nom_comuna": "C-19 EL LIDO", "cod_barrio": 1905, "nom_bar_01": "Eucaristico", "dire_hecho": "Calle 8 Carrera 36", "sitio_hech": "SITIOS PÚBLICOS O ABIERTOS AL PÚBLICO", "lat": 3.42584667, "lon": -76.53830566000001, "estrato": 4 }, "geometry": { "type": "Point", "coordinates": [ -76.53830566, 3.42584667 ] } },
{ "type": "Feature", "properties": { "agrupado": "ARMAS EXCEPTO DE FUEGO", "fecha_hech": "2025-07-14T00:00:00", "hora_hecho": "21:29", "cod_comuna": 19, "nom_comuna": "C-19 EL LIDO", "cod_barrio": 1912, "nom_bar_01": "3 de Julio", "dire_hecho": "Calle 6 #27", "sitio_hech": "SITIOS PÚBLICOS O ABIERTOS AL PÚBLICO", "lat": 3.43448, "lon": -76.5398665, "estrato": 4 }, "geometry": { "type": "Point", "coordinates": [ -76.5398665, 3.43448 ] } },
{ "type": "Feature", "properties": { "agrupado": "ARMAS EXCEPTO DE FUEGO", "fecha_hech": "2025-07-16T00:00:00", "hora_hecho": "2:30", "cod_comuna": 19, "nom_comuna": "C-19 EL LIDO", "cod_barrio": 1913, "nom_bar_01": "El Cedro", "dire_hecho": "Calle 6 Carrera 31", "sitio_hech": "SITIOS PÚBLICOS O ABIERTOS AL PÚBLICO", "lat": 3.4289791, "lon": -76.5388384, "estrato": 4 }, "geometry": { "type": "Point", "coordinates": [ -76.5388384, 3.4289791 ] } },
{ "type": "Feature", "properties": { "agrupado": "SUSTANCIAS PSICOACTIVAS", "fecha_hech": "2025-07-16T00:00:00", "hora_hecho": "12:08", "cod_comuna": 19, "nom_comuna": "C-19 EL LIDO", "cod_barrio": 1905, "nom_bar_01": "Eucaristico", "dire_hecho": "Calle 6 con 36", "sitio_hech": "SITIOS PÚBLICOS O ABIERTOS AL PÚBLICO", "lat": 3.4261221, "lon": -76.5392919, "estrato": 4 }, "geometry": { "type": "Point", "coordinates": [ -76.5392919, 3.4261221 ] } },
{ "type": "Feature", "properties": { "agrupado": "SUSTANCIAS PSICOACTIVAS", "fecha_hech": "2025-07-16T00:00:00", "hora_hecho": "18:30", "cod_comuna": 19, "nom_comuna": "C-19 EL LIDO", "cod_barrio": 1912, "nom_bar_01": "3 de Julio", "dire_hecho": "Calle 6 Con carrera 24", "sitio_hech": "SITIOS PÚBLICOS O ABIERTOS AL PÚBLICO", "lat": 3.4369205, "lon": -76.5389131, "estrato": 4 }, "geometry": { "type": "Point", "coordinates": [ -76.5389131, 3.4369205 ] } },
{ "type": "Feature", "properties": { "agrupado": "ARMAS EXCEPTO DE FUEGO", "fecha_hech": "2025-07-16T00:00:00", "hora_hecho": "23:56", "cod_comuna": 19, "nom_comuna": "C-19 EL LIDO", "cod_barrio": 1905, "nom_bar_01": "Eucaristico", "dire_hecho": "Calle 8 Carrera 36", "sitio_hech": "SITIOS PÚBLICOS O ABIERTOS AL PÚBLICO", "lat": 3.425760396, "lon": -76.53845031, "estrato": 4 }, "geometry": { "type": "Point", "coordinates": [ -76.53845031, 3.425760396 ] } },
{ "type": "Feature", "properties": { "agrupado": "ARMAS EXCEPTO DE FUEGO", "fecha_hech": "2025-07-18T00:00:00", "hora_hecho": "2:15", "cod_comuna": 19, "nom_comuna": "C-19 EL LIDO", "cod_barrio": 1912, "nom_bar_01": "3 de Julio", "dire_hecho": "Calle 6 con Carrera 34", "sitio_hech": "SITIOS PÚBLICOS O ABIERTOS AL PÚBLICO", "lat": 3.4290928, "lon": -76.5391483, "estrato": 4 }, "geometry": { "type": "Point", "coordinates": [ -76.5391483, 3.4290928 ] } },
{ "type": "Feature", "properties": { "agrupado": "SUSTANCIAS PSICOACTIVAS", "fecha_hech": "2025-07-18T00:00:00", "hora_hecho": "16:16", "cod_comuna": 19, "nom_comuna": "C-19 EL LIDO", "cod_barrio": 1905, "nom_bar_01": "Eucaristico", "dire_hecho": "Calle 8 Carrera 36", "sitio_hech": "SITIOS PÚBLICOS O ABIERTOS AL PÚBLICO", "lat": 3.425807863, "lon": -76.53836479, "estrato": 4 }, "geometry": { "type": "Point", "coordinates": [ -76.53836479, 3.425807863 ] } },
{ "type": "Feature", "properties": { "agrupado": "SUSTANCIAS PSICOACTIVAS", "fecha_hech": "2025-07-18T00:00:00", "hora_hecho": "16:28", "cod_comuna": 19, "nom_comuna": "C-19 EL LIDO", "cod_barrio": 1905, "nom_bar_01": "Eucaristico", "dire_hecho": "Calle 6 con 36", "sitio_hech": "SITIOS PÚBLICOS O ABIERTOS AL PÚBLICO", "lat": 3.426006057, "lon": -76.5396316, "estrato": 4 }, "geometry": { "type": "Point", "coordinates": [ -76.5396316, 3.426006057 ] } },
{ "type": "Feature", "properties": { "agrupado": "DESACATO, IRRESPETO A LA AUTORIDAD", "fecha_hech": "2025-07-19T00:00:00", "hora_hecho": "1:26", "cod_comuna": 19, "nom_comuna": "C-19 EL LIDO", "cod_barrio": 1906, "nom_bar_01": "San Fernando Nuevo", "dire_hecho": "Calle 6 carrera 36", "sitio_hech": "SITIOS PÚBLICOS O ABIERTOS AL PÚBLICO", "lat": 3.4272606, "lon": -76.5396631, "estrato": 4 }, "geometry": { "type": "Point", "coordinates": [ -76.5396631, 3.4272606 ] } },
{ "type": "Feature", "properties": { "agrupado": "DESACATO, IRRESPETO A LA AUTORIDAD", "fecha_hech": "2025-07-19T00:00:00", "hora_hecho": "17:03", "cod_comuna": 19, "nom_comuna": "C-19 EL LIDO", "cod_barrio": 1913, "nom_bar_01": "El Cedro", "dire_hecho": "Calle 7 Carrera 28", "sitio_hech": "SITIOS PÚBLICOS O ABIERTOS AL PÚBLICO", "lat": 3.4320196, "lon": -76.5376218, "estrato": 4 }, "geometry": { "type": "Point", "coordinates": [ -76.5376218, 3.4320196 ] } },
{ "type": "Feature", "properties": { "agrupado": "ARMAS EXCEPTO DE FUEGO", "fecha_hech": "2025-07-19T00:00:00", "hora_hecho": "19:22", "cod_comuna": 19, "nom_comuna": "C-19 EL LIDO", "cod_barrio": 1905, "nom_bar_01": "Eucaristico", "dire_hecho": "Calle 9 Carrera 36", "sitio_hech": "SITIOS PÚBLICOS O ABIERTOS AL PÚBLICO", "lat": 3.425702363, "lon": -76.53821269, "estrato": 4 }, "geometry": { "type": "Point", "coordinates": [ -76.53821269, 3.425702363 ] } },
{ "type": "Feature", "properties": { "agrupado": "ARMAS EXCEPTO DE FUEGO", "fecha_hech": "2025-07-20T00:00:00", "hora_hecho": "1:13", "cod_comuna": 19, "nom_comuna": "C-19 EL LIDO", "cod_barrio": 1912, "nom_bar_01": "3 de Julio", "dire_hecho": "Calle 5 Carrera 25 B/ 3 de julio", "sitio_hech": "SITIOS PÚBLICOS O ABIERTOS AL PÚBLICO", "lat": 3.435536471, "lon": -76.5401701, "estrato": 4 }, "geometry": { "type": "Point", "coordinates": [ -76.5401701, 3.435536471 ] } },
{ "type": "Feature", "properties": { "agrupado": "DESACATO, IRRESPETO A LA AUTORIDAD", "fecha_hech": "2025-07-20T00:00:00", "hora_hecho": "1:31", "cod_comuna": 19, "nom_comuna": "C-19 EL LIDO", "cod_barrio": 1913, "nom_bar_01": "El Cedro", "dire_hecho": "Calle 7 carrera 34", "sitio_hech": "DOMICILIO", "lat": 3.4285607, "lon": -76.5387183, "estrato": 4 }, "geometry": { "type": "Point", "coordinates": [ -76.5387183, 3.4285607 ] } },
{ "type": "Feature", "properties": { "agrupado": "SUSTANCIAS PSICOACTIVAS", "fecha_hech": "2025-07-20T00:00:00", "hora_hecho": "1:42", "cod_comuna": 19, "nom_comuna": "C-19 EL LIDO", "cod_barrio": 1905, "nom_bar_01": "Eucaristico", "dire_hecho": "Calle 7 con 36", "sitio_hech": "SITIOS PÚBLICOS O ABIERTOS AL PÚBLICO", "lat": 3.426047874, "lon": -76.53973499, "estrato": 4 }, "geometry": { "type": "Point", "coordinates": [ -76.53973499, 3.426047874 ] } },
{ "type": "Feature", "properties": { "agrupado": "SUSTANCIAS PSICOACTIVAS", "fecha_hech": "2025-07-20T00:00:00", "hora_hecho": "1:44", "cod_comuna": 19, "nom_comuna": "C-19 EL LIDO", "cod_barrio": 1905, "nom_bar_01": "Eucaristico", "dire_hecho": "Carrera 36 Calle 8", "sitio_hech": "SITIOS PÚBLICOS O ABIERTOS AL PÚBLICO", "lat": 3.425712962, "lon": -76.53840994, "estrato": 4 }, "geometry": { "type": "Point", "coordinates": [ -76.53840994, 3.425712962 ] } },
{ "type": "Feature", "properties": { "agrupado": "SUSTANCIAS PSICOACTIVAS", "fecha_hech": "2025-07-20T00:00:00", "hora_hecho": "1:53", "cod_comuna": 19, "nom_comuna": "C-19 EL LIDO", "cod_barrio": 1905, "nom_bar_01": "Eucaristico", "dire_hecho": "Calle 8 Carrera 36", "sitio_hech": "SITIOS PÚBLICOS O ABIERTOS AL PÚBLICO", "lat": 3.4257167, "lon": -76.53839205, "estrato": 4 }, "geometry": { "type": "Point", "coordinates": [ -76.53839205, 3.4257167 ] } },
{ "type": "Feature", "properties": { "agrupado": "SUSTANCIAS PSICOACTIVAS", "fecha_hech": "2025-07-20T00:00:00", "hora_hecho": "4:00", "cod_comuna": 19, "nom_comuna": "C-19 EL LIDO", "cod_barrio": 1905, "nom_bar_01": "Eucaristico", "dire_hecho": "Calle 7 con 36abis", "sitio_hech": "SITIOS PÚBLICOS O ABIERTOS AL PÚBLICO", "lat": 3.426045542, "lon": -76.53947364, "estrato": 4 }, "geometry": { "type": "Point", "coordinates": [ -76.53947364, 3.426045542 ] } },
{ "type": "Feature", "properties": { "agrupado": "DESACATO, IRRESPETO A LA AUTORIDAD", "fecha_hech": "2025-07-20T00:00:00", "hora_hecho": "16:58", "cod_comuna": 19, "nom_comuna": "C-19 EL LIDO", "cod_barrio": 1913, "nom_bar_01": "El Cedro", "dire_hecho": "Calle 6 kra 28", "sitio_hech": "SITIOS PÚBLICOS O ABIERTOS AL PÚBLICO", "lat": 3.432478332, "lon": -76.53833047000001, "estrato": 4 }, "geometry": { "type": "Point", "coordinates": [ -76.53833047, 3.432478332 ] } },
{ "type": "Feature", "properties": { "agrupado": "ARMAS EXCEPTO DE FUEGO", "fecha_hech": "2025-07-21T00:00:00", "hora_hecho": "16:17", "cod_comuna": 19, "nom_comuna": "C-19 EL LIDO", "cod_barrio": 1905, "nom_bar_01": "Eucaristico", "dire_hecho": "Calle 8 Carrera 36", "sitio_hech": "SITIOS PÚBLICOS O ABIERTOS AL PÚBLICO", "lat": 3.425729187, "lon": -76.53849718, "estrato": 4 }, "geometry": { "type": "Point", "coordinates": [ -76.53849718, 3.425729187 ] } },
{ "type": "Feature", "properties": { "agrupado": "RIÑAS", "fecha_hech": "2025-07-21T00:00:00", "hora_hecho": "22:29", "cod_comuna": 19, "nom_comuna": "C-19 EL LIDO", "cod_barrio": 1912, "nom_bar_01": "3 de Julio", "dire_hecho": "Cl 6 # 31-36", "sitio_hech": "SITIOS PÚBLICOS O ABIERTOS AL PÚBLICO", "lat": 3.4289423, "lon": -76.5390528, "estrato": 4 }, "geometry": { "type": "Point", "coordinates": [ -76.5390528, 3.4289423 ] } },
{ "type": "Feature", "properties": { "agrupado": "ARMAS EXCEPTO DE FUEGO", "fecha_hech": "2025-07-22T00:00:00", "hora_hecho": "10:51", "cod_comuna": 19, "nom_comuna": "C-19 EL LIDO", "cod_barrio": 1905, "nom_bar_01": "Eucaristico", "dire_hecho": "Calle 8 Carrera 36", "sitio_hech": "SITIOS PÚBLICOS O ABIERTOS AL PÚBLICO", "lat": 3.425664789, "lon": -76.53852437, "estrato": 4 }, "geometry": { "type": "Point", "coordinates": [ -76.53852437, 3.425664789 ] } },
{ "type": "Feature", "properties": { "agrupado": "SUSTANCIAS PSICOACTIVAS", "fecha_hech": "2025-07-22T00:00:00", "hora_hecho": "10:58", "cod_comuna": 19, "nom_comuna": "C-19 EL LIDO", "cod_barrio": 1905, "nom_bar_01": "Eucaristico", "dire_hecho": "Calle 8 Carrera 36", "sitio_hech": "SITIOS PÚBLICOS O ABIERTOS AL PÚBLICO", "lat": 3.425668957, "lon": -76.53855676000001, "estrato": 4 }, "geometry": { "type": "Point", "coordinates": [ -76.53855676, 3.425668957 ] } },
{ "type": "Feature", "properties": { "agrupado": "ARMAS EXCEPTO DE FUEGO", "fecha_hech": "2025-07-22T00:00:00", "hora_hecho": "11:35", "cod_comuna": 19, "nom_comuna": "C-19 EL LIDO", "cod_barrio": 1913, "nom_bar_01": "El Cedro", "dire_hecho": "Carrera30a#6-52", "sitio_hech": "SITIOS PÚBLICOS O ABIERTOS AL PÚBLICO", "lat": 3.430037181, "lon": -76.53879423, "estrato": 4 }, "geometry": { "type": "Point", "coordinates": [ -76.53879423, 3.430037181 ] } },
{ "type": "Feature", "properties": { "agrupado": "ARMAS EXCEPTO DE FUEGO", "fecha_hech": "2025-07-23T00:00:00", "hora_hecho": "0:37", "cod_comuna": 19, "nom_comuna": "C-19 EL LIDO", "cod_barrio": 1905, "nom_bar_01": "Eucaristico", "dire_hecho": "Calle 8 Carrera 36", "sitio_hech": "SITIOS PÚBLICOS O ABIERTOS AL PÚBLICO", "lat": 3.425736265, "lon": -76.53846925000001, "estrato": 4 }, "geometry": { "type": "Point", "coordinates": [ -76.53846925, 3.425736265 ] } },
{ "type": "Feature", "properties": { "agrupado": "ARMAS EXCEPTO DE FUEGO", "fecha_hech": "2025-07-23T00:00:00", "hora_hecho": "4:21", "cod_comuna": 19, "nom_comuna": "C-19 EL LIDO", "cod_barrio": 1905, "nom_bar_01": "Eucaristico", "dire_hecho": "Calle 8 Carrera 36", "sitio_hech": "SITIOS PÚBLICOS O ABIERTOS AL PÚBLICO", "lat": 3.425653341, "lon": -76.53848017, "estrato": 4 }, "geometry": { "type": "Point", "coordinates": [ -76.53848017, 3.425653341 ] } },
{ "type": "Feature", "properties": { "agrupado": "SUSTANCIAS PSICOACTIVAS", "fecha_hech": "2025-07-23T00:00:00", "hora_hecho": "17:51", "cod_comuna": 19, "nom_comuna": "C-19 EL LIDO", "cod_barrio": 1905, "nom_bar_01": "Eucaristico", "dire_hecho": "Cr 36a cl 6", "sitio_hech": "SITIOS PÚBLICOS O ABIERTOS AL PÚBLICO", "lat": 3.426105397, "lon": -76.539776, "estrato": 4 }, "geometry": { "type": "Point", "coordinates": [ -76.539776, 3.426105397 ] } },
{ "type": "Feature", "properties": { "agrupado": "SUSTANCIAS PSICOACTIVAS", "fecha_hech": "2025-07-23T00:00:00", "hora_hecho": "20:06", "cod_comuna": 19, "nom_comuna": "C-19 EL LIDO", "cod_barrio": 1905, "nom_bar_01": "Eucaristico", "dire_hecho": "Calle 7 Carrera 36", "sitio_hech": "SITIOS PÚBLICOS O ABIERTOS AL PÚBLICO", "lat": 3.4259027, "lon": -76.5395117, "estrato": 4 }, "geometry": { "type": "Point", "coordinates": [ -76.5395117, 3.4259027 ] } },
{ "type": "Feature", "properties": { "agrupado": "DESACATO, IRRESPETO A LA AUTORIDAD", "fecha_hech": "2025-07-24T00:00:00", "hora_hecho": "10:12", "cod_comuna": 19, "nom_comuna": "C-19 EL LIDO", "cod_barrio": 1913, "nom_bar_01": "El Cedro", "dire_hecho": "Calle 6 crra 31", "sitio_hech": "SITIOS PÚBLICOS O ABIERTOS AL PÚBLICO", "lat": 3.4291401, "lon": -76.5389693, "estrato": 4 }, "geometry": { "type": "Point", "coordinates": [ -76.5389693, 3.4291401 ] } },
{ "type": "Feature", "properties": { "agrupado": "SUSTANCIAS PSICOACTIVAS", "fecha_hech": "2025-07-24T00:00:00", "hora_hecho": "14:55", "cod_comuna": 19, "nom_comuna": "C-19 EL LIDO", "cod_barrio": 1905, "nom_bar_01": "Eucaristico", "dire_hecho": "Calle 6 con 36", "sitio_hech": "SITIOS PÚBLICOS O ABIERTOS AL PÚBLICO", "lat": 3.426198099, "lon": -76.53965356, "estrato": 4 }, "geometry": { "type": "Point", "coordinates": [ -76.53965356, 3.426198099 ] } },
{ "type": "Feature", "properties": { "agrupado": "SUSTANCIAS PSICOACTIVAS", "fecha_hech": "2025-07-24T00:00:00", "hora_hecho": "15:13", "cod_comuna": 19, "nom_comuna": "C-19 EL LIDO", "cod_barrio": 1905, "nom_bar_01": "Eucaristico", "dire_hecho": "Calle 8 Carrera 36", "sitio_hech": "SITIOS PÚBLICOS O ABIERTOS AL PÚBLICO", "lat": 3.425824875, "lon": -76.53863015, "estrato": 4 }, "geometry": { "type": "Point", "coordinates": [ -76.53863015, 3.425824875 ] } },
{ "type": "Feature", "properties": { "agrupado": "ARMAS EXCEPTO DE FUEGO", "fecha_hech": "2025-07-24T00:00:00", "hora_hecho": "23:41", "cod_comuna": 19, "nom_comuna": "C-19 EL LIDO", "cod_barrio": 1912, "nom_bar_01": "3 de Julio", "dire_hecho": "Cr 25 con cll 5", "sitio_hech": "SITIOS PÚBLICOS O ABIERTOS AL PÚBLICO", "lat": 3.4353418, "lon": -76.5395931, "estrato": 4 }, "geometry": { "type": "Point", "coordinates": [ -76.5395931, 3.4353418 ] } },
{ "type": "Feature", "properties": { "agrupado": "ARMAS EXCEPTO DE FUEGO", "fecha_hech": "2025-07-25T00:00:00", "hora_hecho": "8:30", "cod_comuna": 19, "nom_comuna": "C-19 EL LIDO", "cod_barrio": 1905, "nom_bar_01": "Eucaristico", "dire_hecho": "Calle 8 Carrera 36", "sitio_hech": "SITIOS PÚBLICOS O ABIERTOS AL PÚBLICO", "lat": 3.425705386, "lon": -76.53843728, "estrato": 4 }, "geometry": { "type": "Point", "coordinates": [ -76.53843728, 3.425705386 ] } },
{ "type": "Feature", "properties": { "agrupado": "DESACATO, IRRESPETO A LA AUTORIDAD", "fecha_hech": "2025-07-25T00:00:00", "hora_hecho": "23:56", "cod_comuna": 19, "nom_comuna": "C-19 EL LIDO", "cod_barrio": 1905, "nom_bar_01": "Eucaristico", "dire_hecho": "Calle 8 Carrera 36", "sitio_hech": "MEDIO DE TRANSPORTE", "lat": 3.425799975, "lon": -76.53838435, "estrato": 4 }, "geometry": { "type": "Point", "coordinates": [ -76.53838435, 3.425799975 ] } },
{ "type": "Feature", "properties": { "agrupado": "ARMAS EXCEPTO DE FUEGO", "fecha_hech": "2025-07-26T00:00:00", "hora_hecho": "18:25", "cod_comuna": 19, "nom_comuna": "C-19 EL LIDO", "cod_barrio": 1906, "nom_bar_01": "San Fernando Nuevo", "dire_hecho": "Cr 36a con cll 5b", "sitio_hech": "SITIOS PÚBLICOS O ABIERTOS AL PÚBLICO", "lat": 3.427723197, "lon": -76.54154568, "estrato": 4 }, "geometry": { "type": "Point", "coordinates": [ -76.54154568, 3.427723197 ] } },
{ "type": "Feature", "properties": { "agrupado": "DESACATO, IRRESPETO A LA AUTORIDAD", "fecha_hech": "2025-07-26T00:00:00", "hora_hecho": "19:14", "cod_comuna": 19, "nom_comuna": "C-19 EL LIDO", "cod_barrio": 1912, "nom_bar_01": "3 de Julio", "dire_hecho": "Cll 6 con cr 26", "sitio_hech": "MEDIO DE TRANSPORTE", "lat": 3.4340344, "lon": -76.53883, "estrato": 4 }, "geometry": { "type": "Point", "coordinates": [ -76.53883, 3.4340344 ] } },
{ "type": "Feature", "properties": { "agrupado": "SUSTANCIAS PSICOACTIVAS", "fecha_hech": "2025-07-26T00:00:00", "hora_hecho": "20:13", "cod_comuna": 19, "nom_comuna": "C-19 EL LIDO", "cod_barrio": 1906, "nom_bar_01": "San Fernando Nuevo", "dire_hecho": "Carrera 36 Calle 5 B 2", "sitio_hech": "SITIOS PÚBLICOS O ABIERTOS AL PÚBLICO", "lat": 3.4281888, "lon": -76.540611, "estrato": 4 }, "geometry": { "type": "Point", "coordinates": [ -76.540611, 3.4281888 ] } },
{ "type": "Feature", "properties": { "agrupado": "ARMAS EXCEPTO DE FUEGO", "fecha_hech": "2025-07-26T00:00:00", "hora_hecho": "20:30", "cod_comuna": 19, "nom_comuna": "C-19 EL LIDO", "cod_barrio": 1906, "nom_bar_01": "San Fernando Nuevo", "dire_hecho": "Kr.36 con cl. 5 b", "sitio_hech": "SITIOS PÚBLICOS O ABIERTOS AL PÚBLICO", "lat": 3.428372506, "lon": -76.54074708, "estrato": 4 }, "geometry": { "type": "Point", "coordinates": [ -76.54074708, 3.428372506 ] } },
{ "type": "Feature", "properties": { "agrupado": "SUSTANCIAS PSICOACTIVAS", "fecha_hech": "2025-07-27T00:00:00", "hora_hecho": "1:28", "cod_comuna": 19, "nom_comuna": "C-19 EL LIDO", "cod_barrio": 1913, "nom_bar_01": "El Cedro", "dire_hecho": "Calle 12 A Carrera 29", "sitio_hech": "SITIOS PÚBLICOS O ABIERTOS AL PÚBLICO", "lat": 3.4361407, "lon": -76.5373287, "estrato": 4 }, "geometry": { "type": "Point", "coordinates": [ -76.5373287, 3.4361407 ] } },
{ "type": "Feature", "properties": { "agrupado": "ARMAS EXCEPTO DE FUEGO", "fecha_hech": "2025-07-27T00:00:00", "hora_hecho": "17:48", "cod_comuna": 19, "nom_comuna": "C-19 EL LIDO", "cod_barrio": 1905, "nom_bar_01": "Eucaristico", "dire_hecho": "Calle 8 Carrera 36", "sitio_hech": "SITIOS PÚBLICOS O ABIERTOS AL PÚBLICO", "lat": 3.425859279, "lon": -76.53841397, "estrato": 4 }, "geometry": { "type": "Point", "coordinates": [ -76.53841397, 3.425859279 ] } },
{ "type": "Feature", "properties": { "agrupado": "ARMAS EXCEPTO DE FUEGO", "fecha_hech": "2025-07-28T00:00:00", "hora_hecho": "0:42", "cod_comuna": 19, "nom_comuna": "C-19 EL LIDO", "cod_barrio": 1912, "nom_bar_01": "3 de Julio", "dire_hecho": "Cll 6 con cr 26", "sitio_hech": "SITIOS PÚBLICOS O ABIERTOS AL PÚBLICO", "lat": 3.434317, "lon": -76.5388952, "estrato": 4 }, "geometry": { "type": "Point", "coordinates": [ -76.5388952, 3.434317 ] } },
{ "type": "Feature", "properties": { "agrupado": "ARMAS EXCEPTO DE FUEGO", "fecha_hech": "2025-07-28T00:00:00", "hora_hecho": "6:05", "cod_comuna": 19, "nom_comuna": "C-19 EL LIDO", "cod_barrio": 1913, "nom_bar_01": "El Cedro", "dire_hecho": "Calle 6 cra 27", "sitio_hech": "SITIOS PÚBLICOS O ABIERTOS AL PÚBLICO", "lat": 3.433247624, "lon": -76.53862972, "estrato": 4 }, "geometry": { "type": "Point", "coordinates": [ -76.53862972, 3.433247624 ] } },
{ "type": "Feature", "properties": { "agrupado": "ARMAS EXCEPTO DE FUEGO", "fecha_hech": "2025-07-28T00:00:00", "hora_hecho": "10:25", "cod_comuna": 19, "nom_comuna": "C-19 EL LIDO", "cod_barrio": 1905, "nom_bar_01": "Eucaristico", "dire_hecho": "Calle 8 Carrera 36", "sitio_hech": "SITIOS PÚBLICOS O ABIERTOS AL PÚBLICO", "lat": 3.425749533, "lon": -76.53854159, "estrato": 4 }, "geometry": { "type": "Point", "coordinates": [ -76.53854159, 3.425749533 ] } },
{ "type": "Feature", "properties": { "agrupado": "SUSTANCIAS PSICOACTIVAS", "fecha_hech": "2025-07-28T00:00:00", "hora_hecho": "10:56", "cod_comuna": 19, "nom_comuna": "C-19 EL LIDO", "cod_barrio": 1905, "nom_bar_01": "Eucaristico", "dire_hecho": "Calle 8 Carrera 36", "sitio_hech": "SITIOS PÚBLICOS O ABIERTOS AL PÚBLICO", "lat": 3.425770296, "lon": -76.53849546, "estrato": 4 }, "geometry": { "type": "Point", "coordinates": [ -76.53849546, 3.425770296 ] } },
{ "type": "Feature", "properties": { "agrupado": "ARMAS EXCEPTO DE FUEGO", "fecha_hech": "2025-07-28T00:00:00", "hora_hecho": "20:01", "cod_comuna": 19, "nom_comuna": "C-19 EL LIDO", "cod_barrio": 1912, "nom_bar_01": "3 de Julio", "dire_hecho": "Calle 5b3 bis Carrera 38", "sitio_hech": "SITIOS PÚBLICOS O ABIERTOS AL PÚBLICO", "lat": 3.4313597, "lon": -76.5389226, "estrato": 4 }, "geometry": { "type": "Point", "coordinates": [ -76.5389226, 3.4313597 ] } },
{ "type": "Feature", "properties": { "agrupado": "ARMAS EXCEPTO DE FUEGO", "fecha_hech": "2025-07-29T00:00:00", "hora_hecho": "2:05", "cod_comuna": 19, "nom_comuna": "C-19 EL LIDO", "cod_barrio": 1912, "nom_bar_01": "3 de Julio", "dire_hecho": "Calle 6 con Carrera 25", "sitio_hech": "SITIOS PÚBLICOS O ABIERTOS AL PÚBLICO", "lat": 3.434825, "lon": -76.5388478, "estrato": 4 }, "geometry": { "type": "Point", "coordinates": [ -76.5388478, 3.434825 ] } },
{ "type": "Feature", "properties": { "agrupado": "ARMAS EXCEPTO DE FUEGO", "fecha_hech": "2025-07-29T00:00:00", "hora_hecho": "17:31", "cod_comuna": 19, "nom_comuna": "C-19 EL LIDO", "cod_barrio": 1912, "nom_bar_01": "3 de Julio", "dire_hecho": "Cr 27 con cll 5e", "sitio_hech": "SITIOS PÚBLICOS O ABIERTOS AL PÚBLICO", "lat": 3.4333651, "lon": -76.5398909, "estrato": 4 }, "geometry": { "type": "Point", "coordinates": [ -76.5398909, 3.4333651 ] } },
{ "type": "Feature", "properties": { "agrupado": "SUSTANCIAS PSICOACTIVAS", "fecha_hech": "2025-07-30T00:00:00", "hora_hecho": "17:22", "cod_comuna": 19, "nom_comuna": "C-19 EL LIDO", "cod_barrio": 1905, "nom_bar_01": "Eucaristico", "dire_hecho": "Calle 8 Carrera 36", "sitio_hech": "SITIOS PÚBLICOS O ABIERTOS AL PÚBLICO", "lat": 3.425853747, "lon": -76.53839156, "estrato": 4 }, "geometry": { "type": "Point", "coordinates": [ -76.53839156, 3.425853747 ] } },
{ "type": "Feature", "properties": { "agrupado": "DESACATO, IRRESPETO A LA AUTORIDAD", "fecha_hech": "2025-07-30T00:00:00", "hora_hecho": "20:03", "cod_comuna": 19, "nom_comuna": "C-19 EL LIDO", "cod_barrio": 1912, "nom_bar_01": "3 de Julio", "dire_hecho": "Calle 6 Carrera 29", "sitio_hech": "SITIOS PÚBLICOS O ABIERTOS AL PÚBLICO", "lat": 3.4309372, "lon": -76.5389868, "estrato": 4 }, "geometry": { "type": "Point", "coordinates": [ -76.5389868, 3.4309372 ] } },
{ "type": "Feature", "properties": { "agrupado": "ARMAS EXCEPTO DE FUEGO", "fecha_hech": "2025-07-31T00:00:00", "hora_hecho": "5:02", "cod_comuna": 19, "nom_comuna": "C-19 EL LIDO", "cod_barrio": 1913, "nom_bar_01": "El Cedro", "dire_hecho": "Av Roosevelt Con 28", "sitio_hech": "SITIOS PÚBLICOS O ABIERTOS AL PÚBLICO", "lat": 3.4321889, "lon": -76.5386637, "estrato": 4 }, "geometry": { "type": "Point", "coordinates": [ -76.5386637, 3.4321889 ] } },
{ "type": "Feature", "properties": { "agrupado": "ARMAS EXCEPTO DE FUEGO", "fecha_hech": "2025-07-31T00:00:00", "hora_hecho": "11:35", "cod_comuna": 19, "nom_comuna": "C-19 EL LIDO", "cod_barrio": 1905, "nom_bar_01": "Eucaristico", "dire_hecho": "Calle 8 Carrera 36", "sitio_hech": "SITIOS PÚBLICOS O ABIERTOS AL PÚBLICO", "lat": 3.425752174, "lon": -76.53844596, "estrato": 4 }, "geometry": { "type": "Point", "coordinates": [ -76.53844596, 3.425752174 ] } },
{ "type": "Feature", "properties": { "agrupado": "ARMAS EXCEPTO DE FUEGO", "fecha_hech": "2025-08-01T00:00:00", "hora_hecho": "0:22", "cod_comuna": 19, "nom_comuna": "C-19 EL LIDO", "cod_barrio": 1913, "nom_bar_01": "El Cedro", "dire_hecho": "Calle 6 Carrera 26", "sitio_hech": "SITIOS PÚBLICOS O ABIERTOS AL PÚBLICO", "lat": 3.434558558, "lon": -76.5386569, "estrato": 4 }, "geometry": { "type": "Point", "coordinates": [ -76.5386569, 3.434558558 ] } },
{ "type": "Feature", "properties": { "agrupado": "SUSTANCIAS PSICOACTIVAS", "fecha_hech": "2025-08-02T00:00:00", "hora_hecho": "9:39", "cod_comuna": 19, "nom_comuna": "C-19 EL LIDO", "cod_barrio": 1905, "nom_bar_01": "Eucaristico", "dire_hecho": "Carrera 36 a Calle 6", "sitio_hech": "SITIOS PÚBLICOS O ABIERTOS AL PÚBLICO", "lat": 3.4256976, "lon": -76.5394318, "estrato": 4 }, "geometry": { "type": "Point", "coordinates": [ -76.5394318, 3.4256976 ] } },
{ "type": "Feature", "properties": { "agrupado": "ARMAS EXCEPTO DE FUEGO", "fecha_hech": "2025-08-02T00:00:00", "hora_hecho": "14:47", "cod_comuna": 19, "nom_comuna": "C-19 EL LIDO", "cod_barrio": 1912, "nom_bar_01": "3 de Julio", "dire_hecho": "Calle 6 Carrera 29 B/ 3 de julio", "sitio_hech": "SITIOS PÚBLICOS O ABIERTOS AL PÚBLICO", "lat": 3.43187544, "lon": -76.53902934, "estrato": 4 }, "geometry": { "type": "Point", "coordinates": [ -76.53902934, 3.43187544 ] } },
{ "type": "Feature", "properties": { "agrupado": "ARMAS EXCEPTO DE FUEGO", "fecha_hech": "2025-08-02T00:00:00", "hora_hecho": "16:27", "cod_comuna": 19, "nom_comuna": "C-19 EL LIDO", "cod_barrio": 1905, "nom_bar_01": "Eucaristico", "dire_hecho": "Calle 7 Carrera 36 A Bis", "sitio_hech": "SITIOS PÚBLICOS O ABIERTOS AL PÚBLICO", "lat": 3.425504501, "lon": -76.53915611, "estrato": 4 }, "geometry": { "type": "Point", "coordinates": [ -76.53915611, 3.425504501 ] } },
{ "type": "Feature", "properties": { "agrupado": "DESACATO, IRRESPETO A LA AUTORIDAD", "fecha_hech": "2025-08-03T00:00:00", "hora_hecho": "9:03", "cod_comuna": 19, "nom_comuna": "C-19 EL LIDO", "cod_barrio": 1912, "nom_bar_01": "3 de Julio", "dire_hecho": "Calle 5 B Carrera 25 B/ 3 de julio", "sitio_hech": "SITIOS PÚBLICOS O ABIERTOS AL PÚBLICO", "lat": 3.435294763, "lon": -76.54040861, "estrato": 4 }, "geometry": { "type": "Point", "coordinates": [ -76.54040861, 3.435294763 ] } },
{ "type": "Feature", "properties": { "agrupado": "SUSTANCIAS PSICOACTIVAS", "fecha_hech": "2025-08-03T00:00:00", "hora_hecho": "12:12", "cod_comuna": 19, "nom_comuna": "C-19 EL LIDO", "cod_barrio": 1905, "nom_bar_01": "Eucaristico", "dire_hecho": "Calle 8 Carrera 36", "sitio_hech": "SITIOS PÚBLICOS O ABIERTOS AL PÚBLICO", "lat": 3.425822709, "lon": -76.53835194, "estrato": 4 }, "geometry": { "type": "Point", "coordinates": [ -76.53835194, 3.425822709 ] } },
{ "type": "Feature", "properties": { "agrupado": "ARMAS EXCEPTO DE FUEGO", "fecha_hech": "2025-08-04T00:00:00", "hora_hecho": "0:37", "cod_comuna": 19, "nom_comuna": "C-19 EL LIDO", "cod_barrio": 1912, "nom_bar_01": "3 de Julio", "dire_hecho": "Calle 6 Carrera 26 B/ 3 de julio", "sitio_hech": "SITIOS PÚBLICOS O ABIERTOS AL PÚBLICO", "lat": 3.434311461, "lon": -76.53886329, "estrato": 4 }, "geometry": { "type": "Point", "coordinates": [ -76.53886329, 3.434311461 ] } },
{ "type": "Feature", "properties": { "agrupado": "ARMAS EXCEPTO DE FUEGO", "fecha_hech": "2025-08-04T00:00:00", "hora_hecho": "12:29", "cod_comuna": 19, "nom_comuna": "C-19 EL LIDO", "cod_barrio": 1913, "nom_bar_01": "El Cedro", "dire_hecho": "Calle 6 Carrera 28", "sitio_hech": "SITIOS PÚBLICOS O ABIERTOS AL PÚBLICO", "lat": 3.432716, "lon": -76.5388333, "estrato": 4 }, "geometry": { "type": "Point", "coordinates": [ -76.5388333, 3.432716 ] } },
{ "type": "Feature", "properties": { "agrupado": "ARMAS EXCEPTO DE FUEGO", "fecha_hech": "2025-08-04T00:00:00", "hora_hecho": "15:53", "cod_comuna": 19, "nom_comuna": "C-19 EL LIDO", "cod_barrio": 1913, "nom_bar_01": "El Cedro", "dire_hecho": "CALLE 6 Carrera 24", "sitio_hech": "SITIOS PÚBLICOS O ABIERTOS AL PÚBLICO", "lat": 3.437161236, "lon": -76.53847658, "estrato": 4 }, "geometry": { "type": "Point", "coordinates": [ -76.53847658, 3.437161236 ] } },
{ "type": "Feature", "properties": { "agrupado": "SUSTANCIAS PSICOACTIVAS", "fecha_hech": "2025-08-04T00:00:00", "hora_hecho": "23:07", "cod_comuna": 19, "nom_comuna": "C-19 EL LIDO", "cod_barrio": 1905, "nom_bar_01": "Eucaristico", "dire_hecho": "Calle 6 Carrera 36 A", "sitio_hech": "SITIOS PÚBLICOS O ABIERTOS AL PÚBLICO", "lat": 3.4260144, "lon": -76.5395819, "estrato": 4 }, "geometry": { "type": "Point", "coordinates": [ -76.5395819, 3.4260144 ] } },
{ "type": "Feature", "properties": { "agrupado": "ARMAS EXCEPTO DE FUEGO", "fecha_hech": "2025-08-05T00:00:00", "hora_hecho": "15:55", "cod_comuna": 19, "nom_comuna": "C-19 EL LIDO", "cod_barrio": 1905, "nom_bar_01": "Eucaristico", "dire_hecho": "Carrera 36 Calle 8", "sitio_hech": "SITIOS PÚBLICOS O ABIERTOS AL PÚBLICO", "lat": 3.425740248, "lon": -76.53845149, "estrato": 4 }, "geometry": { "type": "Point", "coordinates": [ -76.53845149, 3.425740248 ] } },
{ "type": "Feature", "properties": { "agrupado": "ARMAS EXCEPTO DE FUEGO", "fecha_hech": "2025-08-05T00:00:00", "hora_hecho": "20:55", "cod_comuna": 19, "nom_comuna": "C-19 EL LIDO", "cod_barrio": 1913, "nom_bar_01": "El Cedro", "dire_hecho": "Calle 6 con 26", "sitio_hech": "SITIOS PÚBLICOS O ABIERTOS AL PÚBLICO", "lat": 3.434718119, "lon": -76.53864701000001, "estrato": 4 }, "geometry": { "type": "Point", "coordinates": [ -76.53864701, 3.434718119 ] } },
{ "type": "Feature", "properties": { "agrupado": "ARMAS EXCEPTO DE FUEGO", "fecha_hech": "2025-08-06T00:00:00", "hora_hecho": "3:35", "cod_comuna": 19, "nom_comuna": "C-19 EL LIDO", "cod_barrio": 1912, "nom_bar_01": "3 de Julio", "dire_hecho": "Cr 24 con cll 6", "sitio_hech": "SITIOS PÚBLICOS O ABIERTOS AL PÚBLICO", "lat": 3.4356868, "lon": -76.53881, "estrato": 4 }, "geometry": { "type": "Point", "coordinates": [ -76.53881, 3.4356868 ] } },
{ "type": "Feature", "properties": { "agrupado": "SUSTANCIAS PSICOACTIVAS", "fecha_hech": "2025-08-06T00:00:00", "hora_hecho": "10:11", "cod_comuna": 19, "nom_comuna": "C-19 EL LIDO", "cod_barrio": 1905, "nom_bar_01": "Eucaristico", "dire_hecho": "Carrera 36 Calle 8", "sitio_hech": "SITIOS PÚBLICOS O ABIERTOS AL PÚBLICO", "lat": 3.425724491, "lon": -76.53848643000001, "estrato": 4 }, "geometry": { "type": "Point", "coordinates": [ -76.53848643, 3.425724491 ] } },
{ "type": "Feature", "properties": { "agrupado": "ARMAS EXCEPTO DE FUEGO", "fecha_hech": "2025-08-06T00:00:00", "hora_hecho": "17:52", "cod_comuna": 19, "nom_comuna": "C-19 EL LIDO", "cod_barrio": 1905, "nom_bar_01": "Eucaristico", "dire_hecho": "Calle 9 Carrera 36", "sitio_hech": "SITIOS PÚBLICOS O ABIERTOS AL PÚBLICO", "lat": 3.4256664, "lon": -76.5381734, "estrato": 4 }, "geometry": { "type": "Point", "coordinates": [ -76.5381734, 3.4256664 ] } },
{ "type": "Feature", "properties": { "agrupado": "ARMAS EXCEPTO DE FUEGO", "fecha_hech": "2025-08-07T00:00:00", "hora_hecho": "3:17", "cod_comuna": 19, "nom_comuna": "C-19 EL LIDO", "cod_barrio": 1913, "nom_bar_01": "El Cedro", "dire_hecho": "Carrera 31 con 7", "sitio_hech": "SITIOS PÚBLICOS O ABIERTOS AL PÚBLICO", "lat": 3.4290485, "lon": -76.5388702, "estrato": 4 }, "geometry": { "type": "Point", "coordinates": [ -76.5388702, 3.4290485 ] } },
{ "type": "Feature", "properties": { "agrupado": "ARMAS EXCEPTO DE FUEGO", "fecha_hech": "2025-08-07T00:00:00", "hora_hecho": "18:05", "cod_comuna": 19, "nom_comuna": "C-19 EL LIDO", "cod_barrio": 1906, "nom_bar_01": "San Fernando Nuevo", "dire_hecho": "Cll6 con cr 34", "sitio_hech": "SITIOS PÚBLICOS O ABIERTOS AL PÚBLICO", "lat": 3.4279204, "lon": -76.5394964, "estrato": 4 }, "geometry": { "type": "Point", "coordinates": [ -76.5394964, 3.4279204 ] } },
{ "type": "Feature", "properties": { "agrupado": "SUSTANCIAS PSICOACTIVAS", "fecha_hech": "2025-08-08T00:00:00", "hora_hecho": "18:56", "cod_comuna": 19, "nom_comuna": "C-19 EL LIDO", "cod_barrio": 1905, "nom_bar_01": "Eucaristico", "dire_hecho": "Carrera 36 Calle 8", "sitio_hech": "SITIOS PÚBLICOS O ABIERTOS AL PÚBLICO", "lat": 3.425790075, "lon": -76.53843875, "estrato": 4 }, "geometry": { "type": "Point", "coordinates": [ -76.53843875, 3.425790075 ] } },
{ "type": "Feature", "properties": { "agrupado": "DESACATO, IRRESPETO A LA AUTORIDAD", "fecha_hech": "2025-08-09T00:00:00", "hora_hecho": "10:01", "cod_comuna": 19, "nom_comuna": "C-19 EL LIDO", "cod_barrio": 1905, "nom_bar_01": "Eucaristico", "dire_hecho": "Calle 9 con 36bis", "sitio_hech": "MEDIO DE TRANSPORTE", "lat": 3.425364087, "lon": -76.53805749, "estrato": 4 }, "geometry": { "type": "Point", "coordinates": [ -76.53805749, 3.425364087 ] } },
{ "type": "Feature", "properties": { "agrupado": "SUSTANCIAS PSICOACTIVAS", "fecha_hech": "2025-08-09T00:00:00", "hora_hecho": "11:22", "cod_comuna": 19, "nom_comuna": "C-19 EL LIDO", "cod_barrio": 1905, "nom_bar_01": "Eucaristico", "dire_hecho": "Calle 6 con 36", "sitio_hech": "SITIOS PÚBLICOS O ABIERTOS AL PÚBLICO", "lat": 3.42632192, "lon": -76.5396052, "estrato": 4 }, "geometry": { "type": "Point", "coordinates": [ -76.5396052, 3.42632192 ] } },
{ "type": "Feature", "properties": { "agrupado": "SUSTANCIAS PSICOACTIVAS", "fecha_hech": "2025-08-09T00:00:00", "hora_hecho": "16:11", "cod_comuna": 19, "nom_comuna": "C-19 EL LIDO", "cod_barrio": 1905, "nom_bar_01": "Eucaristico", "dire_hecho": "Calle 6 Carrera 36", "sitio_hech": "SITIOS PÚBLICOS O ABIERTOS AL PÚBLICO", "lat": 3.4263194, "lon": -76.5396171, "estrato": 4 }, "geometry": { "type": "Point", "coordinates": [ -76.5396171, 3.4263194 ] } },
{ "type": "Feature", "properties": { "agrupado": "SUSTANCIAS PSICOACTIVAS", "fecha_hech": "2025-08-09T00:00:00", "hora_hecho": "16:32", "cod_comuna": 19, "nom_comuna": "C-19 EL LIDO", "cod_barrio": 1906, "nom_bar_01": "San Fernando Nuevo", "dire_hecho": "Carrera 36 BIS Calle Call 5b3 carr 36", "sitio_hech": "SITIOS PÚBLICOS O ABIERTOS AL PÚBLICO", "lat": 3.4282623, "lon": -76.5406217, "estrato": 4 }, "geometry": { "type": "Point", "coordinates": [ -76.5406217, 3.4282623 ] } },
{ "type": "Feature", "properties": { "agrupado": "SUSTANCIAS PSICOACTIVAS", "fecha_hech": "2025-08-09T00:00:00", "hora_hecho": "17:00", "cod_comuna": 19, "nom_comuna": "C-19 EL LIDO", "cod_barrio": 1906, "nom_bar_01": "San Fernando Nuevo", "dire_hecho": "Call 5b3 carr 36", "sitio_hech": "SITIOS PÚBLICOS O ABIERTOS AL PÚBLICO", "lat": 3.4282897, "lon": -76.5405751, "estrato": 4 }, "geometry": { "type": "Point", "coordinates": [ -76.5405751, 3.4282897 ] } },
{ "type": "Feature", "properties": { "agrupado": "SUSTANCIAS PSICOACTIVAS", "fecha_hech": "2025-08-09T00:00:00", "hora_hecho": "17:54", "cod_comuna": 19, "nom_comuna": "C-19 EL LIDO", "cod_barrio": 1906, "nom_bar_01": "San Fernando Nuevo", "dire_hecho": "Cl 5B 3 cra 36", "sitio_hech": "SITIOS PÚBLICOS O ABIERTOS AL PÚBLICO", "lat": 3.4280421, "lon": -76.5406762, "estrato": 4 }, "geometry": { "type": "Point", "coordinates": [ -76.5406762, 3.4280421 ] } },
{ "type": "Feature", "properties": { "agrupado": "ARMAS EXCEPTO DE FUEGO", "fecha_hech": "2025-08-09T00:00:00", "hora_hecho": "23:59", "cod_comuna": 19, "nom_comuna": "C-19 EL LIDO", "cod_barrio": 1905, "nom_bar_01": "Eucaristico", "dire_hecho": "Calle 9 con 34", "sitio_hech": "SITIOS PÚBLICOS O ABIERTOS AL PÚBLICO", "lat": 3.4257838, "lon": -76.5378664, "estrato": 4 }, "geometry": { "type": "Point", "coordinates": [ -76.5378664, 3.4257838 ] } },
{ "type": "Feature", "properties": { "agrupado": "DESACATO, IRRESPETO A LA AUTORIDAD", "fecha_hech": "2025-08-10T00:00:00", "hora_hecho": "16:14", "cod_comuna": 19, "nom_comuna": "C-19 EL LIDO", "cod_barrio": 1913, "nom_bar_01": "El Cedro", "dire_hecho": "Calle 7 cra 26", "sitio_hech": "SITIOS PÚBLICOS O ABIERTOS AL PÚBLICO", "lat": 3.4343946, "lon": -76.5374328, "estrato": 4 }, "geometry": { "type": "Point", "coordinates": [ -76.5374328, 3.4343946 ] } },
{ "type": "Feature", "properties": { "agrupado": "ARMAS EXCEPTO DE FUEGO", "fecha_hech": "2025-08-11T00:00:00", "hora_hecho": "0:53", "cod_comuna": 19, "nom_comuna": "C-19 EL LIDO", "cod_barrio": 1913, "nom_bar_01": "El Cedro", "dire_hecho": "Carrera 38bis #5b2-34", "sitio_hech": "SITIOS PÚBLICOS O ABIERTOS AL PÚBLICO", "lat": 3.4342659, "lon": -76.5387466, "estrato": 4 }, "geometry": { "type": "Point", "coordinates": [ -76.5387466, 3.4342659 ] } },
{ "type": "Feature", "properties": { "agrupado": "ARMAS EXCEPTO DE FUEGO", "fecha_hech": "2025-08-11T00:00:00", "hora_hecho": "15:56", "cod_comuna": 19, "nom_comuna": "C-19 EL LIDO", "cod_barrio": 1905, "nom_bar_01": "Eucaristico", "dire_hecho": "Calle 8 Carrera 36", "sitio_hech": "SITIOS PÚBLICOS O ABIERTOS AL PÚBLICO", "lat": 3.42575028, "lon": -76.53844611, "estrato": 4 }, "geometry": { "type": "Point", "coordinates": [ -76.53844611, 3.42575028 ] } },
{ "type": "Feature", "properties": { "agrupado": "DESACATO, IRRESPETO A LA AUTORIDAD", "fecha_hech": "2025-08-11T00:00:00", "hora_hecho": "23:48", "cod_comuna": 19, "nom_comuna": "C-19 EL LIDO", "cod_barrio": 1913, "nom_bar_01": "El Cedro", "dire_hecho": "Calle 6 cra 28", "sitio_hech": "SITIOS PÚBLICOS O ABIERTOS AL PÚBLICO", "lat": 3.432371, "lon": -76.5385468, "estrato": 4 }, "geometry": { "type": "Point", "coordinates": [ -76.5385468, 3.432371 ] } },
{ "type": "Feature", "properties": { "agrupado": "DESACATO, IRRESPETO A LA AUTORIDAD", "fecha_hech": "2025-08-12T00:00:00", "hora_hecho": "17:18", "cod_comuna": 19, "nom_comuna": "C-19 EL LIDO", "cod_barrio": 1912, "nom_bar_01": "3 de Julio", "dire_hecho": "Calle 6 Carrera 26", "sitio_hech": "SITIOS PÚBLICOS O ABIERTOS AL PÚBLICO", "lat": 3.434400358, "lon": -76.53881893000001, "estrato": 4 }, "geometry": { "type": "Point", "coordinates": [ -76.53881893, 3.434400358 ] } },
{ "type": "Feature", "properties": { "agrupado": "SUSTANCIAS PSICOACTIVAS", "fecha_hech": "2025-08-14T00:00:00", "hora_hecho": "15:29", "cod_comuna": 19, "nom_comuna": "C-19 EL LIDO", "cod_barrio": 1905, "nom_bar_01": "Eucaristico", "dire_hecho": "Calle 6 con 36", "sitio_hech": "SITIOS PÚBLICOS O ABIERTOS AL PÚBLICO", "lat": 3.425962143, "lon": -76.53956625, "estrato": 4 }, "geometry": { "type": "Point", "coordinates": [ -76.53956625, 3.425962143 ] } },
{ "type": "Feature", "properties": { "agrupado": "SUSTANCIAS PSICOACTIVAS", "fecha_hech": "2025-08-14T00:00:00", "hora_hecho": "16:33", "cod_comuna": 19, "nom_comuna": "C-19 EL LIDO", "cod_barrio": 1905, "nom_bar_01": "Eucaristico", "dire_hecho": "Calle 7 Carrera 36", "sitio_hech": "SITIOS PÚBLICOS O ABIERTOS AL PÚBLICO", "lat": 3.425807823, "lon": -76.53889141000001, "estrato": 4 }, "geometry": { "type": "Point", "coordinates": [ -76.53889141, 3.425807823 ] } },
{ "type": "Feature", "properties": { "agrupado": "SUSTANCIAS PSICOACTIVAS", "fecha_hech": "2025-08-14T00:00:00", "hora_hecho": "16:40", "cod_comuna": 19, "nom_comuna": "C-19 EL LIDO", "cod_barrio": 1905, "nom_bar_01": "Eucaristico", "dire_hecho": "Calle 6 con 36", "sitio_hech": "SITIOS PÚBLICOS O ABIERTOS AL PÚBLICO", "lat": 3.4260711, "lon": -76.5396785, "estrato": 4 }, "geometry": { "type": "Point", "coordinates": [ -76.5396785, 3.4260711 ] } },
{ "type": "Feature", "properties": { "agrupado": "ARMAS EXCEPTO DE FUEGO", "fecha_hech": "2025-08-15T00:00:00", "hora_hecho": "2:59", "cod_comuna": 19, "nom_comuna": "C-19 EL LIDO", "cod_barrio": 1913, "nom_bar_01": "El Cedro", "dire_hecho": "carrera 28 calle 6", "sitio_hech": "SITIOS PÚBLICOS O ABIERTOS AL PÚBLICO", "lat": 3.4324338, "lon": -76.5385863, "estrato": 4 }, "geometry": { "type": "Point", "coordinates": [ -76.5385863, 3.4324338 ] } },
{ "type": "Feature", "properties": { "agrupado": "SUSTANCIAS PSICOACTIVAS", "fecha_hech": "2025-08-15T00:00:00", "hora_hecho": "12:44", "cod_comuna": 19, "nom_comuna": "C-19 EL LIDO", "cod_barrio": 1905, "nom_bar_01": "Eucaristico", "dire_hecho": "Calle 7 Carrera 36", "sitio_hech": "SITIOS PÚBLICOS O ABIERTOS AL PÚBLICO", "lat": 3.425639082, "lon": -76.53894183, "estrato": 4 }, "geometry": { "type": "Point", "coordinates": [ -76.53894183, 3.425639082 ] } },
{ "type": "Feature", "properties": { "agrupado": "ARMAS EXCEPTO DE FUEGO", "fecha_hech": "2025-08-16T00:00:00", "hora_hecho": "2:53", "cod_comuna": 19, "nom_comuna": "C-19 EL LIDO", "cod_barrio": 1913, "nom_bar_01": "El Cedro", "dire_hecho": "Calle 7 Carrera 27", "sitio_hech": "SITIOS PÚBLICOS O ABIERTOS AL PÚBLICO", "lat": 3.431372, "lon": -76.5376246, "estrato": 4 }, "geometry": { "type": "Point", "coordinates": [ -76.5376246, 3.431372 ] } },
{ "type": "Feature", "properties": { "agrupado": "ARMAS EXCEPTO DE FUEGO", "fecha_hech": "2025-08-16T00:00:00", "hora_hecho": "12:02", "cod_comuna": 19, "nom_comuna": "C-19 EL LIDO", "cod_barrio": 1905, "nom_bar_01": "Eucaristico", "dire_hecho": "Calle 9 Carrera 36", "sitio_hech": "SITIOS PÚBLICOS O ABIERTOS AL PÚBLICO", "lat": 3.425623821, "lon": -76.53803087, "estrato": 4 }, "geometry": { "type": "Point", "coordinates": [ -76.53803087, 3.425623821 ] } },
{ "type": "Feature", "properties": { "agrupado": "DESACATO, IRRESPETO A LA AUTORIDAD", "fecha_hech": "2025-08-16T00:00:00", "hora_hecho": "21:30", "cod_comuna": 19, "nom_comuna": "C-19 EL LIDO", "cod_barrio": 1912, "nom_bar_01": "3 de Julio", "dire_hecho": "Cll 5 con cr 34", "sitio_hech": "MEDIO DE TRANSPORTE", "lat": 3.4315107, "lon": -76.5395614, "estrato": 4 }, "geometry": { "type": "Point", "coordinates": [ -76.5395614, 3.4315107 ] } },
{ "type": "Feature", "properties": { "agrupado": "ARMAS EXCEPTO DE FUEGO", "fecha_hech": "2025-08-16T00:00:00", "hora_hecho": "23:08", "cod_comuna": 19, "nom_comuna": "C-19 EL LIDO", "cod_barrio": 1912, "nom_bar_01": "3 de Julio", "dire_hecho": "Calle 6 Carrera 29", "sitio_hech": "SITIOS PÚBLICOS O ABIERTOS AL PÚBLICO", "lat": 3.4321162, "lon": -76.5389784, "estrato": 4 }, "geometry": { "type": "Point", "coordinates": [ -76.5389784, 3.4321162 ] } },
{ "type": "Feature", "properties": { "agrupado": "DESACATO, IRRESPETO A LA AUTORIDAD", "fecha_hech": "2025-08-17T00:00:00", "hora_hecho": "12:13", "cod_comuna": 19, "nom_comuna": "C-19 EL LIDO", "cod_barrio": 1913, "nom_bar_01": "El Cedro", "dire_hecho": "Carrera 28 calle 6", "sitio_hech": "SITIOS PÚBLICOS O ABIERTOS AL PÚBLICO", "lat": 3.4324299, "lon": -76.5387664, "estrato": 4 }, "geometry": { "type": "Point", "coordinates": [ -76.5387664, 3.4324299 ] } },
{ "type": "Feature", "properties": { "agrupado": "ARMAS EXCEPTO DE FUEGO", "fecha_hech": "2025-08-17T00:00:00", "hora_hecho": "16:06", "cod_comuna": 19, "nom_comuna": "C-19 EL LIDO", "cod_barrio": 1905, "nom_bar_01": "Eucaristico", "dire_hecho": "Carrera 36 Calle 8", "sitio_hech": "SITIOS PÚBLICOS O ABIERTOS AL PÚBLICO", "lat": 3.425740439, "lon": -76.53856916, "estrato": 4 }, "geometry": { "type": "Point", "coordinates": [ -76.53856916, 3.425740439 ] } },
{ "type": "Feature", "properties": { "agrupado": "ARMAS EXCEPTO DE FUEGO", "fecha_hech": "2025-08-17T00:00:00", "hora_hecho": "16:21", "cod_comuna": 19, "nom_comuna": "C-19 EL LIDO", "cod_barrio": 1905, "nom_bar_01": "Eucaristico", "dire_hecho": "Carrera 36 Calle 8", "sitio_hech": "SITIOS PÚBLICOS O ABIERTOS AL PÚBLICO", "lat": 3.425834152, "lon": -76.53854682, "estrato": 4 }, "geometry": { "type": "Point", "coordinates": [ -76.53854682, 3.425834152 ] } },
{ "type": "Feature", "properties": { "agrupado": "DESACATO, IRRESPETO A LA AUTORIDAD", "fecha_hech": "2025-08-18T00:00:00", "hora_hecho": "3:22", "cod_comuna": 19, "nom_comuna": "C-19 EL LIDO", "cod_barrio": 1906, "nom_bar_01": "San Fernando Nuevo", "dire_hecho": "Cr 39 con cll 6", "sitio_hech": "MEDIO DE TRANSPORTE", "lat": 3.426994, "lon": -76.5398188, "estrato": 4 }, "geometry": { "type": "Point", "coordinates": [ -76.5398188, 3.426994 ] } },
{ "type": "Feature", "properties": { "agrupado": "SUSTANCIAS PSICOACTIVAS", "fecha_hech": "2025-08-18T00:00:00", "hora_hecho": "10:18", "cod_comuna": 19, "nom_comuna": "C-19 EL LIDO", "cod_barrio": 1905, "nom_bar_01": "Eucaristico", "dire_hecho": "Calle 7 Carrera 36", "sitio_hech": "SITIOS PÚBLICOS O ABIERTOS AL PÚBLICO", "lat": 3.42577395, "lon": -76.5387358, "estrato": 4 }, "geometry": { "type": "Point", "coordinates": [ -76.5387358, 3.42577395 ] } },
{ "type": "Feature", "properties": { "agrupado": "ARMAS EXCEPTO DE FUEGO", "fecha_hech": "2025-08-18T00:00:00", "hora_hecho": "20:12", "cod_comuna": 19, "nom_comuna": "C-19 EL LIDO", "cod_barrio": 1912, "nom_bar_01": "3 de Julio", "dire_hecho": "Calle 6 con Carrera 25", "sitio_hech": "SITIOS PÚBLICOS O ABIERTOS AL PÚBLICO", "lat": 3.4319434, "lon": -76.5390233, "estrato": 4 }, "geometry": { "type": "Point", "coordinates": [ -76.5390233, 3.4319434 ] } },
{ "type": "Feature", "properties": { "agrupado": "ARMAS EXCEPTO DE FUEGO", "fecha_hech": "2025-08-19T00:00:00", "hora_hecho": "0:59", "cod_comuna": 19, "nom_comuna": "C-19 EL LIDO", "cod_barrio": 1912, "nom_bar_01": "3 de Julio", "dire_hecho": "Calle 5 C Carrera 27 B/ 3 de julio", "sitio_hech": "SITIOS PÚBLICOS O ABIERTOS AL PÚBLICO", "lat": 3.433332806, "lon": -76.53944536, "estrato": 4 }, "geometry": { "type": "Point", "coordinates": [ -76.53944536, 3.433332806 ] } },
{ "type": "Feature", "properties": { "agrupado": "ARMAS EXCEPTO DE FUEGO", "fecha_hech": "2025-08-19T00:00:00", "hora_hecho": "19:49", "cod_comuna": 19, "nom_comuna": "C-19 EL LIDO", "cod_barrio": 1906, "nom_bar_01": "San Fernando Nuevo", "dire_hecho": "Carrera 36b #5b3", "sitio_hech": "SITIOS PÚBLICOS O ABIERTOS AL PÚBLICO", "lat": 3.4277354, "lon": -76.5414502, "estrato": 4 }, "geometry": { "type": "Point", "coordinates": [ -76.5414502, 3.4277354 ] } },
{ "type": "Feature", "properties": { "agrupado": "DESACATO, IRRESPETO A LA AUTORIDAD", "fecha_hech": "2025-08-19T00:00:00", "hora_hecho": "20:30", "cod_comuna": 19, "nom_comuna": "C-19 EL LIDO", "cod_barrio": 1905, "nom_bar_01": "Eucaristico", "dire_hecho": "Carrera 36 Calle 7", "sitio_hech": "SITIOS PÚBLICOS O ABIERTOS AL PÚBLICO", "lat": 3.4258621, "lon": -76.5389042, "estrato": 4 }, "geometry": { "type": "Point", "coordinates": [ -76.5389042, 3.4258621 ] } },
{ "type": "Feature", "properties": { "agrupado": "RIÑAS", "fecha_hech": "2025-08-19T00:00:00", "hora_hecho": "21:38", "cod_comuna": 19, "nom_comuna": "C-19 EL LIDO", "cod_barrio": 1906, "nom_bar_01": "San Fernando Nuevo", "dire_hecho": "Cr 37 #5b", "sitio_hech": "SITIOS PÚBLICOS O ABIERTOS AL PÚBLICO", "lat": 3.4271795, "lon": -76.5422822, "estrato": 4 }, "geometry": { "type": "Point", "coordinates": [ -76.5422822, 3.4271795 ] } },
{ "type": "Feature", "properties": { "agrupado": "RIÑAS", "fecha_hech": "2025-08-19T00:00:00", "hora_hecho": "21:48", "cod_comuna": 19, "nom_comuna": "C-19 EL LIDO", "cod_barrio": 1906, "nom_bar_01": "San Fernando Nuevo", "dire_hecho": "Cr 37 con cll 5b", "sitio_hech": "SITIOS PÚBLICOS O ABIERTOS AL PÚBLICO", "lat": 3.4271594, "lon": -76.5421964, "estrato": 4 }, "geometry": { "type": "Point", "coordinates": [ -76.5421964, 3.4271594 ] } },
{ "type": "Feature", "properties": { "agrupado": "SUSTANCIAS PSICOACTIVAS", "fecha_hech": "2025-08-20T00:00:00", "hora_hecho": "0:01", "cod_comuna": 19, "nom_comuna": "C-19 EL LIDO", "cod_barrio": 1905, "nom_bar_01": "Eucaristico", "dire_hecho": "Carrera 36 A Calle 6", "sitio_hech": "SITIOS PÚBLICOS O ABIERTOS AL PÚBLICO", "lat": 3.4260814, "lon": -76.539603, "estrato": 4 }, "geometry": { "type": "Point", "coordinates": [ -76.539603, 3.4260814 ] } },
{ "type": "Feature", "properties": { "agrupado": "ARMAS EXCEPTO DE FUEGO", "fecha_hech": "2025-08-22T00:00:00", "hora_hecho": "0:07", "cod_comuna": 19, "nom_comuna": "C-19 EL LIDO", "cod_barrio": 1912, "nom_bar_01": "3 de Julio", "dire_hecho": "Calle 5 B Carrera 27 B/ 3 de julio", "sitio_hech": "SITIOS PÚBLICOS O ABIERTOS AL PÚBLICO", "lat": 3.433351465, "lon": -76.54009392, "estrato": 4 }, "geometry": { "type": "Point", "coordinates": [ -76.54009392, 3.433351465 ] } },
{ "type": "Feature", "properties": { "agrupado": "ARMAS EXCEPTO DE FUEGO", "fecha_hech": "2025-08-22T00:00:00", "hora_hecho": "12:59", "cod_comuna": 19, "nom_comuna": "C-19 EL LIDO", "cod_barrio": 1912, "nom_bar_01": "3 de Julio", "dire_hecho": "Calle 6 Carrera 38", "sitio_hech": "SITIOS PÚBLICOS O ABIERTOS AL PÚBLICO", "lat": 3.4333586, "lon": -76.5391224, "estrato": 4 }, "geometry": { "type": "Point", "coordinates": [ -76.5391224, 3.4333586 ] } },
{ "type": "Feature", "properties": { "agrupado": "DESACATO, IRRESPETO A LA AUTORIDAD", "fecha_hech": "2025-08-22T00:00:00", "hora_hecho": "16:31", "cod_comuna": 19, "nom_comuna": "C-19 EL LIDO", "cod_barrio": 1905, "nom_bar_01": "Eucaristico", "dire_hecho": "Carrera 36 a Calle 6", "sitio_hech": "SITIOS PÚBLICOS O ABIERTOS AL PÚBLICO", "lat": 3.4260596, "lon": -76.5398696, "estrato": 4 }, "geometry": { "type": "Point", "coordinates": [ -76.5398696, 3.4260596 ] } },
{ "type": "Feature", "properties": { "agrupado": "DESACATO, IRRESPETO A LA AUTORIDAD", "fecha_hech": "2025-08-24T00:00:00", "hora_hecho": "1:41", "cod_comuna": 19, "nom_comuna": "C-19 EL LIDO", "cod_barrio": 1913, "nom_bar_01": "El Cedro", "dire_hecho": "Calle 9 carrra 32", "sitio_hech": "SITIOS PÚBLICOS O ABIERTOS AL PÚBLICO", "lat": 3.4278826, "lon": -76.5370641, "estrato": 4 }, "geometry": { "type": "Point", "coordinates": [ -76.5370641, 3.4278826 ] } },
{ "type": "Feature", "properties": { "agrupado": "SUSTANCIAS PSICOACTIVAS", "fecha_hech": "2025-08-24T00:00:00", "hora_hecho": "12:42", "cod_comuna": 19, "nom_comuna": "C-19 EL LIDO", "cod_barrio": 1905, "nom_bar_01": "Eucaristico", "dire_hecho": "Calle 6 con 36", "sitio_hech": "SITIOS PÚBLICOS O ABIERTOS AL PÚBLICO", "lat": 3.425947367, "lon": -76.53947173, "estrato": 4 }, "geometry": { "type": "Point", "coordinates": [ -76.53947173, 3.425947367 ] } },
{ "type": "Feature", "properties": { "agrupado": "ARMAS EXCEPTO DE FUEGO", "fecha_hech": "2025-08-24T00:00:00", "hora_hecho": "15:40", "cod_comuna": 19, "nom_comuna": "C-19 EL LIDO", "cod_barrio": 1905, "nom_bar_01": "Eucaristico", "dire_hecho": "Calle 6 Carrera 36", "sitio_hech": "SITIOS PÚBLICOS O ABIERTOS AL PÚBLICO", "lat": 3.4267882, "lon": -76.5396221, "estrato": 4 }, "geometry": { "type": "Point", "coordinates": [ -76.5396221, 3.4267882 ] } },
{ "type": "Feature", "properties": { "agrupado": "DESACATO, IRRESPETO A LA AUTORIDAD", "fecha_hech": "2025-08-24T00:00:00", "hora_hecho": "22:06", "cod_comuna": 19, "nom_comuna": "C-19 EL LIDO", "cod_barrio": 1912, "nom_bar_01": "3 de Julio", "dire_hecho": "Cll 5 cra 24c", "sitio_hech": "SITIOS PÚBLICOS O ABIERTOS AL PÚBLICO", "lat": 3.4363617, "lon": -76.539605, "estrato": 4 }, "geometry": { "type": "Point", "coordinates": [ -76.539605, 3.4363617 ] } },
{ "type": "Feature", "properties": { "agrupado": "DESACATO, IRRESPETO A LA AUTORIDAD", "fecha_hech": "2025-08-24T00:00:00", "hora_hecho": "23:08", "cod_comuna": 19, "nom_comuna": "C-19 EL LIDO", "cod_barrio": 1905, "nom_bar_01": "Eucaristico", "dire_hecho": "Calle 7 con Carrera 36 A", "sitio_hech": "SITIOS PÚBLICOS O ABIERTOS AL PÚBLICO", "lat": 3.425307675, "lon": -76.53924933, "estrato": 4 }, "geometry": { "type": "Point", "coordinates": [ -76.53924933, 3.425307675 ] } },
{ "type": "Feature", "properties": { "agrupado": "ARMAS EXCEPTO DE FUEGO", "fecha_hech": "2025-08-24T00:00:00", "hora_hecho": "23:28", "cod_comuna": 19, "nom_comuna": "C-19 EL LIDO", "cod_barrio": 1912, "nom_bar_01": "3 de Julio", "dire_hecho": "Calle 5 C Carrera 27 B/ 3 de julio", "sitio_hech": "SITIOS PÚBLICOS O ABIERTOS AL PÚBLICO", "lat": 3.4333357, "lon": -76.5398244, "estrato": 4 }, "geometry": { "type": "Point", "coordinates": [ -76.5398244, 3.4333357 ] } },
{ "type": "Feature", "properties": { "agrupado": "DESACATO, IRRESPETO A LA AUTORIDAD", "fecha_hech": "2025-08-25T00:00:00", "hora_hecho": "0:09", "cod_comuna": 19, "nom_comuna": "C-19 EL LIDO", "cod_barrio": 1905, "nom_bar_01": "Eucaristico", "dire_hecho": "Calle 6 con 34", "sitio_hech": "MEDIO DE TRANSPORTE", "lat": 3.427991785, "lon": -76.53904743, "estrato": 4 }, "geometry": { "type": "Point", "coordinates": [ -76.53904743, 3.427991785 ] } },
{ "type": "Feature", "properties": { "agrupado": "ARMAS EXCEPTO DE FUEGO", "fecha_hech": "2025-08-25T00:00:00", "hora_hecho": "1:01", "cod_comuna": 19, "nom_comuna": "C-19 EL LIDO", "cod_barrio": 1913, "nom_bar_01": "El Cedro", "dire_hecho": "Calle 6 Carrera 30", "sitio_hech": "SITIOS PÚBLICOS O ABIERTOS AL PÚBLICO", "lat": 3.43027, "lon": -76.538785, "estrato": 4 }, "geometry": { "type": "Point", "coordinates": [ -76.538785, 3.43027 ] } },
{ "type": "Feature", "properties": { "agrupado": "DESACATO, IRRESPETO A LA AUTORIDAD", "fecha_hech": "2025-08-25T00:00:00", "hora_hecho": "20:21", "cod_comuna": 19, "nom_comuna": "C-19 EL LIDO", "cod_barrio": 1912, "nom_bar_01": "3 de Julio", "dire_hecho": "Cll 5b con 25", "sitio_hech": "MEDIO DE TRANSPORTE", "lat": 3.4345901, "lon": -76.5403613, "estrato": 4 }, "geometry": { "type": "Point", "coordinates": [ -76.5403613, 3.4345901 ] } },
{ "type": "Feature", "properties": { "agrupado": "RIÑAS", "fecha_hech": "2025-08-26T00:00:00", "hora_hecho": "11:03", "cod_comuna": 19, "nom_comuna": "C-19 EL LIDO", "cod_barrio": 1913, "nom_bar_01": "El Cedro", "dire_hecho": "Cr 28 con cll 6", "sitio_hech": "SITIOS PÚBLICOS O ABIERTOS AL PÚBLICO", "lat": 3.4325907, "lon": -76.5384647, "estrato": 4 }, "geometry": { "type": "Point", "coordinates": [ -76.5384647, 3.4325907 ] } },
{ "type": "Feature", "properties": { "agrupado": "RIÑAS", "fecha_hech": "2025-08-26T00:00:00", "hora_hecho": "11:12", "cod_comuna": 19, "nom_comuna": "C-19 EL LIDO", "cod_barrio": 1913, "nom_bar_01": "El Cedro", "dire_hecho": "Cr 28 con cll 6", "sitio_hech": "SITIOS PÚBLICOS O ABIERTOS AL PÚBLICO", "lat": 3.4325265, "lon": -76.5384187, "estrato": 4 }, "geometry": { "type": "Point", "coordinates": [ -76.5384187, 3.4325265 ] } },
{ "type": "Feature", "properties": { "agrupado": "ARMAS EXCEPTO DE FUEGO", "fecha_hech": "2025-08-26T00:00:00", "hora_hecho": "16:33", "cod_comuna": 19, "nom_comuna": "C-19 EL LIDO", "cod_barrio": 1912, "nom_bar_01": "3 de Julio", "dire_hecho": "Calle 6 Carrera 30 B/ 3 de julio", "sitio_hech": "SITIOS PÚBLICOS O ABIERTOS AL PÚBLICO", "lat": 3.429275709, "lon": -76.53943134, "estrato": 4 }, "geometry": { "type": "Point", "coordinates": [ -76.53943134, 3.429275709 ] } },
{ "type": "Feature", "properties": { "agrupado": "ARMAS EXCEPTO DE FUEGO", "fecha_hech": "2025-08-28T00:00:00", "hora_hecho": "6:21", "cod_comuna": 19, "nom_comuna": "C-19 EL LIDO", "cod_barrio": 1913, "nom_bar_01": "El Cedro", "dire_hecho": "Carrera 24 Calle 7", "sitio_hech": "SITIOS PÚBLICOS O ABIERTOS AL PÚBLICO", "lat": 3.4351267, "lon": -76.5381074, "estrato": 4 }, "geometry": { "type": "Point", "coordinates": [ -76.5381074, 3.4351267 ] } },
{ "type": "Feature", "properties": { "agrupado": "DESACATO, IRRESPETO A LA AUTORIDAD", "fecha_hech": "2025-08-28T00:00:00", "hora_hecho": "21:13", "cod_comuna": 19, "nom_comuna": "C-19 EL LIDO", "cod_barrio": 1905, "nom_bar_01": "Eucaristico", "dire_hecho": "Cra 34 calle 6", "sitio_hech": "SITIOS PÚBLICOS O ABIERTOS AL PÚBLICO", "lat": 3.4279017, "lon": -76.5387915, "estrato": 4 }, "geometry": { "type": "Point", "coordinates": [ -76.5387915, 3.4279017 ] } },
{ "type": "Feature", "properties": { "agrupado": "DESACATO, IRRESPETO A LA AUTORIDAD", "fecha_hech": "2025-08-29T00:00:00", "hora_hecho": "2:27", "cod_comuna": 19, "nom_comuna": "C-19 EL LIDO", "cod_barrio": 1913, "nom_bar_01": "El Cedro", "dire_hecho": "Calle 7 Carrera 34", "sitio_hech": "SITIOS PÚBLICOS O ABIERTOS AL PÚBLICO", "lat": 3.428982, "lon": -76.5388548, "estrato": 4 }, "geometry": { "type": "Point", "coordinates": [ -76.5388548, 3.428982 ] } },
{ "type": "Feature", "properties": { "agrupado": "DESACATO, IRRESPETO A LA AUTORIDAD", "fecha_hech": "2025-08-29T00:00:00", "hora_hecho": "9:04", "cod_comuna": 19, "nom_comuna": "C-19 EL LIDO", "cod_barrio": 1905, "nom_bar_01": "Eucaristico", "dire_hecho": "Calle 7 Carrera 35", "sitio_hech": "SITIOS PÚBLICOS O ABIERTOS AL PÚBLICO", "lat": 3.4271803, "lon": -76.5385785, "estrato": 4 }, "geometry": { "type": "Point", "coordinates": [ -76.5385785, 3.4271803 ] } },
{ "type": "Feature", "properties": { "agrupado": "SUSTANCIAS PSICOACTIVAS", "fecha_hech": "2025-08-29T00:00:00", "hora_hecho": "14:44", "cod_comuna": 19, "nom_comuna": "C-19 EL LIDO", "cod_barrio": 1905, "nom_bar_01": "Eucaristico", "dire_hecho": "Calle 6 con 36", "sitio_hech": "SITIOS PÚBLICOS O ABIERTOS AL PÚBLICO", "lat": 3.4258803, "lon": -76.5395486, "estrato": 4 }, "geometry": { "type": "Point", "coordinates": [ -76.5395486, 3.4258803 ] } },
{ "type": "Feature", "properties": { "agrupado": "ARMAS EXCEPTO DE FUEGO", "fecha_hech": "2025-08-29T00:00:00", "hora_hecho": "21:19", "cod_comuna": 19, "nom_comuna": "C-19 EL LIDO", "cod_barrio": 1913, "nom_bar_01": "El Cedro", "dire_hecho": "Calle 6 Carrera 26", "sitio_hech": "SITIOS PÚBLICOS O ABIERTOS AL PÚBLICO", "lat": 3.4346467, "lon": -76.538555, "estrato": 4 }, "geometry": { "type": "Point", "coordinates": [ -76.538555, 3.4346467 ] } },
{ "type": "Feature", "properties": { "agrupado": "DESACATO, IRRESPETO A LA AUTORIDAD", "fecha_hech": "2025-08-29T00:00:00", "hora_hecho": "23:32", "cod_comuna": 19, "nom_comuna": "C-19 EL LIDO", "cod_barrio": 1913, "nom_bar_01": "El Cedro", "dire_hecho": "Cll 6 con cr 30", "sitio_hech": "MEDIO DE TRANSPORTE", "lat": 3.4318121, "lon": -76.5388933, "estrato": 4 }, "geometry": { "type": "Point", "coordinates": [ -76.5388933, 3.4318121 ] } },
{ "type": "Feature", "properties": { "agrupado": "DESACATO, IRRESPETO A LA AUTORIDAD", "fecha_hech": "2025-08-30T00:00:00", "hora_hecho": "2:41", "cod_comuna": 19, "nom_comuna": "C-19 EL LIDO", "cod_barrio": 1912, "nom_bar_01": "3 de Julio", "dire_hecho": "Cll 5b con cr 26", "sitio_hech": "MEDIO DE TRANSPORTE", "lat": 3.4354621, "lon": -76.5403164, "estrato": 4 }, "geometry": { "type": "Point", "coordinates": [ -76.5403164, 3.4354621 ] } },
{ "type": "Feature", "properties": { "agrupado": "SUSTANCIAS PSICOACTIVAS", "fecha_hech": "2025-08-30T00:00:00", "hora_hecho": "10:28", "cod_comuna": 19, "nom_comuna": "C-19 EL LIDO", "cod_barrio": 1905, "nom_bar_01": "Eucaristico", "dire_hecho": "Calle6#36", "sitio_hech": "SITIOS PÚBLICOS O ABIERTOS AL PÚBLICO", "lat": 3.4265406, "lon": -76.5397307, "estrato": 4 }, "geometry": { "type": "Point", "coordinates": [ -76.5397307, 3.4265406 ] } },
{ "type": "Feature", "properties": { "agrupado": "ARMAS EXCEPTO DE FUEGO", "fecha_hech": "2025-08-31T00:00:00", "hora_hecho": "2:03", "cod_comuna": 19, "nom_comuna": "C-19 EL LIDO", "cod_barrio": 1912, "nom_bar_01": "3 de Julio", "dire_hecho": "Calle 5 B Carrera 26 B/ 3 de julio", "sitio_hech": "SITIOS PÚBLICOS O ABIERTOS AL PÚBLICO", "lat": 3.433501103, "lon": -76.54048912, "estrato": 4 }, "geometry": { "type": "Point", "coordinates": [ -76.54048912, 3.433501103 ] } },
{ "type": "Feature", "properties": { "agrupado": "DESACATO, IRRESPETO A LA AUTORIDAD", "fecha_hech": "2025-08-31T00:00:00", "hora_hecho": "15:36", "cod_comuna": 19, "nom_comuna": "C-19 EL LIDO", "cod_barrio": 1913, "nom_bar_01": "El Cedro", "dire_hecho": "Calle 5 B Carrera 31", "sitio_hech": "MEDIO DE TRANSPORTE", "lat": 3.429106, "lon": -76.5386623, "estrato": 4 }, "geometry": { "type": "Point", "coordinates": [ -76.5386623, 3.429106 ] } },
{ "type": "Feature", "properties": { "agrupado": "ARMAS EXCEPTO DE FUEGO", "fecha_hech": "2025-09-01T00:00:00", "hora_hecho": "11:17", "cod_comuna": 19, "nom_comuna": "C-19 EL LIDO", "cod_barrio": 1913, "nom_bar_01": "El Cedro", "dire_hecho": "Calle 6 cra 31", "sitio_hech": "SITIOS PÚBLICOS O ABIERTOS AL PÚBLICO", "lat": 3.429001404, "lon": -76.53888801, "estrato": 4 }, "geometry": { "type": "Point", "coordinates": [ -76.53888801, 3.429001404 ] } },
{ "type": "Feature", "properties": { "agrupado": "ARMAS EXCEPTO DE FUEGO", "fecha_hech": "2025-09-02T00:00:00", "hora_hecho": "16:10", "cod_comuna": 19, "nom_comuna": "C-19 EL LIDO", "cod_barrio": 1905, "nom_bar_01": "Eucaristico", "dire_hecho": "Carrera 36 Calle 7 Parque el templete", "sitio_hech": "SITIOS PÚBLICOS O ABIERTOS AL PÚBLICO", "lat": 3.425992128, "lon": -76.53912645, "estrato": 4 }, "geometry": { "type": "Point", "coordinates": [ -76.53912645, 3.425992128 ] } },
{ "type": "Feature", "properties": { "agrupado": "DESACATO, IRRESPETO A LA AUTORIDAD", "fecha_hech": "2025-09-02T00:00:00", "hora_hecho": "16:59", "cod_comuna": 19, "nom_comuna": "C-19 EL LIDO", "cod_barrio": 1905, "nom_bar_01": "Eucaristico", "dire_hecho": "Calle 6 Carrera 34", "sitio_hech": "MEDIO DE TRANSPORTE", "lat": 3.428059591, "lon": -76.53899189000001, "estrato": 4 }, "geometry": { "type": "Point", "coordinates": [ -76.53899189, 3.428059591 ] } },
{ "type": "Feature", "properties": { "agrupado": "ARMAS EXCEPTO DE FUEGO", "fecha_hech": "2025-09-03T00:00:00", "hora_hecho": "1:04", "cod_comuna": 19, "nom_comuna": "C-19 EL LIDO", "cod_barrio": 1913, "nom_bar_01": "El Cedro", "dire_hecho": "Calle 7 Carrera 29", "sitio_hech": "SITIOS PÚBLICOS O ABIERTOS AL PÚBLICO", "lat": 3.4307965, "lon": -76.5378655, "estrato": 4 }, "geometry": { "type": "Point", "coordinates": [ -76.5378655, 3.4307965 ] } },
{ "type": "Feature", "properties": { "agrupado": "SUSTANCIAS PSICOACTIVAS", "fecha_hech": "2025-09-03T00:00:00", "hora_hecho": "19:51", "cod_comuna": 19, "nom_comuna": "C-19 EL LIDO", "cod_barrio": 1905, "nom_bar_01": "Eucaristico", "dire_hecho": "Calle 7 Carrera 36", "sitio_hech": "SITIOS PÚBLICOS O ABIERTOS AL PÚBLICO", "lat": 3.425631, "lon": -76.5391894, "estrato": 4 }, "geometry": { "type": "Point", "coordinates": [ -76.5391894, 3.425631 ] } },
{ "type": "Feature", "properties": { "agrupado": "ARMAS EXCEPTO DE FUEGO", "fecha_hech": "2025-09-03T00:00:00", "hora_hecho": "20:24", "cod_comuna": 19, "nom_comuna": "C-19 EL LIDO", "cod_barrio": 1913, "nom_bar_01": "El Cedro", "dire_hecho": "Cll 6 cra 30", "sitio_hech": "SITIOS PÚBLICOS O ABIERTOS AL PÚBLICO", "lat": 3.4289402, "lon": -76.5388743, "estrato": 4 }, "geometry": { "type": "Point", "coordinates": [ -76.5388743, 3.4289402 ] } },
{ "type": "Feature", "properties": { "agrupado": "SUSTANCIAS PSICOACTIVAS", "fecha_hech": "2025-09-04T00:00:00", "hora_hecho": "11:44", "cod_comuna": 19, "nom_comuna": "C-19 EL LIDO", "cod_barrio": 1913, "nom_bar_01": "El Cedro", "dire_hecho": "Calle 6 Carrera 26", "sitio_hech": "SITIOS PÚBLICOS O ABIERTOS AL PÚBLICO", "lat": 3.4344783, "lon": -76.538579, "estrato": 4 }, "geometry": { "type": "Point", "coordinates": [ -76.538579, 3.4344783 ] } },
{ "type": "Feature", "properties": { "agrupado": "ARMAS EXCEPTO DE FUEGO", "fecha_hech": "2025-09-05T00:00:00", "hora_hecho": "13:26", "cod_comuna": 19, "nom_comuna": "C-19 EL LIDO", "cod_barrio": 1913, "nom_bar_01": "El Cedro", "dire_hecho": "Carrera 31 Calle 6", "sitio_hech": "SITIOS PÚBLICOS O ABIERTOS AL PÚBLICO", "lat": 3.429265, "lon": -76.5389117, "estrato": 4 }, "geometry": { "type": "Point", "coordinates": [ -76.5389117, 3.429265 ] } },
{ "type": "Feature", "properties": { "agrupado": "ARMAS EXCEPTO DE FUEGO", "fecha_hech": "2025-09-05T00:00:00", "hora_hecho": "18:01", "cod_comuna": 19, "nom_comuna": "C-19 EL LIDO", "cod_barrio": 1905, "nom_bar_01": "Eucaristico", "dire_hecho": "Calle 6 Carrera 36 A", "sitio_hech": "SITIOS PÚBLICOS O ABIERTOS AL PÚBLICO", "lat": 3.4259826, "lon": -76.5398282, "estrato": 4 }, "geometry": { "type": "Point", "coordinates": [ -76.5398282, 3.4259826 ] } },
{ "type": "Feature", "properties": { "agrupado": "ARMAS EXCEPTO DE FUEGO", "fecha_hech": "2025-09-07T00:00:00", "hora_hecho": "0:28", "cod_comuna": 19, "nom_comuna": "C-19 EL LIDO", "cod_barrio": 1905, "nom_bar_01": "Eucaristico", "dire_hecho": "Calle 6 Carrera 34", "sitio_hech": "SITIOS PÚBLICOS O ABIERTOS AL PÚBLICO", "lat": 3.428095374, "lon": -76.53899959, "estrato": 4 }, "geometry": { "type": "Point", "coordinates": [ -76.53899959, 3.428095374 ] } },
{ "type": "Feature", "properties": { "agrupado": "SUSTANCIAS PSICOACTIVAS", "fecha_hech": "2025-09-07T00:00:00", "hora_hecho": "12:46", "cod_comuna": 19, "nom_comuna": "C-19 EL LIDO", "cod_barrio": 1906, "nom_bar_01": "San Fernando Nuevo", "dire_hecho": "Calle 34 Con calle 5b", "sitio_hech": "SITIOS PÚBLICOS O ABIERTOS AL PÚBLICO", "lat": 3.428707, "lon": -76.5393616, "estrato": 4 }, "geometry": { "type": "Point", "coordinates": [ -76.5393616, 3.428707 ] } },
{ "type": "Feature", "properties": { "agrupado": "DESACATO, IRRESPETO A LA AUTORIDAD", "fecha_hech": "2025-09-07T00:00:00", "hora_hecho": "19:18", "cod_comuna": 19, "nom_comuna": "C-19 EL LIDO", "cod_barrio": 1912, "nom_bar_01": "3 de Julio", "dire_hecho": "Carrera 30 Calle 5 C", "sitio_hech": "SITIOS PÚBLICOS O ABIERTOS AL PÚBLICO", "lat": 3.4304, "lon": -76.5392475, "estrato": 4 }, "geometry": { "type": "Point", "coordinates": [ -76.5392475, 3.4304 ] } },
{ "type": "Feature", "properties": { "agrupado": "DESACATO, IRRESPETO A LA AUTORIDAD", "fecha_hech": "2025-09-10T00:00:00", "hora_hecho": "13:57", "cod_comuna": 19, "nom_comuna": "C-19 EL LIDO", "cod_barrio": 1913, "nom_bar_01": "El Cedro", "dire_hecho": "Carrera 26 Calle6", "sitio_hech": "SITIOS PÚBLICOS O ABIERTOS AL PÚBLICO", "lat": 3.4343798, "lon": -76.5385051, "estrato": 4 }, "geometry": { "type": "Point", "coordinates": [ -76.5385051, 3.4343798 ] } },
{ "type": "Feature", "properties": { "agrupado": "ARMAS EXCEPTO DE FUEGO", "fecha_hech": "2025-09-10T00:00:00", "hora_hecho": "18:29", "cod_comuna": 19, "nom_comuna": "C-19 EL LIDO", "cod_barrio": 1912, "nom_bar_01": "3 de Julio", "dire_hecho": "Calle 5 B Carrera 27 B/ 3 de julio", "sitio_hech": "SITIOS PÚBLICOS O ABIERTOS AL PÚBLICO", "lat": 3.4334006, "lon": -76.5396965, "estrato": 4 }, "geometry": { "type": "Point", "coordinates": [ -76.5396965, 3.4334006 ] } },
{ "type": "Feature", "properties": { "agrupado": "ARMAS EXCEPTO DE FUEGO", "fecha_hech": "2025-09-11T00:00:00", "hora_hecho": "23:58", "cod_comuna": 19, "nom_comuna": "C-19 EL LIDO", "cod_barrio": 1913, "nom_bar_01": "El Cedro", "dire_hecho": "Carrera 28 Calle 7", "sitio_hech": "SITIOS PÚBLICOS O ABIERTOS AL PÚBLICO", "lat": 3.4324368, "lon": -76.5379988, "estrato": 4 }, "geometry": { "type": "Point", "coordinates": [ -76.5379988, 3.4324368 ] } },
{ "type": "Feature", "properties": { "agrupado": "ARMAS EXCEPTO DE FUEGO", "fecha_hech": "2025-09-12T00:00:00", "hora_hecho": "19:51", "cod_comuna": 19, "nom_comuna": "C-19 EL LIDO", "cod_barrio": 1913, "nom_bar_01": "El Cedro", "dire_hecho": "Clle 9 cra 31", "sitio_hech": "SITIOS PÚBLICOS O ABIERTOS AL PÚBLICO", "lat": 3.429226, "lon": -76.5389656, "estrato": 4 }, "geometry": { "type": "Point", "coordinates": [ -76.5389656, 3.429226 ] } },
{ "type": "Feature", "properties": { "agrupado": "ARMAS EXCEPTO DE FUEGO", "fecha_hech": "2025-09-13T00:00:00", "hora_hecho": "11:22", "cod_comuna": 19, "nom_comuna": "C-19 EL LIDO", "cod_barrio": 1913, "nom_bar_01": "El Cedro", "dire_hecho": "Cll 6 cra 31", "sitio_hech": "SITIOS PÚBLICOS O ABIERTOS AL PÚBLICO", "lat": 3.428914, "lon": -76.5389055, "estrato": 4 }, "geometry": { "type": "Point", "coordinates": [ -76.5389055, 3.428914 ] } },
{ "type": "Feature", "properties": { "agrupado": "ARMAS EXCEPTO DE FUEGO", "fecha_hech": "2025-09-13T00:00:00", "hora_hecho": "15:16", "cod_comuna": 19, "nom_comuna": "C-19 EL LIDO", "cod_barrio": 1912, "nom_bar_01": "3 de Julio", "dire_hecho": "Calle 5 B Carrera 26 B/ 3 de julio", "sitio_hech": "SITIOS PÚBLICOS O ABIERTOS AL PÚBLICO", "lat": 3.4336753, "lon": -76.5404436, "estrato": 4 }, "geometry": { "type": "Point", "coordinates": [ -76.5404436, 3.4336753 ] } },
{ "type": "Feature", "properties": { "agrupado": "DESACATO, IRRESPETO A LA AUTORIDAD", "fecha_hech": "2025-09-14T00:00:00", "hora_hecho": "0:01", "cod_comuna": 19, "nom_comuna": "C-19 EL LIDO", "cod_barrio": 1913, "nom_bar_01": "El Cedro", "dire_hecho": "Calle 7 Carrera 24", "sitio_hech": "SITIOS PÚBLICOS O ABIERTOS AL PÚBLICO", "lat": 3.4363347, "lon": -76.5373457, "estrato": 4 }, "geometry": { "type": "Point", "coordinates": [ -76.5373457, 3.4363347 ] } },
{ "type": "Feature", "properties": { "agrupado": "ARMAS EXCEPTO DE FUEGO", "fecha_hech": "2025-09-14T00:00:00", "hora_hecho": "11:18", "cod_comuna": 19, "nom_comuna": "C-19 EL LIDO", "cod_barrio": 1912, "nom_bar_01": "3 de Julio", "dire_hecho": "Calle 5 B Carrera 25 B/ 3 de julio", "sitio_hech": "SITIOS PÚBLICOS O ABIERTOS AL PÚBLICO", "lat": 3.4335551, "lon": -76.539919, "estrato": 4 }, "geometry": { "type": "Point", "coordinates": [ -76.539919, 3.4335551 ] } },
{ "type": "Feature", "properties": { "agrupado": "ARMAS EXCEPTO DE FUEGO", "fecha_hech": "2025-09-15T00:00:00", "hora_hecho": "3:19", "cod_comuna": 19, "nom_comuna": "C-19 EL LIDO", "cod_barrio": 1912, "nom_bar_01": "3 de Julio", "dire_hecho": "Calle 5 B Carrera 27 B/ 3 de julio", "sitio_hech": "SITIOS PÚBLICOS O ABIERTOS AL PÚBLICO", "lat": 3.433505377, "lon": -76.540475, "estrato": 4 }, "geometry": { "type": "Point", "coordinates": [ -76.540475, 3.433505377 ] } },
{ "type": "Feature", "properties": { "agrupado": "ARMAS EXCEPTO DE FUEGO", "fecha_hech": "2025-09-16T00:00:00", "hora_hecho": "11:55", "cod_comuna": 19, "nom_comuna": "C-19 EL LIDO", "cod_barrio": 1913, "nom_bar_01": "El Cedro", "dire_hecho": "Clle 6 cra 31", "sitio_hech": "SITIOS PÚBLICOS O ABIERTOS AL PÚBLICO", "lat": 3.4288426, "lon": -76.5388704, "estrato": 4 }, "geometry": { "type": "Point", "coordinates": [ -76.5388704, 3.4288426 ] } },
{ "type": "Feature", "properties": { "agrupado": "ARMAS EXCEPTO DE FUEGO", "fecha_hech": "2025-09-17T00:00:00", "hora_hecho": "4:03", "cod_comuna": 19, "nom_comuna": "C-19 EL LIDO", "cod_barrio": 1913, "nom_bar_01": "El Cedro", "dire_hecho": "Clle 7 cra 24", "sitio_hech": "SITIOS PÚBLICOS O ABIERTOS AL PÚBLICO", "lat": 3.436448656, "lon": -76.53739659, "estrato": 4 }, "geometry": { "type": "Point", "coordinates": [ -76.53739659, 3.436448656 ] } },
{ "type": "Feature", "properties": { "agrupado": "ARMAS EXCEPTO DE FUEGO", "fecha_hech": "2025-09-18T00:00:00", "hora_hecho": "17:45", "cod_comuna": 19, "nom_comuna": "C-19 EL LIDO", "cod_barrio": 1912, "nom_bar_01": "3 de Julio", "dire_hecho": "Cll.6.con cr.26", "sitio_hech": "SITIOS PÚBLICOS O ABIERTOS AL PÚBLICO", "lat": 3.4347322, "lon": -76.5388926, "estrato": 4 }, "geometry": { "type": "Point", "coordinates": [ -76.5388926, 3.4347322 ] } },
{ "type": "Feature", "properties": { "agrupado": "ARMAS EXCEPTO DE FUEGO", "fecha_hech": "2025-09-18T00:00:00", "hora_hecho": "19:28", "cod_comuna": 19, "nom_comuna": "C-19 EL LIDO", "cod_barrio": 1913, "nom_bar_01": "El Cedro", "dire_hecho": "Cll 7 cra 32", "sitio_hech": "SITIOS PÚBLICOS O ABIERTOS AL PÚBLICO", "lat": 3.4289538, "lon": -76.53873, "estrato": 4 }, "geometry": { "type": "Point", "coordinates": [ -76.53873, 3.4289538 ] } },
{ "type": "Feature", "properties": { "agrupado": "ARMAS EXCEPTO DE FUEGO", "fecha_hech": "2025-09-23T00:00:00", "hora_hecho": "5:08", "cod_comuna": 19, "nom_comuna": "C-19 EL LIDO", "cod_barrio": 1913, "nom_bar_01": "El Cedro", "dire_hecho": "Cll 6 cra 31", "sitio_hech": "SITIOS PÚBLICOS O ABIERTOS AL PÚBLICO", "lat": 3.4289542, "lon": -76.5388508, "estrato": 4 }, "geometry": { "type": "Point", "coordinates": [ -76.5388508, 3.4289542 ] } },
{ "type": "Feature", "properties": { "agrupado": "ARMAS EXCEPTO DE FUEGO", "fecha_hech": "2025-09-24T00:00:00", "hora_hecho": "17:19", "cod_comuna": 19, "nom_comuna": "C-19 EL LIDO", "cod_barrio": 1912, "nom_bar_01": "3 de Julio", "dire_hecho": "Cll 6 con cr 29", "sitio_hech": "SITIOS PÚBLICOS O ABIERTOS AL PÚBLICO", "lat": 3.434036823, "lon": -76.53882466, "estrato": 4 }, "geometry": { "type": "Point", "coordinates": [ -76.53882466, 3.434036823 ] } },
{ "type": "Feature", "properties": { "agrupado": "ARMAS EXCEPTO DE FUEGO", "fecha_hech": "2025-09-26T00:00:00", "hora_hecho": "8:49", "cod_comuna": 19, "nom_comuna": "C-19 EL LIDO", "cod_barrio": 1912, "nom_bar_01": "3 de Julio", "dire_hecho": "Calle 5 Carrera 24 B/ 3 de julio", "sitio_hech": "SITIOS PÚBLICOS O ABIERTOS AL PÚBLICO", "lat": 3.4353994, "lon": -76.5399407, "estrato": 4 }, "geometry": { "type": "Point", "coordinates": [ -76.5399407, 3.4353994 ] } },
{ "type": "Feature", "properties": { "agrupado": "DESACATO, IRRESPETO A LA AUTORIDAD", "fecha_hech": "2025-09-28T00:00:00", "hora_hecho": "3:59", "cod_comuna": 19, "nom_comuna": "C-19 EL LIDO", "cod_barrio": 1913, "nom_bar_01": "El Cedro", "dire_hecho": "Calle 6 Carrera 24", "sitio_hech": "SITIOS PÚBLICOS O ABIERTOS AL PÚBLICO", "lat": 3.4367883, "lon": -76.538665, "estrato": 4 }, "geometry": { "type": "Point", "coordinates": [ -76.538665, 3.4367883 ] } },
{ "type": "Feature", "properties": { "agrupado": "ARMAS EXCEPTO DE FUEGO", "fecha_hech": "2025-09-29T00:00:00", "hora_hecho": "7:46", "cod_comuna": 19, "nom_comuna": "C-19 EL LIDO", "cod_barrio": 1905, "nom_bar_01": "Eucaristico", "dire_hecho": "Calle 10 Carrera 44", "sitio_hech": "SITIOS PÚBLICOS O ABIERTOS AL PÚBLICO", "lat": 3.4256355, "lon": -76.5392224, "estrato": 4 }, "geometry": { "type": "Point", "coordinates": [ -76.5392224, 3.4256355 ] } },
{ "type": "Feature", "properties": { "agrupado": "SUSTANCIAS PSICOACTIVAS", "fecha_hech": "2025-09-30T00:00:00", "hora_hecho": "20:19", "cod_comuna": 19, "nom_comuna": "C-19 EL LIDO", "cod_barrio": 1905, "nom_bar_01": "Eucaristico", "dire_hecho": "Calle 6 con Carrera 36", "sitio_hech": "SITIOS PÚBLICOS O ABIERTOS AL PÚBLICO", "lat": 3.4261078, "lon": -76.5396548, "estrato": 4 }, "geometry": { "type": "Point", "coordinates": [ -76.5396548, 3.4261078 ] } },
{ "type": "Feature", "properties": { "agrupado": "ARMAS EXCEPTO DE FUEGO", "fecha_hech": "2025-10-01T00:00:00", "hora_hecho": "15:27", "cod_comuna": 19, "nom_comuna": "C-19 EL LIDO", "cod_barrio": 1912, "nom_bar_01": "3 de Julio", "dire_hecho": "Calle 5 C Carrera 27 B/ 3 de julio", "sitio_hech": "SITIOS PÚBLICOS O ABIERTOS AL PÚBLICO", "lat": 3.433356269, "lon": -76.53969685, "estrato": 4 }, "geometry": { "type": "Point", "coordinates": [ -76.53969685, 3.433356269 ] } },
{ "type": "Feature", "properties": { "agrupado": "ARMAS EXCEPTO DE FUEGO", "fecha_hech": "2025-10-02T00:00:00", "hora_hecho": "10:57", "cod_comuna": 19, "nom_comuna": "C-19 EL LIDO", "cod_barrio": 1905, "nom_bar_01": "Eucaristico", "dire_hecho": "Calle 6 con Carrera 36", "sitio_hech": "SITIOS PÚBLICOS O ABIERTOS AL PÚBLICO", "lat": 3.425924, "lon": -76.5393386, "estrato": 4 }, "geometry": { "type": "Point", "coordinates": [ -76.5393386, 3.425924 ] } },
{ "type": "Feature", "properties": { "agrupado": "ARMAS EXCEPTO DE FUEGO", "fecha_hech": "2025-10-02T00:00:00", "hora_hecho": "19:56", "cod_comuna": 19, "nom_comuna": "C-19 EL LIDO", "cod_barrio": 1905, "nom_bar_01": "Eucaristico", "dire_hecho": "Calle 9 Carrera 36", "sitio_hech": "SITIOS PÚBLICOS O ABIERTOS AL PÚBLICO", "lat": 3.4257146, "lon": -76.5381502, "estrato": 4 }, "geometry": { "type": "Point", "coordinates": [ -76.5381502, 3.4257146 ] } },
{ "type": "Feature", "properties": { "agrupado": "ARMAS EXCEPTO DE FUEGO", "fecha_hech": "2025-10-02T00:00:00", "hora_hecho": "21:34", "cod_comuna": 19, "nom_comuna": "C-19 EL LIDO", "cod_barrio": 1913, "nom_bar_01": "El Cedro", "dire_hecho": "Cll5#34", "sitio_hech": "SITIOS PÚBLICOS O ABIERTOS AL PÚBLICO", "lat": 3.4345603, "lon": -76.5387749, "estrato": 4 }, "geometry": { "type": "Point", "coordinates": [ -76.5387749, 3.4345603 ] } },
{ "type": "Feature", "properties": { "agrupado": "ARMAS EXCEPTO DE FUEGO", "fecha_hech": "2025-10-02T00:00:00", "hora_hecho": "22:37", "cod_comuna": 19, "nom_comuna": "C-19 EL LIDO", "cod_barrio": 1912, "nom_bar_01": "3 de Julio", "dire_hecho": "Calle 5 Carrera 24 B/ 3 de julio", "sitio_hech": "SITIOS PÚBLICOS O ABIERTOS AL PÚBLICO", "lat": 3.436558228, "lon": -76.53883838, "estrato": 4 }, "geometry": { "type": "Point", "coordinates": [ -76.53883838, 3.436558228 ] } },
{ "type": "Feature", "properties": { "agrupado": "ARMAS EXCEPTO DE FUEGO", "fecha_hech": "2025-10-04T00:00:00", "hora_hecho": "5:08", "cod_comuna": 19, "nom_comuna": "C-19 EL LIDO", "cod_barrio": 1913, "nom_bar_01": "El Cedro", "dire_hecho": "Calle 6 Carrera 34", "sitio_hech": "SITIOS PÚBLICOS O ABIERTOS AL PÚBLICO", "lat": 3.4291434, "lon": -76.5390044, "estrato": 4 }, "geometry": { "type": "Point", "coordinates": [ -76.5390044, 3.4291434 ] } },
{ "type": "Feature", "properties": { "agrupado": "ARMAS EXCEPTO DE FUEGO", "fecha_hech": "2025-10-04T00:00:00", "hora_hecho": "14:27", "cod_comuna": 19, "nom_comuna": "C-19 EL LIDO", "cod_barrio": 1913, "nom_bar_01": "El Cedro", "dire_hecho": "Calle 6 Carrera 30", "sitio_hech": "SITIOS PÚBLICOS O ABIERTOS AL PÚBLICO", "lat": 3.429587321, "lon": -76.5388984, "estrato": 4 }, "geometry": { "type": "Point", "coordinates": [ -76.5388984, 3.429587321 ] } },
{ "type": "Feature", "properties": { "agrupado": "DESACATO, IRRESPETO A LA AUTORIDAD", "fecha_hech": "2025-10-04T00:00:00", "hora_hecho": "23:16", "cod_comuna": 19, "nom_comuna": "C-19 EL LIDO", "cod_barrio": 1905, "nom_bar_01": "Eucaristico", "dire_hecho": "Calle 6 #36a", "sitio_hech": "SITIOS PÚBLICOS O ABIERTOS AL PÚBLICO", "lat": 3.4256222, "lon": -76.5403457, "estrato": 4 }, "geometry": { "type": "Point", "coordinates": [ -76.5403457, 3.4256222 ] } },
{ "type": "Feature", "properties": { "agrupado": "DESACATO, IRRESPETO A LA AUTORIDAD", "fecha_hech": "2025-10-06T00:00:00", "hora_hecho": "16:03", "cod_comuna": 19, "nom_comuna": "C-19 EL LIDO", "cod_barrio": 1905, "nom_bar_01": "Eucaristico", "dire_hecho": "Calle 6 #36a", "sitio_hech": "SITIOS PÚBLICOS O ABIERTOS AL PÚBLICO", "lat": 3.425618, "lon": -76.5403796, "estrato": 4 }, "geometry": { "type": "Point", "coordinates": [ -76.5403796, 3.425618 ] } },
{ "type": "Feature", "properties": { "agrupado": "DESACATO, IRRESPETO A LA AUTORIDAD", "fecha_hech": "2025-10-07T00:00:00", "hora_hecho": "2:57", "cod_comuna": 19, "nom_comuna": "C-19 EL LIDO", "cod_barrio": 1906, "nom_bar_01": "San Fernando Nuevo", "dire_hecho": "Calle 6 Carrera 36", "sitio_hech": "MEDIO DE TRANSPORTE", "lat": 3.4271629, "lon": -76.539682, "estrato": 4 }, "geometry": { "type": "Point", "coordinates": [ -76.539682, 3.4271629 ] } },
{ "type": "Feature", "properties": { "agrupado": "ARMAS EXCEPTO DE FUEGO", "fecha_hech": "2025-10-08T00:00:00", "hora_hecho": "1:29", "cod_comuna": 19, "nom_comuna": "C-19 EL LIDO", "cod_barrio": 1913, "nom_bar_01": "El Cedro", "dire_hecho": "Calle 6 #34", "sitio_hech": "SITIOS PÚBLICOS O ABIERTOS AL PÚBLICO", "lat": 3.4283106, "lon": -76.5390378, "estrato": 4 }, "geometry": { "type": "Point", "coordinates": [ -76.5390378, 3.4283106 ] } },
{ "type": "Feature", "properties": { "agrupado": "ARMAS EXCEPTO DE FUEGO", "fecha_hech": "2025-10-08T00:00:00", "hora_hecho": "4:51", "cod_comuna": 19, "nom_comuna": "C-19 EL LIDO", "cod_barrio": 1913, "nom_bar_01": "El Cedro", "dire_hecho": "Clle 6 cr 31", "sitio_hech": "SITIOS PÚBLICOS O ABIERTOS AL PÚBLICO", "lat": 3.4290629, "lon": -76.5387449, "estrato": 4 }, "geometry": { "type": "Point", "coordinates": [ -76.5387449, 3.4290629 ] } },
{ "type": "Feature", "properties": { "agrupado": "DESACATO, IRRESPETO A LA AUTORIDAD", "fecha_hech": "2025-10-08T00:00:00", "hora_hecho": "18:55", "cod_comuna": 19, "nom_comuna": "C-19 EL LIDO", "cod_barrio": 1913, "nom_bar_01": "El Cedro", "dire_hecho": "Calle 6 Carrera 34", "sitio_hech": "SITIOS PÚBLICOS O ABIERTOS AL PÚBLICO", "lat": 3.4290627, "lon": -76.538944, "estrato": 4 }, "geometry": { "type": "Point", "coordinates": [ -76.538944, 3.4290627 ] } },
{ "type": "Feature", "properties": { "agrupado": "SUSTANCIAS PSICOACTIVAS", "fecha_hech": "2025-10-09T00:00:00", "hora_hecho": "14:42", "cod_comuna": 19, "nom_comuna": "C-19 EL LIDO", "cod_barrio": 1905, "nom_bar_01": "Eucaristico", "dire_hecho": "Calle 6-36A", "sitio_hech": "SITIOS PÚBLICOS O ABIERTOS AL PÚBLICO", "lat": 3.4261636, "lon": -76.5398471, "estrato": 4 }, "geometry": { "type": "Point", "coordinates": [ -76.5398471, 3.4261636 ] } },
{ "type": "Feature", "properties": { "agrupado": "DESACATO, IRRESPETO A LA AUTORIDAD", "fecha_hech": "2025-10-09T00:00:00", "hora_hecho": "15:11", "cod_comuna": 19, "nom_comuna": "C-19 EL LIDO", "cod_barrio": 1913, "nom_bar_01": "El Cedro", "dire_hecho": "Calle 6 calle 34", "sitio_hech": "SITIOS PÚBLICOS O ABIERTOS AL PÚBLICO", "lat": 3.4283368, "lon": -76.5389124, "estrato": 4 }, "geometry": { "type": "Point", "coordinates": [ -76.5389124, 3.4283368 ] } },
{ "type": "Feature", "properties": { "agrupado": "ARMAS EXCEPTO DE FUEGO", "fecha_hech": "2025-10-09T00:00:00", "hora_hecho": "18:08", "cod_comuna": 19, "nom_comuna": "C-19 EL LIDO", "cod_barrio": 1913, "nom_bar_01": "El Cedro", "dire_hecho": "Cll 6 cra 31", "sitio_hech": "SITIOS PÚBLICOS O ABIERTOS AL PÚBLICO", "lat": 3.4289715, "lon": -76.538838, "estrato": 4 }, "geometry": { "type": "Point", "coordinates": [ -76.538838, 3.4289715 ] } },
{ "type": "Feature", "properties": { "agrupado": "SUSTANCIAS PSICOACTIVAS", "fecha_hech": "2025-10-10T00:00:00", "hora_hecho": "23:36", "cod_comuna": 19, "nom_comuna": "C-19 EL LIDO", "cod_barrio": 1905, "nom_bar_01": "Eucaristico", "dire_hecho": "Calle 7 carrera 34", "sitio_hech": "SITIOS PÚBLICOS O ABIERTOS AL PÚBLICO", "lat": 3.427319, "lon": -76.5385722, "estrato": 4 }, "geometry": { "type": "Point", "coordinates": [ -76.5385722, 3.427319 ] } },
{ "type": "Feature", "properties": { "agrupado": "ARMAS EXCEPTO DE FUEGO", "fecha_hech": "2025-10-11T00:00:00", "hora_hecho": "15:09", "cod_comuna": 19, "nom_comuna": "C-19 EL LIDO", "cod_barrio": 1912, "nom_bar_01": "3 de Julio", "dire_hecho": "Carrera 27 Calle 5 B", "sitio_hech": "SITIOS PÚBLICOS O ABIERTOS AL PÚBLICO", "lat": 3.4334035, "lon": -76.5397341, "estrato": 4 }, "geometry": { "type": "Point", "coordinates": [ -76.5397341, 3.4334035 ] } },
{ "type": "Feature", "properties": { "agrupado": "SUSTANCIAS PSICOACTIVAS", "fecha_hech": "2025-10-11T00:00:00", "hora_hecho": "17:55", "cod_comuna": 19, "nom_comuna": "C-19 EL LIDO", "cod_barrio": 1905, "nom_bar_01": "Eucaristico", "dire_hecho": "Carrera 36 Calle 7 Parque el templete", "sitio_hech": "SITIOS PÚBLICOS O ABIERTOS AL PÚBLICO", "lat": 3.425947471, "lon": -76.53911518, "estrato": 4 }, "geometry": { "type": "Point", "coordinates": [ -76.53911518, 3.425947471 ] } },
{ "type": "Feature", "properties": { "agrupado": "RIÑAS", "fecha_hech": "2025-10-11T00:00:00", "hora_hecho": "18:07", "cod_comuna": 19, "nom_comuna": "C-19 EL LIDO", "cod_barrio": 1906, "nom_bar_01": "San Fernando Nuevo", "dire_hecho": "Calle 5 B 4#36b-61", "sitio_hech": "SITIOS PÚBLICOS O ABIERTOS AL PÚBLICO", "lat": 3.4268867, "lon": -76.5413863, "estrato": 4 }, "geometry": { "type": "Point", "coordinates": [ -76.5413863, 3.4268867 ] } },
{ "type": "Feature", "properties": { "agrupado": "ARMAS EXCEPTO DE FUEGO", "fecha_hech": "2025-10-12T00:00:00", "hora_hecho": "13:01", "cod_comuna": 19, "nom_comuna": "C-19 EL LIDO", "cod_barrio": 1906, "nom_bar_01": "San Fernando Nuevo", "dire_hecho": "Carrera 38 Calle 5b4", "sitio_hech": "SITIOS PÚBLICOS O ABIERTOS AL PÚBLICO", "lat": 3.4266931, "lon": -76.5413943, "estrato": 4 }, "geometry": { "type": "Point", "coordinates": [ -76.5413943, 3.4266931 ] } },
{ "type": "Feature", "properties": { "agrupado": "SUSTANCIAS PSICOACTIVAS", "fecha_hech": "2025-10-13T00:00:00", "hora_hecho": "11:59", "cod_comuna": 19, "nom_comuna": "C-19 EL LIDO", "cod_barrio": 1905, "nom_bar_01": "Eucaristico", "dire_hecho": "Calle 7 Carrera 37", "sitio_hech": "SITIOS PÚBLICOS O ABIERTOS AL PÚBLICO", "lat": 3.4255697, "lon": -76.5391453, "estrato": 4 }, "geometry": { "type": "Point", "coordinates": [ -76.5391453, 3.4255697 ] } },
{ "type": "Feature", "properties": { "agrupado": "ARMAS EXCEPTO DE FUEGO", "fecha_hech": "2025-10-13T00:00:00", "hora_hecho": "14:38", "cod_comuna": 19, "nom_comuna": "C-19 EL LIDO", "cod_barrio": 1906, "nom_bar_01": "San Fernando Nuevo", "dire_hecho": "Calle 6 Carrera 34 B/3 de julio", "sitio_hech": "SITIOS PÚBLICOS O ABIERTOS AL PÚBLICO", "lat": 3.4285063, "lon": -76.5393015, "estrato": 4 }, "geometry": { "type": "Point", "coordinates": [ -76.5393015, 3.4285063 ] } },
{ "type": "Feature", "properties": { "agrupado": "SUSTANCIAS PSICOACTIVAS", "fecha_hech": "2025-10-13T00:00:00", "hora_hecho": "22:25", "cod_comuna": 19, "nom_comuna": "C-19 EL LIDO", "cod_barrio": 1905, "nom_bar_01": "Eucaristico", "dire_hecho": "Calle 7 carrera 36", "sitio_hech": "SITIOS PÚBLICOS O ABIERTOS AL PÚBLICO", "lat": 3.425608, "lon": -76.53926, "estrato": 4 }, "geometry": { "type": "Point", "coordinates": [ -76.53926, 3.425608 ] } },
{ "type": "Feature", "properties": { "agrupado": "SUSTANCIAS PSICOACTIVAS", "fecha_hech": "2025-10-13T00:00:00", "hora_hecho": "22:32", "cod_comuna": 19, "nom_comuna": "C-19 EL LIDO", "cod_barrio": 1905, "nom_bar_01": "Eucaristico", "dire_hecho": "Calle 7 carrera 36", "sitio_hech": "SITIOS PÚBLICOS O ABIERTOS AL PÚBLICO", "lat": 3.4256156, "lon": -76.5395496, "estrato": 4 }, "geometry": { "type": "Point", "coordinates": [ -76.5395496, 3.4256156 ] } },
{ "type": "Feature", "properties": { "agrupado": "ARMAS EXCEPTO DE FUEGO", "fecha_hech": "2025-10-14T00:00:00", "hora_hecho": "16:21", "cod_comuna": 19, "nom_comuna": "C-19 EL LIDO", "cod_barrio": 1912, "nom_bar_01": "3 de Julio", "dire_hecho": "Carrera 27 Calle 5a", "sitio_hech": "SITIOS PÚBLICOS O ABIERTOS AL PÚBLICO", "lat": 3.4341734, "lon": -76.5388819, "estrato": 4 }, "geometry": { "type": "Point", "coordinates": [ -76.5388819, 3.4341734 ] } },
{ "type": "Feature", "properties": { "agrupado": "ARMAS EXCEPTO DE FUEGO", "fecha_hech": "2025-10-16T00:00:00", "hora_hecho": "0:27", "cod_comuna": 19, "nom_comuna": "C-19 EL LIDO", "cod_barrio": 1913, "nom_bar_01": "El Cedro", "dire_hecho": "Cll6#34", "sitio_hech": "SITIOS PÚBLICOS O ABIERTOS AL PÚBLICO", "lat": 3.4288736, "lon": -76.5388121, "estrato": 4 }, "geometry": { "type": "Point", "coordinates": [ -76.5388121, 3.4288736 ] } },
{ "type": "Feature", "properties": { "agrupado": "ARMAS EXCEPTO DE FUEGO", "fecha_hech": "2025-10-16T00:00:00", "hora_hecho": "15:23", "cod_comuna": 19, "nom_comuna": "C-19 EL LIDO", "cod_barrio": 1905, "nom_bar_01": "Eucaristico", "dire_hecho": "Calle 5 F Carrera 36 B/ San Fernando Nuevo", "sitio_hech": "SITIOS PÚBLICOS O ABIERTOS AL PÚBLICO", "lat": 3.426287368, "lon": -76.54014132, "estrato": 4 }, "geometry": { "type": "Point", "coordinates": [ -76.54014132, 3.426287368 ] } },
{ "type": "Feature", "properties": { "agrupado": "ARMAS EXCEPTO DE FUEGO", "fecha_hech": "2025-10-17T00:00:00", "hora_hecho": "9:32", "cod_comuna": 19, "nom_comuna": "C-19 EL LIDO", "cod_barrio": 1912, "nom_bar_01": "3 de Julio", "dire_hecho": "Calle 5 B Carrera 27 B/ 3 de julio", "sitio_hech": "SITIOS PÚBLICOS O ABIERTOS AL PÚBLICO", "lat": 3.4333806, "lon": -76.5399524, "estrato": 4 }, "geometry": { "type": "Point", "coordinates": [ -76.5399524, 3.4333806 ] } },
{ "type": "Feature", "properties": { "agrupado": "SUSTANCIAS PSICOACTIVAS", "fecha_hech": "2025-10-17T00:00:00", "hora_hecho": "16:01", "cod_comuna": 19, "nom_comuna": "C-19 EL LIDO", "cod_barrio": 1905, "nom_bar_01": "Eucaristico", "dire_hecho": "Calle 6 Carrera 36 Parque templete", "sitio_hech": "SITIOS PÚBLICOS O ABIERTOS AL PÚBLICO", "lat": 3.426028, "lon": -76.5397457, "estrato": 4 }, "geometry": { "type": "Point", "coordinates": [ -76.5397457, 3.426028 ] } },
{ "type": "Feature", "properties": { "agrupado": "SUSTANCIAS PSICOACTIVAS", "fecha_hech": "2025-10-17T00:00:00", "hora_hecho": "16:35", "cod_comuna": 19, "nom_comuna": "C-19 EL LIDO", "cod_barrio": 1905, "nom_bar_01": "Eucaristico", "dire_hecho": "Calle 6 Carrera 36 Parque templete", "sitio_hech": "SITIOS PÚBLICOS O ABIERTOS AL PÚBLICO", "lat": 3.4262123, "lon": -76.5396607, "estrato": 4 }, "geometry": { "type": "Point", "coordinates": [ -76.5396607, 3.4262123 ] } },
{ "type": "Feature", "properties": { "agrupado": "SUSTANCIAS PSICOACTIVAS", "fecha_hech": "2025-10-17T00:00:00", "hora_hecho": "16:42", "cod_comuna": 19, "nom_comuna": "C-19 EL LIDO", "cod_barrio": 1905, "nom_bar_01": "Eucaristico", "dire_hecho": "Calle 6 Carrera 36 Parque templete", "sitio_hech": "SITIOS PÚBLICOS O ABIERTOS AL PÚBLICO", "lat": 3.4262026, "lon": -76.5395429, "estrato": 4 }, "geometry": { "type": "Point", "coordinates": [ -76.5395429, 3.4262026 ] } },
{ "type": "Feature", "properties": { "agrupado": "ARMAS EXCEPTO DE FUEGO", "fecha_hech": "2025-10-18T00:00:00", "hora_hecho": "1:09", "cod_comuna": 19, "nom_comuna": "C-19 EL LIDO", "cod_barrio": 1913, "nom_bar_01": "El Cedro", "dire_hecho": "Calle 6 Carrera 34 B/ 3 de julio", "sitio_hech": "SITIOS PÚBLICOS O ABIERTOS AL PÚBLICO", "lat": 3.428372205, "lon": -76.53909328, "estrato": 4 }, "geometry": { "type": "Point", "coordinates": [ -76.53909328, 3.428372205 ] } },
{ "type": "Feature", "properties": { "agrupado": "DESACATO, IRRESPETO A LA AUTORIDAD", "fecha_hech": "2025-10-19T00:00:00", "hora_hecho": "2:57", "cod_comuna": 19, "nom_comuna": "C-19 EL LIDO", "cod_barrio": 1912, "nom_bar_01": "3 de Julio", "dire_hecho": "Calle 5 cra 26", "sitio_hech": "SITIOS PÚBLICOS O ABIERTOS AL PÚBLICO", "lat": 3.436390266, "lon": -76.53966724, "estrato": 4 }, "geometry": { "type": "Point", "coordinates": [ -76.53966724, 3.436390266 ] } },
{ "type": "Feature", "properties": { "agrupado": "SUSTANCIAS PSICOACTIVAS", "fecha_hech": "2025-10-19T00:00:00", "hora_hecho": "23:36", "cod_comuna": 19, "nom_comuna": "C-19 EL LIDO", "cod_barrio": 1905, "nom_bar_01": "Eucaristico", "dire_hecho": "Calle 7 con 37", "sitio_hech": "SITIOS PÚBLICOS O ABIERTOS AL PÚBLICO", "lat": 3.4260937, "lon": -76.5398381, "estrato": 4 }, "geometry": { "type": "Point", "coordinates": [ -76.5398381, 3.4260937 ] } },
{ "type": "Feature", "properties": { "agrupado": "DESACATO, IRRESPETO A LA AUTORIDAD", "fecha_hech": "2025-10-20T00:00:00", "hora_hecho": "2:14", "cod_comuna": 19, "nom_comuna": "C-19 EL LIDO", "cod_barrio": 1913, "nom_bar_01": "El Cedro", "dire_hecho": "Calle 6 cra 34", "sitio_hech": "SITIOS PÚBLICOS O ABIERTOS AL PÚBLICO", "lat": 3.4282498, "lon": -76.5389888, "estrato": 4 }, "geometry": { "type": "Point", "coordinates": [ -76.5389888, 3.4282498 ] } },
{ "type": "Feature", "properties": { "agrupado": "SUSTANCIAS PSICOACTIVAS", "fecha_hech": "2025-10-20T00:00:00", "hora_hecho": "16:57", "cod_comuna": 19, "nom_comuna": "C-19 EL LIDO", "cod_barrio": 1905, "nom_bar_01": "Eucaristico", "dire_hecho": "Calle 6 Carrera 36 Parque templete", "sitio_hech": "SITIOS PÚBLICOS O ABIERTOS AL PÚBLICO", "lat": 3.426141806, "lon": -76.53986035, "estrato": 4 }, "geometry": { "type": "Point", "coordinates": [ -76.53986035, 3.426141806 ] } },
{ "type": "Feature", "properties": { "agrupado": "ARMAS EXCEPTO DE FUEGO", "fecha_hech": "2025-10-21T00:00:00", "hora_hecho": "0:38", "cod_comuna": 19, "nom_comuna": "C-19 EL LIDO", "cod_barrio": 1912, "nom_bar_01": "3 de Julio", "dire_hecho": "Calle 5 B Carrera 27 B/ 3 de julio", "sitio_hech": "SITIOS PÚBLICOS O ABIERTOS AL PÚBLICO", "lat": 3.433386314, "lon": -76.54031878000001, "estrato": 4 }, "geometry": { "type": "Point", "coordinates": [ -76.54031878, 3.433386314 ] } },
{ "type": "Feature", "properties": { "agrupado": "SUSTANCIAS PSICOACTIVAS", "fecha_hech": "2025-10-24T00:00:00", "hora_hecho": "9:59", "cod_comuna": 19, "nom_comuna": "C-19 EL LIDO", "cod_barrio": 1905, "nom_bar_01": "Eucaristico", "dire_hecho": "Calle 6 Carrera 36 Parque templete", "sitio_hech": "SITIOS PÚBLICOS O ABIERTOS AL PÚBLICO", "lat": 3.426058898, "lon": -76.53982595, "estrato": 4 }, "geometry": { "type": "Point", "coordinates": [ -76.53982595, 3.426058898 ] } },
{ "type": "Feature", "properties": { "agrupado": "DESACATO, IRRESPETO A LA AUTORIDAD", "fecha_hech": "2025-10-24T00:00:00", "hora_hecho": "16:53", "cod_comuna": 19, "nom_comuna": "C-19 EL LIDO", "cod_barrio": 1913, "nom_bar_01": "El Cedro", "dire_hecho": "Carrera 27 #6", "sitio_hech": "SITIOS PÚBLICOS O ABIERTOS AL PÚBLICO", "lat": 3.4333522, "lon": -76.5387575, "estrato": 4 }, "geometry": { "type": "Point", "coordinates": [ -76.5387575, 3.4333522 ] } },
{ "type": "Feature", "properties": { "agrupado": "ARMAS EXCEPTO DE FUEGO", "fecha_hech": "2025-10-24T00:00:00", "hora_hecho": "19:23", "cod_comuna": 19, "nom_comuna": "C-19 EL LIDO", "cod_barrio": 1913, "nom_bar_01": "El Cedro", "dire_hecho": "Cll 6 cra 31", "sitio_hech": "SITIOS PÚBLICOS O ABIERTOS AL PÚBLICO", "lat": 3.4289652, "lon": -76.5388146, "estrato": 4 }, "geometry": { "type": "Point", "coordinates": [ -76.5388146, 3.4289652 ] } },
{ "type": "Feature", "properties": { "agrupado": "SUSTANCIAS PSICOACTIVAS", "fecha_hech": "2025-10-25T00:00:00", "hora_hecho": "9:28", "cod_comuna": 19, "nom_comuna": "C-19 EL LIDO", "cod_barrio": 1905, "nom_bar_01": "Eucaristico", "dire_hecho": "Calle 7 cra 37", "sitio_hech": "SITIOS PÚBLICOS O ABIERTOS AL PÚBLICO", "lat": 3.4259611, "lon": -76.5393066, "estrato": 4 }, "geometry": { "type": "Point", "coordinates": [ -76.5393066, 3.4259611 ] } },
{ "type": "Feature", "properties": { "agrupado": "ARMAS EXCEPTO DE FUEGO", "fecha_hech": "2025-10-25T00:00:00", "hora_hecho": "16:40", "cod_comuna": 19, "nom_comuna": "C-19 EL LIDO", "cod_barrio": 1906, "nom_bar_01": "San Fernando Nuevo", "dire_hecho": "Cra 37 con cll 5b3", "sitio_hech": "SITIOS PÚBLICOS O ABIERTOS AL PÚBLICO", "lat": 3.4266467, "lon": -76.5417933, "estrato": 4 }, "geometry": { "type": "Point", "coordinates": [ -76.5417933, 3.4266467 ] } },
{ "type": "Feature", "properties": { "agrupado": "SUSTANCIAS PSICOACTIVAS", "fecha_hech": "2025-10-25T00:00:00", "hora_hecho": "17:43", "cod_comuna": 19, "nom_comuna": "C-19 EL LIDO", "cod_barrio": 1905, "nom_bar_01": "Eucaristico", "dire_hecho": "Cr 36 cll 9", "sitio_hech": "SITIOS PÚBLICOS O ABIERTOS AL PÚBLICO", "lat": 3.4257148, "lon": -76.5381008, "estrato": 4 }, "geometry": { "type": "Point", "coordinates": [ -76.5381008, 3.4257148 ] } },
{ "type": "Feature", "properties": { "agrupado": "ARMAS EXCEPTO DE FUEGO", "fecha_hech": "2025-10-26T00:00:00", "hora_hecho": "22:53", "cod_comuna": 19, "nom_comuna": "C-19 EL LIDO", "cod_barrio": 1913, "nom_bar_01": "El Cedro", "dire_hecho": "Calle 7 Carrera 27", "sitio_hech": "SITIOS PÚBLICOS O ABIERTOS AL PÚBLICO", "lat": 3.4332093, "lon": -76.5375257, "estrato": 4 }, "geometry": { "type": "Point", "coordinates": [ -76.5375257, 3.4332093 ] } },
{ "type": "Feature", "properties": { "agrupado": "SUSTANCIAS PSICOACTIVAS", "fecha_hech": "2025-10-27T00:00:00", "hora_hecho": "23:27", "cod_comuna": 19, "nom_comuna": "C-19 EL LIDO", "cod_barrio": 1912, "nom_bar_01": "3 de Julio", "dire_hecho": "Calle 5 Carrera 24 A", "sitio_hech": "SITIOS PÚBLICOS O ABIERTOS AL PÚBLICO", "lat": 3.436526592, "lon": -76.53956257, "estrato": 4 }, "geometry": { "type": "Point", "coordinates": [ -76.53956257, 3.436526592 ] } },
{ "type": "Feature", "properties": { "agrupado": "ARMAS EXCEPTO DE FUEGO", "fecha_hech": "2025-10-27T00:00:00", "hora_hecho": "23:55", "cod_comuna": 19, "nom_comuna": "C-19 EL LIDO", "cod_barrio": 1913, "nom_bar_01": "El Cedro", "dire_hecho": "Calle Carrera 25", "sitio_hech": "SITIOS PÚBLICOS O ABIERTOS AL PÚBLICO", "lat": 3.4364837, "lon": -76.5385959, "estrato": 4 }, "geometry": { "type": "Point", "coordinates": [ -76.5385959, 3.4364837 ] } },
{ "type": "Feature", "properties": { "agrupado": "ARMAS EXCEPTO DE FUEGO", "fecha_hech": "2025-10-28T00:00:00", "hora_hecho": "2:37", "cod_comuna": 19, "nom_comuna": "C-19 EL LIDO", "cod_barrio": 1906, "nom_bar_01": "San Fernando Nuevo", "dire_hecho": "Calle 6 Carrera 25", "sitio_hech": "SITIOS PÚBLICOS O ABIERTOS AL PÚBLICO", "lat": 3.4269625, "lon": -76.5400856, "estrato": 4 }, "geometry": { "type": "Point", "coordinates": [ -76.5400856, 3.4269625 ] } },
{ "type": "Feature", "properties": { "agrupado": "DESACATO, IRRESPETO A LA AUTORIDAD", "fecha_hech": "2025-10-29T00:00:00", "hora_hecho": "0:03", "cod_comuna": 19, "nom_comuna": "C-19 EL LIDO", "cod_barrio": 1906, "nom_bar_01": "San Fernando Nuevo", "dire_hecho": "Calle 5b4 #36", "sitio_hech": "SITIOS PÚBLICOS O ABIERTOS AL PÚBLICO", "lat": 3.4276343, "lon": -76.5403621, "estrato": 4 }, "geometry": { "type": "Point", "coordinates": [ -76.5403621, 3.4276343 ] } },
{ "type": "Feature", "properties": { "agrupado": "ARMAS EXCEPTO DE FUEGO", "fecha_hech": "2025-10-29T00:00:00", "hora_hecho": "7:34", "cod_comuna": 19, "nom_comuna": "C-19 EL LIDO", "cod_barrio": 1914, "nom_bar_01": "Champagnat", "dire_hecho": "Calle9carrera32", "sitio_hech": "SITIOS PÚBLICOS O ABIERTOS AL PÚBLICO", "lat": 3.4276652, "lon": -76.5369247, "estrato": 4 }, "geometry": { "type": "Point", "coordinates": [ -76.5369247, 3.4276652 ] } },
{ "type": "Feature", "properties": { "agrupado": "ARMAS EXCEPTO DE FUEGO", "fecha_hech": "2025-11-01T00:00:00", "hora_hecho": "1:45", "cod_comuna": 19, "nom_comuna": "C-19 EL LIDO", "cod_barrio": 1906, "nom_bar_01": "San Fernando Nuevo", "dire_hecho": "Calle 6 #36", "sitio_hech": "SITIOS PÚBLICOS O ABIERTOS AL PÚBLICO", "lat": 3.4275378, "lon": -76.5394512, "estrato": 4 }, "geometry": { "type": "Point", "coordinates": [ -76.5394512, 3.4275378 ] } },
{ "type": "Feature", "properties": { "agrupado": "ARMAS EXCEPTO DE FUEGO", "fecha_hech": "2025-11-01T00:00:00", "hora_hecho": "23:51", "cod_comuna": 19, "nom_comuna": "C-19 EL LIDO", "cod_barrio": 1912, "nom_bar_01": "3 de Julio", "dire_hecho": "Calle 5 B Carrera 27 B/ 3 de julio", "sitio_hech": "SITIOS PÚBLICOS O ABIERTOS AL PÚBLICO", "lat": 3.433531759, "lon": -76.5404927, "estrato": 4 }, "geometry": { "type": "Point", "coordinates": [ -76.5404927, 3.433531759 ] } },
{ "type": "Feature", "properties": { "agrupado": "ARMAS EXCEPTO DE FUEGO", "fecha_hech": "2025-11-05T00:00:00", "hora_hecho": "19:46", "cod_comuna": 19, "nom_comuna": "C-19 EL LIDO", "cod_barrio": 1913, "nom_bar_01": "El Cedro", "dire_hecho": "Clle 6cra 31", "sitio_hech": "SITIOS PÚBLICOS O ABIERTOS AL PÚBLICO", "lat": 3.4293555, "lon": -76.5387322, "estrato": 4 }, "geometry": { "type": "Point", "coordinates": [ -76.5387322, 3.4293555 ] } },
{ "type": "Feature", "properties": { "agrupado": "ARMAS EXCEPTO DE FUEGO", "fecha_hech": "2025-11-06T00:00:00", "hora_hecho": "15:08", "cod_comuna": 19, "nom_comuna": "C-19 EL LIDO", "cod_barrio": 1906, "nom_bar_01": "San Fernando Nuevo", "dire_hecho": "Calle 6 Carrera 36 B/ San Fernando Nuevo", "sitio_hech": "SITIOS PÚBLICOS O ABIERTOS AL PÚBLICO", "lat": 3.427002732, "lon": -76.53983275, "estrato": 4 }, "geometry": { "type": "Point", "coordinates": [ -76.53983275, 3.427002732 ] } },
{ "type": "Feature", "properties": { "agrupado": "ARMAS EXCEPTO DE FUEGO", "fecha_hech": "2025-11-07T00:00:00", "hora_hecho": "2:07", "cod_comuna": 19, "nom_comuna": "C-19 EL LIDO", "cod_barrio": 1912, "nom_bar_01": "3 de Julio", "dire_hecho": "Carrera 34 con 6", "sitio_hech": "SITIOS PÚBLICOS O ABIERTOS AL PÚBLICO", "lat": 3.42845512, "lon": -76.53913501, "estrato": 4 }, "geometry": { "type": "Point", "coordinates": [ -76.53913501, 3.42845512 ] } },
{ "type": "Feature", "properties": { "agrupado": "DESACATO, IRRESPETO A LA AUTORIDAD", "fecha_hech": "2025-11-08T00:00:00", "hora_hecho": "2:00", "cod_comuna": 19, "nom_comuna": "C-19 EL LIDO", "cod_barrio": 1912, "nom_bar_01": "3 de Julio", "dire_hecho": "Calle 5 C Carrera 27 B/ 3 de julio", "sitio_hech": "SITIOS PÚBLICOS O ABIERTOS AL PÚBLICO", "lat": 3.433335534, "lon": -76.53966253, "estrato": 4 }, "geometry": { "type": "Point", "coordinates": [ -76.53966253, 3.433335534 ] } },
{ "type": "Feature", "properties": { "agrupado": "DESACATO, IRRESPETO A LA AUTORIDAD", "fecha_hech": "2025-11-08T00:00:00", "hora_hecho": "17:28", "cod_comuna": 19, "nom_comuna": "C-19 EL LIDO", "cod_barrio": 1912, "nom_bar_01": "3 de Julio", "dire_hecho": "Carrera 34 con 6", "sitio_hech": "SITIOS PÚBLICOS O ABIERTOS AL PÚBLICO", "lat": 3.4287164, "lon": -76.5392634, "estrato": 4 }, "geometry": { "type": "Point", "coordinates": [ -76.5392634, 3.4287164 ] } },
{ "type": "Feature", "properties": { "agrupado": "DESACATO, IRRESPETO A LA AUTORIDAD", "fecha_hech": "2025-11-08T00:00:00", "hora_hecho": "22:44", "cod_comuna": 19, "nom_comuna": "C-19 EL LIDO", "cod_barrio": 1913, "nom_bar_01": "El Cedro", "dire_hecho": "Cll 6 #25", "sitio_hech": "SITIOS PÚBLICOS O ABIERTOS AL PÚBLICO", "lat": 3.433001854, "lon": -76.53791897000001, "estrato": 4 }, "geometry": { "type": "Point", "coordinates": [ -76.53791897, 3.433001854 ] } },
{ "type": "Feature", "properties": { "agrupado": "ARMAS EXCEPTO DE FUEGO", "fecha_hech": "2025-11-10T00:00:00", "hora_hecho": "8:06", "cod_comuna": 19, "nom_comuna": "C-19 EL LIDO", "cod_barrio": 1912, "nom_bar_01": "3 de Julio", "dire_hecho": "Calle 5 C Carrera 27 B/ 3 de julio", "sitio_hech": "SITIOS PÚBLICOS O ABIERTOS AL PÚBLICO", "lat": 3.433348688, "lon": -76.53962791, "estrato": 4 }, "geometry": { "type": "Point", "coordinates": [ -76.53962791, 3.433348688 ] } },
{ "type": "Feature", "properties": { "agrupado": "RIÑAS", "fecha_hech": "2025-11-10T00:00:00", "hora_hecho": "15:40", "cod_comuna": 19, "nom_comuna": "C-19 EL LIDO", "cod_barrio": 1913, "nom_bar_01": "El Cedro", "dire_hecho": "Calle 9 Carrera 32 A", "sitio_hech": "SITIOS PÚBLICOS O ABIERTOS AL PÚBLICO", "lat": 3.4265866, "lon": -76.5376411, "estrato": 4 }, "geometry": { "type": "Point", "coordinates": [ -76.5376411, 3.4265866 ] } },
{ "type": "Feature", "properties": { "agrupado": "RIÑAS", "fecha_hech": "2025-11-10T00:00:00", "hora_hecho": "15:53", "cod_comuna": 19, "nom_comuna": "C-19 EL LIDO", "cod_barrio": 1913, "nom_bar_01": "El Cedro", "dire_hecho": "Calle 9 Carrera 32 A", "sitio_hech": "SITIOS PÚBLICOS O ABIERTOS AL PÚBLICO", "lat": 3.4266987, "lon": -76.5376584, "estrato": 4 }, "geometry": { "type": "Point", "coordinates": [ -76.5376584, 3.4266987 ] } },
{ "type": "Feature", "properties": { "agrupado": "ARMAS EXCEPTO DE FUEGO", "fecha_hech": "2025-11-11T00:00:00", "hora_hecho": "3:33", "cod_comuna": 19, "nom_comuna": "C-19 EL LIDO", "cod_barrio": 1912, "nom_bar_01": "3 de Julio", "dire_hecho": "Calle 5 B Carrera 27 B/ 3 de julio", "sitio_hech": "SITIOS PÚBLICOS O ABIERTOS AL PÚBLICO", "lat": 3.4329074, "lon": -76.5399251, "estrato": 4 }, "geometry": { "type": "Point", "coordinates": [ -76.5399251, 3.4329074 ] } },
{ "type": "Feature", "properties": { "agrupado": "ARMAS EXCEPTO DE FUEGO", "fecha_hech": "2025-11-12T00:00:00", "hora_hecho": "2:41", "cod_comuna": 19, "nom_comuna": "C-19 EL LIDO", "cod_barrio": 1913, "nom_bar_01": "El Cedro", "dire_hecho": "Calle 8 Carrera 34", "sitio_hech": "SITIOS PÚBLICOS O ABIERTOS AL PÚBLICO", "lat": 3.4274043, "lon": -76.5379257, "estrato": 4 }, "geometry": { "type": "Point", "coordinates": [ -76.5379257, 3.4274043 ] } },
{ "type": "Feature", "properties": { "agrupado": "ARMAS EXCEPTO DE FUEGO", "fecha_hech": "2025-11-13T00:00:00", "hora_hecho": "23:55", "cod_comuna": 19, "nom_comuna": "C-19 EL LIDO", "cod_barrio": 1912, "nom_bar_01": "3 de Julio", "dire_hecho": "Calle 5 B Carrera 27 B/ 3 de julio", "sitio_hech": "SITIOS PÚBLICOS O ABIERTOS AL PÚBLICO", "lat": 3.433435205, "lon": -76.54047373, "estrato": 4 }, "geometry": { "type": "Point", "coordinates": [ -76.54047373, 3.433435205 ] } },
{ "type": "Feature", "properties": { "agrupado": "DESACATO, IRRESPETO A LA AUTORIDAD", "fecha_hech": "2025-11-14T00:00:00", "hora_hecho": "22:45", "cod_comuna": 19, "nom_comuna": "C-19 EL LIDO", "cod_barrio": 1913, "nom_bar_01": "El Cedro", "dire_hecho": "Calle 6 Carrera 34", "sitio_hech": "SITIOS PÚBLICOS O ABIERTOS AL PÚBLICO", "lat": 3.4364801, "lon": -76.5385713, "estrato": 4 }, "geometry": { "type": "Point", "coordinates": [ -76.5385713, 3.4364801 ] } },
{ "type": "Feature", "properties": { "agrupado": "ARMAS EXCEPTO DE FUEGO", "fecha_hech": "2025-11-15T00:00:00", "hora_hecho": "18:21", "cod_comuna": 19, "nom_comuna": "C-19 EL LIDO", "cod_barrio": 1912, "nom_bar_01": "3 de Julio", "dire_hecho": "Calle 5 B Carrera 27 B/ 3 de julio", "sitio_hech": "SITIOS PÚBLICOS O ABIERTOS AL PÚBLICO", "lat": 3.433426281, "lon": -76.54049428, "estrato": 4 }, "geometry": { "type": "Point", "coordinates": [ -76.54049428, 3.433426281 ] } }
]
}
