{
"type": "FeatureCollection",
"name": "HURTOS_2023_2025_Roosevelt",
"crs": { "type": "name", "properties": { "name": "urn:ogc:def:crs:OGC:1.3:CRS84" } },
"features": [
{ "type": "Feature", "properties": { "DELITO": "HURTO", "TIPO_HURTO": "HURTO A ESTABLECIMIENTOS", "MODALIDAD": "LLAVE MAESTRA", "COMUNA": 19, "NOM_COMUNA": "COMUNA 19", "BARRIO": 1905, "NOM_BARRIO": "Eucaristico", "DIRECCION": "76001 AVENIDA ROOSEVELT 36A 41, BARRIO EUCARÍSTICO, COMUNA 19, CALI, VALLE DEL CAUCA", "SITIO": "VIA PUBLICA", "X": -76.540068, "Y": 3.425629, "FECHA_HECH": "2023-11-23T00:00:00", "HORA_HECHO": "05:10", "ESTRATO": 4 }, "geometry": { "type": "Point", "coordinates": [ -76.540068, 3.425629 ] } },
{ "type": "Feature", "properties": { "DELITO": "HURTO", "TIPO_HURTO": "HURTO A CELULARES", "MODALIDAD": "ATRACO", "COMUNA": 19, "NOM_COMUNA": "COMUNA 19", "BARRIO": 1913, "NOM_BARRIO": "El Cedro", "DIRECCION": "76001 CARRERA 34, BARRIO EUCARÍSTICO, COMUNA 19, CALI, VALLE DEL CAUCA", "SITIO": "VIA PUBLICA", "X": -76.538285, "Y": 3.42732, "FECHA_HECH": "2023-04-02T00:00:00", "HORA_HECHO": "01:00", "ESTRATO": 4 }, "geometry": { "type": "Point", "coordinates": [ -76.538285, 3.42732 ] } },
{ "type": "Feature", "properties": { "DELITO": "HURTO", "TIPO_HURTO": "HURTO DE BICICLETAS", "MODALIDAD": "HALADO", "COMUNA": 19, "NOM_COMUNA": "COMUNA 19", "BARRIO": 1913, "NOM_BARRIO": "El Cedro", "DIRECCION": "76001 CARRERA 25 CON CALLE 6, 3 DE JULIO, COMUNA 19, CALI, VALLE DEL CAUCA", "SITIO": "VIA PUBLICA", "X": -76.53875, "Y": 3.43522, "FECHA_HECH": "2023-06-30T00:00:00", "HORA_HECHO": "17:30", "ESTRATO": 4 }, "geometry": { "type": "Point", "coordinates": [ -76.53875, 3.43522 ] } },
{ "type": "Feature", "properties": { "DELITO": "HURTO", "TIPO_HURTO": "HURTO A CELULARES", "MODALIDAD": "ATRACO", "COMUNA": 19, "NOM_COMUNA": "COMUNA 19", "BARRIO": 1905, "NOM_BARRIO": "Eucaristico", "DIRECCION": "76001 CALLE 6 CON CARRERA 36A, BARRIO EUCARÍSTICO, COMUNA 19, CALI, VALLE DEL CAUCA", "SITIO": "LOCAL COMERCIAL", "X": -76.53997, "Y": 3.426, "FECHA_HECH": "2023-08-18T00:00:00", "HORA_HECHO": "20:30", "ESTRATO": 4 }, "geometry": { "type": "Point", "coordinates": [ -76.53997, 3.426 ] } },
{ "type": "Feature", "properties": { "DELITO": "HURTO", "TIPO_HURTO": "HURTO A PERSONAS", "MODALIDAD": "ATRACO", "COMUNA": 19, "NOM_COMUNA": "COMUNA 19", "BARRIO": 1913, "NOM_BARRIO": "El Cedro", "DIRECCION": "76001 CALLE 9 CON CARRERA 32, EL CEDRO, COMUNA 19, CALI, VALLE DEL CAUCA", "SITIO": "OTRO", "X": -76.53687, "Y": 3.42788, "FECHA_HECH": "2023-04-13T00:00:00", "HORA_HECHO": "00:30", "ESTRATO": 4 }, "geometry": { "type": "Point", "coordinates": [ -76.53687, 3.42788 ] } },
{ "type": "Feature", "properties": { "DELITO": "HURTO", "TIPO_HURTO": "HURTO A CELULARES", "MODALIDAD": "ATRACO", "COMUNA": 19, "NOM_COMUNA": "COMUNA 19", "BARRIO": 1906, "NOM_BARRIO": "San Fernando Nuevo", "DIRECCION": "76001 CARRERA 37 CON CALLE 5B4, SAN FERNANDO NUEVO, COMUNA 19, CALI, VALLE DEL CAUCA", "SITIO": "VIA PUBLICA", "X": -76.54178, "Y": 3.4265, "FECHA_HECH": "2023-09-11T00:00:00", "HORA_HECHO": "07:00", "ESTRATO": 4 }, "geometry": { "type": "Point", "coordinates": [ -76.54178, 3.4265 ] } },
{ "type": "Feature", "properties": { "DELITO": "HURTO", "TIPO_HURTO": "HURTO A PERSONAS", "MODALIDAD": "COSQUILLEO", "COMUNA": 19, "NOM_COMUNA": "COMUNA 19", "BARRIO": 1913, "NOM_BARRIO": "El Cedro", "DIRECCION": "76001 CALLE 7 25 62", "SITIO": "ESTABLECIMIENTO PUBLICO", "X": -76.53745, "Y": 3.434647, "FECHA_HECH": "2023-08-04T00:00:00", "HORA_HECHO": "06:29", "ESTRATO": 4 }, "geometry": { "type": "Point", "coordinates": [ -76.53745, 3.434647 ] } },
{ "type": "Feature", "properties": { "DELITO": "HURTO", "TIPO_HURTO": "HURTO DE AUTOPARTES", "MODALIDAD": "FACTOR DE OPORTUNIDAD", "COMUNA": 19, "NOM_COMUNA": "COMUNA 19", "BARRIO": 1913, "NOM_BARRIO": "El Cedro", "DIRECCION": "76001 CARRERA 34, BARRIO EUCARÍSTICO, COMUNA 19, CALI, VALLE DEL CAUCA", "SITIO": "VIA PUBLICA", "X": -76.538285, "Y": 3.42732, "FECHA_HECH": "2023-06-01T00:00:00", "HORA_HECHO": "14:30", "ESTRATO": 4 }, "geometry": { "type": "Point", "coordinates": [ -76.538285, 3.42732 ] } },
{ "type": "Feature", "properties": { "DELITO": "HURTO", "TIPO_HURTO": "HURTO DE MOTOCICLETAS", "MODALIDAD": "HALADO", "COMUNA": 19, "NOM_COMUNA": "COMUNA 19", "BARRIO": 1906, "NOM_BARRIO": "San Fernando Nuevo", "DIRECCION": "76001 CALLE 5B4 36B 37, SAN FERNANDO NUEVO, COMUNA 19, CALI, VALLE DEL CAUCA", "SITIO": "VIA PUBLICA", "X": -76.541296, "Y": 3.426787, "FECHA_HECH": "2023-07-17T00:00:00", "HORA_HECHO": "12:40", "ESTRATO": 4 }, "geometry": { "type": "Point", "coordinates": [ -76.541296, 3.426787 ] } },
{ "type": "Feature", "properties": { "DELITO": "HURTO", "TIPO_HURTO": "HURTO A PERSONAS", "MODALIDAD": "RAPONAZO", "COMUNA": 19, "NOM_COMUNA": "COMUNA 19", "BARRIO": 1905, "NOM_BARRIO": "Eucaristico", "DIRECCION": "76001 Carrera 34 con Calle 9, Barrio Eucarístico, Comuna 19, Cali, Valle del Cauca, COL,EL CEDRO", "SITIO": "SIN INFORMACION", "X": -76.53759, "Y": 3.42618, "FECHA_HECH": "2023-11-07T00:00:00", "HORA_HECHO": "10:00", "ESTRATO": 4 }, "geometry": { "type": "Point", "coordinates": [ -76.53759, 3.42618 ] } },
{ "type": "Feature", "properties": { "DELITO": "HURTO", "TIPO_HURTO": "HURTO A CELULARES", "MODALIDAD": "ATRACO", "COMUNA": 19, "NOM_COMUNA": "COMUNA 19", "BARRIO": 1913, "NOM_BARRIO": "El Cedro", "DIRECCION": "76001 CALLE 7 26 1", "SITIO": "VIA PUBLICA", "X": -76.537431, "Y": 3.434231, "FECHA_HECH": "2023-01-29T00:00:00", "HORA_HECHO": "01:00", "ESTRATO": 4 }, "geometry": { "type": "Point", "coordinates": [ -76.537431, 3.434231 ] } },
{ "type": "Feature", "properties": { "DELITO": "HURTO", "TIPO_HURTO": "HURTO A RESIDENCIA", "MODALIDAD": "FACTOR DE OPORTUNIDAD", "COMUNA": 19, "NOM_COMUNA": "COMUNA 19", "BARRIO": 1913, "NOM_BARRIO": "El Cedro", "DIRECCION": "76001 CARRERA 24A 6 90, EL CEDRO, COMUNA 19, CALI, VALLE DEL CAUCA", "SITIO": "OTRO", "X": -76.537912, "Y": 3.436013, "FECHA_HECH": "2023-02-06T00:00:00", "HORA_HECHO": "08:00", "ESTRATO": 4 }, "geometry": { "type": "Point", "coordinates": [ -76.537912, 3.436013 ] } },
{ "type": "Feature", "properties": { "DELITO": "HURTO", "TIPO_HURTO": "HURTO A PERSONAS", "MODALIDAD": "ATRACO", "COMUNA": 19, "NOM_COMUNA": "COMUNA 19", "BARRIO": 1912, "NOM_BARRIO": "3 de Julio", "DIRECCION": "76001 Calle 5B 26 33, 3 de Julio, Comuna 19, Cali, Valle del Cauca, COL,3 DE JULIO", "SITIO": "SIN INFORMACION", "X": -76.540409, "Y": 3.434174, "FECHA_HECH": "2023-04-21T00:00:00", "HORA_HECHO": "10:10", "ESTRATO": 4 }, "geometry": { "type": "Point", "coordinates": [ -76.540409, 3.434174 ] } },
{ "type": "Feature", "properties": { "DELITO": "HURTO", "TIPO_HURTO": "HURTO A PERSONAS", "MODALIDAD": "COSQUILLEO", "COMUNA": 19, "NOM_COMUNA": "COMUNA 19", "BARRIO": 1913, "NOM_BARRIO": "El Cedro", "DIRECCION": "76001 Carrera 26, El Cedro, Comuna 19, Cali, Valle del Cauca, COL,EL CEDRO", "SITIO": "SIN INFORMACION", "X": -76.53845, "Y": 3.43437, "FECHA_HECH": "2023-06-25T00:00:00", "HORA_HECHO": "20:33", "ESTRATO": 4 }, "geometry": { "type": "Point", "coordinates": [ -76.53845, 3.43437 ] } },
{ "type": "Feature", "properties": { "DELITO": "HURTO", "TIPO_HURTO": "HURTO A PERSONAS", "MODALIDAD": "ATRACO", "COMUNA": 19, "NOM_COMUNA": "COMUNA 19", "BARRIO": 1913, "NOM_BARRIO": "El Cedro", "DIRECCION": "76001 AVENIDA ROOSEVELT 25, 3 DE JULIO, COMUNA 19, CALI, VALLE DEL CAUCA", "SITIO": "OTRO", "X": -76.538765, "Y": 3.434805, "FECHA_HECH": "2023-09-09T00:00:00", "HORA_HECHO": "04:30", "ESTRATO": 4 }, "geometry": { "type": "Point", "coordinates": [ -76.538765, 3.434805 ] } },
{ "type": "Feature", "properties": { "DELITO": "HURTO", "TIPO_HURTO": "HURTO A PERSONAS", "MODALIDAD": "RAPONAZO", "COMUNA": 19, "NOM_COMUNA": "COMUNA 19", "BARRIO": 1905, "NOM_BARRIO": "Eucaristico", "DIRECCION": "76001 CALLE 6 34 17", "SITIO": "OTRO", "X": -76.539057, "Y": 3.428007, "FECHA_HECH": "2023-03-10T00:00:00", "HORA_HECHO": "15:30", "ESTRATO": 4 }, "geometry": { "type": "Point", "coordinates": [ -76.539057, 3.428007 ] } },
{ "type": "Feature", "properties": { "DELITO": "HURTO", "TIPO_HURTO": "HURTO A ESTABLECIMIENTOS", "MODALIDAD": "VIOLACION DE CERRADURA", "COMUNA": 19, "NOM_COMUNA": "COMUNA 19", "BARRIO": 1913, "NOM_BARRIO": "El Cedro", "DIRECCION": "76001 AVENIDA ROOSEVELT 30 15, EL CEDRO, COMUNA 19, CALI, VALLE DEL CAUCA", "SITIO": "ESTABLECIMIENTO DE COMERCIO", "X": -76.538943, "Y": 3.429468, "FECHA_HECH": "2023-08-17T00:00:00", "HORA_HECHO": "00:00", "ESTRATO": 4 }, "geometry": { "type": "Point", "coordinates": [ -76.538943, 3.429468 ] } },
{ "type": "Feature", "properties": { "DELITO": "HURTO", "TIPO_HURTO": "HURTO A PERSONAS", "MODALIDAD": "ATRACO", "COMUNA": 19, "NOM_COMUNA": "COMUNA 19", "BARRIO": 1905, "NOM_BARRIO": "Eucaristico", "DIRECCION": "76001 CARRERA 36 7 99", "SITIO": "VIA PUBLICA", "X": -76.538511, "Y": 3.425785, "FECHA_HECH": "2023-07-18T00:00:00", "HORA_HECHO": "03:30", "ESTRATO": 4 }, "geometry": { "type": "Point", "coordinates": [ -76.538511, 3.425785 ] } },
{ "type": "Feature", "properties": { "DELITO": "HURTO", "TIPO_HURTO": "HURTO A PERSONAS", "MODALIDAD": "COSQUILLEO", "COMUNA": 19, "NOM_COMUNA": "COMUNA 19", "BARRIO": 1905, "NOM_BARRIO": "Eucaristico", "DIRECCION": "76001 CALLE 5E CON CARRERA 36C, BARRIO EUCARÍSTICO, COMUNA 19, CALI, VALLE DEL CAUCA", "SITIO": "VIA PUBLICA", "X": -76.540944, "Y": 3.425685, "FECHA_HECH": "2023-10-09T00:00:00", "HORA_HECHO": "10:30", "ESTRATO": 4 }, "geometry": { "type": "Point", "coordinates": [ -76.540944, 3.425685 ] } },
{ "type": "Feature", "properties": { "DELITO": "HURTO", "TIPO_HURTO": "HURTO DE AUTOPARTES", "MODALIDAD": "FACTOR DE OPORTUNIDAD", "COMUNA": 19, "NOM_COMUNA": "COMUNA 19", "BARRIO": 1912, "NOM_BARRIO": "3 de Julio", "DIRECCION": "76001 CALLE 5C 26 37, 3 DE JULIO, COMUNA 19, CALI, VALLE DEL CAUCA", "SITIO": "VIA PUBLICA", "X": -76.539606, "Y": 3.43411, "FECHA_HECH": "2023-10-05T00:00:00", "HORA_HECHO": "22:30", "ESTRATO": 4 }, "geometry": { "type": "Point", "coordinates": [ -76.539606, 3.43411 ] } },
{ "type": "Feature", "properties": { "DELITO": "HURTO", "TIPO_HURTO": "HURTO A CELULARES", "MODALIDAD": "ENGAÑO", "COMUNA": 19, "NOM_COMUNA": "COMUNA 19", "BARRIO": 1913, "NOM_BARRIO": "El Cedro", "DIRECCION": "76001 Calle 6 con Carrera 30, 3 de Julio, Comuna 19, Cali, Valle del Cauca, COL,EL CEDRO", "SITIO": "SIN INFORMACION", "X": -76.538771, "Y": 3.434033, "FECHA_HECH": "2023-05-24T00:00:00", "HORA_HECHO": "13:00", "ESTRATO": 4 }, "geometry": { "type": "Point", "coordinates": [ -76.538771, 3.434033 ] } },
{ "type": "Feature", "properties": { "DELITO": "HURTO", "TIPO_HURTO": "HURTO A PERSONAS", "MODALIDAD": "ATRACO", "COMUNA": 19, "NOM_COMUNA": "COMUNA 19", "BARRIO": 1912, "NOM_BARRIO": "3 de Julio", "DIRECCION": "76001 CARRERA 25, 3 DE JULIO, COMUNA 19, CALI, VALLE DEL CAUCA", "SITIO": "VIA PUBLICA", "X": -76.539225, "Y": 3.43525, "FECHA_HECH": "2023-08-04T00:00:00", "HORA_HECHO": "06:30", "ESTRATO": 4 }, "geometry": { "type": "Point", "coordinates": [ -76.539225, 3.43525 ] } },
{ "type": "Feature", "properties": { "DELITO": "HURTO", "TIPO_HURTO": "HURTO DE VEHICULOS", "MODALIDAD": "HALADO", "COMUNA": 19, "NOM_COMUNA": "COMUNA 19", "BARRIO": 1912, "NOM_BARRIO": "3 de Julio", "DIRECCION": "76001 CL 6 SUR CON KR 29-72 CALLE 6 No 29 72", "SITIO": "SIN INFORMACION", "X": -76.539024, "Y": 3.431257, "FECHA_HECH": "2023-11-10T00:00:00", "HORA_HECHO": "17:30", "ESTRATO": 4 }, "geometry": { "type": "Point", "coordinates": [ -76.539024, 3.431257 ] } },
{ "type": "Feature", "properties": { "DELITO": "HURTO", "TIPO_HURTO": "HURTO DE AUTOPARTES", "MODALIDAD": "FACTOR DE OPORTUNIDAD", "COMUNA": 19, "NOM_COMUNA": "COMUNA 19", "BARRIO": 1913, "NOM_BARRIO": "El Cedro", "DIRECCION": "76001 KR 24 A CL 6-90 SUR KR 24 A 6 90", "SITIO": "SIN INFORMACION", "X": -76.53796, "Y": 3.436099, "FECHA_HECH": "2023-06-09T00:00:00", "HORA_HECHO": "16:00", "ESTRATO": 4 }, "geometry": { "type": "Point", "coordinates": [ -76.53796, 3.436099 ] } },
{ "type": "Feature", "properties": { "DELITO": "HURTO", "TIPO_HURTO": "HURTO DE AUTOPARTES", "MODALIDAD": "FACTOR DE OPORTUNIDAD", "COMUNA": 19, "NOM_COMUNA": "COMUNA 19", "BARRIO": 1913, "NOM_BARRIO": "El Cedro", "DIRECCION": "76001 CL 7 CON CON KR 27 CALLE 7 CON CARRERA 27 32", "SITIO": "ESTABLECIMIENTO DE COMERCIO", "X": -76.537476, "Y": 3.433358, "FECHA_HECH": "2023-08-24T00:00:00", "HORA_HECHO": "19:00", "ESTRATO": 4 }, "geometry": { "type": "Point", "coordinates": [ -76.537476, 3.433358 ] } },
{ "type": "Feature", "properties": { "DELITO": "HURTO", "TIPO_HURTO": "HURTO A PERSONAS", "MODALIDAD": "ATRACO", "COMUNA": 19, "NOM_COMUNA": "COMUNA 19", "BARRIO": 1912, "NOM_BARRIO": "3 de Julio", "DIRECCION": "76001 CALLE 5 25 5, 3 DE JULIO, COMUNA 19, CALI, VALLE DEL CAUCA", "SITIO": "VIA PUBLICA", "X": -76.540381, "Y": 3.43535, "FECHA_HECH": "2023-08-17T00:00:00", "HORA_HECHO": "00:30", "ESTRATO": 4 }, "geometry": { "type": "Point", "coordinates": [ -76.540381, 3.43535 ] } },
{ "type": "Feature", "properties": { "DELITO": "HURTO", "TIPO_HURTO": "HURTO DE MOTOCICLETAS", "MODALIDAD": "HALADO", "COMUNA": 19, "NOM_COMUNA": "COMUNA 19", "BARRIO": 1912, "NOM_BARRIO": "3 de Julio", "DIRECCION": "76001 Calle 5C 26 55, 3 de Julio, Comuna 19, Cali, Valle del Cauca, COL,3 DE JULIO", "SITIO": "SIN INFORMACION", "X": -76.539612, "Y": 3.433991, "FECHA_HECH": "2023-09-21T00:00:00", "HORA_HECHO": "14:54", "ESTRATO": 4 }, "geometry": { "type": "Point", "coordinates": [ -76.539612, 3.433991 ] } },
{ "type": "Feature", "properties": { "DELITO": "HURTO", "TIPO_HURTO": "HURTO A PERSONAS", "MODALIDAD": "ATRACO", "COMUNA": 19, "NOM_COMUNA": "COMUNA 19", "BARRIO": 1913, "NOM_BARRIO": "El Cedro", "DIRECCION": "76001 CL 7 CON KR 25-27 CALLE  7 # 25 27", "SITIO": "SIN INFORMACION", "X": -76.53741, "Y": 3.435001, "FECHA_HECH": "2023-03-06T00:00:00", "HORA_HECHO": "15:30", "ESTRATO": 4 }, "geometry": { "type": "Point", "coordinates": [ -76.53741, 3.435001 ] } },
{ "type": "Feature", "properties": { "DELITO": "HURTO", "TIPO_HURTO": "HURTO A PERSONAS", "MODALIDAD": "ENGAÑO", "COMUNA": 19, "NOM_COMUNA": "COMUNA 19", "BARRIO": 1905, "NOM_BARRIO": "Eucaristico", "DIRECCION": "76001 CALLE 8 34 85, BARRIO EUCARÍSTICO, COMUNA 19, CALI, VALLE DEL CAUCA", "SITIO": "VIA PUBLICA", "X": -76.538255, "Y": 3.426197, "FECHA_HECH": "2023-07-25T00:00:00", "HORA_HECHO": "12:30", "ESTRATO": 4 }, "geometry": { "type": "Point", "coordinates": [ -76.538255, 3.426197 ] } },
{ "type": "Feature", "properties": { "DELITO": "HURTO", "TIPO_HURTO": "HURTO DE AUTOPARTES", "MODALIDAD": "RAPONAZO", "COMUNA": 19, "NOM_COMUNA": "COMUNA 19", "BARRIO": 1905, "NOM_BARRIO": "Eucaristico", "DIRECCION": "76001 KR 36 CON CL 6 SUR KR 36 CL 6 SUR", "SITIO": "SIN INFORMACION", "X": -76.5397, "Y": 3.426561, "FECHA_HECH": "2023-07-14T00:00:00", "HORA_HECHO": "08:00", "ESTRATO": 4 }, "geometry": { "type": "Point", "coordinates": [ -76.5397, 3.426561 ] } },
{ "type": "Feature", "properties": { "DELITO": "HURTO", "TIPO_HURTO": "HURTO A PERSONAS", "MODALIDAD": "ROMPIMIENTO DE VIDRIO", "COMUNA": 19, "NOM_COMUNA": "COMUNA 19", "BARRIO": 1912, "NOM_BARRIO": "3 de Julio", "DIRECCION": "76001 Avenida Roosevelt con Carrera 28, 3 de Julio, Comuna 19, Cali, Valle del Cauca, COL,3 DE JULIO", "SITIO": "SIN INFORMACION", "X": -76.53892, "Y": 3.43254, "FECHA_HECH": "2023-07-14T00:00:00", "HORA_HECHO": "00:00", "ESTRATO": 4 }, "geometry": { "type": "Point", "coordinates": [ -76.53892, 3.43254 ] } },
{ "type": "Feature", "properties": { "DELITO": "HURTO", "TIPO_HURTO": "HURTO DE AUTOPARTES", "MODALIDAD": "FACTOR DE OPORTUNIDAD", "COMUNA": 19, "NOM_COMUNA": "COMUNA 19", "BARRIO": 1913, "NOM_BARRIO": "El Cedro", "DIRECCION": "76001 CALLE 7 CON CARRERA 25, EL CEDRO, COMUNA 19, CALI, VALLE DEL CAUCA", "SITIO": "VIA PUBLICA", "X": -76.53741, "Y": 3.43516, "FECHA_HECH": "2023-08-05T00:00:00", "HORA_HECHO": "04:00", "ESTRATO": 4 }, "geometry": { "type": "Point", "coordinates": [ -76.53741, 3.43516 ] } },
{ "type": "Feature", "properties": { "DELITO": "HURTO", "TIPO_HURTO": "HURTO A PERSONAS", "MODALIDAD": "ATRACO", "COMUNA": 19, "NOM_COMUNA": "COMUNA 19", "BARRIO": 1906, "NOM_BARRIO": "San Fernando Nuevo", "DIRECCION": "76001 El Pascual, Carrera 34 5B3, 3 de Julio, Comuna 19, Cali, Valle del Cauca, COL,SAN FERNANDO NUEVO", "SITIO": "SIN INFORMACION", "X": -76.539639, "Y": 3.429126, "FECHA_HECH": "2023-08-31T00:00:00", "HORA_HECHO": "04:04", "ESTRATO": 4 }, "geometry": { "type": "Point", "coordinates": [ -76.539639, 3.429126 ] } },
{ "type": "Feature", "properties": { "DELITO": "HURTO", "TIPO_HURTO": "HURTO DE MOTOCICLETAS", "MODALIDAD": "HALADO", "COMUNA": 19, "NOM_COMUNA": "COMUNA 19", "BARRIO": 1913, "NOM_BARRIO": "El Cedro", "DIRECCION": "76001 CARRERA 24A 6 90, EL CEDRO, COMUNA 19, CALI, VALLE DEL CAUCA", "SITIO": "PARQUEADERO", "X": -76.537912, "Y": 3.436013, "FECHA_HECH": "2023-07-07T00:00:00", "HORA_HECHO": "01:30", "ESTRATO": 4 }, "geometry": { "type": "Point", "coordinates": [ -76.537912, 3.436013 ] } },
{ "type": "Feature", "properties": { "DELITO": "HURTO", "TIPO_HURTO": "HURTO DE MOTOCICLETAS", "MODALIDAD": "ATRACO", "COMUNA": 19, "NOM_COMUNA": "COMUNA 19", "BARRIO": 1905, "NOM_BARRIO": "Eucaristico", "DIRECCION": "76001 CARRERA 36 CON CALLE 9, BARRIO EUCARÍSTICO, COMUNA 19, CALI, VALLE DEL CAUCA", "SITIO": "VIA PUBLICA", "X": -76.53786, "Y": 3.42548, "FECHA_HECH": "2023-03-26T00:00:00", "HORA_HECHO": "00:30", "ESTRATO": 4 }, "geometry": { "type": "Point", "coordinates": [ -76.53786, 3.42548 ] } },
{ "type": "Feature", "properties": { "DELITO": "HURTO", "TIPO_HURTO": "HURTO DE VEHICULOS", "MODALIDAD": "ATRACO", "COMUNA": 19, "NOM_COMUNA": "COMUNA 19", "BARRIO": 1913, "NOM_BARRIO": "El Cedro", "DIRECCION": "76001 AVENIDA ROOSEVELT CON CARRERA 26, 3 DE JULIO, COMUNA 19, CALI, VALLE DEL CAUCA", "SITIO": "VIA PUBLICA", "X": -76.53878, "Y": 3.43439, "FECHA_HECH": "2023-04-10T00:00:00", "HORA_HECHO": "21:26", "ESTRATO": 4 }, "geometry": { "type": "Point", "coordinates": [ -76.53878, 3.43439 ] } },
{ "type": "Feature", "properties": { "DELITO": "HURTO", "TIPO_HURTO": "HURTO DE MOTOCICLETAS", "MODALIDAD": "ATRACO", "COMUNA": 19, "NOM_COMUNA": "COMUNA 19", "BARRIO": 1913, "NOM_BARRIO": "El Cedro", "DIRECCION": "76001 CALLE 6A 26 68, EL CEDRO, COMUNA 19, CALI, VALLE DEL CAUCA", "SITIO": "VIA PUBLICA", "X": -76.538205, "Y": 3.433855, "FECHA_HECH": "2023-06-03T00:00:00", "HORA_HECHO": "00:00", "ESTRATO": 4 }, "geometry": { "type": "Point", "coordinates": [ -76.538205, 3.433855 ] } },
{ "type": "Feature", "properties": { "DELITO": "HURTO", "TIPO_HURTO": "HURTO A CELULARES", "MODALIDAD": "ATRACO", "COMUNA": 19, "NOM_COMUNA": "COMUNA 19", "BARRIO": 1905, "NOM_BARRIO": "Eucaristico", "DIRECCION": "76001 CALLE 8 CON CARRERA 34, BARRIO EUCARÍSTICO, COMUNA 19, CALI, VALLE DEL CAUCA", "SITIO": "VIA PUBLICA", "X": -76.53809, "Y": 3.4268, "FECHA_HECH": "2023-10-25T00:00:00", "HORA_HECHO": "17:00", "ESTRATO": 4 }, "geometry": { "type": "Point", "coordinates": [ -76.53809, 3.4268 ] } },
{ "type": "Feature", "properties": { "DELITO": "HURTO", "TIPO_HURTO": "HURTO DE MOTOCICLETAS", "MODALIDAD": "HALADO", "COMUNA": 19, "NOM_COMUNA": "COMUNA 19", "BARRIO": 1912, "NOM_BARRIO": "3 de Julio", "DIRECCION": "76001 CALLE 5C 26 55, 3 DE JULIO, COMUNA 19, CALI, VALLE DEL CAUCA", "SITIO": "VIA PUBLICA", "X": -76.539612, "Y": 3.433991, "FECHA_HECH": "2023-09-21T00:00:00", "HORA_HECHO": "09:30", "ESTRATO": 4 }, "geometry": { "type": "Point", "coordinates": [ -76.539612, 3.433991 ] } },
{ "type": "Feature", "properties": { "DELITO": "HURTO", "TIPO_HURTO": "HURTO A PERSONAS", "MODALIDAD": "ATRACO", "COMUNA": 19, "NOM_COMUNA": "COMUNA 19", "BARRIO": 1906, "NOM_BARRIO": "San Fernando Nuevo", "DIRECCION": "76001 CALLE 5B3, SAN FERNANDO NUEVO, COMUNA 19, CALI, VALLE DEL CAUCA", "SITIO": "VIA PUBLICA", "X": -76.540545, "Y": 3.428555, "FECHA_HECH": "2023-10-25T00:00:00", "HORA_HECHO": "12:30", "ESTRATO": 4 }, "geometry": { "type": "Point", "coordinates": [ -76.540545, 3.428555 ] } },
{ "type": "Feature", "properties": { "DELITO": "HURTO", "TIPO_HURTO": "HURTO A PERSONAS", "MODALIDAD": "FLETEO", "COMUNA": 19, "NOM_COMUNA": "COMUNA 19", "BARRIO": 1913, "NOM_BARRIO": "El Cedro", "DIRECCION": "76001 CL 7 CON CON KR 24 A CALLE 7  CARRERA 24 A", "SITIO": "SIN INFORMACION", "X": -76.53745, "Y": 3.436017, "FECHA_HECH": "2023-05-29T00:00:00", "HORA_HECHO": "07:30", "ESTRATO": 4 }, "geometry": { "type": "Point", "coordinates": [ -76.53745, 3.436017 ] } },
{ "type": "Feature", "properties": { "DELITO": "HURTO", "TIPO_HURTO": "HURTO DE VEHICULOS", "MODALIDAD": "HALADO", "COMUNA": 19, "NOM_COMUNA": "COMUNA 19", "BARRIO": 1905, "NOM_BARRIO": "Eucaristico", "DIRECCION": "76001 CARRERA 36B, BARRIO EUCARÍSTICO, COMUNA 19, CALI, VALLE DEL CAUCA", "SITIO": "VIA PUBLICA", "X": -76.540655, "Y": 3.426145, "FECHA_HECH": "2023-03-29T00:00:00", "HORA_HECHO": "02:00", "ESTRATO": 4 }, "geometry": { "type": "Point", "coordinates": [ -76.540655, 3.426145 ] } },
{ "type": "Feature", "properties": { "DELITO": "HURTO", "TIPO_HURTO": "HURTO A ESTABLECIMIENTOS", "MODALIDAD": "VIOLACION DE CERRADURA", "COMUNA": 19, "NOM_COMUNA": "COMUNA 19", "BARRIO": 1913, "NOM_BARRIO": "El Cedro", "DIRECCION": "76001 CALLE 7 CON CARRERA 30A, EL CEDRO, COMUNA 19, CALI, VALLE DEL CAUCA", "SITIO": "ESTABLECIMIENTO DE COMERCIO", "X": -76.53806, "Y": 3.42979, "FECHA_HECH": "2023-08-14T00:00:00", "HORA_HECHO": "04:00", "ESTRATO": 4 }, "geometry": { "type": "Point", "coordinates": [ -76.53806, 3.42979 ] } },
{ "type": "Feature", "properties": { "DELITO": "HURTO", "TIPO_HURTO": "HURTO DE MOTOCICLETAS", "MODALIDAD": "HALADO", "COMUNA": 19, "NOM_COMUNA": "COMUNA 19", "BARRIO": 1913, "NOM_BARRIO": "El Cedro", "DIRECCION": "76001 Notaria 2, Calle 7, El Cedro, Comuna 19, Cali, Valle del Cauca, COL,EL CEDRO", "SITIO": "SIN INFORMACION", "X": -76.53763, "Y": 3.433331, "FECHA_HECH": "2023-10-17T00:00:00", "HORA_HECHO": "23:15", "ESTRATO": 4 }, "geometry": { "type": "Point", "coordinates": [ -76.53763, 3.433331 ] } },
{ "type": "Feature", "properties": { "DELITO": "HURTO", "TIPO_HURTO": "HURTO A PERSONAS", "MODALIDAD": "RAPONAZO", "COMUNA": 19, "NOM_COMUNA": "COMUNA 19", "BARRIO": 1912, "NOM_BARRIO": "3 de Julio", "DIRECCION": "76001 CARRERA 26 5B 98", "SITIO": "VIA PUBLICA", "X": -76.539685, "Y": 3.434401, "FECHA_HECH": "2023-04-10T00:00:00", "HORA_HECHO": "15:30", "ESTRATO": 4 }, "geometry": { "type": "Point", "coordinates": [ -76.539685, 3.434401 ] } },
{ "type": "Feature", "properties": { "DELITO": "HURTO", "TIPO_HURTO": "HURTO A PERSONAS", "MODALIDAD": "FACTOR DE OPORTUNIDAD", "COMUNA": 19, "NOM_COMUNA": "COMUNA 19", "BARRIO": 1912, "NOM_BARRIO": "3 de Julio", "DIRECCION": "76001 CALLE 6 29 72, 3 DE JULIO, COMUNA 19, CALI, VALLE DEL CAUCA", "SITIO": "VIA PUBLICA", "X": -76.53904, "Y": 3.4311, "FECHA_HECH": "2023-04-15T00:00:00", "HORA_HECHO": "22:30", "ESTRATO": 4 }, "geometry": { "type": "Point", "coordinates": [ -76.53904, 3.4311 ] } },
{ "type": "Feature", "properties": { "DELITO": "HURTO", "TIPO_HURTO": "HURTO DE MOTOCICLETAS", "MODALIDAD": "HALADO", "COMUNA": 19, "NOM_COMUNA": "COMUNA 19", "BARRIO": 1906, "NOM_BARRIO": "San Fernando Nuevo", "DIRECCION": "76001 CL 5 B 4 SUR CON KR 36-10 CALLE 5 B 4 No 36 10", "SITIO": "SIN INFORMACION", "X": -76.54047, "Y": 3.427853, "FECHA_HECH": "2023-12-20T00:00:00", "HORA_HECHO": "20:00", "ESTRATO": 4 }, "geometry": { "type": "Point", "coordinates": [ -76.54047, 3.427853 ] } },
{ "type": "Feature", "properties": { "DELITO": "HURTO", "TIPO_HURTO": "HURTO A PERSONAS", "MODALIDAD": "FACTOR DE OPORTUNIDAD", "COMUNA": 19, "NOM_COMUNA": "COMUNA 19", "BARRIO": 1912, "NOM_BARRIO": "3 de Julio", "DIRECCION": "76001 CARRERA 26 5C 6, 3 DE JULIO, COMUNA 19, CALI, VALLE DEL CAUCA", "SITIO": "OTRO", "X": -76.539562, "Y": 3.434351, "FECHA_HECH": "2023-02-01T00:00:00", "HORA_HECHO": "19:00", "ESTRATO": 4 }, "geometry": { "type": "Point", "coordinates": [ -76.539562, 3.434351 ] } },
{ "type": "Feature", "properties": { "DELITO": "HURTO", "TIPO_HURTO": "HURTO A CELULARES", "MODALIDAD": "ATRACO", "COMUNA": 19, "NOM_COMUNA": "COMUNA 19", "BARRIO": 1905, "NOM_BARRIO": "Eucaristico", "DIRECCION": "76001", "SITIO": "SIN INFORMACION", "X": -76.538384, "Y": 3.427289, "FECHA_HECH": "2023-02-20T00:00:00", "HORA_HECHO": "07:30", "ESTRATO": 4 }, "geometry": { "type": "Point", "coordinates": [ -76.538384, 3.427289 ] } },
{ "type": "Feature", "properties": { "DELITO": "HURTO", "TIPO_HURTO": "HURTO DE MOTOCICLETAS", "MODALIDAD": "HALADO", "COMUNA": 19, "NOM_COMUNA": "COMUNA 19", "BARRIO": 1905, "NOM_BARRIO": "Eucaristico", "DIRECCION": "76001 Carrera 34 7, Barrio Eucarístico, Comuna 19, Cali, Valle del Cauca, COL,BARRIO EUCARÍSTICO", "SITIO": "SIN INFORMACION", "X": -76.53834, "Y": 3.42713, "FECHA_HECH": "2023-08-23T00:00:00", "HORA_HECHO": "23:00", "ESTRATO": 4 }, "geometry": { "type": "Point", "coordinates": [ -76.53834, 3.42713 ] } },
{ "type": "Feature", "properties": { "DELITO": "HURTO", "TIPO_HURTO": "HURTO A PERSONAS", "MODALIDAD": "ATRACO", "COMUNA": 19, "NOM_COMUNA": "COMUNA 19", "BARRIO": 1913, "NOM_BARRIO": "El Cedro", "DIRECCION": "76001 Avenida Roosevelt 25 67, El Cedro, Comuna 19, Cali, Valle del Cauca, COL,EL CEDRO", "SITIO": "SIN INFORMACION", "X": -76.538712, "Y": 3.434679, "FECHA_HECH": "2023-07-07T00:00:00", "HORA_HECHO": "21:53", "ESTRATO": 4 }, "geometry": { "type": "Point", "coordinates": [ -76.538712, 3.434679 ] } },
{ "type": "Feature", "properties": { "DELITO": "HURTO", "TIPO_HURTO": "HURTO A ESTABLECIMIENTOS", "MODALIDAD": "MECHERO/HORMIGUEO", "COMUNA": 19, "NOM_COMUNA": "COMUNA 19", "BARRIO": 1913, "NOM_BARRIO": "El Cedro", "DIRECCION": "76001 CALLE 6 CON CARRERA 25, 3 DE JULIO, COMUNA 19, CALI, VALLE DEL CAUCA", "SITIO": "LOCAL COMERCIAL", "X": -76.53875, "Y": 3.43522, "FECHA_HECH": "2023-07-07T00:00:00", "HORA_HECHO": "11:00", "ESTRATO": 4 }, "geometry": { "type": "Point", "coordinates": [ -76.53875, 3.43522 ] } },
{ "type": "Feature", "properties": { "DELITO": "HURTO", "TIPO_HURTO": "HURTO A CELULARES", "MODALIDAD": "ATRACO", "COMUNA": 19, "NOM_COMUNA": "COMUNA 19", "BARRIO": 1912, "NOM_BARRIO": "3 de Julio", "DIRECCION": "76001 CALLE 6 30, 3 DE JULIO, COMUNA 19, CALI, VALLE DEL CAUCA", "SITIO": "VIA PUBLICA", "X": -76.53899, "Y": 3.430185, "FECHA_HECH": "2023-02-11T00:00:00", "HORA_HECHO": "08:30", "ESTRATO": 4 }, "geometry": { "type": "Point", "coordinates": [ -76.53899, 3.430185 ] } },
{ "type": "Feature", "properties": { "DELITO": "HURTO", "TIPO_HURTO": "HURTO DE MOTOCICLETAS", "MODALIDAD": "HALADO", "COMUNA": 19, "NOM_COMUNA": "COMUNA 19", "BARRIO": 1913, "NOM_BARRIO": "El Cedro", "DIRECCION": "76001 CARRERA 25 6 61, EL CEDRO, COMUNA 19, CALI, VALLE DEL CAUCA", "SITIO": "VIA PUBLICA", "X": -76.538193, "Y": 3.435252, "FECHA_HECH": "2023-05-16T00:00:00", "HORA_HECHO": "05:00", "ESTRATO": 4 }, "geometry": { "type": "Point", "coordinates": [ -76.538193, 3.435252 ] } },
{ "type": "Feature", "properties": { "DELITO": "HURTO", "TIPO_HURTO": "HURTO A ESTABLECIMIENTOS", "MODALIDAD": "VIOLACION DE CERRADURA", "COMUNA": 19, "NOM_COMUNA": "COMUNA 19", "BARRIO": 1905, "NOM_BARRIO": "Eucaristico", "DIRECCION": "76001 CALLE 8 34 52, BARRIO EUCARÍSTICO, COMUNA 19, CALI, VALLE DEL CAUCA", "SITIO": "OTRO", "X": -76.538284, "Y": 3.426447, "FECHA_HECH": "2023-06-04T00:00:00", "HORA_HECHO": "12:26", "ESTRATO": 4 }, "geometry": { "type": "Point", "coordinates": [ -76.538284, 3.426447 ] } },
{ "type": "Feature", "properties": { "DELITO": "HURTO", "TIPO_HURTO": "HURTO A CELULARES", "MODALIDAD": "ATRACO", "COMUNA": 19, "NOM_COMUNA": "COMUNA 19", "BARRIO": 1913, "NOM_BARRIO": "El Cedro", "DIRECCION": "76001 CALLE 9 32A 16, EL CEDRO, COMUNA 19, CALI, VALLE DEL CAUCA", "SITIO": "VIA PUBLICA", "X": -76.537138, "Y": 3.427133, "FECHA_HECH": "2023-12-27T00:00:00", "HORA_HECHO": "18:30", "ESTRATO": 4 }, "geometry": { "type": "Point", "coordinates": [ -76.537138, 3.427133 ] } },
{ "type": "Feature", "properties": { "DELITO": "HURTO", "TIPO_HURTO": "HURTO A ESTABLECIMIENTOS", "MODALIDAD": "VIOLACION DE CERRADURA", "COMUNA": 19, "NOM_COMUNA": "COMUNA 19", "BARRIO": 1914, "NOM_BARRIO": "Champagnat", "DIRECCION": "76001 CALLE 9 CON CARRERA 32A, U DEP PANAMERICANA ANT HIPÓDROMO, COMUNA 19, CALI, VALLE DEL CAUCA", "SITIO": "VIA PUBLICA", "X": -76.53706, "Y": 3.42722, "FECHA_HECH": "2023-07-20T00:00:00", "HORA_HECHO": "23:00", "ESTRATO": 4 }, "geometry": { "type": "Point", "coordinates": [ -76.53706, 3.42722 ] } },
{ "type": "Feature", "properties": { "DELITO": "HURTO", "TIPO_HURTO": "HURTO A PERSONAS", "MODALIDAD": "ATRACO", "COMUNA": 19, "NOM_COMUNA": "COMUNA 19", "BARRIO": 1913, "NOM_BARRIO": "El Cedro", "DIRECCION": "76001 CL 6 SUR CON CON KR 30 OCCIDENTE CALLE 6 CARRERA 30", "SITIO": "SIN INFORMACION", "X": -76.53891, "Y": 3.430363, "FECHA_HECH": "2023-09-14T00:00:00", "HORA_HECHO": "16:00", "ESTRATO": 4 }, "geometry": { "type": "Point", "coordinates": [ -76.53891, 3.430363 ] } },
{ "type": "Feature", "properties": { "DELITO": "HURTO", "TIPO_HURTO": "HURTO A PERSONAS", "MODALIDAD": "COSQUILLEO", "COMUNA": 19, "NOM_COMUNA": "COMUNA 19", "BARRIO": 1913, "NOM_BARRIO": "El Cedro", "DIRECCION": "76001 CARRERA 34 6 2", "SITIO": "TRANSPORTE MASIVO", "X": -76.539057, "Y": 3.42835, "FECHA_HECH": "2023-11-07T00:00:00", "HORA_HECHO": "22:30", "ESTRATO": 4 }, "geometry": { "type": "Point", "coordinates": [ -76.539057, 3.42835 ] } },
{ "type": "Feature", "properties": { "DELITO": "HURTO", "TIPO_HURTO": "HURTO A CELULARES", "MODALIDAD": "COSQUILLEO", "COMUNA": 19, "NOM_COMUNA": "COMUNA 19", "BARRIO": 1912, "NOM_BARRIO": "3 de Julio", "DIRECCION": "76001 NO REPORTA CALLE 6 CON DIAGONAL 36A", "SITIO": "TRANSPORTE PUBLICO URBANO", "X": -76.53908, "Y": 3.42896, "FECHA_HECH": "2023-03-02T00:00:00", "HORA_HECHO": "07:30", "ESTRATO": 4 }, "geometry": { "type": "Point", "coordinates": [ -76.53908, 3.42896 ] } },
{ "type": "Feature", "properties": { "DELITO": "HURTO", "TIPO_HURTO": "HURTO DE BICICLETAS", "MODALIDAD": "ATRACO", "COMUNA": 19, "NOM_COMUNA": "COMUNA 19", "BARRIO": 1912, "NOM_BARRIO": "3 de Julio", "DIRECCION": "76001 Calle 6 30 54, 3 de Julio, Comuna 19, Cali, Valle del Cauca, COL,3 DE JULIO", "SITIO": "SIN INFORMACION", "X": -76.5391, "Y": 3.42985, "FECHA_HECH": "2023-07-08T00:00:00", "HORA_HECHO": "16:15", "ESTRATO": 4 }, "geometry": { "type": "Point", "coordinates": [ -76.5391, 3.42985 ] } },
{ "type": "Feature", "properties": { "DELITO": "HURTO", "TIPO_HURTO": "HURTO A PERSONAS", "MODALIDAD": "ATRACO", "COMUNA": 19, "NOM_COMUNA": "COMUNA 19", "BARRIO": 1912, "NOM_BARRIO": "3 de Julio", "DIRECCION": "76001 CL 5 SUR CON KR 26-41 CALLE 5 c CON CARRERA 26 41", "SITIO": "SIN INFORMACION", "X": -76.53967, "Y": 3.434667, "FECHA_HECH": "2023-04-19T00:00:00", "HORA_HECHO": "19:30", "ESTRATO": 4 }, "geometry": { "type": "Point", "coordinates": [ -76.53967, 3.434667 ] } },
{ "type": "Feature", "properties": { "DELITO": "HURTO", "TIPO_HURTO": "HURTO A PERSONAS", "MODALIDAD": "BATALEO", "COMUNA": 19, "NOM_COMUNA": "COMUNA 19", "BARRIO": 1905, "NOM_BARRIO": "Eucaristico", "DIRECCION": "76001 AVENIDA ROOSEVELT 36 35, BARRIO EUCARÍSTICO, COMUNA 19, CALI, VALLE DEL CAUCA", "SITIO": "TRANSPORTE MASIVO", "X": -76.540218, "Y": 3.42597, "FECHA_HECH": "2023-09-19T00:00:00", "HORA_HECHO": "15:40", "ESTRATO": 4 }, "geometry": { "type": "Point", "coordinates": [ -76.540218, 3.42597 ] } },
{ "type": "Feature", "properties": { "DELITO": "HURTO", "TIPO_HURTO": "HURTO A CELULARES", "MODALIDAD": "ATRACO", "COMUNA": 19, "NOM_COMUNA": "COMUNA 19", "BARRIO": 1905, "NOM_BARRIO": "Eucaristico", "DIRECCION": "76001 CALLE 9 34 1, BARRIO EUCARÍSTICO, COMUNA 19, CALI, VALLE DEL CAUCA", "SITIO": "VIA PUBLICA", "X": -76.537808, "Y": 3.425512, "FECHA_HECH": "2023-03-22T00:00:00", "HORA_HECHO": "12:30", "ESTRATO": 4 }, "geometry": { "type": "Point", "coordinates": [ -76.537808, 3.425512 ] } },
{ "type": "Feature", "properties": { "DELITO": "HURTO", "TIPO_HURTO": "HURTO A PERSONAS", "MODALIDAD": "ATRACO", "COMUNA": 19, "NOM_COMUNA": "COMUNA 19", "BARRIO": 1905, "NOM_BARRIO": "Eucaristico", "DIRECCION": "76001 Carrera 34 7 1-99, Barrio Eucarístico, Comuna 19, Cali, Valle del Cauca, COL,BARRIO EUCARÍSTICO", "SITIO": "SIN INFORMACION", "X": -76.538324, "Y": 3.427141, "FECHA_HECH": "2023-03-22T00:00:00", "HORA_HECHO": "07:50", "ESTRATO": 4 }, "geometry": { "type": "Point", "coordinates": [ -76.538324, 3.427141 ] } },
{ "type": "Feature", "properties": { "DELITO": "HURTO", "TIPO_HURTO": "HURTO A PERSONAS", "MODALIDAD": "ATRACO", "COMUNA": 19, "NOM_COMUNA": "COMUNA 19", "BARRIO": 1906, "NOM_BARRIO": "San Fernando Nuevo", "DIRECCION": "76001 Carrera 36B con Calle 5B3, San Fernando Nuevo, Comuna 19, Cali, Valle del Cauca, COL,SAN FERNANDO NUEVO", "SITIO": "SIN INFORMACION", "X": -76.5416, "Y": 3.42778, "FECHA_HECH": "2023-10-24T00:00:00", "HORA_HECHO": "00:45", "ESTRATO": 4 }, "geometry": { "type": "Point", "coordinates": [ -76.5416, 3.42778 ] } },
{ "type": "Feature", "properties": { "DELITO": "HURTO", "TIPO_HURTO": "HURTO A ESTABLECIMIENTOS", "MODALIDAD": "VENTOSA", "COMUNA": 19, "NOM_COMUNA": "COMUNA 19", "BARRIO": 1905, "NOM_BARRIO": "Eucaristico", "DIRECCION": "76001 CARRERA 36A, BARRIO EUCARÍSTICO, COMUNA 19, CALI, VALLE DEL CAUCA", "SITIO": "ESTABLECIMIENTO DE COMERCIO", "X": -76.53978, "Y": 3.425915, "FECHA_HECH": "2023-11-23T00:00:00", "HORA_HECHO": "00:30", "ESTRATO": 4 }, "geometry": { "type": "Point", "coordinates": [ -76.53978, 3.425915 ] } },
{ "type": "Feature", "properties": { "DELITO": "HURTO", "TIPO_HURTO": "HURTO A PERSONAS", "MODALIDAD": "ATRACO", "COMUNA": 19, "NOM_COMUNA": "COMUNA 19", "BARRIO": 1905, "NOM_BARRIO": "Eucaristico", "DIRECCION": "76001 Parque El Templete, Calle 6 36, Barrio Eucarístico, Comuna 19, Cali, Valle del Cauca, COL,BARRIO EUCARÍSTICO", "SITIO": "SIN INFORMACION", "X": -76.53979, "Y": 3.42636, "FECHA_HECH": "2023-11-27T00:00:00", "HORA_HECHO": "13:30", "ESTRATO": 4 }, "geometry": { "type": "Point", "coordinates": [ -76.53979, 3.42636 ] } },
{ "type": "Feature", "properties": { "DELITO": "HURTO", "TIPO_HURTO": "HURTO DE MOTOCICLETAS", "MODALIDAD": "HALADO", "COMUNA": 19, "NOM_COMUNA": "COMUNA 19", "BARRIO": 1913, "NOM_BARRIO": "El Cedro", "DIRECCION": "76001 Calle 6 24 75, El Cedro, Comuna 19, Cali, Valle del Cauca, COL,EL CEDRO", "SITIO": "SIN INFORMACION", "X": -76.538515, "Y": 3.437004, "FECHA_HECH": "2023-08-17T00:00:00", "HORA_HECHO": "22:00", "ESTRATO": 4 }, "geometry": { "type": "Point", "coordinates": [ -76.538515, 3.437004 ] } },
{ "type": "Feature", "properties": { "DELITO": "HURTO", "TIPO_HURTO": "HURTO A CELULARES", "MODALIDAD": "ATRACO", "COMUNA": 19, "NOM_COMUNA": "COMUNA 19", "BARRIO": 1913, "NOM_BARRIO": "El Cedro", "DIRECCION": "76001 CARRERA 34 8, BARRIO EUCARÍSTICO, COMUNA 19, CALI, VALLE DEL CAUCA", "SITIO": "VIA PUBLICA", "X": -76.537965, "Y": 3.42691, "FECHA_HECH": "2023-11-20T00:00:00", "HORA_HECHO": "16:00", "ESTRATO": 4 }, "geometry": { "type": "Point", "coordinates": [ -76.537965, 3.42691 ] } },
{ "type": "Feature", "properties": { "DELITO": "HURTO", "TIPO_HURTO": "HURTO A ESTABLECIMIENTOS", "MODALIDAD": "FACTOR DE OPORTUNIDAD", "COMUNA": 19, "NOM_COMUNA": "COMUNA 19", "BARRIO": 1905, "NOM_BARRIO": "Eucaristico", "DIRECCION": "76001 Carrera 34 7, Barrio Eucarístico, Comuna 19, Cali, Valle del Cauca, COL,BARRIO EUCARÍSTICO", "SITIO": "SIN INFORMACION", "X": -76.53834, "Y": 3.42713, "FECHA_HECH": "2023-04-11T00:00:00", "HORA_HECHO": "00:00", "ESTRATO": 4 }, "geometry": { "type": "Point", "coordinates": [ -76.53834, 3.42713 ] } },
{ "type": "Feature", "properties": { "DELITO": "HURTO", "TIPO_HURTO": "HURTO A PERSONAS", "MODALIDAD": "COSQUILLEO", "COMUNA": 19, "NOM_COMUNA": "COMUNA 19", "BARRIO": 1913, "NOM_BARRIO": "El Cedro", "DIRECCION": "76001 Calle 9 32A 16, El Cedro, Comuna 19, Cali, Valle del Cauca, COL,EL CEDRO", "SITIO": "SIN INFORMACION", "X": -76.537138, "Y": 3.427133, "FECHA_HECH": "2023-12-06T00:00:00", "HORA_HECHO": "20:54", "ESTRATO": 4 }, "geometry": { "type": "Point", "coordinates": [ -76.537138, 3.427133 ] } },
{ "type": "Feature", "properties": { "DELITO": "HURTO", "TIPO_HURTO": "HURTO A PERSONAS", "MODALIDAD": "ATRACO", "COMUNA": 19, "NOM_COMUNA": "COMUNA 19", "BARRIO": 1912, "NOM_BARRIO": "3 de Julio", "DIRECCION": "76001 CARRERA 26 CON CALLE 5B, 3 DE JULIO, COMUNA 19, CALI, VALLE DEL CAUCA", "SITIO": "OTRO", "X": -76.54045, "Y": 3.43445, "FECHA_HECH": "2023-06-23T00:00:00", "HORA_HECHO": "21:00", "ESTRATO": 4 }, "geometry": { "type": "Point", "coordinates": [ -76.54045, 3.43445 ] } },
{ "type": "Feature", "properties": { "DELITO": "HURTO", "TIPO_HURTO": "HURTO A PERSONAS", "MODALIDAD": "FACTOR DE OPORTUNIDAD", "COMUNA": 19, "NOM_COMUNA": "COMUNA 19", "BARRIO": 1905, "NOM_BARRIO": "Eucaristico", "DIRECCION": "76001 CALLE 5F 36 90", "SITIO": "VIA PUBLICA", "X": -76.540459, "Y": 3.426111, "FECHA_HECH": "2023-10-30T00:00:00", "HORA_HECHO": "18:00", "ESTRATO": 4 }, "geometry": { "type": "Point", "coordinates": [ -76.540459, 3.426111 ] } },
{ "type": "Feature", "properties": { "DELITO": "HURTO", "TIPO_HURTO": "HURTO A CELULARES", "MODALIDAD": "ATRACO", "COMUNA": 19, "NOM_COMUNA": "COMUNA 19", "BARRIO": 1912, "NOM_BARRIO": "3 de Julio", "DIRECCION": "76001 CALLE 5B 25 33, 3 DE JULIO, COMUNA 19, CALI, VALLE DEL CAUCA", "SITIO": "VIA PUBLICA", "X": -76.540348, "Y": 3.435182, "FECHA_HECH": "2023-01-24T00:00:00", "HORA_HECHO": "12:00", "ESTRATO": 4 }, "geometry": { "type": "Point", "coordinates": [ -76.540348, 3.435182 ] } },
{ "type": "Feature", "properties": { "DELITO": "HURTO", "TIPO_HURTO": "HURTO A PERSONAS", "MODALIDAD": "ATRACO", "COMUNA": 19, "NOM_COMUNA": "COMUNA 19", "BARRIO": 1913, "NOM_BARRIO": "El Cedro", "DIRECCION": "76001 CALLE 7 30, EL CEDRO, COMUNA 19, CALI, VALLE DEL CAUCA", "SITIO": "VIA PUBLICA", "X": -76.53796, "Y": 3.430055, "FECHA_HECH": "2023-03-22T00:00:00", "HORA_HECHO": "00:30", "ESTRATO": 4 }, "geometry": { "type": "Point", "coordinates": [ -76.53796, 3.430055 ] } },
{ "type": "Feature", "properties": { "DELITO": "HURTO", "TIPO_HURTO": "HURTO A CELULARES", "MODALIDAD": "COSQUILLEO", "COMUNA": 19, "NOM_COMUNA": "COMUNA 19", "BARRIO": 1905, "NOM_BARRIO": "Eucaristico", "DIRECCION": "76001 CALLE 9 CON CARRERA 34 8, BARRIO EUCARÍSTICO, COMUNA 19, CALI, VALLE DEL CAUCA", "SITIO": "TRANSPORTE MASIVO", "X": -76.53759, "Y": 3.42618, "FECHA_HECH": "2023-05-31T00:00:00", "HORA_HECHO": "07:30", "ESTRATO": 4 }, "geometry": { "type": "Point", "coordinates": [ -76.53759, 3.42618 ] } },
{ "type": "Feature", "properties": { "DELITO": "HURTO", "TIPO_HURTO": "HURTO DE VEHICULOS", "MODALIDAD": "HALADO", "COMUNA": 19, "NOM_COMUNA": "COMUNA 19", "BARRIO": 1913, "NOM_BARRIO": "El Cedro", "DIRECCION": "76001 CALLE 7 27 30", "SITIO": "VIA PUBLICA", "X": -76.53767, "Y": 3.432976, "FECHA_HECH": "2023-06-09T00:00:00", "HORA_HECHO": "13:30", "ESTRATO": 4 }, "geometry": { "type": "Point", "coordinates": [ -76.53767, 3.432976 ] } },
{ "type": "Feature", "properties": { "DELITO": "HURTO", "TIPO_HURTO": "HURTO DE VEHICULOS", "MODALIDAD": "HALADO", "COMUNA": 19, "NOM_COMUNA": "COMUNA 19", "BARRIO": 1914, "NOM_BARRIO": "Champagnat", "DIRECCION": "76001 CL 9 SUR CON KR 34-1 CALLE 9 No 34 01", "SITIO": "PARQUEADERO", "X": -76.53713, "Y": 3.426995, "FECHA_HECH": "2023-12-19T00:00:00", "HORA_HECHO": "20:00", "ESTRATO": 4 }, "geometry": { "type": "Point", "coordinates": [ -76.53713, 3.426995 ] } },
{ "type": "Feature", "properties": { "DELITO": "HURTO", "TIPO_HURTO": "HURTO A CELULARES", "MODALIDAD": "ATRACO", "COMUNA": 19, "NOM_COMUNA": "COMUNA 19", "BARRIO": 1913, "NOM_BARRIO": "El Cedro", "DIRECCION": "76001 CARRERA 24, ALAMEDA, COMUNA 9, CALI, VALLE DEL CAUCA", "SITIO": "VIA PUBLICA", "X": -76.53831, "Y": 3.437455, "FECHA_HECH": "2023-01-07T00:00:00", "HORA_HECHO": "05:30", "ESTRATO": 4 }, "geometry": { "type": "Point", "coordinates": [ -76.53831, 3.437455 ] } },
{ "type": "Feature", "properties": { "DELITO": "HURTO", "TIPO_HURTO": "HURTO A PERSONAS", "MODALIDAD": "ATRACO", "COMUNA": 19, "NOM_COMUNA": "COMUNA 19", "BARRIO": 1912, "NOM_BARRIO": "3 de Julio", "DIRECCION": "76001 AVENIDA ROOSEVELT, 3 DE JULIO, COMUNA 19, CALI, VALLE DEL CAUCA", "SITIO": "VIA PUBLICA", "X": -76.53888, "Y": 3.432915, "FECHA_HECH": "2023-06-22T00:00:00", "HORA_HECHO": "22:00", "ESTRATO": 4 }, "geometry": { "type": "Point", "coordinates": [ -76.53888, 3.432915 ] } },
{ "type": "Feature", "properties": { "DELITO": "HURTO", "TIPO_HURTO": "HURTO A CELULARES", "MODALIDAD": "ATRACO", "COMUNA": 19, "NOM_COMUNA": "COMUNA 19", "BARRIO": 1912, "NOM_BARRIO": "3 de Julio", "DIRECCION": "76001 CL 5 B SUR CON CON KR 34 ESTE CALLE 5 B 3 CARRRERA 34", "SITIO": "SIN INFORMACION", "X": -76.53972, "Y": 3.429308, "FECHA_HECH": "2023-02-10T00:00:00", "HORA_HECHO": "17:30", "ESTRATO": 4 }, "geometry": { "type": "Point", "coordinates": [ -76.53972, 3.429308 ] } },
{ "type": "Feature", "properties": { "DELITO": "HURTO", "TIPO_HURTO": "HURTO A ESTABLECIMIENTOS", "MODALIDAD": "FACTOR DE OPORTUNIDAD", "COMUNA": 19, "NOM_COMUNA": "COMUNA 19", "BARRIO": 1912, "NOM_BARRIO": "3 de Julio", "DIRECCION": "76001 Avenida Roosevelt 25 32, 3 de Julio, Comuna 19, Cali, Valle del Cauca, COL,3 DE JULIO", "SITIO": "SIN INFORMACION", "X": -76.538817, "Y": 3.434941, "FECHA_HECH": "2023-03-16T00:00:00", "HORA_HECHO": "07:00", "ESTRATO": 4 }, "geometry": { "type": "Point", "coordinates": [ -76.538817, 3.434941 ] } },
{ "type": "Feature", "properties": { "DELITO": "HURTO", "TIPO_HURTO": "HURTO A CELULARES", "MODALIDAD": "ATRACO", "COMUNA": 19, "NOM_COMUNA": "COMUNA 19", "BARRIO": 1906, "NOM_BARRIO": "San Fernando Nuevo", "DIRECCION": "76001 Carrera 36B 5B3 51, San Fernando Nuevo, Comuna 19, Cali, Valle del Cauca, COL,SAN FERNANDO NUEVO", "SITIO": "SIN INFORMACION", "X": -76.541357, "Y": 3.427549, "FECHA_HECH": "2023-05-15T00:00:00", "HORA_HECHO": "10:30", "ESTRATO": 4 }, "geometry": { "type": "Point", "coordinates": [ -76.541357, 3.427549 ] } },
{ "type": "Feature", "properties": { "DELITO": "HURTO", "TIPO_HURTO": "HURTO A CELULARES", "MODALIDAD": "ATRACO", "COMUNA": 19, "NOM_COMUNA": "COMUNA 19", "BARRIO": 1913, "NOM_BARRIO": "El Cedro", "DIRECCION": "76001 CARRERA 34, BARRIO EUCARÍSTICO, COMUNA 19, CALI, VALLE DEL CAUCA", "SITIO": "VIA PUBLICA", "X": -76.5377, "Y": 3.426535, "FECHA_HECH": "2023-07-31T00:00:00", "HORA_HECHO": "23:30", "ESTRATO": 4 }, "geometry": { "type": "Point", "coordinates": [ -76.5377, 3.426535 ] } },
{ "type": "Feature", "properties": { "DELITO": "HURTO", "TIPO_HURTO": "HURTO A PERSONAS", "MODALIDAD": "ATRACO", "COMUNA": 19, "NOM_COMUNA": "COMUNA 19", "BARRIO": 1913, "NOM_BARRIO": "El Cedro", "DIRECCION": "76001 CALLE 6 28 61, EL CEDRO, COMUNA 19, CALI, VALLE DEL CAUCA", "SITIO": "VIA PUBLICA", "X": -76.538887, "Y": 3.432091, "FECHA_HECH": "2023-09-27T00:00:00", "HORA_HECHO": "16:00", "ESTRATO": 4 }, "geometry": { "type": "Point", "coordinates": [ -76.538887, 3.432091 ] } },
{ "type": "Feature", "properties": { "DELITO": "HURTO", "TIPO_HURTO": "HURTO A RESIDENCIA", "MODALIDAD": "FACTOR DE OPORTUNIDAD", "COMUNA": 19, "NOM_COMUNA": "COMUNA 19", "BARRIO": 1906, "NOM_BARRIO": "San Fernando Nuevo", "DIRECCION": "76001 CARRERA 37 5B3 75, SAN FERNANDO NUEVO, COMUNA 19, CALI, VALLE DEL CAUCA", "SITIO": "DOMICILIO", "X": -76.542086, "Y": 3.427015, "FECHA_HECH": "2023-09-27T00:00:00", "HORA_HECHO": "15:32", "ESTRATO": 4 }, "geometry": { "type": "Point", "coordinates": [ -76.542086, 3.427015 ] } },
{ "type": "Feature", "properties": { "DELITO": "HURTO", "TIPO_HURTO": "HURTO A PERSONAS", "MODALIDAD": "ATRACO", "COMUNA": 19, "NOM_COMUNA": "COMUNA 19", "BARRIO": 1912, "NOM_BARRIO": "3 de Julio", "DIRECCION": "76001 CARRERA 30 6 1", "SITIO": "VIA PUBLICA", "X": -76.538982, "Y": 3.430377, "FECHA_HECH": "2023-10-13T00:00:00", "HORA_HECHO": "03:30", "ESTRATO": 4 }, "geometry": { "type": "Point", "coordinates": [ -76.538982, 3.430377 ] } },
{ "type": "Feature", "properties": { "DELITO": "HURTO", "TIPO_HURTO": "HURTO A PERSONAS", "MODALIDAD": "ATRACO", "COMUNA": 19, "NOM_COMUNA": "COMUNA 19", "BARRIO": 1914, "NOM_BARRIO": "Champagnat", "DIRECCION": "76001 CALLE 9 CON CARRERA 32A, CHAMPAGNAT, COMUNA 19, CALI, VALLE DEL CAUCA", "SITIO": "VIA PUBLICA", "X": -76.53706, "Y": 3.42722, "FECHA_HECH": "2023-10-15T00:00:00", "HORA_HECHO": "21:30", "ESTRATO": 4 }, "geometry": { "type": "Point", "coordinates": [ -76.53706, 3.42722 ] } },
{ "type": "Feature", "properties": { "DELITO": "HURTO", "TIPO_HURTO": "HURTO A ESTABLECIMIENTOS", "MODALIDAD": "FACTOR DE OPORTUNIDAD", "COMUNA": 19, "NOM_COMUNA": "COMUNA 19", "BARRIO": 1912, "NOM_BARRIO": "3 de Julio", "DIRECCION": "76001 Calle 5C con Carrera 26, 3 de Julio, Comuna 19, Cali, Valle del Cauca, COL,3 DE JULIO", "SITIO": "SIN INFORMACION", "X": -76.53965, "Y": 3.43441, "FECHA_HECH": "2023-01-09T00:00:00", "HORA_HECHO": "08:00", "ESTRATO": 4 }, "geometry": { "type": "Point", "coordinates": [ -76.53965, 3.43441 ] } },
{ "type": "Feature", "properties": { "DELITO": "HURTO", "TIPO_HURTO": "HURTO A CELULARES", "MODALIDAD": "RAPONAZO", "COMUNA": 19, "NOM_COMUNA": "COMUNA 19", "BARRIO": 1912, "NOM_BARRIO": "3 de Julio", "DIRECCION": "76001 Carrera 25 5, 3 de Julio, Comuna 19, Cali, Valle del Cauca, COL,3 DE JULIO", "SITIO": "SIN INFORMACION", "X": -76.539546, "Y": 3.43527, "FECHA_HECH": "2023-03-25T00:00:00", "HORA_HECHO": "22:45", "ESTRATO": 4 }, "geometry": { "type": "Point", "coordinates": [ -76.539546, 3.43527 ] } },
{ "type": "Feature", "properties": { "DELITO": "HURTO", "TIPO_HURTO": "HURTO A PERSONAS", "MODALIDAD": "RAPONAZO", "COMUNA": 19, "NOM_COMUNA": "COMUNA 19", "BARRIO": 1913, "NOM_BARRIO": "El Cedro", "DIRECCION": "76001 CARRERA 27 CON CALLE 7, EL CEDRO, COMUNA 19, CALI, VALLE DEL CAUCA", "SITIO": "OTRO", "X": -76.5375, "Y": 3.43323, "FECHA_HECH": "2023-09-15T00:00:00", "HORA_HECHO": "13:30", "ESTRATO": 4 }, "geometry": { "type": "Point", "coordinates": [ -76.5375, 3.43323 ] } },
{ "type": "Feature", "properties": { "DELITO": "HURTO", "TIPO_HURTO": "HURTO A PERSONAS", "MODALIDAD": "ATRACO", "COMUNA": 19, "NOM_COMUNA": "COMUNA 19", "BARRIO": 1905, "NOM_BARRIO": "Eucaristico", "DIRECCION": "76001 CALLE 6 CON CARRERA 35, BARRIO EUCARÍSTICO, COMUNA 19, CALI, VALLE DEL CAUCA", "SITIO": "VIA PUBLICA", "X": -76.53939, "Y": 3.42733, "FECHA_HECH": "2023-07-07T00:00:00", "HORA_HECHO": "10:00", "ESTRATO": 4 }, "geometry": { "type": "Point", "coordinates": [ -76.53939, 3.42733 ] } },
{ "type": "Feature", "properties": { "DELITO": "HURTO", "TIPO_HURTO": "HURTO A PERSONAS", "MODALIDAD": "ATRACO", "COMUNA": 19, "NOM_COMUNA": "COMUNA 19", "BARRIO": 1905, "NOM_BARRIO": "Eucaristico", "DIRECCION": "76001", "SITIO": "SIN INFORMACION", "X": -76.53809, "Y": 3.4268, "FECHA_HECH": "2023-09-13T00:00:00", "HORA_HECHO": "09:15", "ESTRATO": 4 }, "geometry": { "type": "Point", "coordinates": [ -76.53809, 3.4268 ] } },
{ "type": "Feature", "properties": { "DELITO": "HURTO", "TIPO_HURTO": "HURTO A ESTABLECIMIENTOS", "MODALIDAD": "FACTOR DE OPORTUNIDAD", "COMUNA": 19, "NOM_COMUNA": "COMUNA 19", "BARRIO": 1906, "NOM_BARRIO": "San Fernando Nuevo", "DIRECCION": "76001 CALLE 6 34 72", "SITIO": "LUGAR DE TRABAJO", "X": -76.539372, "Y": 3.427745, "FECHA_HECH": "2023-02-27T00:00:00", "HORA_HECHO": "00:00", "ESTRATO": 4 }, "geometry": { "type": "Point", "coordinates": [ -76.539372, 3.427745 ] } },
{ "type": "Feature", "properties": { "DELITO": "HURTO", "TIPO_HURTO": "HURTO DE MOTOCICLETAS", "MODALIDAD": "HALADO", "COMUNA": 19, "NOM_COMUNA": "COMUNA 19", "BARRIO": 1913, "NOM_BARRIO": "El Cedro", "DIRECCION": "76001 AVENIDA ROOSEVELT 26 5, EL CEDRO, COMUNA 19, CALI, VALLE DEL CAUCA", "SITIO": "VIA PUBLICA", "X": -76.538727, "Y": 3.434303, "FECHA_HECH": "2023-04-22T00:00:00", "HORA_HECHO": "19:30", "ESTRATO": 4 }, "geometry": { "type": "Point", "coordinates": [ -76.538727, 3.434303 ] } },
{ "type": "Feature", "properties": { "DELITO": "HURTO", "TIPO_HURTO": "HURTO A ESTABLECIMIENTOS", "MODALIDAD": "FACTOR DE OPORTUNIDAD", "COMUNA": 19, "NOM_COMUNA": "COMUNA 19", "BARRIO": 1905, "NOM_BARRIO": "Eucaristico", "DIRECCION": "76001 Avenida Roosevelt con Carrera 36A, Barrio Eucarístico, Comuna 19, Cali, Valle del Cauca, COL,BARRIO EUCARÍSTICO", "SITIO": "SIN INFORMACION", "X": -76.53997, "Y": 3.426, "FECHA_HECH": "2023-11-23T00:00:00", "HORA_HECHO": "05:10", "ESTRATO": 4 }, "geometry": { "type": "Point", "coordinates": [ -76.53997, 3.426 ] } },
{ "type": "Feature", "properties": { "DELITO": "HURTO", "TIPO_HURTO": "HURTO A PERSONAS", "MODALIDAD": "ATRACO", "COMUNA": 19, "NOM_COMUNA": "COMUNA 19", "BARRIO": 1905, "NOM_BARRIO": "Eucaristico", "DIRECCION": "76001 CALLE 8 34 37, BARRIO EUCARÍSTICO, COMUNA 19, CALI, VALLE DEL CAUCA", "SITIO": "VIA PUBLICA", "X": -76.538141, "Y": 3.426499, "FECHA_HECH": "2023-02-22T00:00:00", "HORA_HECHO": "00:30", "ESTRATO": 4 }, "geometry": { "type": "Point", "coordinates": [ -76.538141, 3.426499 ] } },
{ "type": "Feature", "properties": { "DELITO": "HURTO", "TIPO_HURTO": "HURTO A PERSONAS", "MODALIDAD": "FLETEO", "COMUNA": 19, "NOM_COMUNA": "COMUNA 19", "BARRIO": 1906, "NOM_BARRIO": "San Fernando Nuevo", "DIRECCION": "76001 CALLE 5B4 36B 5, SAN FERNANDO NUEVO, COMUNA 19, CALI, VALLE DEL CAUCA", "SITIO": "ESTABLECIMIENTO DE COMERCIO", "X": -76.541088, "Y": 3.426941, "FECHA_HECH": "2023-03-06T00:00:00", "HORA_HECHO": "13:30", "ESTRATO": 4 }, "geometry": { "type": "Point", "coordinates": [ -76.541088, 3.426941 ] } },
{ "type": "Feature", "properties": { "DELITO": "HURTO", "TIPO_HURTO": "HURTO A PERSONAS", "MODALIDAD": "ATRACO", "COMUNA": 19, "NOM_COMUNA": "COMUNA 19", "BARRIO": 1913, "NOM_BARRIO": "El Cedro", "DIRECCION": "76001 CALLE 7 CON CARRERA 34, BARRIO EUCARÍSTICO, COMUNA 19, CALI, VALLE DEL CAUCA", "SITIO": "VIA PUBLICA", "X": -76.53853, "Y": 3.42762, "FECHA_HECH": "2023-09-27T00:00:00", "HORA_HECHO": "13:30", "ESTRATO": 4 }, "geometry": { "type": "Point", "coordinates": [ -76.53853, 3.42762 ] } },
{ "type": "Feature", "properties": { "DELITO": "HURTO", "TIPO_HURTO": "HURTO A PERSONAS", "MODALIDAD": "FLETEO", "COMUNA": 19, "NOM_COMUNA": "COMUNA 19", "BARRIO": 1913, "NOM_BARRIO": "El Cedro", "DIRECCION": "76001 AVENIDA ROOSEVELT CON CARRERA 26, 3 DE JULIO, COMUNA 19, CALI, VALLE DEL CAUCA", "SITIO": "VIA PUBLICA", "X": -76.53878, "Y": 3.43439, "FECHA_HECH": "2023-05-19T00:00:00", "HORA_HECHO": "16:25", "ESTRATO": 4 }, "geometry": { "type": "Point", "coordinates": [ -76.53878, 3.43439 ] } },
{ "type": "Feature", "properties": { "DELITO": "HURTO", "TIPO_HURTO": "HURTO A PERSONAS", "MODALIDAD": "ENGAÑO", "COMUNA": 19, "NOM_COMUNA": "COMUNA 19", "BARRIO": 1906, "NOM_BARRIO": "San Fernando Nuevo", "DIRECCION": "76001 CARRERA 36 CON CALLE 5B3 34, SAN FERNANDO NUEVO, COMUNA 19, CALI, VALLE DEL CAUCA", "SITIO": "ESTABLECIMIENTO DE COMERCIO", "X": -76.54086, "Y": 3.42833, "FECHA_HECH": "2023-01-19T00:00:00", "HORA_HECHO": "15:45", "ESTRATO": 4 }, "geometry": { "type": "Point", "coordinates": [ -76.54086, 3.42833 ] } },
{ "type": "Feature", "properties": { "DELITO": "HURTO", "TIPO_HURTO": "HURTO A RESIDENCIA", "MODALIDAD": "ATRACO", "COMUNA": 19, "NOM_COMUNA": "COMUNA 19", "BARRIO": 1905, "NOM_BARRIO": "Eucaristico", "DIRECCION": "76001 CARRERA 36 7 60, BARRIO EUCARÍSTICO, COMUNA 19, CALI, VALLE DEL CAUCA", "SITIO": "DOMICILIO", "X": -76.539049, "Y": 3.42598, "FECHA_HECH": "2023-10-28T00:00:00", "HORA_HECHO": "02:00", "ESTRATO": 4 }, "geometry": { "type": "Point", "coordinates": [ -76.539049, 3.42598 ] } },
{ "type": "Feature", "properties": { "DELITO": "HURTO", "TIPO_HURTO": "HURTO A PERSONAS", "MODALIDAD": "ATRACO", "COMUNA": 19, "NOM_COMUNA": "COMUNA 19", "BARRIO": 1912, "NOM_BARRIO": "3 de Julio", "DIRECCION": "76001 CALLE 5B 25 23, 3 DE JULIO, COMUNA 19, CALI, VALLE DEL CAUCA", "SITIO": "VIA PUBLICA", "X": -76.540344, "Y": 3.435241, "FECHA_HECH": "2023-05-27T00:00:00", "HORA_HECHO": "04:30", "ESTRATO": 4 }, "geometry": { "type": "Point", "coordinates": [ -76.540344, 3.435241 ] } },
{ "type": "Feature", "properties": { "DELITO": "HURTO", "TIPO_HURTO": "HURTO A PERSONAS", "MODALIDAD": "ATRACO", "COMUNA": 19, "NOM_COMUNA": "COMUNA 19", "BARRIO": 1912, "NOM_BARRIO": "3 de Julio", "DIRECCION": "76001 Avenida Roosevelt 29 6, 3 de Julio, Comuna 19, Cali, Valle del Cauca, COL,3 DE JULIO", "SITIO": "SIN INFORMACION", "X": -76.539019, "Y": 3.431698, "FECHA_HECH": "2023-04-15T00:00:00", "HORA_HECHO": "06:00", "ESTRATO": 4 }, "geometry": { "type": "Point", "coordinates": [ -76.539019, 3.431698 ] } },
{ "type": "Feature", "properties": { "DELITO": "HURTO", "TIPO_HURTO": "HURTO A PERSONAS", "MODALIDAD": "ATRACO", "COMUNA": 19, "NOM_COMUNA": "COMUNA 19", "BARRIO": 1912, "NOM_BARRIO": "3 de Julio", "DIRECCION": "76001 CALLE 5C CON CARRERA 26, 3 DE JULIO, COMUNA 19, CALI, VALLE DEL CAUCA", "SITIO": "VIA PUBLICA", "X": -76.53965, "Y": 3.43441, "FECHA_HECH": "2023-07-28T00:00:00", "HORA_HECHO": "07:00", "ESTRATO": 4 }, "geometry": { "type": "Point", "coordinates": [ -76.53965, 3.43441 ] } },
{ "type": "Feature", "properties": { "DELITO": "HURTO", "TIPO_HURTO": "HURTO A PERSONAS", "MODALIDAD": "ATRACO", "COMUNA": 19, "NOM_COMUNA": "COMUNA 9", "BARRIO": 1913, "NOM_BARRIO": "El Cedro", "DIRECCION": "76001 CALLE 7 CON CARRERA 24 7, ALAMEDA, COMUNA 9, CALI, VALLE DEL CAUCA", "SITIO": "VIA PUBLICA", "X": -76.53724, "Y": 3.4365, "FECHA_HECH": "2023-06-30T00:00:00", "HORA_HECHO": "02:30", "ESTRATO": 4 }, "geometry": { "type": "Point", "coordinates": [ -76.53724, 3.4365 ] } },
{ "type": "Feature", "properties": { "DELITO": "HURTO", "TIPO_HURTO": "HURTO A PERSONAS", "MODALIDAD": "FACTOR DE OPORTUNIDAD", "COMUNA": 19, "NOM_COMUNA": "COMUNA 19", "BARRIO": 1913, "NOM_BARRIO": "El Cedro", "DIRECCION": "76001 CALLE 6 CON CARRERA 24A, 3 DE JULIO, COMUNA 19, CALI, VALLE DEL CAUCA", "SITIO": "PARQUEADERO", "X": -76.5387, "Y": 3.4361, "FECHA_HECH": "2023-03-10T00:00:00", "HORA_HECHO": "22:00", "ESTRATO": 4 }, "geometry": { "type": "Point", "coordinates": [ -76.5387, 3.4361 ] } },
{ "type": "Feature", "properties": { "DELITO": "HURTO", "TIPO_HURTO": "HURTO A RESIDENCIA", "MODALIDAD": "ATRACO", "COMUNA": 19, "NOM_COMUNA": "COMUNA 19", "BARRIO": 1913, "NOM_BARRIO": "El Cedro", "DIRECCION": "76001 CARRERA 29 6 81, EL CEDRO, COMUNA 19, CALI, VALLE DEL CAUCA", "SITIO": "DOMICILIO", "X": -76.538142, "Y": 3.431816, "FECHA_HECH": "2023-10-03T00:00:00", "HORA_HECHO": "09:00", "ESTRATO": 4 }, "geometry": { "type": "Point", "coordinates": [ -76.538142, 3.431816 ] } },
{ "type": "Feature", "properties": { "DELITO": "HURTO", "TIPO_HURTO": "HURTO A PERSONAS", "MODALIDAD": "ATRACO", "COMUNA": 19, "NOM_COMUNA": "COMUNA 19", "BARRIO": 1913, "NOM_BARRIO": "El Cedro", "DIRECCION": "76001 Calle 7 30 24, El Cedro, Comuna 19, Cali, Valle del Cauca, COL,EL CEDRO", "SITIO": "SIN INFORMACION", "X": -76.53804, "Y": 3.43005, "FECHA_HECH": "2023-10-19T00:00:00", "HORA_HECHO": "03:00", "ESTRATO": 4 }, "geometry": { "type": "Point", "coordinates": [ -76.53804, 3.43005 ] } },
{ "type": "Feature", "properties": { "DELITO": "HURTO", "TIPO_HURTO": "HURTO DE VEHICULOS", "MODALIDAD": "HALADO", "COMUNA": 19, "NOM_COMUNA": "COMUNA 19", "BARRIO": 1913, "NOM_BARRIO": "El Cedro", "DIRECCION": "76001 CALLE 7 31 9, EL CEDRO, COMUNA 19, CALI, VALLE DEL CAUCA", "SITIO": "VIA PUBLICA", "X": -76.53841, "Y": 3.428404, "FECHA_HECH": "2023-04-24T00:00:00", "HORA_HECHO": "00:00", "ESTRATO": 4 }, "geometry": { "type": "Point", "coordinates": [ -76.53841, 3.428404 ] } },
{ "type": "Feature", "properties": { "DELITO": "HURTO", "TIPO_HURTO": "HURTO DE AUTOPARTES", "MODALIDAD": "FACTOR DE OPORTUNIDAD", "COMUNA": 19, "NOM_COMUNA": "COMUNA 19", "BARRIO": 1913, "NOM_BARRIO": "El Cedro", "DIRECCION": "76001 CALLE 6 CON CARRERA 24, EL CEDRO, COMUNA 19, CALI, VALLE DEL CAUCA", "SITIO": "VIA PUBLICA", "X": -76.53826, "Y": 3.43739, "FECHA_HECH": "2023-11-27T00:00:00", "HORA_HECHO": "03:05", "ESTRATO": 4 }, "geometry": { "type": "Point", "coordinates": [ -76.53826, 3.43739 ] } },
{ "type": "Feature", "properties": { "DELITO": "HURTO", "TIPO_HURTO": "HURTO A CELULARES", "MODALIDAD": "ATRACO", "COMUNA": 19, "NOM_COMUNA": "COMUNA 19", "BARRIO": 1905, "NOM_BARRIO": "Eucaristico", "DIRECCION": "76001 Cali Hotel Casa Del Alferez, Cali, El Valle, COL,BARRIO EUCARÍSTICO", "SITIO": "SIN INFORMACION", "X": -76.537862, "Y": 3.425862, "FECHA_HECH": "2023-07-28T00:00:00", "HORA_HECHO": "13:30", "ESTRATO": 4 }, "geometry": { "type": "Point", "coordinates": [ -76.537862, 3.425862 ] } },
{ "type": "Feature", "properties": { "DELITO": "HURTO", "TIPO_HURTO": "HURTO A PERSONAS", "MODALIDAD": "COSQUILLEO", "COMUNA": 19, "NOM_COMUNA": "COMUNA 19", "BARRIO": 1913, "NOM_BARRIO": "El Cedro", "DIRECCION": "76001 Iglesia La Ermita, Calle 8, El Cedro, Comuna 19, Cali, Valle del Cauca, COL,EL CEDRO", "SITIO": "SIN INFORMACION", "X": -76.53795, "Y": 3.42736, "FECHA_HECH": "2023-12-11T00:00:00", "HORA_HECHO": "02:30", "ESTRATO": 4 }, "geometry": { "type": "Point", "coordinates": [ -76.53795, 3.42736 ] } },
{ "type": "Feature", "properties": { "DELITO": "HURTO", "TIPO_HURTO": "HURTO A CELULARES", "MODALIDAD": "RAPONAZO", "COMUNA": 19, "NOM_COMUNA": "COMUNA 19", "BARRIO": 1913, "NOM_BARRIO": "El Cedro", "DIRECCION": "76001 Rico Bocado, Calle 7 27, El Cedro, Comuna 19, Cali, Valle del Cauca, COL,EL CEDRO", "SITIO": "SIN INFORMACION", "X": -76.537559, "Y": 3.43267, "FECHA_HECH": "2023-01-25T00:00:00", "HORA_HECHO": "11:30", "ESTRATO": 4 }, "geometry": { "type": "Point", "coordinates": [ -76.537559, 3.43267 ] } },
{ "type": "Feature", "properties": { "DELITO": "HURTO", "TIPO_HURTO": "HURTO A CELULARES", "MODALIDAD": "ATRACO", "COMUNA": 19, "NOM_COMUNA": "COMUNA 19", "BARRIO": 1913, "NOM_BARRIO": "El Cedro", "DIRECCION": "76001 CALLE 6 28 95, EL CEDRO, COMUNA 19, CALI, VALLE DEL CAUCA", "SITIO": "VIA PUBLICA", "X": -76.538898, "Y": 3.43187, "FECHA_HECH": "2023-01-15T00:00:00", "HORA_HECHO": "02:00", "ESTRATO": 4 }, "geometry": { "type": "Point", "coordinates": [ -76.538898, 3.43187 ] } },
{ "type": "Feature", "properties": { "DELITO": "HURTO", "TIPO_HURTO": "HURTO A ESTABLECIMIENTOS", "MODALIDAD": "VANDALISMO/SAQUEO", "COMUNA": 19, "NOM_COMUNA": "COMUNA 19", "BARRIO": 1912, "NOM_BARRIO": "3 de Julio", "DIRECCION": "76001 Calle 5C con Carrera 26, 3 de Julio, Comuna 19, Cali, Valle del Cauca, COL,3 DE JULIO", "SITIO": "SIN INFORMACION", "X": -76.53965, "Y": 3.43441, "FECHA_HECH": "2023-01-09T00:00:00", "HORA_HECHO": "08:00", "ESTRATO": 4 }, "geometry": { "type": "Point", "coordinates": [ -76.53965, 3.43441 ] } },
{ "type": "Feature", "properties": { "DELITO": "HURTO", "TIPO_HURTO": "HURTO DE BICICLETAS", "MODALIDAD": "ATRACO", "COMUNA": 19, "NOM_COMUNA": "COMUNA 19", "BARRIO": 1912, "NOM_BARRIO": "3 de Julio", "DIRECCION": "76001 Avenida Roosevelt 27 44, 3 de Julio, Comuna 19, Cali, Valle del Cauca, COL,3 DE JULIO", "SITIO": "SIN INFORMACION", "X": -76.53896, "Y": 3.4328, "FECHA_HECH": "2023-09-29T00:00:00", "HORA_HECHO": "16:00", "ESTRATO": 4 }, "geometry": { "type": "Point", "coordinates": [ -76.53896, 3.4328 ] } },
{ "type": "Feature", "properties": { "DELITO": "HURTO", "TIPO_HURTO": "HURTO A PERSONAS", "MODALIDAD": "ATRACO", "COMUNA": 19, "NOM_COMUNA": "COMUNA 19", "BARRIO": 1912, "NOM_BARRIO": "3 de Julio", "DIRECCION": "76001 CARRERA 26 5C 26, 3 DE JULIO, COMUNA 19, CALI, VALLE DEL CAUCA", "SITIO": "VIA PUBLICA", "X": -76.539405, "Y": 3.434347, "FECHA_HECH": "2023-10-09T00:00:00", "HORA_HECHO": "01:00", "ESTRATO": 4 }, "geometry": { "type": "Point", "coordinates": [ -76.539405, 3.434347 ] } },
{ "type": "Feature", "properties": { "DELITO": "HURTO", "TIPO_HURTO": "HURTO A PERSONAS", "MODALIDAD": "ATRACO", "COMUNA": 19, "NOM_COMUNA": "COMUNA 19", "BARRIO": 1913, "NOM_BARRIO": "El Cedro", "DIRECCION": "76001 Calle 6 con Carrera 34, 3 de Julio, Comuna 19, Cali, Valle del Cauca, COL,EL CEDRO", "SITIO": "SIN INFORMACION", "X": -76.53906, "Y": 3.42837, "FECHA_HECH": "2023-05-21T00:00:00", "HORA_HECHO": "03:00", "ESTRATO": 4 }, "geometry": { "type": "Point", "coordinates": [ -76.53906, 3.42837 ] } },
{ "type": "Feature", "properties": { "DELITO": "HURTO", "TIPO_HURTO": "HURTO DE MOTOCICLETAS", "MODALIDAD": "HALADO", "COMUNA": 19, "NOM_COMUNA": "COMUNA 19", "BARRIO": 1913, "NOM_BARRIO": "El Cedro", "DIRECCION": "76001 Carrera 32 7, El Cedro, Comuna 19, Cali, Valle del Cauca, COL,EL CEDRO", "SITIO": "SIN INFORMACION", "X": -76.538089, "Y": 3.428263, "FECHA_HECH": "2023-04-02T00:00:00", "HORA_HECHO": "17:27", "ESTRATO": 4 }, "geometry": { "type": "Point", "coordinates": [ -76.538089, 3.428263 ] } },
{ "type": "Feature", "properties": { "DELITO": "HURTO", "TIPO_HURTO": "HURTO A RESIDENCIA", "MODALIDAD": "VIOLACION DE CERRADURA", "COMUNA": 19, "NOM_COMUNA": "COMUNA 19", "BARRIO": 1912, "NOM_BARRIO": "3 de Julio", "DIRECCION": "76001 Carrera 28 5B 40, 3 de Julio, Comuna 19, Cali, Valle del Cauca, COL,3 DE JULIO", "SITIO": "SIN INFORMACION", "X": -76.54015, "Y": 3.43251, "FECHA_HECH": "2023-12-09T00:00:00", "HORA_HECHO": "05:00", "ESTRATO": 4 }, "geometry": { "type": "Point", "coordinates": [ -76.54015, 3.43251 ] } },
{ "type": "Feature", "properties": { "DELITO": "HURTO", "TIPO_HURTO": "HURTO A CELULARES", "MODALIDAD": "ATRACO", "COMUNA": 19, "NOM_COMUNA": "COMUNA 19", "BARRIO": 1913, "NOM_BARRIO": "El Cedro", "DIRECCION": "76001 CARRERA 24A 6 121, EL CEDRO, COMUNA 19, CALI, VALLE DEL CAUCA", "SITIO": "OTRO", "X": -76.537655, "Y": 3.436118, "FECHA_HECH": "2023-01-17T00:00:00", "HORA_HECHO": "08:30", "ESTRATO": 4 }, "geometry": { "type": "Point", "coordinates": [ -76.537655, 3.436118 ] } },
{ "type": "Feature", "properties": { "DELITO": "HURTO", "TIPO_HURTO": "HURTO A PERSONAS", "MODALIDAD": "ATRACO", "COMUNA": 19, "NOM_COMUNA": "COMUNA 19", "BARRIO": 1912, "NOM_BARRIO": "3 de Julio", "DIRECCION": "76001 CARRERA 25 5, 3 DE JULIO, COMUNA 19, CALI, VALLE DEL CAUCA", "SITIO": "OTRO", "X": -76.539225, "Y": 3.43525, "FECHA_HECH": "2023-04-02T00:00:00", "HORA_HECHO": "03:30", "ESTRATO": 4 }, "geometry": { "type": "Point", "coordinates": [ -76.539225, 3.43525 ] } },
{ "type": "Feature", "properties": { "DELITO": "HURTO", "TIPO_HURTO": "HURTO A PERSONAS", "MODALIDAD": "FACTOR DE OPORTUNIDAD", "COMUNA": 19, "NOM_COMUNA": "COMUNA 19", "BARRIO": 1912, "NOM_BARRIO": "3 de Julio", "DIRECCION": "76001 CALLE 6 27 12", "SITIO": "VIA PUBLICA", "X": -76.538875, "Y": 3.433146, "FECHA_HECH": "2023-11-11T00:00:00", "HORA_HECHO": "15:30", "ESTRATO": 4 }, "geometry": { "type": "Point", "coordinates": [ -76.538875, 3.433146 ] } },
{ "type": "Feature", "properties": { "DELITO": "HURTO", "TIPO_HURTO": "HURTO A PERSONAS", "MODALIDAD": "ATRACO", "COMUNA": 19, "NOM_COMUNA": "COMUNA 19", "BARRIO": 1905, "NOM_BARRIO": "Eucaristico", "DIRECCION": "76001 Calle 8 34 52, Barrio Eucarístico, Comuna 19, Cali, Valle del Cauca, COL,BARRIO EUCARÍSTICO", "SITIO": "SIN INFORMACION", "X": -76.538284, "Y": 3.426447, "FECHA_HECH": "2023-06-09T00:00:00", "HORA_HECHO": "23:30", "ESTRATO": 4 }, "geometry": { "type": "Point", "coordinates": [ -76.538284, 3.426447 ] } },
{ "type": "Feature", "properties": { "DELITO": "HURTO", "TIPO_HURTO": "HURTO A PERSONAS", "MODALIDAD": "ROMPIMIENTO DE VIDRIO", "COMUNA": 19, "NOM_COMUNA": "COMUNA 19", "BARRIO": 1913, "NOM_BARRIO": "El Cedro", "DIRECCION": "76001 CALLE 6 26 19, EL CEDRO, COMUNA 19, CALI, VALLE DEL CAUCA", "SITIO": "VIA PUBLICA", "X": -76.538732, "Y": 3.43421, "FECHA_HECH": "2023-07-13T00:00:00", "HORA_HECHO": "23:00", "ESTRATO": 4 }, "geometry": { "type": "Point", "coordinates": [ -76.538732, 3.43421 ] } },
{ "type": "Feature", "properties": { "DELITO": "HURTO", "TIPO_HURTO": "HURTO A PERSONAS", "MODALIDAD": "ATRACO", "COMUNA": 19, "NOM_COMUNA": "COMUNA 19", "BARRIO": 1905, "NOM_BARRIO": "Eucaristico", "DIRECCION": "76001 CARRERA 35 6, BARRIO EUCARÍSTICO, COMUNA 19, CALI, VALLE DEL CAUCA", "SITIO": "VIA PUBLICA", "X": -76.53907, "Y": 3.427175, "FECHA_HECH": "2023-01-18T00:00:00", "HORA_HECHO": "23:30", "ESTRATO": 4 }, "geometry": { "type": "Point", "coordinates": [ -76.53907, 3.427175 ] } },
{ "type": "Feature", "properties": { "DELITO": "HURTO", "TIPO_HURTO": "HURTO A PERSONAS", "MODALIDAD": "VIOLACION DE CERRADURA", "COMUNA": 19, "NOM_COMUNA": "COMUNA 19", "BARRIO": 1906, "NOM_BARRIO": "San Fernando Nuevo", "DIRECCION": "76001 CALLE 6 34 130, SAN FERNANDO NUEVO, COMUNA 19, CALI, VALLE DEL CAUCA", "SITIO": "VIA PUBLICA", "X": -76.539589, "Y": 3.427372, "FECHA_HECH": "2023-07-15T00:00:00", "HORA_HECHO": "05:00", "ESTRATO": 4 }, "geometry": { "type": "Point", "coordinates": [ -76.539589, 3.427372 ] } },
{ "type": "Feature", "properties": { "DELITO": "HURTO", "TIPO_HURTO": "HURTO A PERSONAS", "MODALIDAD": "ATRACO", "COMUNA": 19, "NOM_COMUNA": "COMUNA 19", "BARRIO": 1912, "NOM_BARRIO": "3 de Julio", "DIRECCION": "76001 Avenida Roosevelt, 3 de Julio, Comuna 19, Cali, Valle del Cauca, COL,EL CEDRO", "SITIO": "SIN INFORMACION", "X": -76.538851, "Y": 3.433186, "FECHA_HECH": "2023-05-14T00:00:00", "HORA_HECHO": "15:50", "ESTRATO": 4 }, "geometry": { "type": "Point", "coordinates": [ -76.538851, 3.433186 ] } },
{ "type": "Feature", "properties": { "DELITO": "HURTO", "TIPO_HURTO": "HURTO A PERSONAS", "MODALIDAD": "COSQUILLEO", "COMUNA": 19, "NOM_COMUNA": "COMUNA 19", "BARRIO": 1912, "NOM_BARRIO": "3 de Julio", "DIRECCION": "76001 CARRERA 26 5B 5, 3 DE JULIO, COMUNA 19, CALI, VALLE DEL CAUCA", "SITIO": "ESTACION DE ARTICULADO", "X": -76.540362, "Y": 3.434503, "FECHA_HECH": "2023-11-20T00:00:00", "HORA_HECHO": "07:30", "ESTRATO": 4 }, "geometry": { "type": "Point", "coordinates": [ -76.540362, 3.434503 ] } },
{ "type": "Feature", "properties": { "DELITO": "HURTO", "TIPO_HURTO": "HURTO A PERSONAS", "MODALIDAD": "ATRACO", "COMUNA": 19, "NOM_COMUNA": "COMUNA 19", "BARRIO": 1906, "NOM_BARRIO": "San Fernando Nuevo", "DIRECCION": "76001 CARRERA 36 5B3 62, SAN FERNANDO NUEVO, COMUNA 19, CALI, VALLE DEL CAUCA", "SITIO": "VIA PUBLICA", "X": -76.540571, "Y": 3.427839, "FECHA_HECH": "2023-01-25T00:00:00", "HORA_HECHO": "02:00", "ESTRATO": 4 }, "geometry": { "type": "Point", "coordinates": [ -76.540571, 3.427839 ] } },
{ "type": "Feature", "properties": { "DELITO": "HURTO", "TIPO_HURTO": "HURTO A CELULARES", "MODALIDAD": "ATRACO", "COMUNA": 19, "NOM_COMUNA": "COMUNA 19", "BARRIO": 1913, "NOM_BARRIO": "El Cedro", "DIRECCION": "76001 CALLE 7 CON CARRERA 25, EL CEDRO, COMUNA 19, CALI, VALLE DEL CAUCA", "SITIO": "VIA PUBLICA", "X": -76.53741, "Y": 3.43516, "FECHA_HECH": "2023-12-26T00:00:00", "HORA_HECHO": "17:00", "ESTRATO": 4 }, "geometry": { "type": "Point", "coordinates": [ -76.53741, 3.43516 ] } },
{ "type": "Feature", "properties": { "DELITO": "HURTO", "TIPO_HURTO": "HURTO A PERSONAS", "MODALIDAD": "ATRACO", "COMUNA": 19, "NOM_COMUNA": "COMUNA 19", "BARRIO": 1905, "NOM_BARRIO": "Eucaristico", "DIRECCION": "76001 CALLE 9 34 99", "SITIO": "VIA PUBLICA", "X": -76.537582, "Y": 3.426153, "FECHA_HECH": "2023-01-24T00:00:00", "HORA_HECHO": "20:30", "ESTRATO": 4 }, "geometry": { "type": "Point", "coordinates": [ -76.537582, 3.426153 ] } },
{ "type": "Feature", "properties": { "DELITO": "HURTO", "TIPO_HURTO": "HURTO A CELULARES", "MODALIDAD": "ATRACO", "COMUNA": 19, "NOM_COMUNA": "COMUNA 19", "BARRIO": 1906, "NOM_BARRIO": "San Fernando Nuevo", "DIRECCION": "76001 CALLE 5B4 CON CARRERA 37, SAN FERNANDO NUEVO, COMUNA 19, CALI, VALLE DEL CAUCA", "SITIO": "VIA PUBLICA", "X": -76.54178, "Y": 3.4265, "FECHA_HECH": "2023-10-23T00:00:00", "HORA_HECHO": "21:45", "ESTRATO": 4 }, "geometry": { "type": "Point", "coordinates": [ -76.54178, 3.4265 ] } },
{ "type": "Feature", "properties": { "DELITO": "HURTO", "TIPO_HURTO": "HURTO A PERSONAS", "MODALIDAD": "ATRACO", "COMUNA": 19, "NOM_COMUNA": "COMUNA 19", "BARRIO": 1912, "NOM_BARRIO": "3 de Julio", "DIRECCION": "76001 CARRERA 25, 3 DE JULIO, COMUNA 19, CALI, VALLE DEL CAUCA", "SITIO": "VIA PUBLICA", "X": -76.539225, "Y": 3.43525, "FECHA_HECH": "2023-12-04T00:00:00", "HORA_HECHO": "14:30", "ESTRATO": 4 }, "geometry": { "type": "Point", "coordinates": [ -76.539225, 3.43525 ] } },
{ "type": "Feature", "properties": { "DELITO": "HURTO", "TIPO_HURTO": "HURTO A ESTABLECIMIENTOS", "MODALIDAD": "FACTOR DE OPORTUNIDAD", "COMUNA": 19, "NOM_COMUNA": "COMUNA 19", "BARRIO": 1913, "NOM_BARRIO": "El Cedro", "DIRECCION": "76001 CALLE 6 CON CARRERA 25, 3 DE JULIO, COMUNA 19, CALI, VALLE DEL CAUCA", "SITIO": "ESTABLECIMIENTO DE COMERCIO", "X": -76.53875, "Y": 3.43522, "FECHA_HECH": "2023-01-11T00:00:00", "HORA_HECHO": "11:00", "ESTRATO": 4 }, "geometry": { "type": "Point", "coordinates": [ -76.53875, 3.43522 ] } },
{ "type": "Feature", "properties": { "DELITO": "HURTO", "TIPO_HURTO": "HURTO A ESTABLECIMIENTOS", "MODALIDAD": "FACTOR DE OPORTUNIDAD", "COMUNA": 19, "NOM_COMUNA": "COMUNA 19", "BARRIO": 1906, "NOM_BARRIO": "San Fernando Nuevo", "DIRECCION": "76001 CALLE 6 34 110", "SITIO": "ESTABLECIMIENTO DE COMERCIO", "X": -76.539746, "Y": 3.4276, "FECHA_HECH": "2023-04-02T00:00:00", "HORA_HECHO": "07:00", "ESTRATO": 4 }, "geometry": { "type": "Point", "coordinates": [ -76.539746, 3.4276 ] } },
{ "type": "Feature", "properties": { "DELITO": "HURTO", "TIPO_HURTO": "HURTO DE VEHICULOS", "MODALIDAD": "ATRACO", "COMUNA": 19, "NOM_COMUNA": "COMUNA 19", "BARRIO": 1912, "NOM_BARRIO": "3 de Julio", "DIRECCION": "76001 CARRERA 27 5C 46, 3 DE JULIO, COMUNA 19, CALI, VALLE DEL CAUCA", "SITIO": "VIA PUBLICA", "X": -76.53918, "Y": 3.43325, "FECHA_HECH": "2023-10-02T00:00:00", "HORA_HECHO": "22:05", "ESTRATO": 4 }, "geometry": { "type": "Point", "coordinates": [ -76.53918, 3.43325 ] } },
{ "type": "Feature", "properties": { "DELITO": "HURTO", "TIPO_HURTO": "HURTO A ESTABLECIMIENTOS", "MODALIDAD": "VANDALISMO/SAQUEO", "COMUNA": 19, "NOM_COMUNA": "COMUNA 19", "BARRIO": 1913, "NOM_BARRIO": "El Cedro", "DIRECCION": "76001 CARRERA 32, EL CEDRO, COMUNA 19, CALI, VALLE DEL CAUCA", "SITIO": "VIA PUBLICA", "X": -76.537285, "Y": 3.428015, "FECHA_HECH": "2023-04-26T00:00:00", "HORA_HECHO": "09:50", "ESTRATO": 4 }, "geometry": { "type": "Point", "coordinates": [ -76.537285, 3.428015 ] } },
{ "type": "Feature", "properties": { "DELITO": "HURTO", "TIPO_HURTO": "HURTO A PERSONAS", "MODALIDAD": "RAPONAZO", "COMUNA": 19, "NOM_COMUNA": "COMUNA 19", "BARRIO": 1913, "NOM_BARRIO": "El Cedro", "DIRECCION": "76001 AVENIDA ROOSEVELT 25 67, EL CEDRO, COMUNA 19, CALI, VALLE DEL CAUCA", "SITIO": "ENTIDAD FINANCIERA", "X": -76.538712, "Y": 3.434679, "FECHA_HECH": "2023-02-15T00:00:00", "HORA_HECHO": "16:10", "ESTRATO": 4 }, "geometry": { "type": "Point", "coordinates": [ -76.538712, 3.434679 ] } },
{ "type": "Feature", "properties": { "DELITO": "HURTO", "TIPO_HURTO": "HURTO A PERSONAS", "MODALIDAD": "ATRACO", "COMUNA": 19, "NOM_COMUNA": "COMUNA 19", "BARRIO": 1905, "NOM_BARRIO": "Eucaristico", "DIRECCION": "76001 CL 7 SUR CON KR 35-37 CALLE 7 35 37", "SITIO": "SIN INFORMACION", "X": -76.538635, "Y": 3.426866, "FECHA_HECH": "2023-04-01T00:00:00", "HORA_HECHO": "00:30", "ESTRATO": 4 }, "geometry": { "type": "Point", "coordinates": [ -76.538635, 3.426866 ] } },
{ "type": "Feature", "properties": { "DELITO": "HURTO", "TIPO_HURTO": "HURTO DE VEHICULOS", "MODALIDAD": "ATRACO", "COMUNA": 19, "NOM_COMUNA": "COMUNA 19", "BARRIO": 1905, "NOM_BARRIO": "Eucaristico", "DIRECCION": "76001 Carrera 34 7 2-98, Barrio Eucarístico, Comuna 19, Cali, Valle del Cauca, COL,BARRIO EUCARÍSTICO", "SITIO": "SIN INFORMACION", "X": -76.538214, "Y": 3.426826, "FECHA_HECH": "2023-05-16T00:00:00", "HORA_HECHO": "20:30", "ESTRATO": 4 }, "geometry": { "type": "Point", "coordinates": [ -76.538214, 3.426826 ] } },
{ "type": "Feature", "properties": { "DELITO": "HURTO", "TIPO_HURTO": "HURTO A PERSONAS", "MODALIDAD": "ATRACO", "COMUNA": 19, "NOM_COMUNA": "COMUNA 19", "BARRIO": 1914, "NOM_BARRIO": "Champagnat", "DIRECCION": "76001 Carrera 32A con Calle 9, Champagnat, Comuna 19, Cali, Valle del Cauca, COL,U DEP PANAMERICANA ANT HIPÓDROMO", "SITIO": "SIN INFORMACION", "X": -76.53706, "Y": 3.42722, "FECHA_HECH": "2023-10-25T00:00:00", "HORA_HECHO": "00:00", "ESTRATO": 4 }, "geometry": { "type": "Point", "coordinates": [ -76.53706, 3.42722 ] } },
{ "type": "Feature", "properties": { "DELITO": "HURTO", "TIPO_HURTO": "HURTO A PERSONAS", "MODALIDAD": "RAPONAZO", "COMUNA": 19, "NOM_COMUNA": "COMUNA 19", "BARRIO": 1912, "NOM_BARRIO": "3 de Julio", "DIRECCION": "76001 Calle 6, 3 de Julio, Comuna 19, Cali, Valle del Cauca, COL,3 DE JULIO", "SITIO": "SIN INFORMACION", "X": -76.538956, "Y": 3.432239, "FECHA_HECH": "2023-07-04T00:00:00", "HORA_HECHO": "12:51", "ESTRATO": 4 }, "geometry": { "type": "Point", "coordinates": [ -76.538956, 3.432239 ] } },
{ "type": "Feature", "properties": { "DELITO": "HURTO", "TIPO_HURTO": "HURTO DE MOTOCICLETAS", "MODALIDAD": "HALADO", "COMUNA": 19, "NOM_COMUNA": "COMUNA 19", "BARRIO": 1905, "NOM_BARRIO": "Eucaristico", "DIRECCION": "76001 CARRERA 36 CON CALLE 6, BARRIO EUCARÍSTICO, COMUNA 19, CALI, VALLE DEL CAUCA", "SITIO": "ZONA DE PARQUEO", "X": -76.53976, "Y": 3.42683, "FECHA_HECH": "2023-10-30T00:00:00", "HORA_HECHO": "20:30", "ESTRATO": 4 }, "geometry": { "type": "Point", "coordinates": [ -76.53976, 3.42683 ] } },
{ "type": "Feature", "properties": { "DELITO": "HURTO", "TIPO_HURTO": "HURTO A PERSONAS", "MODALIDAD": "COSQUILLEO", "COMUNA": 19, "NOM_COMUNA": "COMUNA 19", "BARRIO": 1905, "NOM_BARRIO": "Eucaristico", "DIRECCION": "76001 QBANO, Avenida Roosevelt, Barrio Eucarístico, Comuna 19, Cali, Valle del Cauca, COL,BARRIO EUCARÍSTICO", "SITIO": "SIN INFORMACION", "X": -76.540154, "Y": 3.425433, "FECHA_HECH": "2023-04-12T00:00:00", "HORA_HECHO": "13:33", "ESTRATO": 4 }, "geometry": { "type": "Point", "coordinates": [ -76.540154, 3.425433 ] } },
{ "type": "Feature", "properties": { "DELITO": "HURTO", "TIPO_HURTO": "HURTO A PERSONAS", "MODALIDAD": "FACTOR DE OPORTUNIDAD", "COMUNA": 19, "NOM_COMUNA": "COMUNA 19", "BARRIO": 1905, "NOM_BARRIO": "Eucaristico", "DIRECCION": "76001 CALLE 6 CON CARRERA 36B, BARRIO EUCARÍSTICO, COMUNA 19, CALI, VALLE DEL CAUCA", "SITIO": "VIA PUBLICA", "X": -76.54029, "Y": 3.42566, "FECHA_HECH": "2023-06-18T00:00:00", "HORA_HECHO": "22:00", "ESTRATO": 4 }, "geometry": { "type": "Point", "coordinates": [ -76.54029, 3.42566 ] } },
{ "type": "Feature", "properties": { "DELITO": "HURTO", "TIPO_HURTO": "HURTO A ESTABLECIMIENTOS", "MODALIDAD": "FACTOR DE OPORTUNIDAD", "COMUNA": 19, "NOM_COMUNA": "COMUNA 19", "BARRIO": 1905, "NOM_BARRIO": "Eucaristico", "DIRECCION": "76001 Carrera 36 8 4, Barrio Eucarístico, Comuna 19, Cali, Valle del Cauca, COL,BARRIO EUCARÍSTICO", "SITIO": "SIN INFORMACION", "X": -76.538441, "Y": 3.425678, "FECHA_HECH": "2023-02-22T00:00:00", "HORA_HECHO": "15:00", "ESTRATO": 4 }, "geometry": { "type": "Point", "coordinates": [ -76.538441, 3.425678 ] } },
{ "type": "Feature", "properties": { "DELITO": "HURTO", "TIPO_HURTO": "HURTO A CELULARES", "MODALIDAD": "ATRACO", "COMUNA": 19, "NOM_COMUNA": "COMUNA 19", "BARRIO": 1913, "NOM_BARRIO": "El Cedro", "DIRECCION": "76001 CALLE 7 26 136, EL CEDRO, COMUNA 19, CALI, VALLE DEL CAUCA", "SITIO": "VIA PUBLICA", "X": -76.537551, "Y": 3.433369, "FECHA_HECH": "2023-02-01T00:00:00", "HORA_HECHO": "19:00", "ESTRATO": 4 }, "geometry": { "type": "Point", "coordinates": [ -76.537551, 3.433369 ] } },
{ "type": "Feature", "properties": { "DELITO": "HURTO", "TIPO_HURTO": "HURTO A CELULARES", "MODALIDAD": "ATRACO", "COMUNA": 19, "NOM_COMUNA": "COMUNA 19", "BARRIO": 1913, "NOM_BARRIO": "El Cedro", "DIRECCION": "76001 Carrera 24 con Calle 6, Alameda, Comuna 9, Cali, Valle del Cauca, COL,EL CEDRO", "SITIO": "SIN INFORMACION", "X": -76.53826, "Y": 3.43739, "FECHA_HECH": "2023-08-25T00:00:00", "HORA_HECHO": "22:00", "ESTRATO": 4 }, "geometry": { "type": "Point", "coordinates": [ -76.53826, 3.43739 ] } },
{ "type": "Feature", "properties": { "DELITO": "HURTO", "TIPO_HURTO": "HURTO DE VEHICULOS", "MODALIDAD": "HALADO", "COMUNA": 19, "NOM_COMUNA": "COMUNA 19", "BARRIO": 1913, "NOM_BARRIO": "El Cedro", "DIRECCION": "76001 KR 23 B CON CL 6 SUR CARRERA 23 B CALLE 6", "SITIO": "SIN INFORMACION", "X": -76.538574, "Y": 3.43674, "FECHA_HECH": "2023-12-03T00:00:00", "HORA_HECHO": "03:30", "ESTRATO": 4 }, "geometry": { "type": "Point", "coordinates": [ -76.538574, 3.43674 ] } },
{ "type": "Feature", "properties": { "DELITO": "HURTO", "TIPO_HURTO": "HURTO DE AUTOPARTES", "MODALIDAD": "FACTOR DE OPORTUNIDAD", "COMUNA": 19, "NOM_COMUNA": "COMUNA 19", "BARRIO": 1913, "NOM_BARRIO": "El Cedro", "DIRECCION": "76001 CL 6 CON KR 26-69  Calle 6 carrera  26 69", "SITIO": "SIN INFORMACION", "X": -76.53875, "Y": 3.43407, "FECHA_HECH": "2023-06-14T00:00:00", "HORA_HECHO": "21:00", "ESTRATO": 4 }, "geometry": { "type": "Point", "coordinates": [ -76.53875, 3.43407 ] } },
{ "type": "Feature", "properties": { "DELITO": "HURTO", "TIPO_HURTO": "HURTO A ESTABLECIMIENTOS", "MODALIDAD": "VIOLACION DE CERRADURA", "COMUNA": 19, "NOM_COMUNA": "COMUNA 19", "BARRIO": 1913, "NOM_BARRIO": "El Cedro", "DIRECCION": "76001 CARRERA 34 7, BARRIO EUCARÍSTICO, COMUNA 19, CALI, VALLE DEL CAUCA", "SITIO": "VIA PUBLICA", "X": -76.538285, "Y": 3.42732, "FECHA_HECH": "2023-10-25T00:00:00", "HORA_HECHO": "07:30", "ESTRATO": 4 }, "geometry": { "type": "Point", "coordinates": [ -76.538285, 3.42732 ] } },
{ "type": "Feature", "properties": { "DELITO": "HURTO", "TIPO_HURTO": "HURTO A PERSONAS", "MODALIDAD": "ATRACO", "COMUNA": 19, "NOM_COMUNA": "COMUNA 19", "BARRIO": 1912, "NOM_BARRIO": "3 de Julio", "DIRECCION": "76001 Carrera 27 5B 20, 3 de Julio, Comuna 19, Cali, Valle del Cauca, COL,3 DE JULIO", "SITIO": "SIN INFORMACION", "X": -76.540253, "Y": 3.433225, "FECHA_HECH": "2023-04-12T00:00:00", "HORA_HECHO": "05:00", "ESTRATO": 4 }, "geometry": { "type": "Point", "coordinates": [ -76.540253, 3.433225 ] } },
{ "type": "Feature", "properties": { "DELITO": "HURTO", "TIPO_HURTO": "HURTO A PERSONAS", "MODALIDAD": "ATRACO", "COMUNA": 19, "NOM_COMUNA": "COMUNA 19", "BARRIO": 1905, "NOM_BARRIO": "Eucaristico", "DIRECCION": "76001 Carrera 36 8 47-99, Barrio Eucarístico, Comuna 19, Cali, Valle del Cauca, COL,BARRIO EUCARÍSTICO", "SITIO": "SIN INFORMACION", "X": -76.538044, "Y": 3.42574, "FECHA_HECH": "2023-08-06T00:00:00", "HORA_HECHO": "10:30", "ESTRATO": 4 }, "geometry": { "type": "Point", "coordinates": [ -76.538044, 3.42574 ] } },
{ "type": "Feature", "properties": { "DELITO": "HURTO", "TIPO_HURTO": "HURTO A PERSONAS", "MODALIDAD": "ATRACO", "COMUNA": 19, "NOM_COMUNA": "COMUNA 19", "BARRIO": 1905, "NOM_BARRIO": "Eucaristico", "DIRECCION": "76001 CARRERA 34 7 49, BARRIO EUCARÍSTICO, COMUNA 19, CALI, VALLE DEL CAUCA", "SITIO": "VIA PUBLICA", "X": -76.53829, "Y": 3.427159, "FECHA_HECH": "2023-09-10T00:00:00", "HORA_HECHO": "22:15", "ESTRATO": 4 }, "geometry": { "type": "Point", "coordinates": [ -76.53829, 3.427159 ] } },
{ "type": "Feature", "properties": { "DELITO": "HURTO", "TIPO_HURTO": "HURTO A PERSONAS", "MODALIDAD": "ATRACO", "COMUNA": 19, "NOM_COMUNA": "COMUNA 19", "BARRIO": 1906, "NOM_BARRIO": "San Fernando Nuevo", "DIRECCION": "76001 CALLE 5B4 34 2", "SITIO": "VIA PUBLICA", "X": -76.539324, "Y": 3.428592, "FECHA_HECH": "2023-03-21T00:00:00", "HORA_HECHO": "16:30", "ESTRATO": 4 }, "geometry": { "type": "Point", "coordinates": [ -76.539324, 3.428592 ] } },
{ "type": "Feature", "properties": { "DELITO": "HURTO", "TIPO_HURTO": "HURTO DE MOTOCICLETAS", "MODALIDAD": "HALADO", "COMUNA": 19, "NOM_COMUNA": "COMUNA 19", "BARRIO": 1912, "NOM_BARRIO": "3 de Julio", "DIRECCION": "76001 KR 29 CL 5 C-44 SUR CARRERA 29 No 5 C 44", "SITIO": "SIN INFORMACION", "X": -76.539345, "Y": 3.431907, "FECHA_HECH": "2023-01-24T00:00:00", "HORA_HECHO": "20:00", "ESTRATO": 4 }, "geometry": { "type": "Point", "coordinates": [ -76.539345, 3.431907 ] } },
{ "type": "Feature", "properties": { "DELITO": "HURTO", "TIPO_HURTO": "HURTO A ESTABLECIMIENTOS", "MODALIDAD": "VIOLACION DE CERRADURA", "COMUNA": 19, "NOM_COMUNA": "COMUNA 19", "BARRIO": 1905, "NOM_BARRIO": "Eucaristico", "DIRECCION": "76001 Carrera 34 6 2, Barrio Eucarístico, Comuna 19, Cali, Valle del Cauca, COL,BARRIO EUCARÍSTICO", "SITIO": "SIN INFORMACION", "X": -76.53861, "Y": 3.427634, "FECHA_HECH": "2023-04-08T00:00:00", "HORA_HECHO": "11:00", "ESTRATO": 4 }, "geometry": { "type": "Point", "coordinates": [ -76.53861, 3.427634 ] } },
{ "type": "Feature", "properties": { "DELITO": "HURTO", "TIPO_HURTO": "HURTO A PERSONAS", "MODALIDAD": "ATRACO", "COMUNA": 19, "NOM_COMUNA": "COMUNA 19", "BARRIO": 1912, "NOM_BARRIO": "3 de Julio", "DIRECCION": "76001 Calle 5, 3 de Julio, Comuna 19, Cali, Valle del Cauca, COL,3 DE JULIO", "SITIO": "SIN INFORMACION", "X": -76.539721, "Y": 3.436235, "FECHA_HECH": "2023-06-14T00:00:00", "HORA_HECHO": "09:00", "ESTRATO": 4 }, "geometry": { "type": "Point", "coordinates": [ -76.539721, 3.436235 ] } },
{ "type": "Feature", "properties": { "DELITO": "HURTO", "TIPO_HURTO": "HURTO A PERSONAS", "MODALIDAD": "ATRACO", "COMUNA": 19, "NOM_COMUNA": "COMUNA 19", "BARRIO": 1913, "NOM_BARRIO": "El Cedro", "DIRECCION": "76001 Carrera 28 6 45, El Cedro, Comuna 19, Cali, Valle del Cauca, COL,EL CEDRO", "SITIO": "SIN INFORMACION", "X": -76.538574, "Y": 3.43258, "FECHA_HECH": "2023-03-09T00:00:00", "HORA_HECHO": "23:30", "ESTRATO": 4 }, "geometry": { "type": "Point", "coordinates": [ -76.538574, 3.43258 ] } },
{ "type": "Feature", "properties": { "DELITO": "HURTO", "TIPO_HURTO": "HURTO A PERSONAS", "MODALIDAD": "ROMPIMIENTO DE VIDRIO", "COMUNA": 19, "NOM_COMUNA": "COMUNA 19", "BARRIO": 1912, "NOM_BARRIO": "3 de Julio", "DIRECCION": "76001 CARRERA 27 5C 97", "SITIO": "ZONA DE PARQUEO", "X": -76.538941, "Y": 3.433376, "FECHA_HECH": "2023-05-12T00:00:00", "HORA_HECHO": "21:30", "ESTRATO": 4 }, "geometry": { "type": "Point", "coordinates": [ -76.538941, 3.433376 ] } },
{ "type": "Feature", "properties": { "DELITO": "HURTO", "TIPO_HURTO": "HURTO A PERSONAS", "MODALIDAD": "VIOLACION DE CERRADURA", "COMUNA": 19, "NOM_COMUNA": "COMUNA 19", "BARRIO": 1905, "NOM_BARRIO": "Eucaristico", "DIRECCION": "76001 Carrera 36 con Calle 6, San Fernando Nuevo, Comuna 19, Cali, Valle del Cauca, COL,BARRIO EUCARÍSTICO", "SITIO": "SIN INFORMACION", "X": -76.53976, "Y": 3.42683, "FECHA_HECH": "2023-05-27T00:00:00", "HORA_HECHO": "02:30", "ESTRATO": 4 }, "geometry": { "type": "Point", "coordinates": [ -76.53976, 3.42683 ] } },
{ "type": "Feature", "properties": { "DELITO": "HURTO", "TIPO_HURTO": "HURTO A PERSONAS", "MODALIDAD": "ATRACO", "COMUNA": 19, "NOM_COMUNA": "COMUNA 19", "BARRIO": 1913, "NOM_BARRIO": "El Cedro", "DIRECCION": "76001 CARRERA 34 CON CALLE 6, 3 DE JULIO, COMUNA 19, CALI, VALLE DEL CAUCA", "SITIO": "VIA PUBLICA", "X": -76.53906, "Y": 3.42837, "FECHA_HECH": "2023-03-21T00:00:00", "HORA_HECHO": "21:30", "ESTRATO": 4 }, "geometry": { "type": "Point", "coordinates": [ -76.53906, 3.42837 ] } },
{ "type": "Feature", "properties": { "DELITO": "HURTO", "TIPO_HURTO": "HURTO A PERSONAS", "MODALIDAD": "RAPONAZO", "COMUNA": 19, "NOM_COMUNA": "COMUNA 19", "BARRIO": 1912, "NOM_BARRIO": "3 de Julio", "DIRECCION": "76001 CALLE 6 27 47", "SITIO": "VIA PUBLICA", "X": -76.538878, "Y": 3.432931, "FECHA_HECH": "2023-05-11T00:00:00", "HORA_HECHO": "16:47", "ESTRATO": 4 }, "geometry": { "type": "Point", "coordinates": [ -76.538878, 3.432931 ] } },
{ "type": "Feature", "properties": { "DELITO": "HURTO", "TIPO_HURTO": "HURTO DE VEHICULOS", "MODALIDAD": "HALADO", "COMUNA": 19, "NOM_COMUNA": "COMUNA 19", "BARRIO": 1906, "NOM_BARRIO": "San Fernando Nuevo", "DIRECCION": "76001 Calle 5B4, San Fernando Nuevo, Comuna 19, Cali, Valle del Cauca, COL,SAN FERNANDO NUEVO", "SITIO": "SIN INFORMACION", "X": -76.540866, "Y": 3.427663, "FECHA_HECH": "2023-12-03T00:00:00", "HORA_HECHO": "00:10", "ESTRATO": 4 }, "geometry": { "type": "Point", "coordinates": [ -76.540866, 3.427663 ] } },
{ "type": "Feature", "properties": { "DELITO": "HURTO", "TIPO_HURTO": "HURTO A PERSONAS", "MODALIDAD": "ATRACO", "COMUNA": 19, "NOM_COMUNA": "COMUNA 19", "BARRIO": 1913, "NOM_BARRIO": "El Cedro", "DIRECCION": "76001 CALLE 7 27 46", "SITIO": "ESTABLECIMIENTO DE COMERCIO", "X": -76.537582, "Y": 3.432872, "FECHA_HECH": "2023-12-26T00:00:00", "HORA_HECHO": "17:30", "ESTRATO": 4 }, "geometry": { "type": "Point", "coordinates": [ -76.537582, 3.432872 ] } },
{ "type": "Feature", "properties": { "DELITO": "HURTO", "TIPO_HURTO": "HURTO A PERSONAS", "MODALIDAD": "FACTOR DE OPORTUNIDAD", "COMUNA": 19, "NOM_COMUNA": "COMUNA 19", "BARRIO": 1913, "NOM_BARRIO": "El Cedro", "DIRECCION": "76001 CALLE 6 24A 75, EL CEDRO, COMUNA 19, CALI, VALLE DEL CAUCA", "SITIO": "ESTABLECIMIENTO DE COMERCIO", "X": -76.538679, "Y": 3.435461, "FECHA_HECH": "2023-03-07T00:00:00", "HORA_HECHO": "05:30", "ESTRATO": 4 }, "geometry": { "type": "Point", "coordinates": [ -76.538679, 3.435461 ] } },
{ "type": "Feature", "properties": { "DELITO": "HURTO", "TIPO_HURTO": "HURTO A ESTABLECIMIENTOS", "MODALIDAD": "FACTOR DE OPORTUNIDAD", "COMUNA": 19, "NOM_COMUNA": "COMUNA 19", "BARRIO": 1913, "NOM_BARRIO": "El Cedro", "DIRECCION": "76001 Avenida Roosevelt 24 80, El Cedro, Comuna 19, Cali, Valle del Cauca, COL,EL CEDRO", "SITIO": "SIN INFORMACION", "X": -76.538489, "Y": 3.437298, "FECHA_HECH": "2023-05-24T00:00:00", "HORA_HECHO": "01:15", "ESTRATO": 4 }, "geometry": { "type": "Point", "coordinates": [ -76.538489, 3.437298 ] } },
{ "type": "Feature", "properties": { "DELITO": "HURTO", "TIPO_HURTO": "HURTO A ESTABLECIMIENTOS", "MODALIDAD": "ENGAÑO", "COMUNA": 19, "NOM_COMUNA": "COMUNA 19", "BARRIO": 1913, "NOM_BARRIO": "El Cedro", "DIRECCION": "76001 CARRERA 28 6 121, EL CEDRO, COMUNA 19, CALI, VALLE DEL CAUCA", "SITIO": "VIA PUBLICA", "X": -76.538081, "Y": 3.432555, "FECHA_HECH": "2023-07-22T00:00:00", "HORA_HECHO": "10:15", "ESTRATO": 4 }, "geometry": { "type": "Point", "coordinates": [ -76.538081, 3.432555 ] } },
{ "type": "Feature", "properties": { "DELITO": "HURTO", "TIPO_HURTO": "HURTO A CELULARES", "MODALIDAD": "RAPONAZO", "COMUNA": 19, "NOM_COMUNA": "COMUNA 19", "BARRIO": 1912, "NOM_BARRIO": "3 de Julio", "DIRECCION": "76001 CALLE 6 27 50, 3 DE JULIO, COMUNA 19, CALI, VALLE DEL CAUCA", "SITIO": "VIA PUBLICA", "X": -76.538937, "Y": 3.432921, "FECHA_HECH": "2023-07-24T00:00:00", "HORA_HECHO": "02:30", "ESTRATO": 4 }, "geometry": { "type": "Point", "coordinates": [ -76.538937, 3.432921 ] } },
{ "type": "Feature", "properties": { "DELITO": "HURTO", "TIPO_HURTO": "HURTO A PERSONAS", "MODALIDAD": "COSQUILLEO", "COMUNA": 19, "NOM_COMUNA": "COMUNA 19", "BARRIO": 1906, "NOM_BARRIO": "San Fernando Nuevo", "DIRECCION": "76001 CL 5 SUR CON CON KR 36 B CL 5 KR 36 B SUR", "SITIO": "SIN INFORMACION", "X": -76.5399, "Y": 3.427385, "FECHA_HECH": "2023-05-02T00:00:00", "HORA_HECHO": "16:00", "ESTRATO": 4 }, "geometry": { "type": "Point", "coordinates": [ -76.5399, 3.427385 ] } },
{ "type": "Feature", "properties": { "DELITO": "HURTO", "TIPO_HURTO": "HURTO DE MOTOCICLETAS", "MODALIDAD": "HALADO", "COMUNA": 19, "NOM_COMUNA": "COMUNA 19", "BARRIO": 1913, "NOM_BARRIO": "El Cedro", "DIRECCION": "76001 KR 7 CON CL 32 SUR CARRERA 7 CALLE 32", "SITIO": "PARQUEADERO", "X": -76.53835, "Y": 3.429231, "FECHA_HECH": "2023-06-01T00:00:00", "HORA_HECHO": "02:30", "ESTRATO": 4 }, "geometry": { "type": "Point", "coordinates": [ -76.53835, 3.429231 ] } },
{ "type": "Feature", "properties": { "DELITO": "HURTO", "TIPO_HURTO": "HURTO A CELULARES", "MODALIDAD": "RAPONAZO", "COMUNA": 19, "NOM_COMUNA": "COMUNA 19", "BARRIO": 1905, "NOM_BARRIO": "Eucaristico", "DIRECCION": "76001 AVENIDA ROOSEVELT 36 CON CARRERA 36A 6, BARRIO EUCARÍSTICO, COMUNA 19, CALI, VALLE DEL CAUCA", "SITIO": "VIA PUBLICA", "X": -76.53997, "Y": 3.426, "FECHA_HECH": "2023-07-05T00:00:00", "HORA_HECHO": "18:30", "ESTRATO": 4 }, "geometry": { "type": "Point", "coordinates": [ -76.53997, 3.426 ] } },
{ "type": "Feature", "properties": { "DELITO": "HURTO", "TIPO_HURTO": "HURTO DE BICICLETAS", "MODALIDAD": "HALADO", "COMUNA": 19, "NOM_COMUNA": "COMUNA 19", "BARRIO": 1913, "NOM_BARRIO": "El Cedro", "DIRECCION": "76001 Avenida Roosevelt 29 71, El Cedro, Comuna 19, Cali, Valle del Cauca, COL,EL CEDRO", "SITIO": "SIN INFORMACION", "X": -76.538914, "Y": 3.431119, "FECHA_HECH": "2023-01-24T00:00:00", "HORA_HECHO": "15:20", "ESTRATO": 4 }, "geometry": { "type": "Point", "coordinates": [ -76.538914, 3.431119 ] } },
{ "type": "Feature", "properties": { "DELITO": "HURTO", "TIPO_HURTO": "HURTO DE VEHICULOS", "MODALIDAD": "HALADO", "COMUNA": 19, "NOM_COMUNA": "COMUNA 19", "BARRIO": 1912, "NOM_BARRIO": "3 de Julio", "DIRECCION": "76001 Carrera 29 5C 6, 3 de Julio, Comuna 19, Cali, Valle del Cauca, COL,3 DE JULIO", "SITIO": "SIN INFORMACION", "X": -76.53953, "Y": 3.43176, "FECHA_HECH": "2023-02-16T00:00:00", "HORA_HECHO": "16:24", "ESTRATO": 4 }, "geometry": { "type": "Point", "coordinates": [ -76.53953, 3.43176 ] } },
{ "type": "Feature", "properties": { "DELITO": "HURTO", "TIPO_HURTO": "HURTO A PERSONAS", "MODALIDAD": "ATRACO", "COMUNA": 19, "NOM_COMUNA": "COMUNA 19", "BARRIO": 1913, "NOM_BARRIO": "El Cedro", "DIRECCION": "76001 Avenida Roosevelt 30 3, El Cedro, Comuna 19, Cali, Valle del Cauca, COL,EL CEDRO", "SITIO": "SIN INFORMACION", "X": -76.538939, "Y": 3.430069, "FECHA_HECH": "2023-04-02T00:00:00", "HORA_HECHO": "08:00", "ESTRATO": 4 }, "geometry": { "type": "Point", "coordinates": [ -76.538939, 3.430069 ] } },
{ "type": "Feature", "properties": { "DELITO": "HURTO", "TIPO_HURTO": "HURTO DE AUTOPARTES", "MODALIDAD": "FACTOR DE OPORTUNIDAD", "COMUNA": 19, "NOM_COMUNA": "COMUNA 19", "BARRIO": 1913, "NOM_BARRIO": "El Cedro", "DIRECCION": "76001 CARRERA 27 6 21, EL CEDRO, COMUNA 19, CALI, VALLE DEL CAUCA", "SITIO": "VIA PUBLICA", "X": -76.538669, "Y": 3.43334, "FECHA_HECH": "2023-01-31T00:00:00", "HORA_HECHO": "07:30", "ESTRATO": 4 }, "geometry": { "type": "Point", "coordinates": [ -76.538669, 3.43334 ] } },
{ "type": "Feature", "properties": { "DELITO": "HURTO", "TIPO_HURTO": "HURTO DE AUTOPARTES", "MODALIDAD": "FACTOR DE OPORTUNIDAD", "COMUNA": 19, "NOM_COMUNA": "COMUNA 19", "BARRIO": 1913, "NOM_BARRIO": "El Cedro", "DIRECCION": "76001 CARRERA 27 6 21, EL CEDRO, COMUNA 19, CALI, VALLE DEL CAUCA", "SITIO": "VIA PUBLICA", "X": -76.538669, "Y": 3.43334, "FECHA_HECH": "2023-11-16T00:00:00", "HORA_HECHO": "18:30", "ESTRATO": 4 }, "geometry": { "type": "Point", "coordinates": [ -76.538669, 3.43334 ] } },
{ "type": "Feature", "properties": { "DELITO": "HURTO", "TIPO_HURTO": "HURTO A CELULARES", "MODALIDAD": "ATRACO", "COMUNA": 19, "NOM_COMUNA": "COMUNA 19", "BARRIO": 1905, "NOM_BARRIO": "Eucaristico", "DIRECCION": "76001 CARRERA 36 7 39, BARRIO EUCARÍSTICO, COMUNA 19, CALI, VALLE DEL CAUCA", "SITIO": "VIA PUBLICA", "X": -76.538962, "Y": 3.426065, "FECHA_HECH": "2023-10-19T00:00:00", "HORA_HECHO": "00:00", "ESTRATO": 4 }, "geometry": { "type": "Point", "coordinates": [ -76.538962, 3.426065 ] } },
{ "type": "Feature", "properties": { "DELITO": "HURTO", "TIPO_HURTO": "HURTO A PERSONAS", "MODALIDAD": "RAPONAZO", "COMUNA": 19, "NOM_COMUNA": "COMUNA 19", "BARRIO": 1905, "NOM_BARRIO": "Eucaristico", "DIRECCION": "76001 CALLE 9 CON CARRERA 34, BARRIO EUCARÍSTICO, COMUNA 19, CALI, VALLE DEL CAUCA", "SITIO": "OTRO", "X": -76.53759, "Y": 3.42618, "FECHA_HECH": "2023-03-27T00:00:00", "HORA_HECHO": "22:30", "ESTRATO": 4 }, "geometry": { "type": "Point", "coordinates": [ -76.53759, 3.42618 ] } },
{ "type": "Feature", "properties": { "DELITO": "HURTO", "TIPO_HURTO": "HURTO DE MOTOCICLETAS", "MODALIDAD": "ATRACO", "COMUNA": 19, "NOM_COMUNA": "COMUNA 19", "BARRIO": 1912, "NOM_BARRIO": "3 de Julio", "DIRECCION": "76001 KR 27 CON CL 5 B SUR KR 27 CL 5 B SUR", "SITIO": "SIN INFORMACION", "X": -76.54011, "Y": 3.433454, "FECHA_HECH": "2023-06-23T00:00:00", "HORA_HECHO": "22:30", "ESTRATO": 4 }, "geometry": { "type": "Point", "coordinates": [ -76.54011, 3.433454 ] } },
{ "type": "Feature", "properties": { "DELITO": "HURTO", "TIPO_HURTO": "HURTO A PERSONAS", "MODALIDAD": "RAPONAZO", "COMUNA": 19, "NOM_COMUNA": "COMUNA 19", "BARRIO": 1913, "NOM_BARRIO": "El Cedro", "DIRECCION": "76001 AVENIDA ROOSEVELT 24, EL CEDRO, COMUNA 19, CALI, VALLE DEL CAUCA", "SITIO": "VIA PUBLICA", "X": -76.53866, "Y": 3.43664, "FECHA_HECH": "2023-01-06T00:00:00", "HORA_HECHO": "17:30", "ESTRATO": 4 }, "geometry": { "type": "Point", "coordinates": [ -76.53866, 3.43664 ] } },
{ "type": "Feature", "properties": { "DELITO": "HURTO", "TIPO_HURTO": "HURTO A CELULARES", "MODALIDAD": "ATRACO", "COMUNA": 19, "NOM_COMUNA": "COMUNA 19", "BARRIO": 1912, "NOM_BARRIO": "3 de Julio", "DIRECCION": "76001 Calle 6 30 36-98, 3 de Julio, Comuna 19, Cali, Valle del Cauca, COL,3 DE JULIO", "SITIO": "SIN INFORMACION", "X": -76.539026, "Y": 3.429908, "FECHA_HECH": "2023-03-29T00:00:00", "HORA_HECHO": "19:30", "ESTRATO": 4 }, "geometry": { "type": "Point", "coordinates": [ -76.539026, 3.429908 ] } },
{ "type": "Feature", "properties": { "DELITO": "HURTO", "TIPO_HURTO": "HURTO A PERSONAS", "MODALIDAD": "FACTOR DE OPORTUNIDAD", "COMUNA": 19, "NOM_COMUNA": "COMUNA 19", "BARRIO": 1905, "NOM_BARRIO": "Eucaristico", "DIRECCION": "76001 Calle 7 con Carrera 34, Barrio Eucarístico, Comuna 19, Cali, Valle del Cauca, COL,BARRIO EUCARÍSTICO", "SITIO": "SIN INFORMACION", "X": -76.53859, "Y": 3.42746, "FECHA_HECH": "2023-03-07T00:00:00", "HORA_HECHO": "12:00", "ESTRATO": 4 }, "geometry": { "type": "Point", "coordinates": [ -76.53859, 3.42746 ] } },
{ "type": "Feature", "properties": { "DELITO": "HURTO", "TIPO_HURTO": "HURTO DE AUTOPARTES", "MODALIDAD": "RAPONAZO", "COMUNA": 19, "NOM_COMUNA": "COMUNA 19", "BARRIO": 1906, "NOM_BARRIO": "San Fernando Nuevo", "DIRECCION": "76001 Calle 5B4 34 29, San Fernando Nuevo, Comuna 19, Cali, Valle del Cauca, COL,SAN FERNANDO NUEVO", "SITIO": "SIN INFORMACION", "X": -76.539261, "Y": 3.428354, "FECHA_HECH": "2023-02-27T00:00:00", "HORA_HECHO": "07:30", "ESTRATO": 4 }, "geometry": { "type": "Point", "coordinates": [ -76.539261, 3.428354 ] } },
{ "type": "Feature", "properties": { "DELITO": "HURTO", "TIPO_HURTO": "HURTO A PERSONAS", "MODALIDAD": "ATRACO", "COMUNA": 19, "NOM_COMUNA": "COMUNA 19", "BARRIO": 1913, "NOM_BARRIO": "El Cedro", "DIRECCION": "76001 CALLE 6 CON CARRERA 26, EL CEDRO, COMUNA 19, CALI, VALLE DEL CAUCA", "SITIO": "VIA PUBLICA", "X": -76.53878, "Y": 3.43439, "FECHA_HECH": "2023-03-30T00:00:00", "HORA_HECHO": "13:40", "ESTRATO": 4 }, "geometry": { "type": "Point", "coordinates": [ -76.53878, 3.43439 ] } },
{ "type": "Feature", "properties": { "DELITO": "HURTO", "TIPO_HURTO": "HURTO A PERSONAS", "MODALIDAD": "ATRACO", "COMUNA": 19, "NOM_COMUNA": "COMUNA 19", "BARRIO": 1913, "NOM_BARRIO": "El Cedro", "DIRECCION": "76001 CARRERA 27 CON CALLE 6A, EL CEDRO, COMUNA 19, CALI, VALLE DEL CAUCA", "SITIO": "VIA PUBLICA", "X": -76.53818, "Y": 3.43326, "FECHA_HECH": "2023-09-14T00:00:00", "HORA_HECHO": "06:00", "ESTRATO": 4 }, "geometry": { "type": "Point", "coordinates": [ -76.53818, 3.43326 ] } },
{ "type": "Feature", "properties": { "DELITO": "HURTO", "TIPO_HURTO": "HURTO A PERSONAS", "MODALIDAD": "ATRACO", "COMUNA": 19, "NOM_COMUNA": "COMUNA 19", "BARRIO": 1913, "NOM_BARRIO": "El Cedro", "DIRECCION": "76001 CARRERA 25 CON CALLE 7 24A, EL CEDRO, COMUNA 19, CALI, VALLE DEL CAUCA", "SITIO": "VIA PUBLICA", "X": -76.53741, "Y": 3.43516, "FECHA_HECH": "2023-06-28T00:00:00", "HORA_HECHO": "12:20", "ESTRATO": 4 }, "geometry": { "type": "Point", "coordinates": [ -76.53741, 3.43516 ] } },
{ "type": "Feature", "properties": { "DELITO": "HURTO", "TIPO_HURTO": "HURTO A PERSONAS", "MODALIDAD": "ATRACO", "COMUNA": 19, "NOM_COMUNA": "COMUNA 19", "BARRIO": 1913, "NOM_BARRIO": "El Cedro", "DIRECCION": "76001 NO REPORTA CALLE 6 CON CARRERA 34 36", "SITIO": "SIN INFORMACION", "X": -76.538994, "Y": 3.428456, "FECHA_HECH": "2023-09-10T00:00:00", "HORA_HECHO": "16:30", "ESTRATO": 4 }, "geometry": { "type": "Point", "coordinates": [ -76.538994, 3.428456 ] } },
{ "type": "Feature", "properties": { "DELITO": "HURTO", "TIPO_HURTO": "HURTO A PERSONAS", "MODALIDAD": "VIOLACION DE CERRADURA", "COMUNA": 19, "NOM_COMUNA": "COMUNA 19", "BARRIO": 1905, "NOM_BARRIO": "Eucaristico", "DIRECCION": "76001 Carrera 34 7 60, Barrio Eucarístico, Comuna 19, Cali, Valle del Cauca, COL,BARRIO EUCARÍSTICO", "SITIO": "SIN INFORMACION", "X": -76.538373, "Y": 3.427337, "FECHA_HECH": "2023-08-04T00:00:00", "HORA_HECHO": "18:59", "ESTRATO": 4 }, "geometry": { "type": "Point", "coordinates": [ -76.538373, 3.427337 ] } },
{ "type": "Feature", "properties": { "DELITO": "HURTO", "TIPO_HURTO": "HURTO DE MOTOCICLETAS", "MODALIDAD": "ATRACO", "COMUNA": 19, "NOM_COMUNA": "COMUNA 19", "BARRIO": 1913, "NOM_BARRIO": "El Cedro", "DIRECCION": "76001 CARRERA 32A 8 5, EL CEDRO, COMUNA 19, CALI, VALLE DEL CAUCA", "SITIO": "VIA PUBLICA", "X": -76.537798, "Y": 3.427517, "FECHA_HECH": "2023-12-08T00:00:00", "HORA_HECHO": "15:49", "ESTRATO": 4 }, "geometry": { "type": "Point", "coordinates": [ -76.537798, 3.427517 ] } },
{ "type": "Feature", "properties": { "DELITO": "HURTO", "TIPO_HURTO": "HURTO A PERSONAS", "MODALIDAD": "FACTOR DE OPORTUNIDAD", "COMUNA": 19, "NOM_COMUNA": "COMUNA 19", "BARRIO": 1906, "NOM_BARRIO": "San Fernando Nuevo", "DIRECCION": "76001 CARRERA 36 5B3 34, SAN FERNANDO NUEVO, COMUNA 19, CALI, VALLE DEL CAUCA", "SITIO": "DOMICILIO", "X": -76.540712, "Y": 3.428031, "FECHA_HECH": "2023-03-08T00:00:00", "HORA_HECHO": "02:00", "ESTRATO": 4 }, "geometry": { "type": "Point", "coordinates": [ -76.540712, 3.428031 ] } },
{ "type": "Feature", "properties": { "DELITO": "HURTO", "TIPO_HURTO": "HURTO A CELULARES", "MODALIDAD": "FACTOR DE OPORTUNIDAD", "COMUNA": 19, "NOM_COMUNA": "COMUNA 19", "BARRIO": 1913, "NOM_BARRIO": "El Cedro", "DIRECCION": "76001 CL 6 24 CON CON KR 25  CL 6 24 25", "SITIO": "SIN INFORMACION", "X": -76.53851, "Y": 3.436439, "FECHA_HECH": "2023-06-03T00:00:00", "HORA_HECHO": "06:30", "ESTRATO": 4 }, "geometry": { "type": "Point", "coordinates": [ -76.53851, 3.436439 ] } },
{ "type": "Feature", "properties": { "DELITO": "HURTO", "TIPO_HURTO": "HURTO DE MOTOCICLETAS", "MODALIDAD": "HALADO", "COMUNA": 19, "NOM_COMUNA": "COMUNA 19", "BARRIO": 1912, "NOM_BARRIO": "3 de Julio", "DIRECCION": "76001 Calle 6 29 72, 3 de Julio, Comuna 19, Cali, Valle del Cauca, COL,3 DE JULIO", "SITIO": "SIN INFORMACION", "X": -76.53904, "Y": 3.4311, "FECHA_HECH": "2023-07-22T00:00:00", "HORA_HECHO": "10:00", "ESTRATO": 4 }, "geometry": { "type": "Point", "coordinates": [ -76.53904, 3.4311 ] } },
{ "type": "Feature", "properties": { "DELITO": "HURTO", "TIPO_HURTO": "HURTO DE AUTOPARTES", "MODALIDAD": "FACTOR DE OPORTUNIDAD", "COMUNA": 19, "NOM_COMUNA": "COMUNA 19", "BARRIO": 1913, "NOM_BARRIO": "El Cedro", "DIRECCION": "76001 CARRERA 24A, EL CEDRO, COMUNA 19, CALI, VALLE DEL CAUCA", "SITIO": "VIA PUBLICA", "X": -76.538035, "Y": 3.436075, "FECHA_HECH": "2023-06-15T00:00:00", "HORA_HECHO": "05:00", "ESTRATO": 4 }, "geometry": { "type": "Point", "coordinates": [ -76.538035, 3.436075 ] } },
{ "type": "Feature", "properties": { "DELITO": "HURTO", "TIPO_HURTO": "HURTO A ESTABLECIMIENTOS", "MODALIDAD": "DESCUELGUE DE MERCANCIA", "COMUNA": 19, "NOM_COMUNA": "COMUNA 19", "BARRIO": 1905, "NOM_BARRIO": "Eucaristico", "DIRECCION": "76001 CARRERA 34 7 53", "SITIO": "PARQUEADERO", "X": -76.538341, "Y": 3.427164, "FECHA_HECH": "2023-08-31T00:00:00", "HORA_HECHO": "10:00", "ESTRATO": 4 }, "geometry": { "type": "Point", "coordinates": [ -76.538341, 3.427164 ] } },
{ "type": "Feature", "properties": { "DELITO": "HURTO", "TIPO_HURTO": "HURTO A ESTABLECIMIENTOS", "MODALIDAD": "FACTOR DE OPORTUNIDAD", "COMUNA": 19, "NOM_COMUNA": "COMUNA 19", "BARRIO": 1912, "NOM_BARRIO": "3 de Julio", "DIRECCION": "76001 CALLE 5B 26 71, 3 DE JULIO, COMUNA 19, CALI, VALLE DEL CAUCA", "SITIO": "VIA PUBLICA", "X": -76.540424, "Y": 3.433918, "FECHA_HECH": "2023-06-08T00:00:00", "HORA_HECHO": "11:30", "ESTRATO": 4 }, "geometry": { "type": "Point", "coordinates": [ -76.540424, 3.433918 ] } },
{ "type": "Feature", "properties": { "DELITO": "HURTO", "TIPO_HURTO": "HURTO A CELULARES", "MODALIDAD": "COSQUILLEO", "COMUNA": 19, "NOM_COMUNA": "COMUNA 19", "BARRIO": 1912, "NOM_BARRIO": "3 de Julio", "DIRECCION": "76001 AVENIDA ROOSEVELT 29 47", "SITIO": "VIA PUBLICA", "X": -76.538967, "Y": 3.431311, "FECHA_HECH": "2023-11-16T00:00:00", "HORA_HECHO": "13:00", "ESTRATO": 4 }, "geometry": { "type": "Point", "coordinates": [ -76.538967, 3.431311 ] } },
{ "type": "Feature", "properties": { "DELITO": "HURTO", "TIPO_HURTO": "HURTO A PERSONAS", "MODALIDAD": "VIOLACION DE CERRADURA", "COMUNA": 19, "NOM_COMUNA": "COMUNA 9", "BARRIO": 1913, "NOM_BARRIO": "El Cedro", "DIRECCION": "76001 CARRERA 24 CON CALLE 7, ALAMEDA, COMUNA 9, CALI, VALLE DEL CAUCA", "SITIO": "VIA PUBLICA", "X": -76.53724, "Y": 3.4365, "FECHA_HECH": "2023-04-22T00:00:00", "HORA_HECHO": "14:30", "ESTRATO": 4 }, "geometry": { "type": "Point", "coordinates": [ -76.53724, 3.4365 ] } },
{ "type": "Feature", "properties": { "DELITO": "HURTO", "TIPO_HURTO": "HURTO A ESTABLECIMIENTOS", "MODALIDAD": "FACTOR DE OPORTUNIDAD", "COMUNA": 19, "NOM_COMUNA": "COMUNA 19", "BARRIO": 1906, "NOM_BARRIO": "San Fernando Nuevo", "DIRECCION": "76001 CALLE 5B4 36B 34", "SITIO": "ESTABLECIMIENTO EDUCATIVO", "X": -76.541338, "Y": 3.426879, "FECHA_HECH": "2023-11-08T00:00:00", "HORA_HECHO": "18:00", "ESTRATO": 4 }, "geometry": { "type": "Point", "coordinates": [ -76.541338, 3.426879 ] } },
{ "type": "Feature", "properties": { "DELITO": "HURTO", "TIPO_HURTO": "HURTO DE VEHICULOS", "MODALIDAD": "ATRACO", "COMUNA": 19, "NOM_COMUNA": "COMUNA 19", "BARRIO": 1913, "NOM_BARRIO": "El Cedro", "DIRECCION": "76001 Calle 7 28 26, El Cedro, Comuna 19, Cali, Valle del Cauca, COL,EL CEDRO", "SITIO": "SIN INFORMACION", "X": -76.5376, "Y": 3.43214, "FECHA_HECH": "2023-03-29T00:00:00", "HORA_HECHO": "20:30", "ESTRATO": 4 }, "geometry": { "type": "Point", "coordinates": [ -76.5376, 3.43214 ] } },
{ "type": "Feature", "properties": { "DELITO": "HURTO", "TIPO_HURTO": "HURTO A CELULARES", "MODALIDAD": "ATRACO", "COMUNA": 19, "NOM_COMUNA": "COMUNA 19", "BARRIO": 1905, "NOM_BARRIO": "Eucaristico", "DIRECCION": "76001 CARRERA 34 CON CALLE 7, BARRIO EUCARÍSTICO, COMUNA 19, CALI, VALLE DEL CAUCA", "SITIO": "VIA PUBLICA", "X": -76.53859, "Y": 3.42746, "FECHA_HECH": "2023-07-17T00:00:00", "HORA_HECHO": "11:30", "ESTRATO": 4 }, "geometry": { "type": "Point", "coordinates": [ -76.53859, 3.42746 ] } },
{ "type": "Feature", "properties": { "DELITO": "HURTO", "TIPO_HURTO": "HURTO A CELULARES", "MODALIDAD": "COSQUILLEO", "COMUNA": 19, "NOM_COMUNA": "COMUNA 19", "BARRIO": 1913, "NOM_BARRIO": "El Cedro", "DIRECCION": "76001 CALLE 8, EL CEDRO, COMUNA 19, CALI, VALLE DEL CAUCA", "SITIO": "VIA PUBLICA", "X": -76.53797, "Y": 3.427255, "FECHA_HECH": "2023-11-09T00:00:00", "HORA_HECHO": "05:50", "ESTRATO": 4 }, "geometry": { "type": "Point", "coordinates": [ -76.53797, 3.427255 ] } },
{ "type": "Feature", "properties": { "DELITO": "HURTO", "TIPO_HURTO": "HURTO A CELULARES", "MODALIDAD": "ATRACO", "COMUNA": 19, "NOM_COMUNA": "COMUNA 19", "BARRIO": 1913, "NOM_BARRIO": "El Cedro", "DIRECCION": "76001 Calle 7A 2, El Cedro, Comuna 19, Cali, Valle del Cauca, COL,EL CEDRO", "SITIO": "SIN INFORMACION", "X": -76.53736, "Y": 3.43613, "FECHA_HECH": "2023-02-06T00:00:00", "HORA_HECHO": "23:40", "ESTRATO": 4 }, "geometry": { "type": "Point", "coordinates": [ -76.53736, 3.43613 ] } },
{ "type": "Feature", "properties": { "DELITO": "HURTO", "TIPO_HURTO": "HURTO A PERSONAS", "MODALIDAD": "VIOLACION DE CERRADURA", "COMUNA": 19, "NOM_COMUNA": "COMUNA 19", "BARRIO": 1913, "NOM_BARRIO": "El Cedro", "DIRECCION": "76001 AVENIDA ROOSEVELT 27 5, EL CEDRO, COMUNA 19, CALI, VALLE DEL CAUCA", "SITIO": "VEHICULO", "X": -76.538792, "Y": 3.433201, "FECHA_HECH": "2023-09-12T00:00:00", "HORA_HECHO": "00:25", "ESTRATO": 4 }, "geometry": { "type": "Point", "coordinates": [ -76.538792, 3.433201 ] } },
{ "type": "Feature", "properties": { "DELITO": "HURTO", "TIPO_HURTO": "HURTO A PERSONAS", "MODALIDAD": "ATRACO", "COMUNA": 19, "NOM_COMUNA": "COMUNA 19", "BARRIO": 1912, "NOM_BARRIO": "3 de Julio", "DIRECCION": "76001 CARRERA 25 5 144, 3 DE JULIO, COMUNA 19, CALI, VALLE DEL CAUCA", "SITIO": "VIA PUBLICA", "X": -76.539218, "Y": 3.435192, "FECHA_HECH": "2023-09-24T00:00:00", "HORA_HECHO": "10:30", "ESTRATO": 4 }, "geometry": { "type": "Point", "coordinates": [ -76.539218, 3.435192 ] } },
{ "type": "Feature", "properties": { "DELITO": "HURTO", "TIPO_HURTO": "HURTO A PERSONAS", "MODALIDAD": "FACTOR DE OPORTUNIDAD", "COMUNA": 19, "NOM_COMUNA": "COMUNA 19", "BARRIO": 1912, "NOM_BARRIO": "3 de Julio", "DIRECCION": "76001 CARRERA 26 5B 45, 3 DE JULIO, COMUNA 19, CALI, VALLE DEL CAUCA, COL,3 DE JULIO", "SITIO": "ESTABLECIMIENTO DE COMERCIO", "X": -76.540082, "Y": 3.434489, "FECHA_HECH": "2023-02-02T00:00:00", "HORA_HECHO": "15:00", "ESTRATO": 4 }, "geometry": { "type": "Point", "coordinates": [ -76.540082, 3.434489 ] } },
{ "type": "Feature", "properties": { "DELITO": "HURTO", "TIPO_HURTO": "HURTO A PERSONAS", "MODALIDAD": "ATRACO", "COMUNA": 19, "NOM_COMUNA": "COMUNA 19", "BARRIO": 1913, "NOM_BARRIO": "El Cedro", "DIRECCION": "76001 CL 6 CON CON KR 26  CALLE 6 CON CARRERA 25", "SITIO": "SIN INFORMACION", "X": -76.53869, "Y": 3.435263, "FECHA_HECH": "2023-06-13T00:00:00", "HORA_HECHO": "22:00", "ESTRATO": 4 }, "geometry": { "type": "Point", "coordinates": [ -76.53869, 3.435263 ] } },
{ "type": "Feature", "properties": { "DELITO": "HURTO", "TIPO_HURTO": "HURTO A PERSONAS", "MODALIDAD": "ATRACO", "COMUNA": 19, "NOM_COMUNA": "COMUNA 19", "BARRIO": 1906, "NOM_BARRIO": "San Fernando Nuevo", "DIRECCION": "76001 Carrera 36 5B3 65, San Fernando Nuevo, Comuna 19, Cali, Valle del Cauca, COL,SAN FERNANDO NUEVO", "SITIO": "SIN INFORMACION", "X": -76.540465, "Y": 3.427888, "FECHA_HECH": "2023-10-03T00:00:00", "HORA_HECHO": "15:00", "ESTRATO": 4 }, "geometry": { "type": "Point", "coordinates": [ -76.540465, 3.427888 ] } },
{ "type": "Feature", "properties": { "DELITO": "HURTO", "TIPO_HURTO": "HURTO A PERSONAS", "MODALIDAD": "FACTOR DE OPORTUNIDAD", "COMUNA": 19, "NOM_COMUNA": "COMUNA 19", "BARRIO": 1912, "NOM_BARRIO": "3 de Julio", "DIRECCION": "76001 CARRERA 28 5B 87", "SITIO": "VIA PUBLICA", "X": -76.539818, "Y": 3.432587, "FECHA_HECH": "2023-04-04T00:00:00", "HORA_HECHO": "11:57", "ESTRATO": 4 }, "geometry": { "type": "Point", "coordinates": [ -76.539818, 3.432587 ] } },
{ "type": "Feature", "properties": { "DELITO": "HURTO", "TIPO_HURTO": "HURTO DE AUTOPARTES", "MODALIDAD": "FACTOR DE OPORTUNIDAD", "COMUNA": 19, "NOM_COMUNA": "COMUNA 19", "BARRIO": 1912, "NOM_BARRIO": "3 de Julio", "DIRECCION": "76001 KR 25 CL 2 A-12 CARRERA 25 CON CALLE 2 A 12", "SITIO": "SIN INFORMACION", "X": -76.54003, "Y": 3.435565, "FECHA_HECH": "2023-06-20T00:00:00", "HORA_HECHO": "13:00", "ESTRATO": 4 }, "geometry": { "type": "Point", "coordinates": [ -76.54003, 3.435565 ] } },
{ "type": "Feature", "properties": { "DELITO": "HURTO", "TIPO_HURTO": "HURTO DE MOTOCICLETAS", "MODALIDAD": "HALADO", "COMUNA": 19, "NOM_COMUNA": "COMUNA 19", "BARRIO": 1913, "NOM_BARRIO": "El Cedro", "DIRECCION": "76001 CARRERA 25 6 25, EL CEDRO, COMUNA 19, CALI, VALLE DEL CAUCA", "SITIO": "ZONA DE PARQUEO", "X": -76.538491, "Y": 3.435266, "FECHA_HECH": "2023-06-30T00:00:00", "HORA_HECHO": "00:00", "ESTRATO": 4 }, "geometry": { "type": "Point", "coordinates": [ -76.538491, 3.435266 ] } },
{ "type": "Feature", "properties": { "DELITO": "HURTO", "TIPO_HURTO": "HURTO A PERSONAS", "MODALIDAD": "ATRACO", "COMUNA": 19, "NOM_COMUNA": "COMUNA 19", "BARRIO": 1913, "NOM_BARRIO": "El Cedro", "DIRECCION": "76001 CARRERA 29 6, EL CEDRO, COMUNA 19, CALI, VALLE DEL CAUCA", "SITIO": "VIA PUBLICA", "X": -76.537905, "Y": 3.431755, "FECHA_HECH": "2023-10-12T00:00:00", "HORA_HECHO": "22:00", "ESTRATO": 4 }, "geometry": { "type": "Point", "coordinates": [ -76.537905, 3.431755 ] } },
{ "type": "Feature", "properties": { "DELITO": "HURTO", "TIPO_HURTO": "HURTO A PERSONAS", "MODALIDAD": "ATRACO", "COMUNA": 19, "NOM_COMUNA": "COMUNA 19", "BARRIO": 1912, "NOM_BARRIO": "3 de Julio", "DIRECCION": "76001 CARRERA 25, 3 DE JULIO, COMUNA 19, CALI, VALLE DEL CAUCA", "SITIO": "OTRO", "X": -76.539225, "Y": 3.43525, "FECHA_HECH": "2023-05-09T00:00:00", "HORA_HECHO": "06:00", "ESTRATO": 4 }, "geometry": { "type": "Point", "coordinates": [ -76.539225, 3.43525 ] } },
{ "type": "Feature", "properties": { "DELITO": "HURTO", "TIPO_HURTO": "HURTO DE AUTOPARTES", "MODALIDAD": "FACTOR DE OPORTUNIDAD", "COMUNA": 19, "NOM_COMUNA": "COMUNA 19", "BARRIO": 1906, "NOM_BARRIO": "San Fernando Nuevo", "DIRECCION": "76001 Carrera 36 5B3 65, San Fernando Nuevo, Comuna 19, Cali, Valle del Cauca, COL,SAN FERNANDO NUEVO", "SITIO": "SIN INFORMACION", "X": -76.540465, "Y": 3.427888, "FECHA_HECH": "2023-09-09T00:00:00", "HORA_HECHO": "02:15", "ESTRATO": 4 }, "geometry": { "type": "Point", "coordinates": [ -76.540465, 3.427888 ] } },
{ "type": "Feature", "properties": { "DELITO": "HURTO", "TIPO_HURTO": "HURTO A ESTABLECIMIENTOS", "MODALIDAD": "FACTOR DE OPORTUNIDAD", "COMUNA": 19, "NOM_COMUNA": "COMUNA 19", "BARRIO": 1905, "NOM_BARRIO": "Eucaristico", "DIRECCION": "76001 Calle 8 con Carrera 34, Barrio Eucarístico, Comuna 19, Cali, Valle del Cauca, COL,BARRIO EUCARÍSTICO", "SITIO": "SIN INFORMACION", "X": -76.53809, "Y": 3.4268, "FECHA_HECH": "2023-11-13T00:00:00", "HORA_HECHO": "04:11", "ESTRATO": 4 }, "geometry": { "type": "Point", "coordinates": [ -76.53809, 3.4268 ] } },
{ "type": "Feature", "properties": { "DELITO": "HURTO", "TIPO_HURTO": "HURTO A PERSONAS", "MODALIDAD": "ATRACO", "COMUNA": 19, "NOM_COMUNA": "COMUNA 19", "BARRIO": 1906, "NOM_BARRIO": "San Fernando Nuevo", "DIRECCION": "76001 CARRERA 36B 5B3 48", "SITIO": "VIA PUBLICA", "X": -76.541432, "Y": 3.427504, "FECHA_HECH": "2023-02-02T00:00:00", "HORA_HECHO": "23:50", "ESTRATO": 4 }, "geometry": { "type": "Point", "coordinates": [ -76.541432, 3.427504 ] } },
{ "type": "Feature", "properties": { "DELITO": "HURTO", "TIPO_HURTO": "HURTO DE AUTOPARTES", "MODALIDAD": "FACTOR DE OPORTUNIDAD", "COMUNA": 19, "NOM_COMUNA": "COMUNA 19", "BARRIO": 1913, "NOM_BARRIO": "El Cedro", "DIRECCION": "76001 Carrera 24 5 100, El Cedro, Comuna 19, Cali, Valle del Cauca, COL,EL CEDRO", "SITIO": "SIN INFORMACION", "X": -76.537945, "Y": 3.437068, "FECHA_HECH": "2023-05-20T00:00:00", "HORA_HECHO": "09:00", "ESTRATO": 4 }, "geometry": { "type": "Point", "coordinates": [ -76.537945, 3.437068 ] } },
{ "type": "Feature", "properties": { "DELITO": "HURTO", "TIPO_HURTO": "HURTO A CELULARES", "MODALIDAD": "ATRACO", "COMUNA": 19, "NOM_COMUNA": "COMUNA 19", "BARRIO": 1912, "NOM_BARRIO": "3 de Julio", "DIRECCION": "76001 CARRERA 25 5, 3 DE JULIO, COMUNA 19, CALI, VALLE DEL CAUCA", "SITIO": "VIA PUBLICA", "X": -76.539225, "Y": 3.43525, "FECHA_HECH": "2023-09-30T00:00:00", "HORA_HECHO": "16:30", "ESTRATO": 4 }, "geometry": { "type": "Point", "coordinates": [ -76.539225, 3.43525 ] } },
{ "type": "Feature", "properties": { "DELITO": "HURTO", "TIPO_HURTO": "HURTO DE MOTOCICLETAS", "MODALIDAD": "HALADO", "COMUNA": 19, "NOM_COMUNA": "COMUNA 19", "BARRIO": 1905, "NOM_BARRIO": "Eucaristico", "DIRECCION": "76001 CALLE 7 36 60, BARRIO EUCARÍSTICO, COMUNA 19, CALI, VALLE DEL CAUCA", "SITIO": "VIA PUBLICA", "X": -76.539234, "Y": 3.425871, "FECHA_HECH": "2023-08-26T00:00:00", "HORA_HECHO": "19:30", "ESTRATO": 4 }, "geometry": { "type": "Point", "coordinates": [ -76.539234, 3.425871 ] } },
{ "type": "Feature", "properties": { "DELITO": "HURTO", "TIPO_HURTO": "HURTO A PERSONAS", "MODALIDAD": "ATRACO", "COMUNA": 19, "NOM_COMUNA": "COMUNA 19", "BARRIO": 1913, "NOM_BARRIO": "El Cedro", "DIRECCION": "76001 CARRERA 34, BARRIO EUCARÍSTICO, COMUNA 19, CALI, VALLE DEL CAUCA", "SITIO": "VIA PUBLICA", "X": -76.537965, "Y": 3.42691, "FECHA_HECH": "2023-10-16T00:00:00", "HORA_HECHO": "01:00", "ESTRATO": 4 }, "geometry": { "type": "Point", "coordinates": [ -76.537965, 3.42691 ] } },
{ "type": "Feature", "properties": { "DELITO": "HURTO", "TIPO_HURTO": "HURTO DE VEHICULOS", "MODALIDAD": "HALADO", "COMUNA": 19, "NOM_COMUNA": "COMUNA 19", "BARRIO": 1913, "NOM_BARRIO": "El Cedro", "DIRECCION": "76001 CARRERA 26 6 1", "SITIO": "VIA PUBLICA", "X": -76.538752, "Y": 3.434392, "FECHA_HECH": "2023-11-03T00:00:00", "HORA_HECHO": "18:00", "ESTRATO": 4 }, "geometry": { "type": "Point", "coordinates": [ -76.538752, 3.434392 ] } },
{ "type": "Feature", "properties": { "DELITO": "HURTO", "TIPO_HURTO": "HURTO A PERSONAS", "MODALIDAD": "FACTOR DE OPORTUNIDAD", "COMUNA": 19, "NOM_COMUNA": "COMUNA 19", "BARRIO": 1913, "NOM_BARRIO": "El Cedro", "DIRECCION": "76001 DG 31 SUR CL 36-73 SUR DG 31 CL 36 73", "SITIO": "SIN INFORMACION", "X": -76.53895, "Y": 3.429045, "FECHA_HECH": "2023-04-10T00:00:00", "HORA_HECHO": "07:00", "ESTRATO": 4 }, "geometry": { "type": "Point", "coordinates": [ -76.53895, 3.429045 ] } },
{ "type": "Feature", "properties": { "DELITO": "HURTO", "TIPO_HURTO": "HURTO A PERSONAS", "MODALIDAD": "RAPONAZO", "COMUNA": 19, "NOM_COMUNA": "COMUNA 19", "BARRIO": 1913, "NOM_BARRIO": "El Cedro", "DIRECCION": "76001 CALLE 7 CON CARRERA 26, EL CEDRO, COMUNA 19, CALI, VALLE DEL CAUCA", "SITIO": "VIA PUBLICA", "X": -76.53745, "Y": 3.43431, "FECHA_HECH": "2023-09-16T00:00:00", "HORA_HECHO": "12:00", "ESTRATO": 4 }, "geometry": { "type": "Point", "coordinates": [ -76.53745, 3.43431 ] } },
{ "type": "Feature", "properties": { "DELITO": "HURTO", "TIPO_HURTO": "HURTO A PERSONAS", "MODALIDAD": "ATRACO", "COMUNA": 19, "NOM_COMUNA": "COMUNA 19", "BARRIO": 1913, "NOM_BARRIO": "El Cedro", "DIRECCION": "76001 CARRERA 34, BARRIO EUCARÍSTICO, COMUNA 19, CALI, VALLE DEL CAUCA", "SITIO": "VIA PUBLICA", "X": -76.5377, "Y": 3.426535, "FECHA_HECH": "2023-12-01T00:00:00", "HORA_HECHO": "00:10", "ESTRATO": 4 }, "geometry": { "type": "Point", "coordinates": [ -76.5377, 3.426535 ] } },
{ "type": "Feature", "properties": { "DELITO": "HURTO", "TIPO_HURTO": "HURTO A PERSONAS", "MODALIDAD": "COSQUILLEO", "COMUNA": 19, "NOM_COMUNA": "COMUNA 19", "BARRIO": 1913, "NOM_BARRIO": "El Cedro", "DIRECCION": "76001 Avenida Roosevelt 24, El Cedro, Comuna 19, Cali, Valle del Cauca, COL,EL CEDRO", "SITIO": "SIN INFORMACION", "X": -76.53866, "Y": 3.43664, "FECHA_HECH": "2023-07-21T00:00:00", "HORA_HECHO": "18:45", "ESTRATO": 4 }, "geometry": { "type": "Point", "coordinates": [ -76.53866, 3.43664 ] } },
{ "type": "Feature", "properties": { "DELITO": "HURTO", "TIPO_HURTO": "HURTO A RESIDENCIA", "MODALIDAD": "ATRACO", "COMUNA": 19, "NOM_COMUNA": "COMUNA 19", "BARRIO": 1913, "NOM_BARRIO": "El Cedro", "DIRECCION": "76001 KR 25 OCCIDENTE CL 6-25 SUR CARRERA 25 NO 6 25", "SITIO": "DOMICILIO", "X": -76.53843, "Y": 3.435437, "FECHA_HECH": "2023-08-09T00:00:00", "HORA_HECHO": "01:00", "ESTRATO": 4 }, "geometry": { "type": "Point", "coordinates": [ -76.53843, 3.435437 ] } },
{ "type": "Feature", "properties": { "DELITO": "HURTO", "TIPO_HURTO": "HURTO A PERSONAS", "MODALIDAD": "ATRACO", "COMUNA": 19, "NOM_COMUNA": "COMUNA 19", "BARRIO": 1913, "NOM_BARRIO": "El Cedro", "DIRECCION": "76001 Avenida Roosevelt 24, El Cedro, Comuna 19, Cali, Valle del Cauca, COL,EL CEDRO", "SITIO": "SIN INFORMACION", "X": -76.53866, "Y": 3.43664, "FECHA_HECH": "2023-09-01T00:00:00", "HORA_HECHO": "14:30", "ESTRATO": 4 }, "geometry": { "type": "Point", "coordinates": [ -76.53866, 3.43664 ] } },
{ "type": "Feature", "properties": { "DELITO": "HURTO", "TIPO_HURTO": "HURTO A PERSONAS", "MODALIDAD": "FACTOR DE OPORTUNIDAD", "COMUNA": 19, "NOM_COMUNA": "COMUNA 19", "BARRIO": 1913, "NOM_BARRIO": "El Cedro", "DIRECCION": "76001 Avenida Roosevelt 24 80, El Cedro, Comuna 19, Cali, Valle del Cauca, COL,EL CEDRO", "SITIO": "SIN INFORMACION", "X": -76.538489, "Y": 3.437298, "FECHA_HECH": "2023-05-19T00:00:00", "HORA_HECHO": "21:00", "ESTRATO": 4 }, "geometry": { "type": "Point", "coordinates": [ -76.538489, 3.437298 ] } },
{ "type": "Feature", "properties": { "DELITO": "HURTO", "TIPO_HURTO": "HURTO A CELULARES", "MODALIDAD": "ATRACO", "COMUNA": 19, "NOM_COMUNA": "COMUNA 19", "BARRIO": 1913, "NOM_BARRIO": "El Cedro", "DIRECCION": "76001 CARRERA 26, EL CEDRO, COMUNA 19, CALI, VALLE DEL CAUCA", "SITIO": "VIA PUBLICA", "X": -76.53845, "Y": 3.43437, "FECHA_HECH": "2023-09-22T00:00:00", "HORA_HECHO": "05:00", "ESTRATO": 4 }, "geometry": { "type": "Point", "coordinates": [ -76.53845, 3.43437 ] } },
{ "type": "Feature", "properties": { "DELITO": "HURTO", "TIPO_HURTO": "HURTO DE AUTOPARTES", "MODALIDAD": "FACTOR DE OPORTUNIDAD", "COMUNA": 19, "NOM_COMUNA": "COMUNA 19", "BARRIO": 1912, "NOM_BARRIO": "3 de Julio", "DIRECCION": "76001 CALLE 5C 26 80, 3 DE JULIO, COMUNA 19, CALI, VALLE DEL CAUCA", "SITIO": "VIA PUBLICA", "X": -76.539734, "Y": 3.433829, "FECHA_HECH": "2023-10-23T00:00:00", "HORA_HECHO": "12:30", "ESTRATO": 4 }, "geometry": { "type": "Point", "coordinates": [ -76.539734, 3.433829 ] } },
{ "type": "Feature", "properties": { "DELITO": "HURTO", "TIPO_HURTO": "HURTO A PERSONAS", "MODALIDAD": "ATRACO", "COMUNA": 19, "NOM_COMUNA": "COMUNA 19", "BARRIO": 1906, "NOM_BARRIO": "San Fernando Nuevo", "DIRECCION": "76001 CALLE 5B3 36B 35, SAN FERNANDO NUEVO, COMUNA 19, CALI, VALLE DEL CAUCA", "SITIO": "VIA PUBLICA", "X": -76.541843, "Y": 3.427552, "FECHA_HECH": "2023-12-27T00:00:00", "HORA_HECHO": "10:30", "ESTRATO": 4 }, "geometry": { "type": "Point", "coordinates": [ -76.541843, 3.427552 ] } },
{ "type": "Feature", "properties": { "DELITO": "HURTO", "TIPO_HURTO": "HURTO A PERSONAS", "MODALIDAD": "ROMPIMIENTO DE VIDRIO", "COMUNA": 19, "NOM_COMUNA": "COMUNA 19", "BARRIO": 1913, "NOM_BARRIO": "El Cedro", "DIRECCION": "76001 CALLE 7 CON CARRERA 31, EL CEDRO, COMUNA 19, CALI, VALLE DEL CAUCA, COL,EL CEDRO", "SITIO": "VIA PUBLICA", "X": -76.53827, "Y": 3.42907, "FECHA_HECH": "2023-04-19T00:00:00", "HORA_HECHO": "02:30", "ESTRATO": 4 }, "geometry": { "type": "Point", "coordinates": [ -76.53827, 3.42907 ] } },
{ "type": "Feature", "properties": { "DELITO": "HURTO", "TIPO_HURTO": "HURTO A PERSONAS", "MODALIDAD": "VIOLACION DE CERRADURA", "COMUNA": 19, "NOM_COMUNA": "COMUNA 19", "BARRIO": 1905, "NOM_BARRIO": "Eucaristico", "DIRECCION": "76001 Calle 6 34 45, Barrio Eucarístico, Comuna 19, Cali, Valle del Cauca, COL,BARRIO EUCARÍSTICO", "SITIO": "SIN INFORMACION", "X": -76.539424, "Y": 3.427464, "FECHA_HECH": "2023-04-25T00:00:00", "HORA_HECHO": "10:59", "ESTRATO": 4 }, "geometry": { "type": "Point", "coordinates": [ -76.539424, 3.427464 ] } },
{ "type": "Feature", "properties": { "DELITO": "HURTO", "TIPO_HURTO": "HURTO A PERSONAS", "MODALIDAD": "ATRACO", "COMUNA": 19, "NOM_COMUNA": "COMUNA 19", "BARRIO": 1906, "NOM_BARRIO": "San Fernando Nuevo", "DIRECCION": "76001 CARRERA 36 5B3 5B, SAN FERNANDO NUEVO, COMUNA 19, CALI, VALLE DEL CAUCA", "SITIO": "VIA PUBLICA", "X": -76.54076, "Y": 3.428291, "FECHA_HECH": "2023-03-18T00:00:00", "HORA_HECHO": "18:00", "ESTRATO": 4 }, "geometry": { "type": "Point", "coordinates": [ -76.54076, 3.428291 ] } },
{ "type": "Feature", "properties": { "DELITO": "HURTO", "TIPO_HURTO": "HURTO DE MOTOCICLETAS", "MODALIDAD": "HALADO", "COMUNA": 19, "NOM_COMUNA": "COMUNA 19", "BARRIO": 1913, "NOM_BARRIO": "El Cedro", "DIRECCION": "76001 CARRERA 25 6 4, EL CEDRO, COMUNA 19, CALI, VALLE DEL CAUCA", "SITIO": "DOMICILIO", "X": -76.538678, "Y": 3.435159, "FECHA_HECH": "2023-05-24T00:00:00", "HORA_HECHO": "00:00", "ESTRATO": 4 }, "geometry": { "type": "Point", "coordinates": [ -76.538678, 3.435159 ] } },
{ "type": "Feature", "properties": { "DELITO": "HURTO", "TIPO_HURTO": "HURTO DE AUTOPARTES", "MODALIDAD": "FACTOR DE OPORTUNIDAD", "COMUNA": 19, "NOM_COMUNA": "COMUNA 19", "BARRIO": 1906, "NOM_BARRIO": "San Fernando Nuevo", "DIRECCION": "76001 CALLE 5B4 36B 45, SAN FERNANDO NUEVO, COMUNA 19, CALI, VALLE DEL CAUCA", "SITIO": "ZONA DE PARQUEO", "X": -76.541348, "Y": 3.426748, "FECHA_HECH": "2023-06-27T00:00:00", "HORA_HECHO": "20:30", "ESTRATO": 4 }, "geometry": { "type": "Point", "coordinates": [ -76.541348, 3.426748 ] } },
{ "type": "Feature", "properties": { "DELITO": "HURTO", "TIPO_HURTO": "HURTO A PERSONAS", "MODALIDAD": "ATRACO", "COMUNA": 19, "NOM_COMUNA": "COMUNA 19", "BARRIO": 1913, "NOM_BARRIO": "El Cedro", "DIRECCION": "76001 CALLE 6 30 96, EL CEDRO, COMUNA 19, CALI, VALLE DEL CAUCA", "SITIO": "VIA PUBLICA", "X": -76.538841, "Y": 3.4303, "FECHA_HECH": "2023-09-26T00:00:00", "HORA_HECHO": "03:30", "ESTRATO": 4 }, "geometry": { "type": "Point", "coordinates": [ -76.538841, 3.4303 ] } },
{ "type": "Feature", "properties": { "DELITO": "HURTO", "TIPO_HURTO": "HURTO DE VEHICULOS", "MODALIDAD": "HALADO", "COMUNA": 19, "NOM_COMUNA": "COMUNA 19", "BARRIO": 1913, "NOM_BARRIO": "El Cedro", "DIRECCION": "76001 CALLE 7 30A 34, EL CEDRO, COMUNA 19, CALI, VALLE DEL CAUCA", "SITIO": "DOMICILIO", "X": -76.53822, "Y": 3.42945, "FECHA_HECH": "2023-11-08T00:00:00", "HORA_HECHO": "00:00", "ESTRATO": 4 }, "geometry": { "type": "Point", "coordinates": [ -76.53822, 3.42945 ] } },
{ "type": "Feature", "properties": { "DELITO": "HURTO", "TIPO_HURTO": "HURTO DE MOTOCICLETAS", "MODALIDAD": "HALADO", "COMUNA": 19, "NOM_COMUNA": "COMUNA 19", "BARRIO": 1913, "NOM_BARRIO": "El Cedro", "DIRECCION": "76001 AVENIDA ROOSEVELT 24 CON CARRERA 24 5, EL CEDRO, COMUNA 19, CALI, VALLE DEL CAUCA", "SITIO": "VIA PUBLICA", "X": -76.53826, "Y": 3.43739, "FECHA_HECH": "2023-12-02T00:00:00", "HORA_HECHO": "00:00", "ESTRATO": 4 }, "geometry": { "type": "Point", "coordinates": [ -76.53826, 3.43739 ] } },
{ "type": "Feature", "properties": { "DELITO": "HURTO", "TIPO_HURTO": "HURTO A PERSONAS", "MODALIDAD": "ATRACO", "COMUNA": 19, "NOM_COMUNA": "COMUNA 19", "BARRIO": 1913, "NOM_BARRIO": "El Cedro", "DIRECCION": "76001 CALLE 6 25 67, EL CEDRO, COMUNA 19, CALI, VALLE DEL CAUCA", "SITIO": "VIA PUBLICA", "X": -76.538712, "Y": 3.434679, "FECHA_HECH": "2023-03-05T00:00:00", "HORA_HECHO": "03:00", "ESTRATO": 4 }, "geometry": { "type": "Point", "coordinates": [ -76.538712, 3.434679 ] } },
{ "type": "Feature", "properties": { "DELITO": "HURTO", "TIPO_HURTO": "HURTO DE AUTOPARTES", "MODALIDAD": "FACTOR DE OPORTUNIDAD", "COMUNA": 19, "NOM_COMUNA": "COMUNA 19", "BARRIO": 1912, "NOM_BARRIO": "3 de Julio", "DIRECCION": "76001 Carrera 30 5C, 3 de Julio, Comuna 19, Cali, Valle del Cauca, COL,3 DE JULIO", "SITIO": "SIN INFORMACION", "X": -76.539315, "Y": 3.43039, "FECHA_HECH": "2023-02-12T00:00:00", "HORA_HECHO": "23:00", "ESTRATO": 4 }, "geometry": { "type": "Point", "coordinates": [ -76.539315, 3.43039 ] } },
{ "type": "Feature", "properties": { "DELITO": "HURTO", "TIPO_HURTO": "HURTO A ESTABLECIMIENTOS", "MODALIDAD": "FACTOR DE OPORTUNIDAD", "COMUNA": 19, "NOM_COMUNA": "COMUNA 19", "BARRIO": 1913, "NOM_BARRIO": "El Cedro", "DIRECCION": "76001 CALLE 9 CON CARRERA 32, EL CEDRO, COMUNA 19, CALI, VALLE DEL CAUCA", "SITIO": "VIA PUBLICA", "X": -76.53687, "Y": 3.42788, "FECHA_HECH": "2023-07-27T00:00:00", "HORA_HECHO": "12:30", "ESTRATO": 4 }, "geometry": { "type": "Point", "coordinates": [ -76.53687, 3.42788 ] } },
{ "type": "Feature", "properties": { "DELITO": "HURTO", "TIPO_HURTO": "HURTO DE AUTOPARTES", "MODALIDAD": "FACTOR DE OPORTUNIDAD", "COMUNA": 19, "NOM_COMUNA": "COMUNA 19", "BARRIO": 1912, "NOM_BARRIO": "3 de Julio", "DIRECCION": "76001 CARRERA 28 5B 68", "SITIO": "ZONA DE PARQUEO", "X": -76.539963, "Y": 3.432475, "FECHA_HECH": "2024-01-05T00:00:00", "HORA_HECHO": "05:30", "ESTRATO": 4 }, "geometry": { "type": "Point", "coordinates": [ -76.539963, 3.432475 ] } },
{ "type": "Feature", "properties": { "DELITO": "HURTO", "TIPO_HURTO": "HURTO A PERSONAS", "MODALIDAD": "ATRACO", "COMUNA": 19, "NOM_COMUNA": "COMUNA 19", "BARRIO": 1906, "NOM_BARRIO": "San Fernando Nuevo", "DIRECCION": "76001 CARRERA 37 5B4 11", "SITIO": "VIA PUBLICA", "X": -76.541589, "Y": 3.426458, "FECHA_HECH": "2024-01-17T00:00:00", "HORA_HECHO": "22:30", "ESTRATO": 4 }, "geometry": { "type": "Point", "coordinates": [ -76.541589, 3.426458 ] } },
{ "type": "Feature", "properties": { "DELITO": "HURTO", "TIPO_HURTO": "HURTO A ESTABLECIMIENTOS", "MODALIDAD": "VIOLACION DE CERRADURA", "COMUNA": 19, "NOM_COMUNA": "COMUNA 19", "BARRIO": 1905, "NOM_BARRIO": "Eucaristico", "DIRECCION": "76001 CARRERA 36 7 55, BARRIO EUCARÍSTICO, COMUNA 19, CALI, VALLE DEL CAUCA", "SITIO": "OTRO", "X": -76.53884, "Y": 3.426004, "FECHA_HECH": "2024-02-10T00:00:00", "HORA_HECHO": "11:08", "ESTRATO": 4 }, "geometry": { "type": "Point", "coordinates": [ -76.53884, 3.426004 ] } },
{ "type": "Feature", "properties": { "DELITO": "HURTO", "TIPO_HURTO": "HURTO A PERSONAS", "MODALIDAD": "ATRACO", "COMUNA": 19, "NOM_COMUNA": "COMUNA 19", "BARRIO": 1905, "NOM_BARRIO": "Eucaristico", "DIRECCION": "76001 Avenida Roosevelt 36A 67, Barrio Eucarístico, Comuna 19, Cali, Valle del Cauca, COL,BARRIO EUCARÍSTICO", "SITIO": "SIN INFORMACION", "X": -76.540152, "Y": 3.425437, "FECHA_HECH": "2024-02-08T00:00:00", "HORA_HECHO": "14:55", "ESTRATO": 4 }, "geometry": { "type": "Point", "coordinates": [ -76.540152, 3.425437 ] } },
{ "type": "Feature", "properties": { "DELITO": "HURTO", "TIPO_HURTO": "HURTO A CELULARES", "MODALIDAD": "ENGAÑO", "COMUNA": 19, "NOM_COMUNA": "COMUNA 19", "BARRIO": 1913, "NOM_BARRIO": "El Cedro", "DIRECCION": "76001 CARRERA 32 7 16, EL CEDRO, COMUNA 19, CALI, VALLE DEL CAUCA", "SITIO": "VIA PUBLICA", "X": -76.538346, "Y": 3.428276, "FECHA_HECH": "2024-02-23T00:00:00", "HORA_HECHO": "11:30", "ESTRATO": 4 }, "geometry": { "type": "Point", "coordinates": [ -76.538346, 3.428276 ] } },
{ "type": "Feature", "properties": { "DELITO": "HURTO", "TIPO_HURTO": "HURTO A PERSONAS", "MODALIDAD": "ATRACO", "COMUNA": 19, "NOM_COMUNA": "COMUNA 19", "BARRIO": 1912, "NOM_BARRIO": "3 de Julio", "DIRECCION": "76001 CARRERA 29 CON CALLE 6, 3 DE JULIO, COMUNA 19, CALI, VALLE DEL CAUCA", "SITIO": "VIA PUBLICA", "X": -76.53896, "Y": 3.43179, "FECHA_HECH": "2024-03-09T00:00:00", "HORA_HECHO": "17:00", "ESTRATO": 4 }, "geometry": { "type": "Point", "coordinates": [ -76.53896, 3.43179 ] } },
{ "type": "Feature", "properties": { "DELITO": "HURTO", "TIPO_HURTO": "HURTO DE AUTOPARTES", "MODALIDAD": "FACTOR DE OPORTUNIDAD", "COMUNA": 19, "NOM_COMUNA": "COMUNA 19", "BARRIO": 1912, "NOM_BARRIO": "3 de Julio", "DIRECCION": "76001 Calle 5B 25 91, 3 de Julio, Comuna 19, Cali, Valle del Cauca, COL,3 DE JULIO", "SITIO": "SIN INFORMACION", "X": -76.540368, "Y": 3.434843, "FECHA_HECH": "2024-03-14T00:00:00", "HORA_HECHO": "05:33", "ESTRATO": 4 }, "geometry": { "type": "Point", "coordinates": [ -76.540368, 3.434843 ] } },
{ "type": "Feature", "properties": { "DELITO": "HURTO", "TIPO_HURTO": "HURTO A ESTABLECIMIENTOS", "MODALIDAD": "FACTOR DE OPORTUNIDAD", "COMUNA": 19, "NOM_COMUNA": "COMUNA 19", "BARRIO": 1913, "NOM_BARRIO": "El Cedro", "DIRECCION": "76001 Carrera 34 10, El Cedro, Cali, Valle del Cauca, COL,EL CEDRO", "SITIO": "SIN INFORMACION", "X": -76.538104, "Y": 3.427193, "FECHA_HECH": "2024-03-13T00:00:00", "HORA_HECHO": "18:30", "ESTRATO": 4 }, "geometry": { "type": "Point", "coordinates": [ -76.538104, 3.427193 ] } },
{ "type": "Feature", "properties": { "DELITO": "HURTO", "TIPO_HURTO": "HURTO DE VEHICULOS", "MODALIDAD": "HALADO", "COMUNA": 19, "NOM_COMUNA": "COMUNA 19", "BARRIO": 1912, "NOM_BARRIO": "3 de Julio", "DIRECCION": "76001 CALLE 6 CON CARRERA 24A, 3 DE JULIO, CALI, VALLE DEL CAUCA", "SITIO": "DOMICILIO", "X": -76.538715, "Y": 3.436115, "FECHA_HECH": "2024-04-16T00:00:00", "HORA_HECHO": "10:20", "ESTRATO": 4 }, "geometry": { "type": "Point", "coordinates": [ -76.538715, 3.436115 ] } },
{ "type": "Feature", "properties": { "DELITO": "HURTO", "TIPO_HURTO": "HURTO DE AUTOPARTES", "MODALIDAD": "FACTOR DE OPORTUNIDAD", "COMUNA": 19, "NOM_COMUNA": "COMUNA 19", "BARRIO": 1906, "NOM_BARRIO": "San Fernando Nuevo", "DIRECCION": "76001 CALLE 5B4 34 146", "SITIO": "ZONA DE PARQUEO", "X": -76.540211, "Y": 3.428181, "FECHA_HECH": "2024-03-21T00:00:00", "HORA_HECHO": "21:00", "ESTRATO": 4 }, "geometry": { "type": "Point", "coordinates": [ -76.540211, 3.428181 ] } },
{ "type": "Feature", "properties": { "DELITO": "HURTO", "TIPO_HURTO": "HURTO DE VEHICULOS", "MODALIDAD": "HALADO", "COMUNA": 19, "NOM_COMUNA": "COMUNA 19", "BARRIO": 1905, "NOM_BARRIO": "Eucaristico", "DIRECCION": "76001 CARRERA 36 68, SAN FERNANDO NUEVO, CALI, VALLE DEL CAUCA", "SITIO": "VIA PUBLICA", "X": -76.539747, "Y": 3.426759, "FECHA_HECH": "2024-04-16T00:00:00", "HORA_HECHO": "16:30", "ESTRATO": 4 }, "geometry": { "type": "Point", "coordinates": [ -76.539747, 3.426759 ] } },
{ "type": "Feature", "properties": { "DELITO": "HURTO", "TIPO_HURTO": "HURTO A PERSONAS", "MODALIDAD": "ATRACO", "COMUNA": 19, "NOM_COMUNA": "COMUNA 19", "BARRIO": 1912, "NOM_BARRIO": "3 de Julio", "DIRECCION": "76001 CARRERA 27, 3 DE JULIO, CALI, VALLE DEL CAUCA, COL,3 DE JULIO", "SITIO": "VIA PUBLICA", "X": -76.540195, "Y": 3.433321, "FECHA_HECH": "2024-04-17T00:00:00", "HORA_HECHO": "20:08", "ESTRATO": 4 }, "geometry": { "type": "Point", "coordinates": [ -76.540195, 3.433321 ] } },
{ "type": "Feature", "properties": { "DELITO": "HURTO", "TIPO_HURTO": "HURTO A PERSONAS", "MODALIDAD": "FACTOR DE OPORTUNIDAD", "COMUNA": 19, "NOM_COMUNA": "COMUNA 19", "BARRIO": 1913, "NOM_BARRIO": "El Cedro", "DIRECCION": "76001 CALLE 6 30-01, 3 DE JULIO, CALI, VALLE DEL CAUCA", "SITIO": "VIA PUBLICA", "X": -76.538926, "Y": 3.430333, "FECHA_HECH": "2024-05-02T00:00:00", "HORA_HECHO": "12:57", "ESTRATO": 4 }, "geometry": { "type": "Point", "coordinates": [ -76.538926, 3.430333 ] } },
{ "type": "Feature", "properties": { "DELITO": "HURTO", "TIPO_HURTO": "HURTO A PERSONAS", "MODALIDAD": "VIOLACION DE CERRADURA", "COMUNA": 19, "NOM_COMUNA": "COMUNA 19", "BARRIO": 1905, "NOM_BARRIO": "Eucaristico", "DIRECCION": "76001 KR 36 OCCIDENTE CL 7-60 SUR", "SITIO": "VIA PUBLICA", "X": -76.53884, "Y": 3.425657, "FECHA_HECH": "2024-05-24T00:00:00", "HORA_HECHO": "20:00", "ESTRATO": 4 }, "geometry": { "type": "Point", "coordinates": [ -76.53884, 3.425657 ] } },
{ "type": "Feature", "properties": { "DELITO": "HURTO", "TIPO_HURTO": "HURTO A PERSONAS", "MODALIDAD": "ATRACO", "COMUNA": 19, "NOM_COMUNA": "COMUNA 19", "BARRIO": 1913, "NOM_BARRIO": "El Cedro", "DIRECCION": "76001 CARRERA 34 10, EL CEDRO, CALI, VALLE DEL CAUCA", "SITIO": "VIA PUBLICA", "X": -76.538104, "Y": 3.427193, "FECHA_HECH": "2024-05-28T00:00:00", "HORA_HECHO": "12:00", "ESTRATO": 4 }, "geometry": { "type": "Point", "coordinates": [ -76.538104, 3.427193 ] } },
{ "type": "Feature", "properties": { "DELITO": "HURTO", "TIPO_HURTO": "HURTO DE MOTOCICLETAS", "MODALIDAD": "HALADO", "COMUNA": 19, "NOM_COMUNA": "COMUNA 19", "BARRIO": 1913, "NOM_BARRIO": "El Cedro", "DIRECCION": "76001 CALLE 7 8, BARRIO EUCARISTICO, CALI, VALLE DEL CAUCA", "SITIO": "VIA PUBLICA", "X": -76.538484, "Y": 3.427505, "FECHA_HECH": "2024-05-30T00:00:00", "HORA_HECHO": "00:00", "ESTRATO": 4 }, "geometry": { "type": "Point", "coordinates": [ -76.538484, 3.427505 ] } },
{ "type": "Feature", "properties": { "DELITO": "HURTO", "TIPO_HURTO": "HURTO A PERSONAS", "MODALIDAD": "RAPONAZO", "COMUNA": 19, "NOM_COMUNA": "COMUNA 19", "BARRIO": 1905, "NOM_BARRIO": "Eucaristico", "DIRECCION": "76001 CARRERA 34 CON CALLE 9, BARRIO EUCARISTICO, CALI, VALLE DEL CAUCA", "SITIO": "VIA PUBLICA", "X": -76.537666, "Y": 3.426158, "FECHA_HECH": "2024-07-14T00:00:00", "HORA_HECHO": "13:30", "ESTRATO": 4 }, "geometry": { "type": "Point", "coordinates": [ -76.537666, 3.426158 ] } },
{ "type": "Feature", "properties": { "DELITO": "HURTO", "TIPO_HURTO": "HURTO DE MOTOCICLETAS", "MODALIDAD": "ATRACO", "COMUNA": 19, "NOM_COMUNA": "COMUNA 19", "BARRIO": 1912, "NOM_BARRIO": "3 de Julio", "DIRECCION": "76001 CALLE 6 CON CARRERA 27, 3 DE JULIO, CALI, VALLE DEL CAUCA", "SITIO": "VIA PUBLICA", "X": -76.538858, "Y": 3.433294, "FECHA_HECH": "2024-07-17T00:00:00", "HORA_HECHO": "06:50", "ESTRATO": 4 }, "geometry": { "type": "Point", "coordinates": [ -76.538858, 3.433294 ] } },
{ "type": "Feature", "properties": { "DELITO": "HURTO", "TIPO_HURTO": "HURTO A PERSONAS", "MODALIDAD": "ROMPIMIENTO DE VIDRIO", "COMUNA": 19, "NOM_COMUNA": "COMUNA 19", "BARRIO": 1912, "NOM_BARRIO": "3 de Julio", "DIRECCION": "76001 Calle 6 31-36, 3 de Julio, Cali, Valle del Cauca, COL,3 DE JULIO", "SITIO": "SIN INFORMACION", "X": -76.539111, "Y": 3.429021, "FECHA_HECH": "2024-07-06T00:00:00", "HORA_HECHO": "02:15", "ESTRATO": 4 }, "geometry": { "type": "Point", "coordinates": [ -76.539111, 3.429021 ] } },
{ "type": "Feature", "properties": { "DELITO": "HURTO", "TIPO_HURTO": "HURTO A PERSONAS", "MODALIDAD": "FACTOR DE OPORTUNIDAD", "COMUNA": 19, "NOM_COMUNA": "COMUNA 19", "BARRIO": 1905, "NOM_BARRIO": "Eucaristico", "DIRECCION": "76001 Calle 6 con Carrera 37, Barrio Eucaristico, Cali, Valle del Cauca, COL,BARRIO EUCARÍSTICO", "SITIO": "SIN INFORMACION", "X": -76.540334, "Y": 3.425206, "FECHA_HECH": "2024-08-08T00:00:00", "HORA_HECHO": "06:50", "ESTRATO": 4 }, "geometry": { "type": "Point", "coordinates": [ -76.540334, 3.425206 ] } },
{ "type": "Feature", "properties": { "DELITO": "HURTO", "TIPO_HURTO": "HURTO A CELULARES", "MODALIDAD": "RAPONAZO", "COMUNA": 19, "NOM_COMUNA": "COMUNA 19", "BARRIO": 1906, "NOM_BARRIO": "San Fernando Nuevo", "DIRECCION": "76001 Coliseo Evangelista Mora, Calle 5B3, San Fernando Nuevo, Cali, Valle del Cauca, COL,SAN FERNANDO NUEVO", "SITIO": "SIN INFORMACION", "X": -76.5402, "Y": 3.42831, "FECHA_HECH": "2024-08-19T00:00:00", "HORA_HECHO": "04:30", "ESTRATO": 4 }, "geometry": { "type": "Point", "coordinates": [ -76.5402, 3.42831 ] } },
{ "type": "Feature", "properties": { "DELITO": "HURTO", "TIPO_HURTO": "HURTO A PERSONAS", "MODALIDAD": "COSQUILLEO", "COMUNA": 19, "NOM_COMUNA": "COMUNA 19", "BARRIO": 1913, "NOM_BARRIO": "El Cedro", "DIRECCION": "76001 Calle 7 25 60, Santiago De Cali, Cali, Valle Del Cauca, COL,EL CEDRO", "SITIO": "SIN INFORMACION", "X": -76.537581, "Y": 3.43455, "FECHA_HECH": "2024-09-02T00:00:00", "HORA_HECHO": "05:30", "ESTRATO": 4 }, "geometry": { "type": "Point", "coordinates": [ -76.537581, 3.43455 ] } },
{ "type": "Feature", "properties": { "DELITO": "HURTO", "TIPO_HURTO": "HURTO A PERSONAS", "MODALIDAD": "VIOLACION DE CERRADURA", "COMUNA": 19, "NOM_COMUNA": "COMUNA 19", "BARRIO": 1913, "NOM_BARRIO": "El Cedro", "DIRECCION": "76001 CALLE 9 CON CARRERA 32, EL CEDRO, CALI, VALLE DEL CAUCA", "SITIO": "PARQUEADERO", "X": -76.536916, "Y": 3.427873, "FECHA_HECH": "2024-09-06T00:00:00", "HORA_HECHO": "06:30", "ESTRATO": 4 }, "geometry": { "type": "Point", "coordinates": [ -76.536916, 3.427873 ] } },
{ "type": "Feature", "properties": { "DELITO": "HURTO", "TIPO_HURTO": "HURTO A PERSONAS", "MODALIDAD": "ATRACO", "COMUNA": 19, "NOM_COMUNA": "COMUNA 19", "BARRIO": 1905, "NOM_BARRIO": "Eucaristico", "DIRECCION": "76001 Calle 6 con Carrera 37, Barrio Eucaristico, Cali, Valle del Cauca, COL,BARRIO EUCARÍSTICO", "SITIO": "SIN INFORMACION", "X": -76.540334, "Y": 3.425206, "FECHA_HECH": "2024-09-09T00:00:00", "HORA_HECHO": "04:43", "ESTRATO": 4 }, "geometry": { "type": "Point", "coordinates": [ -76.540334, 3.425206 ] } },
{ "type": "Feature", "properties": { "DELITO": "HURTO", "TIPO_HURTO": "HURTO A PERSONAS", "MODALIDAD": "ATRACO", "COMUNA": 19, "NOM_COMUNA": "COMUNA 19", "BARRIO": 1912, "NOM_BARRIO": "3 de Julio", "DIRECCION": "76001 CERC ROOSEVELT", "SITIO": "VIA PUBLICA", "X": -76.538893, "Y": 3.434941, "FECHA_HECH": "2024-10-01T00:00:00", "HORA_HECHO": "15:20", "ESTRATO": 4 }, "geometry": { "type": "Point", "coordinates": [ -76.538893, 3.434941 ] } },
{ "type": "Feature", "properties": { "DELITO": "HURTO", "TIPO_HURTO": "HURTO A ESTABLECIMIENTOS", "MODALIDAD": "DESCUELGUE DE MERCANCIA", "COMUNA": 19, "NOM_COMUNA": "COMUNA 19", "BARRIO": 1912, "NOM_BARRIO": "3 de Julio", "DIRECCION": "76001 CALLE 5 38D, SAN FERNANDO VIEJO, CALI, VALLE DEL CAUCA", "SITIO": "DOMICILIO", "X": -76.540297, "Y": 3.435522, "FECHA_HECH": "2024-11-10T00:00:00", "HORA_HECHO": "14:05", "ESTRATO": 4 }, "geometry": { "type": "Point", "coordinates": [ -76.540297, 3.435522 ] } },
{ "type": "Feature", "properties": { "DELITO": "HURTO", "TIPO_HURTO": "HURTO A PERSONAS", "MODALIDAD": "COSQUILLEO", "COMUNA": 19, "NOM_COMUNA": "COMUNA 19", "BARRIO": 1913, "NOM_BARRIO": "El Cedro", "DIRECCION": "76001 Calle 9 32a 16, Santiago De Cali, Cali, Valle Del Cauca, COL,EL CEDRO", "SITIO": "SIN INFORMACION", "X": -76.537596, "Y": 3.426981, "FECHA_HECH": "2024-12-27T00:00:00", "HORA_HECHO": "01:30", "ESTRATO": 4 }, "geometry": { "type": "Point", "coordinates": [ -76.537596, 3.426981 ] } },
{ "type": "Feature", "properties": { "DELITO": "HURTO", "TIPO_HURTO": "HURTO A PERSONAS", "MODALIDAD": "ATRACO", "COMUNA": 19, "NOM_COMUNA": "COMUNA 19", "BARRIO": 1913, "NOM_BARRIO": "El Cedro", "DIRECCION": "76001 CARRERA 32 8 98", "SITIO": "VIA PUBLICA", "X": -76.53689, "Y": 3.427879, "FECHA_HECH": "2024-08-05T00:00:00", "HORA_HECHO": "14:20", "ESTRATO": 4 }, "geometry": { "type": "Point", "coordinates": [ -76.53689, 3.427879 ] } },
{ "type": "Feature", "properties": { "DELITO": "HURTO", "TIPO_HURTO": "HURTO DE MOTOCICLETAS", "MODALIDAD": "HALADO", "COMUNA": 19, "NOM_COMUNA": "COMUNA 19", "BARRIO": 1912, "NOM_BARRIO": "3 de Julio", "DIRECCION": "76001 KR 24 CL 6-226", "SITIO": "SIN INFORMACION", "X": -76.53899, "Y": 3.435851, "FECHA_HECH": "2024-01-04T00:00:00", "HORA_HECHO": "11:30", "ESTRATO": 4 }, "geometry": { "type": "Point", "coordinates": [ -76.53899, 3.435851 ] } },
{ "type": "Feature", "properties": { "DELITO": "HURTO", "TIPO_HURTO": "HURTO A PERSONAS", "MODALIDAD": "ATRACO", "COMUNA": 19, "NOM_COMUNA": "COMUNA 19", "BARRIO": 1912, "NOM_BARRIO": "3 de Julio", "DIRECCION": "76001 CARRERA 34, 3 DE JULIO, COMUNA 19, CALI, VALLE DEL CAUCA", "SITIO": "VIA PUBLICA", "X": -76.539695, "Y": 3.42926, "FECHA_HECH": "2024-01-08T00:00:00", "HORA_HECHO": "10:00", "ESTRATO": 4 }, "geometry": { "type": "Point", "coordinates": [ -76.539695, 3.42926 ] } },
{ "type": "Feature", "properties": { "DELITO": "HURTO", "TIPO_HURTO": "HURTO A PERSONAS", "MODALIDAD": "FACTOR DE OPORTUNIDAD", "COMUNA": 19, "NOM_COMUNA": "COMUNA 19", "BARRIO": 1912, "NOM_BARRIO": "3 de Julio", "DIRECCION": "76001 Calle 5B 26 33, 3 de Julio, Comuna 19, Cali, Valle del Cauca, COL,3 DE JULIO", "SITIO": "SIN INFORMACION", "X": -76.540409, "Y": 3.434174, "FECHA_HECH": "2024-01-19T00:00:00", "HORA_HECHO": "12:00", "ESTRATO": 4 }, "geometry": { "type": "Point", "coordinates": [ -76.540409, 3.434174 ] } },
{ "type": "Feature", "properties": { "DELITO": "HURTO", "TIPO_HURTO": "HURTO A CELULARES", "MODALIDAD": "RAPONAZO", "COMUNA": 19, "NOM_COMUNA": "COMUNA 19", "BARRIO": 1905, "NOM_BARRIO": "Eucaristico", "DIRECCION": "76001 Carrera 34 7, Barrio Eucarístico, Comuna 19, Cali, Valle del Cauca, COL,BARRIO EUCARÍSTICO", "SITIO": "SIN INFORMACION", "X": -76.53834, "Y": 3.42713, "FECHA_HECH": "2024-01-03T00:00:00", "HORA_HECHO": "09:00", "ESTRATO": 4 }, "geometry": { "type": "Point", "coordinates": [ -76.53834, 3.42713 ] } },
{ "type": "Feature", "properties": { "DELITO": "HURTO", "TIPO_HURTO": "HURTO DE MOTOCICLETAS", "MODALIDAD": "HALADO", "COMUNA": 19, "NOM_COMUNA": "COMUNA 19", "BARRIO": 1905, "NOM_BARRIO": "Eucaristico", "DIRECCION": "76001 CALLE 7 34 28", "SITIO": "LUGAR DE TRABAJO", "X": -76.538887, "Y": 3.427387, "FECHA_HECH": "2024-02-11T00:00:00", "HORA_HECHO": "00:00", "ESTRATO": 4 }, "geometry": { "type": "Point", "coordinates": [ -76.538887, 3.427387 ] } },
{ "type": "Feature", "properties": { "DELITO": "HURTO", "TIPO_HURTO": "HURTO A PERSONAS", "MODALIDAD": "ATRACO", "COMUNA": 19, "NOM_COMUNA": "COMUNA 19", "BARRIO": 1912, "NOM_BARRIO": "3 de Julio", "DIRECCION": "76001 CALLE 5C 26 80, 3 DE JULIO, COMUNA 19, CALI, VALLE DEL CAUCA", "SITIO": "VIA PUBLICA", "X": -76.539734, "Y": 3.433829, "FECHA_HECH": "2024-03-07T00:00:00", "HORA_HECHO": "02:50", "ESTRATO": 4 }, "geometry": { "type": "Point", "coordinates": [ -76.539734, 3.433829 ] } },
{ "type": "Feature", "properties": { "DELITO": "HURTO", "TIPO_HURTO": "HURTO DE MOTOCICLETAS", "MODALIDAD": "HALADO", "COMUNA": 19, "NOM_COMUNA": "COMUNA 19", "BARRIO": 1913, "NOM_BARRIO": "El Cedro", "DIRECCION": "76001 BANCOLOMBIA AVENIDA ROOSEVELT", "SITIO": "VIA PUBLICA", "X": -76.538707, "Y": 3.434632, "FECHA_HECH": "2024-03-23T00:00:00", "HORA_HECHO": "00:00", "ESTRATO": 4 }, "geometry": { "type": "Point", "coordinates": [ -76.538707, 3.434632 ] } },
{ "type": "Feature", "properties": { "DELITO": "HURTO", "TIPO_HURTO": "HURTO A ESTABLECIMIENTOS", "MODALIDAD": "FACTOR DE OPORTUNIDAD", "COMUNA": 19, "NOM_COMUNA": "COMUNA 19", "BARRIO": 1913, "NOM_BARRIO": "El Cedro", "DIRECCION": "76001 CALLE 7 30-03, EL CEDRO, CALI, VALLE DEL CAUCA", "SITIO": "VIA PUBLICA", "X": -76.538104, "Y": 3.429868, "FECHA_HECH": "2024-03-22T00:00:00", "HORA_HECHO": "09:52", "ESTRATO": 4 }, "geometry": { "type": "Point", "coordinates": [ -76.538104, 3.429868 ] } },
{ "type": "Feature", "properties": { "DELITO": "HURTO", "TIPO_HURTO": "HURTO A PERSONAS", "MODALIDAD": "COSQUILLEO", "COMUNA": 19, "NOM_COMUNA": "COMUNA 19", "BARRIO": 1912, "NOM_BARRIO": "3 de Julio", "DIRECCION": "76001 BARRIO/LOCALIDAD/COMUNA:SAN FERNANDO VIEJO/COMUNA 19,CALI/VALLE DEL CAUCA,SAN FERNANDO VIEJO", "SITIO": "SIN INFORMACION", "X": -76.539047, "Y": 3.436883, "FECHA_HECH": "2024-04-06T00:00:00", "HORA_HECHO": "18:36", "ESTRATO": 4 }, "geometry": { "type": "Point", "coordinates": [ -76.539047, 3.436883 ] } },
{ "type": "Feature", "properties": { "DELITO": "HURTO", "TIPO_HURTO": "HURTO A CELULARES", "MODALIDAD": "RAPONAZO", "COMUNA": 19, "NOM_COMUNA": "COMUNA 19", "BARRIO": 1913, "NOM_BARRIO": "El Cedro", "DIRECCION": "76001 BANCOLOMBIA AVENIDA ROOSEVELT", "SITIO": "VIA PUBLICA", "X": -76.538707, "Y": 3.434632, "FECHA_HECH": "2024-04-04T00:00:00", "HORA_HECHO": "19:49", "ESTRATO": 4 }, "geometry": { "type": "Point", "coordinates": [ -76.538707, 3.434632 ] } },
{ "type": "Feature", "properties": { "DELITO": "HURTO", "TIPO_HURTO": "HURTO DE MOTOCICLETAS", "MODALIDAD": "HALADO", "COMUNA": 19, "NOM_COMUNA": "COMUNA 19", "BARRIO": 1906, "NOM_BARRIO": "San Fernando Nuevo", "DIRECCION": "76001 CARRERA 34 CON CALLE 6, SAN FERNANDO NUEVO, CALI, VALLE DEL CAUCA", "SITIO": "VIA PUBLICA", "X": -76.539196, "Y": 3.428196, "FECHA_HECH": "2024-04-12T00:00:00", "HORA_HECHO": "22:10", "ESTRATO": 4 }, "geometry": { "type": "Point", "coordinates": [ -76.539196, 3.428196 ] } },
{ "type": "Feature", "properties": { "DELITO": "HURTO", "TIPO_HURTO": "HURTO A PERSONAS", "MODALIDAD": "VIOLACION DE CERRADURA", "COMUNA": 19, "NOM_COMUNA": "COMUNA 19", "BARRIO": 1913, "NOM_BARRIO": "El Cedro", "DIRECCION": "76001 Estación De Servício Roosvelt, Calle 6 28-51, 3 de Julio, Cali, Valle del Cauca, COL,EL CEDRO", "SITIO": "SIN INFORMACION", "X": -76.538796, "Y": 3.432145, "FECHA_HECH": "2024-04-24T00:00:00", "HORA_HECHO": "00:00", "ESTRATO": 4 }, "geometry": { "type": "Point", "coordinates": [ -76.538796, 3.432145 ] } },
{ "type": "Feature", "properties": { "DELITO": "HURTO", "TIPO_HURTO": "HURTO DE BICICLETAS", "MODALIDAD": "HALADO", "COMUNA": 19, "NOM_COMUNA": "COMUNA 19", "BARRIO": 1912, "NOM_BARRIO": "3 de Julio", "DIRECCION": "76001 Calle 5 24a 91, Santiago De Cali, Cali, Valle Del Cauca, COL,3 DE JULIO", "SITIO": "SIN INFORMACION", "X": -76.539936, "Y": 3.435552, "FECHA_HECH": "2024-04-26T00:00:00", "HORA_HECHO": "18:00", "ESTRATO": 4 }, "geometry": { "type": "Point", "coordinates": [ -76.539936, 3.435552 ] } },
{ "type": "Feature", "properties": { "DELITO": "HURTO", "TIPO_HURTO": "HURTO A PERSONAS", "MODALIDAD": "ATRACO", "COMUNA": 19, "NOM_COMUNA": "COMUNA 19", "BARRIO": 1905, "NOM_BARRIO": "Eucaristico", "DIRECCION": "76001 CARRERA 34 8-6, BARRIO EUCARISTICO, CALI, VALLE DEL CAUCA", "SITIO": "VIA PUBLICA", "X": -76.538066, "Y": 3.426797, "FECHA_HECH": "2024-05-20T00:00:00", "HORA_HECHO": "17:00", "ESTRATO": 4 }, "geometry": { "type": "Point", "coordinates": [ -76.538066, 3.426797 ] } },
{ "type": "Feature", "properties": { "DELITO": "HURTO", "TIPO_HURTO": "HURTO A PERSONAS", "MODALIDAD": "ATRACO", "COMUNA": 19, "NOM_COMUNA": "COMUNA 19", "BARRIO": 1913, "NOM_BARRIO": "El Cedro", "DIRECCION": "76001 CALLE 7 CON CARRERA 34, BARRIO EUCARISTICO, CALI, VALLE DEL CAUCA", "SITIO": "VIA PUBLICA", "X": -76.538505, "Y": 3.427597, "FECHA_HECH": "2024-05-21T00:00:00", "HORA_HECHO": "19:30", "ESTRATO": 4 }, "geometry": { "type": "Point", "coordinates": [ -76.538505, 3.427597 ] } },
{ "type": "Feature", "properties": { "DELITO": "HURTO", "TIPO_HURTO": "HURTO DE MOTOCICLETAS", "MODALIDAD": "ATRACO", "COMUNA": 19, "NOM_COMUNA": "COMUNA 19", "BARRIO": 1905, "NOM_BARRIO": "Eucaristico", "DIRECCION": "76001 CARRERA 36 5B, SAN FERNANDO NUEVO, CALI, VALLE DEL CAUCA", "SITIO": "VIA PUBLICA", "X": -76.53968, "Y": 3.426854, "FECHA_HECH": "2024-05-31T00:00:00", "HORA_HECHO": "00:00", "ESTRATO": 4 }, "geometry": { "type": "Point", "coordinates": [ -76.53968, 3.426854 ] } },
{ "type": "Feature", "properties": { "DELITO": "HURTO", "TIPO_HURTO": "HURTO A PERSONAS", "MODALIDAD": "RAPONAZO", "COMUNA": 19, "NOM_COMUNA": "COMUNA 19", "BARRIO": 1912, "NOM_BARRIO": "3 de Julio", "DIRECCION": "76001 CALLE 5 24A 91, SANTIAGO DE CALI, CALI, VALLE DEL CAUCA", "SITIO": "VIA PUBLICA", "X": -76.539936, "Y": 3.435552, "FECHA_HECH": "2024-06-01T00:00:00", "HORA_HECHO": "03:00", "ESTRATO": 4 }, "geometry": { "type": "Point", "coordinates": [ -76.539936, 3.435552 ] } },
{ "type": "Feature", "properties": { "DELITO": "HURTO", "TIPO_HURTO": "HURTO DE AUTOPARTES", "MODALIDAD": "RAPONAZO", "COMUNA": 19, "NOM_COMUNA": "COMUNA 19", "BARRIO": 1913, "NOM_BARRIO": "El Cedro", "DIRECCION": "76001 CALLE 6 CON CARRERA 34, 3 DE JULIO, CALI, VALLE DEL CAUCA", "SITIO": "VIA PUBLICA", "X": -76.53904, "Y": 3.428329, "FECHA_HECH": "2024-06-15T00:00:00", "HORA_HECHO": "16:30", "ESTRATO": 4 }, "geometry": { "type": "Point", "coordinates": [ -76.53904, 3.428329 ] } },
{ "type": "Feature", "properties": { "DELITO": "HURTO", "TIPO_HURTO": "HURTO A PERSONAS", "MODALIDAD": "ATRACO", "COMUNA": 19, "NOM_COMUNA": "COMUNA 19", "BARRIO": 1912, "NOM_BARRIO": "3 de Julio", "DIRECCION": "76001 CALLE 5 80, SAN FERNANDO VIEJO, CALI, VALLE DEL CAUCA", "SITIO": "VIA PUBLICA", "X": -76.540247, "Y": 3.43558, "FECHA_HECH": "2024-07-02T00:00:00", "HORA_HECHO": "04:21", "ESTRATO": 4 }, "geometry": { "type": "Point", "coordinates": [ -76.540247, 3.43558 ] } },
{ "type": "Feature", "properties": { "DELITO": "HURTO", "TIPO_HURTO": "HURTO A PERSONAS", "MODALIDAD": "VIOLACION DE CERRADURA", "COMUNA": 19, "NOM_COMUNA": "COMUNA 19", "BARRIO": 1912, "NOM_BARRIO": "3 de Julio", "DIRECCION": "76001 CALLE 6 31-36, 3 DE JULIO, CALI, VALLE DEL CAUCA", "SITIO": "VIA PUBLICA", "X": -76.539111, "Y": 3.429021, "FECHA_HECH": "2024-07-06T00:00:00", "HORA_HECHO": "02:05", "ESTRATO": 4 }, "geometry": { "type": "Point", "coordinates": [ -76.539111, 3.429021 ] } },
{ "type": "Feature", "properties": { "DELITO": "HURTO", "TIPO_HURTO": "HURTO A PERSONAS", "MODALIDAD": "ATRACO", "COMUNA": 19, "NOM_COMUNA": "COMUNA 19", "BARRIO": 1913, "NOM_BARRIO": "El Cedro", "DIRECCION": "76001 CALLE 6 30-49, 3 DE JULIO, CALI, VALLE DEL CAUCA, COL,EL CEDRO", "SITIO": "VIA PUBLICA", "X": -76.53893, "Y": 3.430233, "FECHA_HECH": "2024-07-22T00:00:00", "HORA_HECHO": "21:27", "ESTRATO": 4 }, "geometry": { "type": "Point", "coordinates": [ -76.53893, 3.430233 ] } },
{ "type": "Feature", "properties": { "DELITO": "HURTO", "TIPO_HURTO": "HURTO A CELULARES", "MODALIDAD": "RAPONAZO", "COMUNA": 19, "NOM_COMUNA": "COMUNA 19", "BARRIO": 1913, "NOM_BARRIO": "El Cedro", "DIRECCION": "76001 Carrera 34 10, El Cedro, Cali, Valle del Cauca, COL,EL CEDRO", "SITIO": "SIN INFORMACION", "X": -76.538104, "Y": 3.427193, "FECHA_HECH": "2024-07-22T00:00:00", "HORA_HECHO": "16:35", "ESTRATO": 4 }, "geometry": { "type": "Point", "coordinates": [ -76.538104, 3.427193 ] } },
{ "type": "Feature", "properties": { "DELITO": "HURTO", "TIPO_HURTO": "HURTO A PERSONAS", "MODALIDAD": "ATRACO", "COMUNA": 19, "NOM_COMUNA": "COMUNA 19", "BARRIO": 1912, "NOM_BARRIO": "3 de Julio", "DIRECCION": "76001 CARRERA 27, 3 DE JULIO, CALI, VALLE DEL CAUCA", "SITIO": "VIA PUBLICA", "X": -76.539483, "Y": 3.433305, "FECHA_HECH": "2024-08-14T00:00:00", "HORA_HECHO": "04:24", "ESTRATO": 4 }, "geometry": { "type": "Point", "coordinates": [ -76.539483, 3.433305 ] } },
{ "type": "Feature", "properties": { "DELITO": "HURTO", "TIPO_HURTO": "HURTO A PERSONAS", "MODALIDAD": "ATRACO", "COMUNA": 19, "NOM_COMUNA": "COMUNA 19", "BARRIO": 1912, "NOM_BARRIO": "3 de Julio", "DIRECCION": "76001 CL 6 SUR CON CON KR 29 OCCIDENTE", "SITIO": "SIN INFORMACION", "X": -76.539024, "Y": 3.431122, "FECHA_HECH": "2024-08-13T00:00:00", "HORA_HECHO": "21:30", "ESTRATO": 4 }, "geometry": { "type": "Point", "coordinates": [ -76.539024, 3.431122 ] } },
{ "type": "Feature", "properties": { "DELITO": "HURTO", "TIPO_HURTO": "HURTO A PERSONAS", "MODALIDAD": "COSQUILLEO", "COMUNA": 19, "NOM_COMUNA": "COMUNA 19", "BARRIO": 1906, "NOM_BARRIO": "San Fernando Nuevo", "DIRECCION": "76001 Coliseo Evangelista Mora, Calle 5B3, San Fernando Nuevo, Cali, Valle del Cauca, COL,SAN FERNANDO NUEVO", "SITIO": "SIN INFORMACION", "X": -76.5402, "Y": 3.42831, "FECHA_HECH": "2024-08-18T00:00:00", "HORA_HECHO": "02:00", "ESTRATO": 4 }, "geometry": { "type": "Point", "coordinates": [ -76.5402, 3.42831 ] } },
{ "type": "Feature", "properties": { "DELITO": "HURTO", "TIPO_HURTO": "HURTO A PERSONAS", "MODALIDAD": "VIOLACION DE CERRADURA", "COMUNA": 19, "NOM_COMUNA": "COMUNA 19", "BARRIO": 1913, "NOM_BARRIO": "El Cedro", "DIRECCION": "76001 CARRERA 26 6A 2", "SITIO": "VIA PUBLICA", "X": -76.538109, "Y": 3.434342, "FECHA_HECH": "2024-08-23T00:00:00", "HORA_HECHO": "00:30", "ESTRATO": 4 }, "geometry": { "type": "Point", "coordinates": [ -76.538109, 3.434342 ] } },
{ "type": "Feature", "properties": { "DELITO": "HURTO", "TIPO_HURTO": "HURTO A PERSONAS", "MODALIDAD": "ENGAÑO", "COMUNA": 19, "NOM_COMUNA": "COMUNA 19", "BARRIO": 1913, "NOM_BARRIO": "El Cedro", "DIRECCION": "76001 Carrera 28 6 15, Santiago De Cali, Cali, Valle Del Cauca, COL,EL CEDRO", "SITIO": "SIN INFORMACION", "X": -76.53865, "Y": 3.432669, "FECHA_HECH": "2024-09-02T00:00:00", "HORA_HECHO": "00:00", "ESTRATO": 4 }, "geometry": { "type": "Point", "coordinates": [ -76.53865, 3.432669 ] } },
{ "type": "Feature", "properties": { "DELITO": "HURTO", "TIPO_HURTO": "HURTO A PERSONAS", "MODALIDAD": "FACTOR DE OPORTUNIDAD", "COMUNA": 19, "NOM_COMUNA": "COMUNA 19", "BARRIO": 1912, "NOM_BARRIO": "3 de Julio", "DIRECCION": "76001 Calle 5b 25 109, Santiago De Cali, Cali, Valle Del Cauca, COL,3 DE JULIO", "SITIO": "SIN INFORMACION", "X": -76.540237, "Y": 3.43468, "FECHA_HECH": "2024-09-02T00:00:00", "HORA_HECHO": "03:38", "ESTRATO": 4 }, "geometry": { "type": "Point", "coordinates": [ -76.540237, 3.43468 ] } },
{ "type": "Feature", "properties": { "DELITO": "HURTO", "TIPO_HURTO": "HURTO A PERSONAS", "MODALIDAD": "COSQUILLEO", "COMUNA": 19, "NOM_COMUNA": "COMUNA 19", "BARRIO": 1913, "NOM_BARRIO": "El Cedro", "DIRECCION": "76001 Carrera 26 6A-99-6A-1, El Cedro, Cali, Valle del Cauca, COL,EL CEDRO", "SITIO": "SIN INFORMACION", "X": -76.537673, "Y": 3.434307, "FECHA_HECH": "2024-09-11T00:00:00", "HORA_HECHO": "08:46", "ESTRATO": 4 }, "geometry": { "type": "Point", "coordinates": [ -76.537673, 3.434307 ] } },
{ "type": "Feature", "properties": { "DELITO": "HURTO", "TIPO_HURTO": "HURTO A PERSONAS", "MODALIDAD": "ATRACO", "COMUNA": 19, "NOM_COMUNA": "COMUNA 19", "BARRIO": 1905, "NOM_BARRIO": "Eucaristico", "DIRECCION": "76001 CARRERA 37 8-56, BARRIO EUCARISTICO, CALI, VALLE DEL CAUCA", "SITIO": "ESTABLECIMIENTO DE COMERCIO", "X": -76.540772, "Y": 3.425239, "FECHA_HECH": "2024-10-08T00:00:00", "HORA_HECHO": "13:10", "ESTRATO": 4 }, "geometry": { "type": "Point", "coordinates": [ -76.540772, 3.425239 ] } },
{ "type": "Feature", "properties": { "DELITO": "HURTO", "TIPO_HURTO": "HURTO DE BICICLETAS", "MODALIDAD": "HALADO", "COMUNA": 19, "NOM_COMUNA": "COMUNA 19", "BARRIO": 1913, "NOM_BARRIO": "El Cedro", "DIRECCION": "76001 Centro Comercial Centrosur Plaza, Carrera 34, El Cedro, Cali, Valle del Cauca, COL,EL CEDRO", "SITIO": "SIN INFORMACION", "X": -76.537714, "Y": 3.427012, "FECHA_HECH": "2024-10-08T00:00:00", "HORA_HECHO": "15:00", "ESTRATO": 4 }, "geometry": { "type": "Point", "coordinates": [ -76.537714, 3.427012 ] } },
{ "type": "Feature", "properties": { "DELITO": "HURTO", "TIPO_HURTO": "HURTO A ESTABLECIMIENTOS", "MODALIDAD": "FACTOR DE OPORTUNIDAD", "COMUNA": 19, "NOM_COMUNA": "COMUNA 19", "BARRIO": 1912, "NOM_BARRIO": "3 de Julio", "DIRECCION": "76001 CALLE 5 38, SAN FERNANDO VIEJO, CALI, VALLE DEL CAUCA", "SITIO": "ESTABLECIMIENTO DE COMERCIO", "X": -76.540297, "Y": 3.435522, "FECHA_HECH": "2024-10-24T00:00:00", "HORA_HECHO": "11:20", "ESTRATO": 4 }, "geometry": { "type": "Point", "coordinates": [ -76.540297, 3.435522 ] } },
{ "type": "Feature", "properties": { "DELITO": "HURTO", "TIPO_HURTO": "HURTO A PERSONAS", "MODALIDAD": "FLETEO", "COMUNA": 19, "NOM_COMUNA": "COMUNA 19", "BARRIO": 1913, "NOM_BARRIO": "El Cedro", "DIRECCION": "76001 CALLE 6 CON CARRERA 34, 3 DE JULIO, CALI, VALLE DEL CAUCA", "SITIO": "VEHICULO TAXI", "X": -76.53904, "Y": 3.428329, "FECHA_HECH": "2024-10-21T00:00:00", "HORA_HECHO": "05:58", "ESTRATO": 4 }, "geometry": { "type": "Point", "coordinates": [ -76.53904, 3.428329 ] } },
{ "type": "Feature", "properties": { "DELITO": "HURTO", "TIPO_HURTO": "HURTO A ESTABLECIMIENTOS", "MODALIDAD": "ENGAÑO", "COMUNA": 19, "NOM_COMUNA": "COMUNA 19", "BARRIO": 1912, "NOM_BARRIO": "3 de Julio", "DIRECCION": "76001 CARRERA 26 8-20, 3 DE JULIO, CALI, VALLE DEL CAUCA, COL,3 DE JULIO", "SITIO": "VIA PUBLICA", "X": -76.538872, "Y": 3.434422, "FECHA_HECH": "2024-10-30T00:00:00", "HORA_HECHO": "17:44", "ESTRATO": 4 }, "geometry": { "type": "Point", "coordinates": [ -76.538872, 3.434422 ] } },
{ "type": "Feature", "properties": { "DELITO": "HURTO", "TIPO_HURTO": "HURTO A PERSONAS", "MODALIDAD": "COSQUILLEO", "COMUNA": 19, "NOM_COMUNA": "COMUNA 19", "BARRIO": 1913, "NOM_BARRIO": "El Cedro", "DIRECCION": "76001 Calle 9 32a 16, Santiago De Cali, Cali, Valle Del Cauca, COL,EL CEDRO", "SITIO": "SIN INFORMACION", "X": -76.537596, "Y": 3.426981, "FECHA_HECH": "2024-11-02T00:00:00", "HORA_HECHO": "15:01", "ESTRATO": 4 }, "geometry": { "type": "Point", "coordinates": [ -76.537596, 3.426981 ] } },
{ "type": "Feature", "properties": { "DELITO": "HURTO", "TIPO_HURTO": "HURTO DE MOTOCICLETAS", "MODALIDAD": "HALADO", "COMUNA": 19, "NOM_COMUNA": "COMUNA 19", "BARRIO": 1913, "NOM_BARRIO": "El Cedro", "DIRECCION": "76001 CALLE 7 24A 70, SANTIAGO DE CALI, CALI, VALLE DEL CAUCA", "SITIO": "VIA PUBLICA", "X": -76.537585, "Y": 3.435379, "FECHA_HECH": "2024-11-07T00:00:00", "HORA_HECHO": "13:22", "ESTRATO": 4 }, "geometry": { "type": "Point", "coordinates": [ -76.537585, 3.435379 ] } },
{ "type": "Feature", "properties": { "DELITO": "HURTO", "TIPO_HURTO": "HURTO A PERSONAS", "MODALIDAD": "ATRACO", "COMUNA": 19, "NOM_COMUNA": "COMUNA 19", "BARRIO": 1912, "NOM_BARRIO": "3 de Julio", "DIRECCION": "76001 CARRERA 30 5C 20, SANTIAGO DE CALI, CALI, VALLE DEL CAUCA", "SITIO": "VIA PUBLICA", "X": -76.539416, "Y": 3.430211, "FECHA_HECH": "2024-11-06T00:00:00", "HORA_HECHO": "21:10", "ESTRATO": 4 }, "geometry": { "type": "Point", "coordinates": [ -76.539416, 3.430211 ] } },
{ "type": "Feature", "properties": { "DELITO": "HURTO", "TIPO_HURTO": "HURTO DE VEHICULOS", "MODALIDAD": "HALADO", "COMUNA": 19, "NOM_COMUNA": "COMUNA 19", "BARRIO": 1905, "NOM_BARRIO": "Eucaristico", "DIRECCION": "76001 DROGUERÍA EL TEMPLETE", "SITIO": "VIA PUBLICA", "X": -76.538327, "Y": 3.42651, "FECHA_HECH": "2024-11-17T00:00:00", "HORA_HECHO": "16:40", "ESTRATO": 4 }, "geometry": { "type": "Point", "coordinates": [ -76.538327, 3.42651 ] } },
{ "type": "Feature", "properties": { "DELITO": "HURTO", "TIPO_HURTO": "HURTO A PERSONAS", "MODALIDAD": "FACTOR DE OPORTUNIDAD", "COMUNA": 19, "NOM_COMUNA": "COMUNA 19", "BARRIO": 1905, "NOM_BARRIO": "Eucaristico", "DIRECCION": "76001 Calle 8 34 29, Santiago De Cali, Cali, Valle Del Cauca, COL,BARRIO EUCARÍSTICO", "SITIO": "SIN INFORMACION", "X": -76.538093, "Y": 3.426426, "FECHA_HECH": "2024-11-19T00:00:00", "HORA_HECHO": "18:30", "ESTRATO": 4 }, "geometry": { "type": "Point", "coordinates": [ -76.538093, 3.426426 ] } },
{ "type": "Feature", "properties": { "DELITO": "HURTO", "TIPO_HURTO": "HURTO A PERSONAS", "MODALIDAD": "ATRACO", "COMUNA": 19, "NOM_COMUNA": "COMUNA 19", "BARRIO": 1906, "NOM_BARRIO": "San Fernando Nuevo", "DIRECCION": "76001 CARRERA 37 CON CALLE 5B5, SAN FERNANDO NUEVO, CALI, VALLE DEL CAUCA", "SITIO": "VIA PUBLICA", "X": -76.541308, "Y": 3.425901, "FECHA_HECH": "2024-11-23T00:00:00", "HORA_HECHO": "09:00", "ESTRATO": 4 }, "geometry": { "type": "Point", "coordinates": [ -76.541308, 3.425901 ] } },
{ "type": "Feature", "properties": { "DELITO": "HURTO", "TIPO_HURTO": "HURTO A PERSONAS", "MODALIDAD": "ATRACO", "COMUNA": 19, "NOM_COMUNA": "COMUNA 19", "BARRIO": 1912, "NOM_BARRIO": "3 de Julio", "DIRECCION": "76001 CALLE 5 24A 91, SANTIAGO DE CALI, CALI, VALLE DEL CAUCA, COL,3 DE JULIO", "SITIO": "ESTABLECIMIENTO DE COMERCIO", "X": -76.539936, "Y": 3.435552, "FECHA_HECH": "2024-12-06T00:00:00", "HORA_HECHO": "08:00", "ESTRATO": 4 }, "geometry": { "type": "Point", "coordinates": [ -76.539936, 3.435552 ] } },
{ "type": "Feature", "properties": { "DELITO": "HURTO", "TIPO_HURTO": "HURTO A PERSONAS", "MODALIDAD": "FLETEO", "COMUNA": 19, "NOM_COMUNA": "COMUNA 19", "BARRIO": 1913, "NOM_BARRIO": "El Cedro", "DIRECCION": "76001 BANCOLOMBIA AVENIDA ROOSEVELT", "SITIO": "VIA PUBLICA", "X": -76.538707, "Y": 3.434632, "FECHA_HECH": "2024-12-30T00:00:00", "HORA_HECHO": "13:55", "ESTRATO": 4 }, "geometry": { "type": "Point", "coordinates": [ -76.538707, 3.434632 ] } },
{ "type": "Feature", "properties": { "DELITO": "HURTO", "TIPO_HURTO": "HURTO A PERSONAS", "MODALIDAD": "ATRACO", "COMUNA": 19, "NOM_COMUNA": "COMUNA 19", "BARRIO": 1913, "NOM_BARRIO": "El Cedro", "DIRECCION": "76001 Carrera 26, El Cedro, Comuna 19, Cali, Valle del Cauca, COL,EL CEDRO", "SITIO": "SIN INFORMACION", "X": -76.537785, "Y": 3.43433, "FECHA_HECH": "2024-01-06T00:00:00", "HORA_HECHO": "01:10", "ESTRATO": 4 }, "geometry": { "type": "Point", "coordinates": [ -76.537785, 3.43433 ] } },
{ "type": "Feature", "properties": { "DELITO": "HURTO", "TIPO_HURTO": "HURTO A PERSONAS", "MODALIDAD": "ENGAÑO", "COMUNA": 19, "NOM_COMUNA": "COMUNA 19", "BARRIO": 1905, "NOM_BARRIO": "Eucaristico", "DIRECCION": "76001 Avenida Roosevelt 36C 8, Barrio Eucarístico, Comuna 19, Cali, Valle del Cauca, COL,BARRIO EUCARÍSTICO", "SITIO": "SIN INFORMACION", "X": -76.540531, "Y": 3.425277, "FECHA_HECH": "2024-02-11T00:00:00", "HORA_HECHO": "12:44", "ESTRATO": 4 }, "geometry": { "type": "Point", "coordinates": [ -76.540531, 3.425277 ] } },
{ "type": "Feature", "properties": { "DELITO": "HURTO", "TIPO_HURTO": "HURTO A PERSONAS", "MODALIDAD": "ATRACO", "COMUNA": 19, "NOM_COMUNA": "COMUNA 19", "BARRIO": 1906, "NOM_BARRIO": "San Fernando Nuevo", "DIRECCION": "76001 CALLE 5B4 34 98", "SITIO": "LUGAR DE EVENTOS", "X": -76.539934, "Y": 3.42836, "FECHA_HECH": "2024-01-16T00:00:00", "HORA_HECHO": "22:30", "ESTRATO": 4 }, "geometry": { "type": "Point", "coordinates": [ -76.539934, 3.42836 ] } },
{ "type": "Feature", "properties": { "DELITO": "HURTO", "TIPO_HURTO": "HURTO A PERSONAS", "MODALIDAD": "RAPONAZO", "COMUNA": 19, "NOM_COMUNA": "COMUNA 19", "BARRIO": 1913, "NOM_BARRIO": "El Cedro", "DIRECCION": "76001 AVENIDA ROOSEVELT 25 71", "SITIO": "VIA PUBLICA", "X": -76.538715, "Y": 3.434658, "FECHA_HECH": "2024-02-24T00:00:00", "HORA_HECHO": "12:30", "ESTRATO": 4 }, "geometry": { "type": "Point", "coordinates": [ -76.538715, 3.434658 ] } },
{ "type": "Feature", "properties": { "DELITO": "HURTO", "TIPO_HURTO": "HURTO DE MOTOCICLETAS", "MODALIDAD": "HALADO", "COMUNA": 19, "NOM_COMUNA": "COMUNA 19", "BARRIO": 1905, "NOM_BARRIO": "Eucaristico", "DIRECCION": "76001 Calle 9 34 1, Barrio Eucarístico, Comuna 19, Cali, Valle del Cauca, COL,BARRIO EUCARÍSTICO", "SITIO": "SIN INFORMACION", "X": -76.537706, "Y": 3.425807, "FECHA_HECH": "2024-02-13T00:00:00", "HORA_HECHO": "20:00", "ESTRATO": 4 }, "geometry": { "type": "Point", "coordinates": [ -76.537706, 3.425807 ] } },
{ "type": "Feature", "properties": { "DELITO": "HURTO", "TIPO_HURTO": "HURTO A PERSONAS", "MODALIDAD": "RAPONAZO", "COMUNA": 19, "NOM_COMUNA": "COMUNA 19", "BARRIO": 1912, "NOM_BARRIO": "3 de Julio", "DIRECCION": "76001 CL 6 SUR CON KR 26-80 CALLE  6 CARRERA  26 80", "SITIO": "SIN INFORMACION", "X": -76.538864, "Y": 3.43382, "FECHA_HECH": "2024-02-22T00:00:00", "HORA_HECHO": "15:00", "ESTRATO": 4 }, "geometry": { "type": "Point", "coordinates": [ -76.538864, 3.43382 ] } },
{ "type": "Feature", "properties": { "DELITO": "HURTO", "TIPO_HURTO": "HURTO DE AUTOPARTES", "MODALIDAD": "FACTOR DE OPORTUNIDAD", "COMUNA": 19, "NOM_COMUNA": "COMUNA 19", "BARRIO": 1906, "NOM_BARRIO": "San Fernando Nuevo", "DIRECCION": "76001 CARRERA 36 5B3 45", "SITIO": "VIA PUBLICA", "X": -76.540592, "Y": 3.428003, "FECHA_HECH": "2024-03-18T00:00:00", "HORA_HECHO": "05:00", "ESTRATO": 4 }, "geometry": { "type": "Point", "coordinates": [ -76.540592, 3.428003 ] } },
{ "type": "Feature", "properties": { "DELITO": "HURTO", "TIPO_HURTO": "HURTO A PERSONAS", "MODALIDAD": "ENGAÑO", "COMUNA": 19, "NOM_COMUNA": "COMUNA 19", "BARRIO": 1905, "NOM_BARRIO": "Eucaristico", "DIRECCION": "76001 CARRERA 34 7 78", "SITIO": "VIA PUBLICA", "X": -76.538267, "Y": 3.426967, "FECHA_HECH": "2024-04-03T00:00:00", "HORA_HECHO": "05:05", "ESTRATO": 4 }, "geometry": { "type": "Point", "coordinates": [ -76.538267, 3.426967 ] } },
{ "type": "Feature", "properties": { "DELITO": "HURTO", "TIPO_HURTO": "HURTO A ESTABLECIMIENTOS", "MODALIDAD": "ENGAÑO", "COMUNA": 19, "NOM_COMUNA": "COMUNA 19", "BARRIO": 1912, "NOM_BARRIO": "3 de Julio", "DIRECCION": "76001 CALLE 5 38D, SAN FERNANDO VIEJO, CALI, VALLE DEL CAUCA", "SITIO": "ESTABLECIMIENTO DE COMERCIO", "X": -76.540297, "Y": 3.435522, "FECHA_HECH": "2024-04-05T00:00:00", "HORA_HECHO": "16:00", "ESTRATO": 4 }, "geometry": { "type": "Point", "coordinates": [ -76.540297, 3.435522 ] } },
{ "type": "Feature", "properties": { "DELITO": "HURTO", "TIPO_HURTO": "HURTO A PERSONAS", "MODALIDAD": "RAPONAZO", "COMUNA": 19, "NOM_COMUNA": "COMUNA 19", "BARRIO": 1906, "NOM_BARRIO": "San Fernando Nuevo", "DIRECCION": "76001 CALLE 5B4 CON CARRERA 36B, SAN FERNANDO NUEVO, CALI, VALLE DEL CAUCA", "SITIO": "VIA PUBLICA", "X": -76.541055, "Y": 3.427056, "FECHA_HECH": "2024-04-04T00:00:00", "HORA_HECHO": "23:00", "ESTRATO": 4 }, "geometry": { "type": "Point", "coordinates": [ -76.541055, 3.427056 ] } },
{ "type": "Feature", "properties": { "DELITO": "HURTO", "TIPO_HURTO": "HURTO DE VEHICULOS", "MODALIDAD": "HALADO", "COMUNA": 19, "NOM_COMUNA": "COMUNA 19", "BARRIO": 1906, "NOM_BARRIO": "San Fernando Nuevo", "DIRECCION": "76001 CARRERA 37 5B3-85, SAN FERNANDO NUEVO, CALI, VALLE DEL CAUCA", "SITIO": "DOMICILIO", "X": -76.541748, "Y": 3.426704, "FECHA_HECH": "2024-04-18T00:00:00", "HORA_HECHO": "19:40", "ESTRATO": 4 }, "geometry": { "type": "Point", "coordinates": [ -76.541748, 3.426704 ] } },
{ "type": "Feature", "properties": { "DELITO": "HURTO", "TIPO_HURTO": "HURTO DE MOTOCICLETAS", "MODALIDAD": "ENGAÑO", "COMUNA": 19, "NOM_COMUNA": "COMUNA 19", "BARRIO": 1905, "NOM_BARRIO": "Eucaristico", "DIRECCION": "76001 CALLE 6 CON CARRERA 36, SAN FERNANDO NUEVO, CALI, VALLE DEL CAUCA", "SITIO": "VIA PUBLICA", "X": -76.539766, "Y": 3.426855, "FECHA_HECH": "2024-04-02T00:00:00", "HORA_HECHO": "00:00", "ESTRATO": 4 }, "geometry": { "type": "Point", "coordinates": [ -76.539766, 3.426855 ] } },
{ "type": "Feature", "properties": { "DELITO": "HURTO", "TIPO_HURTO": "HURTO A PERSONAS", "MODALIDAD": "COSQUILLEO", "COMUNA": 19, "NOM_COMUNA": "COMUNA 19", "BARRIO": 1912, "NOM_BARRIO": "3 de Julio", "DIRECCION": "76001 Biblioteca Departamental Jorge Garces Borrero, Calle 5, 3 de Julio, Cali, Valle del Cauca, COL,3 DE JULIO", "SITIO": "SIN INFORMACION", "X": -76.539452, "Y": 3.436322, "FECHA_HECH": "2024-04-18T00:00:00", "HORA_HECHO": "14:10", "ESTRATO": 4 }, "geometry": { "type": "Point", "coordinates": [ -76.539452, 3.436322 ] } },
{ "type": "Feature", "properties": { "DELITO": "HURTO", "TIPO_HURTO": "HURTO A PERSONAS", "MODALIDAD": "ATRACO", "COMUNA": 19, "NOM_COMUNA": "COMUNA 19", "BARRIO": 1905, "NOM_BARRIO": "Eucaristico", "DIRECCION": "76001 Calle 6 con Carrera 37, Barrio Eucaristico, Cali, Valle del Cauca, COL,BARRIO EUCARÍSTICO", "SITIO": "SIN INFORMACION", "X": -76.540334, "Y": 3.425206, "FECHA_HECH": "2024-05-10T00:00:00", "HORA_HECHO": "06:50", "ESTRATO": 4 }, "geometry": { "type": "Point", "coordinates": [ -76.540334, 3.425206 ] } },
{ "type": "Feature", "properties": { "DELITO": "HURTO", "TIPO_HURTO": "HURTO A PERSONAS", "MODALIDAD": "ATRACO", "COMUNA": 19, "NOM_COMUNA": "COMUNA 19", "BARRIO": 1905, "NOM_BARRIO": "Eucaristico", "DIRECCION": "76001 AVENIDA ROOSEVELT 35 2", "SITIO": "VIA PUBLICA", "X": -76.539673, "Y": 3.426809, "FECHA_HECH": "2024-06-05T00:00:00", "HORA_HECHO": "15:30", "ESTRATO": 4 }, "geometry": { "type": "Point", "coordinates": [ -76.539673, 3.426809 ] } },
{ "type": "Feature", "properties": { "DELITO": "HURTO", "TIPO_HURTO": "HURTO A PERSONAS", "MODALIDAD": "ATRACO", "COMUNA": 19, "NOM_COMUNA": "COMUNA 19", "BARRIO": 1913, "NOM_BARRIO": "El Cedro", "DIRECCION": "76001 CALLE 6 CON CARRERA 28, 3 DE JULIO, CALI, VALLE DEL CAUCA", "SITIO": "VIA PUBLICA", "X": -76.538864, "Y": 3.432529, "FECHA_HECH": "2024-06-06T00:00:00", "HORA_HECHO": "21:30", "ESTRATO": 4 }, "geometry": { "type": "Point", "coordinates": [ -76.538864, 3.432529 ] } },
{ "type": "Feature", "properties": { "DELITO": "HURTO", "TIPO_HURTO": "HURTO A PERSONAS", "MODALIDAD": "ATRACO", "COMUNA": 19, "NOM_COMUNA": "COMUNA 19", "BARRIO": 1913, "NOM_BARRIO": "El Cedro", "DIRECCION": "76001 CARRERA 24 5 146", "SITIO": "VIA PUBLICA", "X": -76.537798, "Y": 3.436996, "FECHA_HECH": "2024-06-09T00:00:00", "HORA_HECHO": "03:00", "ESTRATO": 4 }, "geometry": { "type": "Point", "coordinates": [ -76.537798, 3.436996 ] } },
{ "type": "Feature", "properties": { "DELITO": "HURTO", "TIPO_HURTO": "HURTO A PERSONAS", "MODALIDAD": "ATRACO", "COMUNA": 19, "NOM_COMUNA": "COMUNA 19", "BARRIO": 1913, "NOM_BARRIO": "El Cedro", "DIRECCION": "76001 Carrera 34 23ª, Barrio Eucaristico, Cali, Valle del Cauca, COL,BARRIO EUCARÍSTICO", "SITIO": "SIN INFORMACION", "X": -76.538297, "Y": 3.42725, "FECHA_HECH": "2024-07-02T00:00:00", "HORA_HECHO": "03:37", "ESTRATO": 4 }, "geometry": { "type": "Point", "coordinates": [ -76.538297, 3.42725 ] } },
{ "type": "Feature", "properties": { "DELITO": "HURTO", "TIPO_HURTO": "HURTO DE VEHICULOS", "MODALIDAD": "HALADO", "COMUNA": 19, "NOM_COMUNA": "COMUNA 19", "BARRIO": 1912, "NOM_BARRIO": "3 de Julio", "DIRECCION": "76001 CARRERA 26 5C 06, SANTIAGO DE CALI, CALI, VALLE DEL CAUCA", "SITIO": "DOMICILIO", "X": -76.539354, "Y": 3.434317, "FECHA_HECH": "2024-06-26T00:00:00", "HORA_HECHO": "18:00", "ESTRATO": 4 }, "geometry": { "type": "Point", "coordinates": [ -76.539354, 3.434317 ] } },
{ "type": "Feature", "properties": { "DELITO": "HURTO", "TIPO_HURTO": "HURTO A CELULARES", "MODALIDAD": "COSQUILLEO", "COMUNA": 19, "NOM_COMUNA": "COMUNA 19", "BARRIO": 1912, "NOM_BARRIO": "3 de Julio", "DIRECCION": "76001 CALLE 5B 27 29", "SITIO": "TRANSPORTE MASIVO", "X": -76.540289, "Y": 3.433092, "FECHA_HECH": "2024-07-23T00:00:00", "HORA_HECHO": "04:15", "ESTRATO": 4 }, "geometry": { "type": "Point", "coordinates": [ -76.540289, 3.433092 ] } },
{ "type": "Feature", "properties": { "DELITO": "HURTO", "TIPO_HURTO": "HURTO A PERSONAS", "MODALIDAD": "VIOLACION DE CERRADURA", "COMUNA": 19, "NOM_COMUNA": "COMUNA 19", "BARRIO": 1913, "NOM_BARRIO": "El Cedro", "DIRECCION": "76001 CALLE 6 DIAGONAL 31 67", "SITIO": "VIA PUBLICA", "X": -76.539035, "Y": 3.428657, "FECHA_HECH": "2024-07-22T00:00:00", "HORA_HECHO": "08:00", "ESTRATO": 4 }, "geometry": { "type": "Point", "coordinates": [ -76.539035, 3.428657 ] } },
{ "type": "Feature", "properties": { "DELITO": "HURTO", "TIPO_HURTO": "HURTO DE AUTOPARTES", "MODALIDAD": "FACTOR DE OPORTUNIDAD", "COMUNA": 19, "NOM_COMUNA": "COMUNA 19", "BARRIO": 1913, "NOM_BARRIO": "El Cedro", "DIRECCION": "76001 Calle 8 32 12, Santiago De Cali, Cali, Valle Del Cauca, COL,EL CEDRO", "SITIO": "SIN INFORMACION", "X": -76.538324, "Y": 3.427931, "FECHA_HECH": "2024-08-21T00:00:00", "HORA_HECHO": "07:00", "ESTRATO": 4 }, "geometry": { "type": "Point", "coordinates": [ -76.538324, 3.427931 ] } },
{ "type": "Feature", "properties": { "DELITO": "HURTO", "TIPO_HURTO": "HURTO DE VEHICULOS", "MODALIDAD": "HALADO", "COMUNA": 19, "NOM_COMUNA": "COMUNA 19", "BARRIO": 1913, "NOM_BARRIO": "El Cedro", "DIRECCION": "76001 CALLE 7 30A 99", "SITIO": "VIA PUBLICA", "X": -76.538264, "Y": 3.429086, "FECHA_HECH": "2024-09-17T00:00:00", "HORA_HECHO": "10:00", "ESTRATO": 4 }, "geometry": { "type": "Point", "coordinates": [ -76.538264, 3.429086 ] } },
{ "type": "Feature", "properties": { "DELITO": "HURTO", "TIPO_HURTO": "HURTO DE AUTOPARTES", "MODALIDAD": "VIOLACION DE CERRADURA", "COMUNA": 19, "NOM_COMUNA": "COMUNA 19", "BARRIO": 1905, "NOM_BARRIO": "Eucaristico", "DIRECCION": "76001 CARRERA 36ABIS, BARRIO EUCARISTICO, CALI, VALLE DEL CAUCA", "SITIO": "PARQUEADERO", "X": -76.540169, "Y": 3.425217, "FECHA_HECH": "2024-09-22T00:00:00", "HORA_HECHO": "03:24", "ESTRATO": 4 }, "geometry": { "type": "Point", "coordinates": [ -76.540169, 3.425217 ] } },
{ "type": "Feature", "properties": { "DELITO": "HURTO", "TIPO_HURTO": "HURTO A PERSONAS", "MODALIDAD": "ATRACO", "COMUNA": 19, "NOM_COMUNA": "COMUNA 19", "BARRIO": 1913, "NOM_BARRIO": "El Cedro", "DIRECCION": "76001 CALLE 9 CON CARRERA 32, EL CEDRO, CALI, VALLE DEL CAUCA", "SITIO": "VIA PUBLICA", "X": -76.536916, "Y": 3.427873, "FECHA_HECH": "2024-09-17T00:00:00", "HORA_HECHO": "00:30", "ESTRATO": 4 }, "geometry": { "type": "Point", "coordinates": [ -76.536916, 3.427873 ] } },
{ "type": "Feature", "properties": { "DELITO": "HURTO", "TIPO_HURTO": "HURTO A RESIDENCIA", "MODALIDAD": "VIOLACION DE CERRADURA", "COMUNA": 19, "NOM_COMUNA": "COMUNA 19", "BARRIO": 1905, "NOM_BARRIO": "Eucaristico", "DIRECCION": "76001 CALLE 8 50D, BARRIO EUCARISTICO, CALI, VALLE DEL CAUCA", "SITIO": "DOMICILIO", "X": -76.538124, "Y": 3.426999, "FECHA_HECH": "2024-10-17T00:00:00", "HORA_HECHO": "16:00", "ESTRATO": 4 }, "geometry": { "type": "Point", "coordinates": [ -76.538124, 3.426999 ] } },
{ "type": "Feature", "properties": { "DELITO": "HURTO", "TIPO_HURTO": "HURTO A ESTABLECIMIENTOS", "MODALIDAD": "FACTOR DE OPORTUNIDAD", "COMUNA": 19, "NOM_COMUNA": "COMUNA 19", "BARRIO": 1905, "NOM_BARRIO": "Eucaristico", "DIRECCION": "76001 CALLE 8 34 27", "SITIO": "ESTABLECIMIENTO PUBLICO", "X": -76.538185, "Y": 3.426563, "FECHA_HECH": "2024-11-19T00:00:00", "HORA_HECHO": "13:30", "ESTRATO": 4 }, "geometry": { "type": "Point", "coordinates": [ -76.538185, 3.426563 ] } },
{ "type": "Feature", "properties": { "DELITO": "HURTO", "TIPO_HURTO": "HURTO A PERSONAS", "MODALIDAD": "VIOLACION DE CERRADURA", "COMUNA": 19, "NOM_COMUNA": "COMUNA 19", "BARRIO": 1912, "NOM_BARRIO": "3 de Julio", "DIRECCION": "76001 CARRERA 27 5D-1, 3 DE JULIO, CALI, VALLE DEL CAUCA", "SITIO": "VIA PUBLICA", "X": -76.539639, "Y": 3.433365, "FECHA_HECH": "2024-11-20T00:00:00", "HORA_HECHO": "00:05", "ESTRATO": 4 }, "geometry": { "type": "Point", "coordinates": [ -76.539639, 3.433365 ] } },
{ "type": "Feature", "properties": { "DELITO": "HURTO", "TIPO_HURTO": "HURTO A PERSONAS", "MODALIDAD": "COSQUILLEO", "COMUNA": 19, "NOM_COMUNA": "COMUNA 19", "BARRIO": 1905, "NOM_BARRIO": "Eucaristico", "DIRECCION": "76001 CALLE 8 34 86, BARRIO EUCARISTICO, CALI, VALLE DEL CAUCA", "SITIO": "VIA PUBLICA", "X": -76.538107, "Y": 3.426545, "FECHA_HECH": "2024-11-28T00:00:00", "HORA_HECHO": "21:00", "ESTRATO": 4 }, "geometry": { "type": "Point", "coordinates": [ -76.538107, 3.426545 ] } },
{ "type": "Feature", "properties": { "DELITO": "HURTO", "TIPO_HURTO": "HURTO A PERSONAS", "MODALIDAD": "ATRACO", "COMUNA": 19, "NOM_COMUNA": "COMUNA 19", "BARRIO": 1905, "NOM_BARRIO": "Eucaristico", "DIRECCION": "76001 CALLE 6 34, BARRIO EUCARISTICO, CALI, VALLE DEL CAUCA", "SITIO": "VIA PUBLICA", "X": -76.539119, "Y": 3.427996, "FECHA_HECH": "2024-12-15T00:00:00", "HORA_HECHO": "04:28", "ESTRATO": 4 }, "geometry": { "type": "Point", "coordinates": [ -76.539119, 3.427996 ] } },
{ "type": "Feature", "properties": { "DELITO": "HURTO", "TIPO_HURTO": "HURTO A RESIDENCIA", "MODALIDAD": "FACTOR DE OPORTUNIDAD", "COMUNA": 19, "NOM_COMUNA": "COMUNA 19", "BARRIO": 1912, "NOM_BARRIO": "3 de Julio", "DIRECCION": "76001 CARRERA 28 5B 103", "SITIO": "DOMICILIO", "X": -76.5397, "Y": 3.432574, "FECHA_HECH": "2024-11-16T00:00:00", "HORA_HECHO": "01:47", "ESTRATO": 4 }, "geometry": { "type": "Point", "coordinates": [ -76.5397, 3.432574 ] } },
{ "type": "Feature", "properties": { "DELITO": "HURTO", "TIPO_HURTO": "HURTO DE MOTOCICLETAS", "MODALIDAD": "HALADO", "COMUNA": 19, "NOM_COMUNA": "COMUNA 19", "BARRIO": 1913, "NOM_BARRIO": "El Cedro", "DIRECCION": "76001 Carrera 28 6 37, Santiago De Cali, Cali, Valle Del Cauca, COL,EL CEDRO", "SITIO": "SIN INFORMACION", "X": -76.538473, "Y": 3.432659, "FECHA_HECH": "2024-12-20T00:00:00", "HORA_HECHO": "16:30", "ESTRATO": 4 }, "geometry": { "type": "Point", "coordinates": [ -76.538473, 3.432659 ] } },
{ "type": "Feature", "properties": { "DELITO": "HURTO", "TIPO_HURTO": "HURTO DE MOTOCICLETAS", "MODALIDAD": "HALADO", "COMUNA": 19, "NOM_COMUNA": "COMUNA 19", "BARRIO": 1905, "NOM_BARRIO": "Eucaristico", "DIRECCION": "76001 CL 9 CON KR 34 A-1", "SITIO": "SIN INFORMACION", "X": -76.53792, "Y": 3.425911, "FECHA_HECH": "2024-12-28T00:00:00", "HORA_HECHO": "05:30", "ESTRATO": 4 }, "geometry": { "type": "Point", "coordinates": [ -76.53792, 3.425911 ] } },
{ "type": "Feature", "properties": { "DELITO": "HURTO", "TIPO_HURTO": "HURTO A RESIDENCIA", "MODALIDAD": "VIOLACION DE CERRADURA", "COMUNA": 19, "NOM_COMUNA": "COMUNA 19", "BARRIO": 1905, "NOM_BARRIO": "Eucaristico", "DIRECCION": "76001 CALLE 6 CON CARRERA 35, SAN FERNANDO NUEVO, CALI, VALLE DEL CAUCA", "SITIO": "DOMICILIO", "X": -76.539443, "Y": 3.427247, "FECHA_HECH": "2024-12-30T00:00:00", "HORA_HECHO": "21:30", "ESTRATO": 4 }, "geometry": { "type": "Point", "coordinates": [ -76.539443, 3.427247 ] } },
{ "type": "Feature", "properties": { "DELITO": "HURTO", "TIPO_HURTO": "HURTO A PERSONAS", "MODALIDAD": "ATRACO", "COMUNA": 19, "NOM_COMUNA": "COMUNA 19", "BARRIO": 1912, "NOM_BARRIO": "3 de Julio", "DIRECCION": "76001 CALLE 5B 26 133", "SITIO": "VIA PUBLICA", "X": -76.540456, "Y": 3.433531, "FECHA_HECH": "2024-01-18T00:00:00", "HORA_HECHO": "19:00", "ESTRATO": 4 }, "geometry": { "type": "Point", "coordinates": [ -76.540456, 3.433531 ] } },
{ "type": "Feature", "properties": { "DELITO": "HURTO", "TIPO_HURTO": "HURTO A PERSONAS", "MODALIDAD": "ATRACO", "COMUNA": 19, "NOM_COMUNA": "COMUNA 19", "BARRIO": 1913, "NOM_BARRIO": "El Cedro", "DIRECCION": "76001 Carrera 34 8, El Cedro, Comuna 19, Cali, Valle del Cauca, COL,EL CEDRO", "SITIO": "SIN INFORMACION", "X": -76.537965, "Y": 3.42691, "FECHA_HECH": "2024-01-22T00:00:00", "HORA_HECHO": "09:07", "ESTRATO": 4 }, "geometry": { "type": "Point", "coordinates": [ -76.537965, 3.42691 ] } },
{ "type": "Feature", "properties": { "DELITO": "HURTO", "TIPO_HURTO": "HURTO A PERSONAS", "MODALIDAD": "ATRACO", "COMUNA": 19, "NOM_COMUNA": "COMUNA 19", "BARRIO": 1913, "NOM_BARRIO": "El Cedro", "DIRECCION": "76001 CALLE 6 CON CARRERA 26, 3 DE JULIO, COMUNA 19, CALI, VALLE DEL CAUCA", "SITIO": "VIA PUBLICA", "X": -76.53878, "Y": 3.43439, "FECHA_HECH": "2024-01-21T00:00:00", "HORA_HECHO": "03:30", "ESTRATO": 4 }, "geometry": { "type": "Point", "coordinates": [ -76.53878, 3.43439 ] } },
{ "type": "Feature", "properties": { "DELITO": "HURTO", "TIPO_HURTO": "HURTO A ESTABLECIMIENTOS", "MODALIDAD": "FACTOR DE OPORTUNIDAD", "COMUNA": 19, "NOM_COMUNA": "COMUNA 19", "BARRIO": 1912, "NOM_BARRIO": "3 de Julio", "DIRECCION": "76001 La Milagrosa, Calle 6 29 71, El Cedro, Comuna 19, Cali, Valle del Cauca, COL,EL CEDRO", "SITIO": "SIN INFORMACION", "X": -76.53895, "Y": 3.43112, "FECHA_HECH": "2024-01-19T00:00:00", "HORA_HECHO": "15:00", "ESTRATO": 4 }, "geometry": { "type": "Point", "coordinates": [ -76.53895, 3.43112 ] } },
{ "type": "Feature", "properties": { "DELITO": "HURTO", "TIPO_HURTO": "HURTO A CELULARES", "MODALIDAD": "ATRACO", "COMUNA": 19, "NOM_COMUNA": "COMUNA 19", "BARRIO": 1905, "NOM_BARRIO": "Eucaristico", "DIRECCION": "76001 Carrera 36C, Barrio Eucarístico, Comuna 19, Cali, Valle del Cauca, COL,BARRIO EUCARÍSTICO", "SITIO": "SIN INFORMACION", "X": -76.540567, "Y": 3.425506, "FECHA_HECH": "2024-01-25T00:00:00", "HORA_HECHO": "12:50", "ESTRATO": 4 }, "geometry": { "type": "Point", "coordinates": [ -76.540567, 3.425506 ] } },
{ "type": "Feature", "properties": { "DELITO": "HURTO", "TIPO_HURTO": "HURTO A CELULARES", "MODALIDAD": "ATRACO", "COMUNA": 19, "NOM_COMUNA": "COMUNA 19", "BARRIO": 1912, "NOM_BARRIO": "3 de Julio", "DIRECCION": "76001 AVENIDA ALFONSO BONILLA ARAGÓN 92", "SITIO": "VIA PUBLICA", "X": -76.540213, "Y": 3.435552, "FECHA_HECH": "2024-02-22T00:00:00", "HORA_HECHO": "19:00", "ESTRATO": 4 }, "geometry": { "type": "Point", "coordinates": [ -76.540213, 3.435552 ] } },
{ "type": "Feature", "properties": { "DELITO": "HURTO", "TIPO_HURTO": "HURTO DE VEHICULOS", "MODALIDAD": "HALADO", "COMUNA": 19, "NOM_COMUNA": "COMUNA 19", "BARRIO": 1905, "NOM_BARRIO": "Eucaristico", "DIRECCION": "76001 CARRERA 36 7, BARRIO EUCARÍSTICO, COMUNA 19, CALI, VALLE DEL CAUCA", "SITIO": "VIA PUBLICA", "X": -76.53879, "Y": 3.425915, "FECHA_HECH": "2024-02-25T00:00:00", "HORA_HECHO": "00:00", "ESTRATO": 4 }, "geometry": { "type": "Point", "coordinates": [ -76.53879, 3.425915 ] } },
{ "type": "Feature", "properties": { "DELITO": "HURTO", "TIPO_HURTO": "HURTO DE AUTOPARTES", "MODALIDAD": "FACTOR DE OPORTUNIDAD", "COMUNA": 19, "NOM_COMUNA": "COMUNA 19", "BARRIO": 1905, "NOM_BARRIO": "Eucaristico", "DIRECCION": "76001 CALLE 9 CON CARRERA 36, BARRIO EUCARISTICO, CALI, VALLE DEL CAUCA", "SITIO": "VIA PUBLICA", "X": -76.537896, "Y": 3.425535, "FECHA_HECH": "2024-03-25T00:00:00", "HORA_HECHO": "10:00", "ESTRATO": 4 }, "geometry": { "type": "Point", "coordinates": [ -76.537896, 3.425535 ] } },
{ "type": "Feature", "properties": { "DELITO": "HURTO", "TIPO_HURTO": "HURTO A PERSONAS", "MODALIDAD": "ENGAÑO", "COMUNA": 19, "NOM_COMUNA": "COMUNA 19", "BARRIO": 1912, "NOM_BARRIO": "3 de Julio", "DIRECCION": "76001 CALLE 5 38, SAN FERNANDO VIEJO, CALI, VALLE DEL CAUCA", "SITIO": "LUGAR DE RECREACION / PARQUE", "X": -76.540297, "Y": 3.435522, "FECHA_HECH": "2024-04-13T00:00:00", "HORA_HECHO": "23:30", "ESTRATO": 4 }, "geometry": { "type": "Point", "coordinates": [ -76.540297, 3.435522 ] } },
{ "type": "Feature", "properties": { "DELITO": "HURTO", "TIPO_HURTO": "HURTO A PERSONAS", "MODALIDAD": "ATRACO", "COMUNA": 19, "NOM_COMUNA": "COMUNA 19", "BARRIO": 1912, "NOM_BARRIO": "3 de Julio", "DIRECCION": "76001 Carrera 27, 3 de Julio, Cali, Valle del Cauca, COL,3 DE JULIO", "SITIO": "SIN INFORMACION", "X": -76.540195, "Y": 3.433321, "FECHA_HECH": "2024-03-21T00:00:00", "HORA_HECHO": "00:30", "ESTRATO": 4 }, "geometry": { "type": "Point", "coordinates": [ -76.540195, 3.433321 ] } },
{ "type": "Feature", "properties": { "DELITO": "HURTO", "TIPO_HURTO": "HURTO A PERSONAS", "MODALIDAD": "VIOLACION DE CERRADURA", "COMUNA": 19, "NOM_COMUNA": "COMUNA 19", "BARRIO": 1912, "NOM_BARRIO": "3 de Julio", "DIRECCION": "76001 CALLE 6 CON CARRERA 27, 3 DE JULIO, CALI, VALLE DEL CAUCA", "SITIO": "VIA PUBLICA", "X": -76.538858, "Y": 3.433294, "FECHA_HECH": "2024-04-01T00:00:00", "HORA_HECHO": "18:00", "ESTRATO": 4 }, "geometry": { "type": "Point", "coordinates": [ -76.538858, 3.433294 ] } },
{ "type": "Feature", "properties": { "DELITO": "HURTO", "TIPO_HURTO": "HURTO A PERSONAS", "MODALIDAD": "COSQUILLEO", "COMUNA": 19, "NOM_COMUNA": "COMUNA 19", "BARRIO": 1912, "NOM_BARRIO": "3 de Julio", "DIRECCION": "76001 BARRIO/LOCALIDAD/COMUNA:3 DE JULIO/COMUNA 19,CALI/VALLE DEL CAUCA,3 DE JULIO", "SITIO": "SIN INFORMACION", "X": -76.540096, "Y": 3.433103, "FECHA_HECH": "2024-05-10T00:00:00", "HORA_HECHO": "04:22", "ESTRATO": 4 }, "geometry": { "type": "Point", "coordinates": [ -76.540096, 3.433103 ] } },
{ "type": "Feature", "properties": { "DELITO": "HURTO", "TIPO_HURTO": "HURTO A ESTABLECIMIENTOS", "MODALIDAD": "FACTOR DE OPORTUNIDAD", "COMUNA": 19, "NOM_COMUNA": "COMUNA 19", "BARRIO": 1913, "NOM_BARRIO": "El Cedro", "DIRECCION": "76001 CALLE 7 25 1", "SITIO": "VIA PUBLICA", "X": -76.537395, "Y": 3.435122, "FECHA_HECH": "2024-05-12T00:00:00", "HORA_HECHO": "16:31", "ESTRATO": 4 }, "geometry": { "type": "Point", "coordinates": [ -76.537395, 3.435122 ] } },
{ "type": "Feature", "properties": { "DELITO": "HURTO", "TIPO_HURTO": "HURTO A ESTABLECIMIENTOS", "MODALIDAD": "MECHERO/HORMIGUEO", "COMUNA": 19, "NOM_COMUNA": "COMUNA 19", "BARRIO": 1912, "NOM_BARRIO": "3 de Julio", "DIRECCION": "76001 CALLE 5 38D, SAN FERNANDO VIEJO, CALI, VALLE DEL CAUCA", "SITIO": "ESTABLECIMIENTO DE COMERCIO", "X": -76.540297, "Y": 3.435522, "FECHA_HECH": "2024-05-30T00:00:00", "HORA_HECHO": "18:35", "ESTRATO": 4 }, "geometry": { "type": "Point", "coordinates": [ -76.540297, 3.435522 ] } },
{ "type": "Feature", "properties": { "DELITO": "HURTO", "TIPO_HURTO": "HURTO A PERSONAS", "MODALIDAD": "ATRACO", "COMUNA": 19, "NOM_COMUNA": "COMUNA 19", "BARRIO": 1905, "NOM_BARRIO": "Eucaristico", "DIRECCION": "76001 CALLE 6 CON CARRERA 35, SAN FERNANDO NUEVO, CALI, VALLE DEL CAUCA", "SITIO": "VIA PUBLICA", "X": -76.539443, "Y": 3.427247, "FECHA_HECH": "2024-05-31T00:00:00", "HORA_HECHO": "19:59", "ESTRATO": 4 }, "geometry": { "type": "Point", "coordinates": [ -76.539443, 3.427247 ] } },
{ "type": "Feature", "properties": { "DELITO": "HURTO", "TIPO_HURTO": "HURTO A PERSONAS", "MODALIDAD": "RAPONAZO", "COMUNA": 19, "NOM_COMUNA": "COMUNA 19", "BARRIO": 1913, "NOM_BARRIO": "El Cedro", "DIRECCION": "76001 CALLE 8 35, BARRIO EUCARISTICO, CALI, VALLE DEL CAUCA", "SITIO": "VIA PUBLICA", "X": -76.538013, "Y": 3.426969, "FECHA_HECH": "2024-06-07T00:00:00", "HORA_HECHO": "23:15", "ESTRATO": 4 }, "geometry": { "type": "Point", "coordinates": [ -76.538013, 3.426969 ] } },
{ "type": "Feature", "properties": { "DELITO": "HURTO", "TIPO_HURTO": "HURTO A CELULARES", "MODALIDAD": "RAPONAZO", "COMUNA": 19, "NOM_COMUNA": "COMUNA 19", "BARRIO": 1912, "NOM_BARRIO": "3 de Julio", "DIRECCION": "76001 AVENIDA ALFONSO BONILLA ARAGÓN 48", "SITIO": "VIA PUBLICA", "X": -76.539453, "Y": 3.436617, "FECHA_HECH": "2024-06-15T00:00:00", "HORA_HECHO": "21:00", "ESTRATO": 4 }, "geometry": { "type": "Point", "coordinates": [ -76.539453, 3.436617 ] } },
{ "type": "Feature", "properties": { "DELITO": "HURTO", "TIPO_HURTO": "HURTO A ESTABLECIMIENTOS", "MODALIDAD": "FACTOR DE OPORTUNIDAD", "COMUNA": 19, "NOM_COMUNA": "COMUNA 19", "BARRIO": 1913, "NOM_BARRIO": "El Cedro", "DIRECCION": "76001 Carrera 34 10, El Cedro, Cali, Valle del Cauca, COL,EL CEDRO", "SITIO": "SIN INFORMACION", "X": -76.538104, "Y": 3.427193, "FECHA_HECH": "2024-04-17T00:00:00", "HORA_HECHO": "16:17", "ESTRATO": 4 }, "geometry": { "type": "Point", "coordinates": [ -76.538104, 3.427193 ] } },
{ "type": "Feature", "properties": { "DELITO": "HURTO", "TIPO_HURTO": "HURTO DE VEHICULOS", "MODALIDAD": "HALADO", "COMUNA": 19, "NOM_COMUNA": "COMUNA 19", "BARRIO": 1905, "NOM_BARRIO": "Eucaristico", "DIRECCION": "76001 CARRERA 36 8 99", "SITIO": "VIA PUBLICA", "X": -76.537901, "Y": 3.425547, "FECHA_HECH": "2024-06-28T00:00:00", "HORA_HECHO": "18:45", "ESTRATO": 4 }, "geometry": { "type": "Point", "coordinates": [ -76.537901, 3.425547 ] } },
{ "type": "Feature", "properties": { "DELITO": "HURTO", "TIPO_HURTO": "HURTO A CELULARES", "MODALIDAD": "COSQUILLEO", "COMUNA": 19, "NOM_COMUNA": "COMUNA 19", "BARRIO": 1905, "NOM_BARRIO": "Eucaristico", "DIRECCION": "76001 CALLE 6 CON CARRERA 36A, BARRIO EUCARISTICO, CALI, VALLE DEL CAUCA", "SITIO": "TRANSPORTE PUBLICO URBANO", "X": -76.54, "Y": 3.425988, "FECHA_HECH": "2024-07-12T00:00:00", "HORA_HECHO": "08:00", "ESTRATO": 4 }, "geometry": { "type": "Point", "coordinates": [ -76.54, 3.425988 ] } },
{ "type": "Feature", "properties": { "DELITO": "HURTO", "TIPO_HURTO": "HURTO DE VEHICULOS", "MODALIDAD": "FACTOR DE OPORTUNIDAD", "COMUNA": 19, "NOM_COMUNA": "COMUNA 19", "BARRIO": 1912, "NOM_BARRIO": "3 de Julio", "DIRECCION": "76001 CALLE 6, SAN FERNANDO NUEVO, CALI, VALLE DEL CAUCA", "SITIO": "ESTABLECIMIENTO PUBLICO", "X": -76.539149, "Y": 3.42859, "FECHA_HECH": "2024-08-03T00:00:00", "HORA_HECHO": "11:30", "ESTRATO": 4 }, "geometry": { "type": "Point", "coordinates": [ -76.539149, 3.42859 ] } },
{ "type": "Feature", "properties": { "DELITO": "HURTO", "TIPO_HURTO": "HURTO A PERSONAS", "MODALIDAD": "ATRACO", "COMUNA": 19, "NOM_COMUNA": "COMUNA 19", "BARRIO": 1913, "NOM_BARRIO": "El Cedro", "DIRECCION": "76001 Carrera 34 10, El Cedro, Cali, Valle del Cauca, COL,EL CEDRO", "SITIO": "SIN INFORMACION", "X": -76.538104, "Y": 3.427193, "FECHA_HECH": "2024-08-14T00:00:00", "HORA_HECHO": "23:30", "ESTRATO": 4 }, "geometry": { "type": "Point", "coordinates": [ -76.538104, 3.427193 ] } },
{ "type": "Feature", "properties": { "DELITO": "HURTO", "TIPO_HURTO": "HURTO A RESIDENCIA", "MODALIDAD": "VENTOSA", "COMUNA": 19, "NOM_COMUNA": "COMUNA 19", "BARRIO": 1906, "NOM_BARRIO": "San Fernando Nuevo", "DIRECCION": "76001 CARRERA 37 5B 4, SANTIAGO DE CALI, CALI, VALLE DEL CAUCA", "SITIO": "DOMICILIO", "X": -76.541461, "Y": 3.426323, "FECHA_HECH": "2024-08-17T00:00:00", "HORA_HECHO": "23:30", "ESTRATO": 4 }, "geometry": { "type": "Point", "coordinates": [ -76.541461, 3.426323 ] } },
{ "type": "Feature", "properties": { "DELITO": "HURTO", "TIPO_HURTO": "HURTO A ESTABLECIMIENTOS", "MODALIDAD": "ATRACO", "COMUNA": 19, "NOM_COMUNA": "COMUNA 19", "BARRIO": 1912, "NOM_BARRIO": "3 de Julio", "DIRECCION": "76001 CARRERA 27 72-149, 3 DE JULIO, CALI, VALLE DEL CAUCA", "SITIO": "ESTABLECIMIENTO DE COMERCIO", "X": -76.539639, "Y": 3.433365, "FECHA_HECH": "2024-08-23T00:00:00", "HORA_HECHO": "23:59", "ESTRATO": 4 }, "geometry": { "type": "Point", "coordinates": [ -76.539639, 3.433365 ] } },
{ "type": "Feature", "properties": { "DELITO": "HURTO", "TIPO_HURTO": "HURTO A ESTABLECIMIENTOS", "MODALIDAD": "ATRACO", "COMUNA": 19, "NOM_COMUNA": "COMUNA 19", "BARRIO": 1905, "NOM_BARRIO": "Eucaristico", "DIRECCION": "76001 AVENIDA ROOSEVELT 36C 48", "SITIO": "ESTABLECIMIENTO DE COMERCIO", "X": -76.54059, "Y": 3.425272, "FECHA_HECH": "2024-09-10T00:00:00", "HORA_HECHO": "01:15", "ESTRATO": 4 }, "geometry": { "type": "Point", "coordinates": [ -76.54059, 3.425272 ] } },
{ "type": "Feature", "properties": { "DELITO": "HURTO", "TIPO_HURTO": "HURTO DE MOTOCICLETAS", "MODALIDAD": "HALADO", "COMUNA": 19, "NOM_COMUNA": "COMUNA 19", "BARRIO": 1913, "NOM_BARRIO": "El Cedro", "DIRECCION": "76001 CALLE 7 27-79, EL CEDRO, CALI, VALLE DEL CAUCA", "SITIO": "VIA PUBLICA", "X": -76.537533, "Y": 3.433027, "FECHA_HECH": "2024-09-17T00:00:00", "HORA_HECHO": "00:00", "ESTRATO": 4 }, "geometry": { "type": "Point", "coordinates": [ -76.537533, 3.433027 ] } },
{ "type": "Feature", "properties": { "DELITO": "HURTO", "TIPO_HURTO": "HURTO DE MOTOCICLETAS", "MODALIDAD": "ATRACO", "COMUNA": 19, "NOM_COMUNA": "COMUNA 19", "BARRIO": 1913, "NOM_BARRIO": "El Cedro", "DIRECCION": "76001 CARRERA 24 CON CALLE 7, EL CEDRO, CALI, VALLE DEL CAUCA", "SITIO": "VIA PUBLICA", "X": -76.537252, "Y": 3.436485, "FECHA_HECH": "2024-09-25T00:00:00", "HORA_HECHO": "05:24", "ESTRATO": 4 }, "geometry": { "type": "Point", "coordinates": [ -76.537252, 3.436485 ] } },
{ "type": "Feature", "properties": { "DELITO": "HURTO", "TIPO_HURTO": "HURTO A ESTABLECIMIENTOS", "MODALIDAD": "FACTOR DE OPORTUNIDAD", "COMUNA": 19, "NOM_COMUNA": "COMUNA 19", "BARRIO": 1913, "NOM_BARRIO": "El Cedro", "DIRECCION": "76001 CARRERA 34 10, EL CEDRO, CALI, VALLE DEL CAUCA, COL,EL CEDRO", "SITIO": "VIA PUBLICA", "X": -76.538104, "Y": 3.427193, "FECHA_HECH": "2024-09-13T00:00:00", "HORA_HECHO": "05:00", "ESTRATO": 4 }, "geometry": { "type": "Point", "coordinates": [ -76.538104, 3.427193 ] } },
{ "type": "Feature", "properties": { "DELITO": "HURTO", "TIPO_HURTO": "HURTO A PERSONAS", "MODALIDAD": "ATRACO", "COMUNA": 19, "NOM_COMUNA": "COMUNA 19", "BARRIO": 1913, "NOM_BARRIO": "El Cedro", "DIRECCION": "76001 CALLE 6 CON CARRERA 28, 3 DE JULIO, CALI, VALLE DEL CAUCA", "SITIO": "ESTABLECIMIENTO DE COMERCIO", "X": -76.538864, "Y": 3.432529, "FECHA_HECH": "2024-10-03T00:00:00", "HORA_HECHO": "04:00", "ESTRATO": 4 }, "geometry": { "type": "Point", "coordinates": [ -76.538864, 3.432529 ] } },
{ "type": "Feature", "properties": { "DELITO": "HURTO", "TIPO_HURTO": "HURTO A ESTABLECIMIENTOS", "MODALIDAD": "FACTOR DE OPORTUNIDAD", "COMUNA": 19, "NOM_COMUNA": "COMUNA 19", "BARRIO": 1913, "NOM_BARRIO": "El Cedro", "DIRECCION": "76001 CALLE 6 31 32, SANTIAGO DE CALI, CALI, VALLE DEL CAUCA", "SITIO": "OTRO", "X": -76.538822, "Y": 3.428834, "FECHA_HECH": "2024-10-05T00:00:00", "HORA_HECHO": "06:00", "ESTRATO": 4 }, "geometry": { "type": "Point", "coordinates": [ -76.538822, 3.428834 ] } },
{ "type": "Feature", "properties": { "DELITO": "HURTO", "TIPO_HURTO": "HURTO A PERSONAS", "MODALIDAD": "COSQUILLEO", "COMUNA": 19, "NOM_COMUNA": "COMUNA 19", "BARRIO": 1913, "NOM_BARRIO": "El Cedro", "DIRECCION": "76001 CARRERA 25 6 6", "SITIO": "TRANSPORTE MASIVO", "X": -76.538628, "Y": 3.435205, "FECHA_HECH": "2024-10-25T00:00:00", "HORA_HECHO": "09:29", "ESTRATO": 4 }, "geometry": { "type": "Point", "coordinates": [ -76.538628, 3.435205 ] } },
{ "type": "Feature", "properties": { "DELITO": "HURTO", "TIPO_HURTO": "HURTO A PERSONAS", "MODALIDAD": "ATRACO", "COMUNA": 19, "NOM_COMUNA": "COMUNA 19", "BARRIO": 1913, "NOM_BARRIO": "El Cedro", "DIRECCION": "76001 CALLE 6 CON CARRERA 34, 3 DE JULIO, CALI, VALLE DEL CAUCA", "SITIO": "ESTACION TRANSPORTE MASIVO", "X": -76.53904, "Y": 3.428329, "FECHA_HECH": "2024-10-25T00:00:00", "HORA_HECHO": "20:00", "ESTRATO": 4 }, "geometry": { "type": "Point", "coordinates": [ -76.53904, 3.428329 ] } },
{ "type": "Feature", "properties": { "DELITO": "HURTO", "TIPO_HURTO": "HURTO A PERSONAS", "MODALIDAD": "COSQUILLEO", "COMUNA": 19, "NOM_COMUNA": "COMUNA 19", "BARRIO": 1913, "NOM_BARRIO": "El Cedro", "DIRECCION": "76001 BARRIO/LOCALIDAD/COMUNA:EL CEDRO/COMUNA 19,CALI/VALLE DEL CAUCA,EL CEDRO", "SITIO": "SIN INFORMACION", "X": -76.537577, "Y": 3.432051, "FECHA_HECH": "2024-11-07T00:00:00", "HORA_HECHO": "05:14", "ESTRATO": 4 }, "geometry": { "type": "Point", "coordinates": [ -76.537577, 3.432051 ] } },
{ "type": "Feature", "properties": { "DELITO": "HURTO", "TIPO_HURTO": "HURTO A PERSONAS", "MODALIDAD": "ATRACO", "COMUNA": 19, "NOM_COMUNA": "COMUNA 19", "BARRIO": 1913, "NOM_BARRIO": "El Cedro", "DIRECCION": "76001 CALLE 7 34, BARRIO EUCARISTICO, CALI, VALLE DEL CAUCA", "SITIO": "ESTABLECIMIENTO DE COMERCIO", "X": -76.538482, "Y": 3.42751, "FECHA_HECH": "2024-11-12T00:00:00", "HORA_HECHO": "01:00", "ESTRATO": 4 }, "geometry": { "type": "Point", "coordinates": [ -76.538482, 3.42751 ] } },
{ "type": "Feature", "properties": { "DELITO": "HURTO", "TIPO_HURTO": "HURTO DE VEHICULOS", "MODALIDAD": "FACTOR DE OPORTUNIDAD", "COMUNA": 19, "NOM_COMUNA": "COMUNA 19", "BARRIO": 1912, "NOM_BARRIO": "3 de Julio", "DIRECCION": "76001 CARRERA 25 5 153, SANTIAGO DE CALI, CALI, VALLE DEL CAUCA", "SITIO": "VIA PUBLICA", "X": -76.539355, "Y": 3.436286, "FECHA_HECH": "2024-11-22T00:00:00", "HORA_HECHO": "10:10", "ESTRATO": 4 }, "geometry": { "type": "Point", "coordinates": [ -76.539355, 3.436286 ] } },
{ "type": "Feature", "properties": { "DELITO": "HURTO", "TIPO_HURTO": "HURTO A RESIDENCIA", "MODALIDAD": "LLAVE MAESTRA", "COMUNA": 19, "NOM_COMUNA": "COMUNA 19", "BARRIO": 1906, "NOM_BARRIO": "San Fernando Nuevo", "DIRECCION": "76001 CARRERA 36 5B3-46, SAN FERNANDO NUEVO, CALI, VALLE DEL CAUCA", "SITIO": "DOMICILIO", "X": -76.540565, "Y": 3.427993, "FECHA_HECH": "2024-11-27T00:00:00", "HORA_HECHO": "15:00", "ESTRATO": 4 }, "geometry": { "type": "Point", "coordinates": [ -76.540565, 3.427993 ] } },
{ "type": "Feature", "properties": { "DELITO": "HURTO", "TIPO_HURTO": "HURTO A PERSONAS", "MODALIDAD": "ATRACO", "COMUNA": 19, "NOM_COMUNA": "COMUNA 19", "BARRIO": 1913, "NOM_BARRIO": "El Cedro", "DIRECCION": "76001 CARRERA 31 6 1", "SITIO": "VIA PUBLICA", "X": -76.53894, "Y": 3.429349, "FECHA_HECH": "2024-12-16T00:00:00", "HORA_HECHO": "02:00", "ESTRATO": 4 }, "geometry": { "type": "Point", "coordinates": [ -76.53894, 3.429349 ] } },
{ "type": "Feature", "properties": { "DELITO": "HURTO", "TIPO_HURTO": "HURTO A CELULARES", "MODALIDAD": "COSQUILLEO", "COMUNA": 19, "NOM_COMUNA": "COMUNA 19", "BARRIO": 1913, "NOM_BARRIO": "El Cedro", "DIRECCION": "76001 CARRERA 30A CON CALLE 7, EL CEDRO, CALI, VALLE DEL CAUCA", "SITIO": "TRANSPORTE MASIVO", "X": -76.538071, "Y": 3.429787, "FECHA_HECH": "2024-12-23T00:00:00", "HORA_HECHO": "11:00", "ESTRATO": 4 }, "geometry": { "type": "Point", "coordinates": [ -76.538071, 3.429787 ] } },
{ "type": "Feature", "properties": { "DELITO": "HURTO", "TIPO_HURTO": "HURTO A ESTABLECIMIENTOS", "MODALIDAD": "FACTOR DE OPORTUNIDAD", "COMUNA": 19, "NOM_COMUNA": "COMUNA 19", "BARRIO": 1913, "NOM_BARRIO": "El Cedro", "DIRECCION": "76001 CALLE 6 CON CARRERA 28, 3 DE JULIO, CALI, VALLE DEL CAUCA", "SITIO": "VIA PUBLICA", "X": -76.538864, "Y": 3.432529, "FECHA_HECH": "2024-06-24T00:00:00", "HORA_HECHO": "14:30", "ESTRATO": 4 }, "geometry": { "type": "Point", "coordinates": [ -76.538864, 3.432529 ] } },
{ "type": "Feature", "properties": { "DELITO": "HURTO", "TIPO_HURTO": "HURTO DE MOTOCICLETAS", "MODALIDAD": "HALADO", "COMUNA": 19, "NOM_COMUNA": "COMUNA 19", "BARRIO": 1914, "NOM_BARRIO": "Champagnat", "DIRECCION": "76001 CALLE 9 CON CARRERA 32A, CHAMPAGNAT, COMUNA 19, CALI, VALLE DEL CAUCA", "SITIO": "DOMICILIO", "X": -76.53706, "Y": 3.42722, "FECHA_HECH": "2024-01-24T00:00:00", "HORA_HECHO": "00:00", "ESTRATO": 4 }, "geometry": { "type": "Point", "coordinates": [ -76.53706, 3.42722 ] } },
{ "type": "Feature", "properties": { "DELITO": "HURTO", "TIPO_HURTO": "HURTO A PERSONAS", "MODALIDAD": "ATRACO", "COMUNA": 19, "NOM_COMUNA": "COMUNA 19", "BARRIO": 1912, "NOM_BARRIO": "3 de Julio", "DIRECCION": "76001 CALLE 6 27 8", "SITIO": "VIA PUBLICA", "X": -76.53895, "Y": 3.433181, "FECHA_HECH": "2024-02-03T00:00:00", "HORA_HECHO": "19:00", "ESTRATO": 4 }, "geometry": { "type": "Point", "coordinates": [ -76.53895, 3.433181 ] } },
{ "type": "Feature", "properties": { "DELITO": "HURTO", "TIPO_HURTO": "HURTO A PERSONAS", "MODALIDAD": "ATRACO", "COMUNA": 19, "NOM_COMUNA": "COMUNA 19", "BARRIO": 1905, "NOM_BARRIO": "Eucaristico", "DIRECCION": "76001 AVENIDA ROOSEVELT 36A 82", "SITIO": "VIA PUBLICA", "X": -76.540069, "Y": 3.425819, "FECHA_HECH": "2024-02-03T00:00:00", "HORA_HECHO": "12:30", "ESTRATO": 4 }, "geometry": { "type": "Point", "coordinates": [ -76.540069, 3.425819 ] } },
{ "type": "Feature", "properties": { "DELITO": "HURTO", "TIPO_HURTO": "HURTO DE VEHICULOS", "MODALIDAD": "HALADO", "COMUNA": 19, "NOM_COMUNA": "COMUNA 19", "BARRIO": 1906, "NOM_BARRIO": "San Fernando Nuevo", "DIRECCION": "76001 CALLE 5B3 36B 27, SAN FERNANDO NUEVO, COMUNA 19, CALI, VALLE DEL CAUCA", "SITIO": "VIA PUBLICA", "X": -76.54179, "Y": 3.427587, "FECHA_HECH": "2024-02-16T00:00:00", "HORA_HECHO": "00:30", "ESTRATO": 4 }, "geometry": { "type": "Point", "coordinates": [ -76.54179, 3.427587 ] } },
{ "type": "Feature", "properties": { "DELITO": "HURTO", "TIPO_HURTO": "HURTO A PERSONAS", "MODALIDAD": "RAPONAZO", "COMUNA": 19, "NOM_COMUNA": "COMUNA 19", "BARRIO": 1912, "NOM_BARRIO": "3 de Julio", "DIRECCION": "76001 CARRERA 26 5C 98", "SITIO": "VIA PUBLICA", "X": -76.538831, "Y": 3.434344, "FECHA_HECH": "2024-03-27T00:00:00", "HORA_HECHO": "15:00", "ESTRATO": 4 }, "geometry": { "type": "Point", "coordinates": [ -76.538831, 3.434344 ] } },
{ "type": "Feature", "properties": { "DELITO": "HURTO", "TIPO_HURTO": "HURTO A PERSONAS", "MODALIDAD": "RAPONAZO", "COMUNA": 19, "NOM_COMUNA": "COMUNA 19", "BARRIO": 1905, "NOM_BARRIO": "Eucaristico", "DIRECCION": "76001 CALLE 7 75, BARRIO EUCARISTICO, CALI, VALLE DEL CAUCA", "SITIO": "VIA PUBLICA", "X": -76.538583, "Y": 3.427564, "FECHA_HECH": "2024-04-11T00:00:00", "HORA_HECHO": "20:00", "ESTRATO": 4 }, "geometry": { "type": "Point", "coordinates": [ -76.538583, 3.427564 ] } },
{ "type": "Feature", "properties": { "DELITO": "HURTO", "TIPO_HURTO": "HURTO A PERSONAS", "MODALIDAD": "FACTOR DE OPORTUNIDAD", "COMUNA": 19, "NOM_COMUNA": "COMUNA 19", "BARRIO": 1913, "NOM_BARRIO": "El Cedro", "DIRECCION": "76001 CALLE 6 DIAGONAL 31 98", "SITIO": "VIA PUBLICA", "X": -76.539085, "Y": 3.428412, "FECHA_HECH": "2024-04-18T00:00:00", "HORA_HECHO": "19:00", "ESTRATO": 4 }, "geometry": { "type": "Point", "coordinates": [ -76.539085, 3.428412 ] } },
{ "type": "Feature", "properties": { "DELITO": "HURTO", "TIPO_HURTO": "HURTO A PERSONAS", "MODALIDAD": "ATRACO", "COMUNA": 19, "NOM_COMUNA": "COMUNA 19", "BARRIO": 1906, "NOM_BARRIO": "San Fernando Nuevo", "DIRECCION": "76001 Carrera 37 5b 4, Santiago De Cali, Cali, Valle Del Cauca, COL,SAN FERNANDO NUEVO", "SITIO": "SIN INFORMACION", "X": -76.541461, "Y": 3.426323, "FECHA_HECH": "2024-04-04T00:00:00", "HORA_HECHO": "20:20", "ESTRATO": 4 }, "geometry": { "type": "Point", "coordinates": [ -76.541461, 3.426323 ] } },
{ "type": "Feature", "properties": { "DELITO": "HURTO", "TIPO_HURTO": "HURTO A PERSONAS", "MODALIDAD": "ATRACO", "COMUNA": 19, "NOM_COMUNA": "COMUNA 19", "BARRIO": 1912, "NOM_BARRIO": "3 de Julio", "DIRECCION": "76001 DIAGONAL 31, 3 DE JULIO, CALI, VALLE DEL CAUCA", "SITIO": "VIA PUBLICA", "X": -76.539385, "Y": 3.429268, "FECHA_HECH": "2024-05-13T00:00:00", "HORA_HECHO": "05:30", "ESTRATO": 4 }, "geometry": { "type": "Point", "coordinates": [ -76.539385, 3.429268 ] } },
{ "type": "Feature", "properties": { "DELITO": "HURTO", "TIPO_HURTO": "HURTO A CELULARES", "MODALIDAD": "ENGAÑO", "COMUNA": 19, "NOM_COMUNA": "COMUNA 19", "BARRIO": 1912, "NOM_BARRIO": "3 de Julio", "DIRECCION": "76001 CARRERA 26 2-131, 3 DE JULIO, CALI, VALLE DEL CAUCA", "SITIO": "DOMICILIO", "X": -76.538876, "Y": 3.434308, "FECHA_HECH": "2024-05-16T00:00:00", "HORA_HECHO": "13:30", "ESTRATO": 4 }, "geometry": { "type": "Point", "coordinates": [ -76.538876, 3.434308 ] } },
{ "type": "Feature", "properties": { "DELITO": "HURTO", "TIPO_HURTO": "HURTO A PERSONAS", "MODALIDAD": "ATRACO", "COMUNA": 19, "NOM_COMUNA": "COMUNA 19", "BARRIO": 1912, "NOM_BARRIO": "3 de Julio", "DIRECCION": "76001 CALLE 6 27 39", "SITIO": "VIA PUBLICA", "X": -76.538869, "Y": 3.432976, "FECHA_HECH": "2024-06-11T00:00:00", "HORA_HECHO": "12:13", "ESTRATO": 4 }, "geometry": { "type": "Point", "coordinates": [ -76.538869, 3.432976 ] } },
{ "type": "Feature", "properties": { "DELITO": "HURTO", "TIPO_HURTO": "HURTO A ESTABLECIMIENTOS", "MODALIDAD": "VIOLACION DE CERRADURA", "COMUNA": 19, "NOM_COMUNA": "COMUNA 19", "BARRIO": 1913, "NOM_BARRIO": "El Cedro", "DIRECCION": "76001 CALLE 6A 26 46, SANTIAGO DE CALI, CALI, VALLE DEL CAUCA", "SITIO": "LUGAR DE TRABAJO", "X": -76.538315, "Y": 3.433869, "FECHA_HECH": "2024-06-06T00:00:00", "HORA_HECHO": "08:30", "ESTRATO": 4 }, "geometry": { "type": "Point", "coordinates": [ -76.538315, 3.433869 ] } },
{ "type": "Feature", "properties": { "DELITO": "HURTO", "TIPO_HURTO": "HURTO DE BICICLETAS", "MODALIDAD": "HALADO", "COMUNA": 19, "NOM_COMUNA": "COMUNA 19", "BARRIO": 1912, "NOM_BARRIO": "3 de Julio", "DIRECCION": "76001 Calle 5b 26 79, Santiago De Cali, Cali, Valle Del Cauca, COL,3 DE JULIO", "SITIO": "SIN INFORMACION", "X": -76.540286, "Y": 3.433665, "FECHA_HECH": "2024-07-30T00:00:00", "HORA_HECHO": "18:18", "ESTRATO": 4 }, "geometry": { "type": "Point", "coordinates": [ -76.540286, 3.433665 ] } },
{ "type": "Feature", "properties": { "DELITO": "HURTO", "TIPO_HURTO": "HURTO DE VEHICULOS", "MODALIDAD": "HALADO", "COMUNA": 19, "NOM_COMUNA": "COMUNA 19", "BARRIO": 1905, "NOM_BARRIO": "Eucaristico", "DIRECCION": "76001 CARRERA 34 CON CALLE 6, BARRIO EUCARISTICO, CALI, VALLE DEL CAUCA", "SITIO": "VIA PUBLICA", "X": -76.539087, "Y": 3.428087, "FECHA_HECH": "2024-07-11T00:00:00", "HORA_HECHO": "00:00", "ESTRATO": 4 }, "geometry": { "type": "Point", "coordinates": [ -76.539087, 3.428087 ] } },
{ "type": "Feature", "properties": { "DELITO": "HURTO", "TIPO_HURTO": "HURTO A PERSONAS", "MODALIDAD": "COSQUILLEO", "COMUNA": 19, "NOM_COMUNA": "COMUNA 19", "BARRIO": 1912, "NOM_BARRIO": "3 de Julio", "DIRECCION": "76001 SANTAMARIA ASTUDILLO ANDRES, CALLE 5C 39 46, 3 DE JULIO, CALI, VALLE DEL CAUCA, COL,3 DE JULIO", "SITIO": "TRANSPORTE MASIVO", "X": -76.539915, "Y": 3.433824, "FECHA_HECH": "2024-08-12T00:00:00", "HORA_HECHO": "03:44", "ESTRATO": 4 }, "geometry": { "type": "Point", "coordinates": [ -76.539915, 3.433824 ] } },
{ "type": "Feature", "properties": { "DELITO": "HURTO", "TIPO_HURTO": "HURTO A PERSONAS", "MODALIDAD": "ROMPIMIENTO DE VIDRIO", "COMUNA": 19, "NOM_COMUNA": "COMUNA 19", "BARRIO": 1912, "NOM_BARRIO": "3 de Julio", "DIRECCION": "76001 Calle 6 27 50, Santiago De Cali, Cali, Valle Del Cauca, COL,3 DE JULIO", "SITIO": "SIN INFORMACION", "X": -76.539051, "Y": 3.43269, "FECHA_HECH": "2024-08-28T00:00:00", "HORA_HECHO": "03:17", "ESTRATO": 4 }, "geometry": { "type": "Point", "coordinates": [ -76.539051, 3.43269 ] } },
{ "type": "Feature", "properties": { "DELITO": "HURTO", "TIPO_HURTO": "HURTO A PERSONAS", "MODALIDAD": "COSQUILLEO", "COMUNA": 19, "NOM_COMUNA": "COMUNA 19", "BARRIO": 1912, "NOM_BARRIO": "3 de Julio", "DIRECCION": "76001 BARRIO/LOCALIDAD/COMUNA:3 DE JULIO/COMUNA 19,CALI/VALLE DEL CAUCA,3 DE JULIO", "SITIO": "SIN INFORMACION", "X": -76.540322, "Y": 3.433621, "FECHA_HECH": "2024-09-10T00:00:00", "HORA_HECHO": "03:54", "ESTRATO": 4 }, "geometry": { "type": "Point", "coordinates": [ -76.540322, 3.433621 ] } },
{ "type": "Feature", "properties": { "DELITO": "HURTO", "TIPO_HURTO": "HURTO A PERSONAS", "MODALIDAD": "ATRACO", "COMUNA": 19, "NOM_COMUNA": "COMUNA 19", "BARRIO": 1913, "NOM_BARRIO": "El Cedro", "DIRECCION": "76001 Carrera 26 6 57, Santiago De Cali, Cali, Valle Del Cauca, COL,EL CEDRO", "SITIO": "SIN INFORMACION", "X": -76.538026, "Y": 3.434567, "FECHA_HECH": "2024-09-19T00:00:00", "HORA_HECHO": "11:30", "ESTRATO": 4 }, "geometry": { "type": "Point", "coordinates": [ -76.538026, 3.434567 ] } },
{ "type": "Feature", "properties": { "DELITO": "HURTO", "TIPO_HURTO": "HURTO DE MOTOCICLETAS", "MODALIDAD": "HALADO", "COMUNA": 19, "NOM_COMUNA": "COMUNA 19", "BARRIO": 1913, "NOM_BARRIO": "El Cedro", "DIRECCION": "76001 CALLE 6 DIAGONAL 31 67", "SITIO": "VIA PUBLICA", "X": -76.538968, "Y": 3.428719, "FECHA_HECH": "2024-09-20T00:00:00", "HORA_HECHO": "21:30", "ESTRATO": 4 }, "geometry": { "type": "Point", "coordinates": [ -76.538968, 3.428719 ] } },
{ "type": "Feature", "properties": { "DELITO": "HURTO", "TIPO_HURTO": "HURTO A PERSONAS", "MODALIDAD": "ATRACO", "COMUNA": 19, "NOM_COMUNA": "COMUNA 19", "BARRIO": 1905, "NOM_BARRIO": "Eucaristico", "DIRECCION": "76001 CARRERA 36ABIS 7A 1", "SITIO": "VIA PUBLICA", "X": -76.53897, "Y": 3.425287, "FECHA_HECH": "2024-09-30T00:00:00", "HORA_HECHO": "13:20", "ESTRATO": 4 }, "geometry": { "type": "Point", "coordinates": [ -76.53897, 3.425287 ] } },
{ "type": "Feature", "properties": { "DELITO": "HURTO", "TIPO_HURTO": "HURTO DE VEHICULOS", "MODALIDAD": "ATRACO", "COMUNA": 19, "NOM_COMUNA": "COMUNA 19", "BARRIO": 1906, "NOM_BARRIO": "San Fernando Nuevo", "DIRECCION": "76001 CALLE 6 34 78", "SITIO": "VIA PUBLICA", "X": -76.53951, "Y": 3.427754, "FECHA_HECH": "2024-09-05T00:00:00", "HORA_HECHO": "14:10", "ESTRATO": 4 }, "geometry": { "type": "Point", "coordinates": [ -76.53951, 3.427754 ] } },
{ "type": "Feature", "properties": { "DELITO": "HURTO", "TIPO_HURTO": "HURTO A RESIDENCIA", "MODALIDAD": "VIOLACION DE CERRADURA", "COMUNA": 19, "NOM_COMUNA": "COMUNA 19", "BARRIO": 1913, "NOM_BARRIO": "El Cedro", "DIRECCION": "76001 CARRERA 28 6 62, SANTIAGO DE CALI, CALI, VALLE DEL CAUCA", "SITIO": "DOMICILIO", "X": -76.537986, "Y": 3.432296, "FECHA_HECH": "2024-10-24T00:00:00", "HORA_HECHO": "11:30", "ESTRATO": 4 }, "geometry": { "type": "Point", "coordinates": [ -76.537986, 3.432296 ] } },
{ "type": "Feature", "properties": { "DELITO": "HURTO", "TIPO_HURTO": "HURTO A CELULARES", "MODALIDAD": "FACTOR DE OPORTUNIDAD", "COMUNA": 19, "NOM_COMUNA": "COMUNA 19", "BARRIO": 1906, "NOM_BARRIO": "San Fernando Nuevo", "DIRECCION": "76001 CARRERA 36 5B3-65, SAN FERNANDO NUEVO, CALI, VALLE DEL CAUCA", "SITIO": "OTRO", "X": -76.540765, "Y": 3.42805, "FECHA_HECH": "2024-11-26T00:00:00", "HORA_HECHO": "14:30", "ESTRATO": 4 }, "geometry": { "type": "Point", "coordinates": [ -76.540765, 3.42805 ] } },
{ "type": "Feature", "properties": { "DELITO": "HURTO", "TIPO_HURTO": "HURTO DE MOTOCICLETAS", "MODALIDAD": "HALADO", "COMUNA": 19, "NOM_COMUNA": "COMUNA 19", "BARRIO": 1913, "NOM_BARRIO": "El Cedro", "DIRECCION": "76001 CALLE 7A 2 2", "SITIO": "VIA PUBLICA", "X": -76.537276, "Y": 3.436493, "FECHA_HECH": "2024-11-27T00:00:00", "HORA_HECHO": "18:00", "ESTRATO": 4 }, "geometry": { "type": "Point", "coordinates": [ -76.537276, 3.436493 ] } },
{ "type": "Feature", "properties": { "DELITO": "HURTO", "TIPO_HURTO": "HURTO A PERSONAS", "MODALIDAD": "ROMPIMIENTO DE VIDRIO", "COMUNA": 19, "NOM_COMUNA": "COMUNA 19", "BARRIO": 1912, "NOM_BARRIO": "3 de Julio", "DIRECCION": "76001 CALLE 6 CON CARRERA 26, 3 DE JULIO, CALI, VALLE DEL CAUCA", "SITIO": "VIA PUBLICA", "X": -76.538816, "Y": 3.434363, "FECHA_HECH": "2024-12-12T00:00:00", "HORA_HECHO": "23:00", "ESTRATO": 4 }, "geometry": { "type": "Point", "coordinates": [ -76.538816, 3.434363 ] } },
{ "type": "Feature", "properties": { "DELITO": "HURTO", "TIPO_HURTO": "HURTO A CELULARES", "MODALIDAD": "FACTOR DE OPORTUNIDAD", "COMUNA": 19, "NOM_COMUNA": "COMUNA 19", "BARRIO": 1913, "NOM_BARRIO": "El Cedro", "DIRECCION": "76001 CALLE 7A 2 2", "SITIO": "ESTABLECIMIENTO DE COMERCIO", "X": -76.537328, "Y": 3.436482, "FECHA_HECH": "2024-12-15T00:00:00", "HORA_HECHO": "01:00", "ESTRATO": 4 }, "geometry": { "type": "Point", "coordinates": [ -76.537328, 3.436482 ] } },
{ "type": "Feature", "properties": { "DELITO": "HURTO", "TIPO_HURTO": "HURTO A PERSONAS", "MODALIDAD": "RAPONAZO", "COMUNA": 19, "NOM_COMUNA": "COMUNA 19", "BARRIO": 1913, "NOM_BARRIO": "El Cedro", "DIRECCION": "76001 CALLE 7 CON CARRERA 24, EL CEDRO, CALI, VALLE DEL CAUCA, COL,EL CEDRO", "SITIO": "VIA PUBLICA", "X": -76.537252, "Y": 3.436485, "FECHA_HECH": "2024-12-04T00:00:00", "HORA_HECHO": "01:30", "ESTRATO": 4 }, "geometry": { "type": "Point", "coordinates": [ -76.537252, 3.436485 ] } },
{ "type": "Feature", "properties": { "DELITO": "HURTO", "TIPO_HURTO": "HURTO A PERSONAS", "MODALIDAD": "ATRACO", "COMUNA": 19, "NOM_COMUNA": "COMUNA 19", "BARRIO": 1913, "NOM_BARRIO": "El Cedro", "DIRECCION": "76001 CARRERA 30 6, EL CEDRO, COMUNA 19, CALI, VALLE DEL CAUCA", "SITIO": "VIA PUBLICA", "X": -76.538845, "Y": 3.43036, "FECHA_HECH": "2024-01-09T00:00:00", "HORA_HECHO": "16:25", "ESTRATO": 4 }, "geometry": { "type": "Point", "coordinates": [ -76.538845, 3.43036 ] } },
{ "type": "Feature", "properties": { "DELITO": "HURTO", "TIPO_HURTO": "HURTO DE AUTOPARTES", "MODALIDAD": "FACTOR DE OPORTUNIDAD", "COMUNA": 19, "NOM_COMUNA": "COMUNA 19", "BARRIO": 1905, "NOM_BARRIO": "Eucaristico", "DIRECCION": "76001 CARRERA 37 5E 41, BARRIO EUCARÍSTICO, COMUNA 19, CALI, VALLE DEL CAUCA", "SITIO": "VIA PUBLICA", "X": -76.54091, "Y": 3.42542, "FECHA_HECH": "2024-01-10T00:00:00", "HORA_HECHO": "06:30", "ESTRATO": 4 }, "geometry": { "type": "Point", "coordinates": [ -76.54091, 3.42542 ] } },
{ "type": "Feature", "properties": { "DELITO": "HURTO", "TIPO_HURTO": "HURTO DE AUTOPARTES", "MODALIDAD": "FACTOR DE OPORTUNIDAD", "COMUNA": 19, "NOM_COMUNA": "COMUNA 19", "BARRIO": 1912, "NOM_BARRIO": "3 de Julio", "DIRECCION": "76001 CARRERA 26 5B 65, 3 DE JULIO, COMUNA 19, CALI, VALLE DEL CAUCA", "SITIO": "VIA PUBLICA", "X": -76.539942, "Y": 3.434482, "FECHA_HECH": "2024-01-22T00:00:00", "HORA_HECHO": "09:30", "ESTRATO": 4 }, "geometry": { "type": "Point", "coordinates": [ -76.539942, 3.434482 ] } },
{ "type": "Feature", "properties": { "DELITO": "HURTO", "TIPO_HURTO": "HURTO A CELULARES", "MODALIDAD": "FACTOR DE OPORTUNIDAD", "COMUNA": 19, "NOM_COMUNA": "COMUNA 19", "BARRIO": 1913, "NOM_BARRIO": "El Cedro", "DIRECCION": "76001 Avenida Roosevelt 27 65, El Cedro, Comuna 19, Cali, Valle del Cauca, COL,EL CEDRO", "SITIO": "SIN INFORMACION", "X": -76.538833, "Y": 3.432812, "FECHA_HECH": "2024-03-01T00:00:00", "HORA_HECHO": "13:00", "ESTRATO": 4 }, "geometry": { "type": "Point", "coordinates": [ -76.538833, 3.432812 ] } },
{ "type": "Feature", "properties": { "DELITO": "HURTO", "TIPO_HURTO": "HURTO A PERSONAS", "MODALIDAD": "ATRACO", "COMUNA": 19, "NOM_COMUNA": "COMUNA 19", "BARRIO": 1914, "NOM_BARRIO": "Champagnat", "DIRECCION": "76001 CALLE 9 34-10, BARRIO EUCARISTICO, CALI, VALLE DEL CAUCA", "SITIO": "ESTABLECIMIENTO DE COMERCIO", "X": -76.537637, "Y": 3.425669, "FECHA_HECH": "2024-03-25T00:00:00", "HORA_HECHO": "16:30", "ESTRATO": 4 }, "geometry": { "type": "Point", "coordinates": [ -76.537637, 3.425669 ] } },
{ "type": "Feature", "properties": { "DELITO": "HURTO", "TIPO_HURTO": "HURTO A PERSONAS", "MODALIDAD": "ATRACO", "COMUNA": 19, "NOM_COMUNA": "COMUNA 19", "BARRIO": 1913, "NOM_BARRIO": "El Cedro", "DIRECCION": "76001 CALLE 7 CON CARRERA 24A, EL CEDRO, CALI, VALLE DEL CAUCA", "SITIO": "ESTABLECIMIENTO DE COMERCIO", "X": -76.537354, "Y": 3.436057, "FECHA_HECH": "2024-04-22T00:00:00", "HORA_HECHO": "03:00", "ESTRATO": 4 }, "geometry": { "type": "Point", "coordinates": [ -76.537354, 3.436057 ] } },
{ "type": "Feature", "properties": { "DELITO": "HURTO", "TIPO_HURTO": "HURTO DE MOTOCICLETAS", "MODALIDAD": "HALADO", "COMUNA": 19, "NOM_COMUNA": "COMUNA 19", "BARRIO": 1906, "NOM_BARRIO": "San Fernando Nuevo", "DIRECCION": "76001 CARRERA 36 5B3-56, SAN FERNANDO NUEVO, CALI, VALLE DEL CAUCA", "SITIO": "VIA PUBLICA", "X": -76.540621, "Y": 3.428059, "FECHA_HECH": "2024-04-26T00:00:00", "HORA_HECHO": "21:00", "ESTRATO": 4 }, "geometry": { "type": "Point", "coordinates": [ -76.540621, 3.428059 ] } },
{ "type": "Feature", "properties": { "DELITO": "HURTO", "TIPO_HURTO": "HURTO A PERSONAS", "MODALIDAD": "VIOLACION DE CERRADURA", "COMUNA": 19, "NOM_COMUNA": "COMUNA 19", "BARRIO": 1913, "NOM_BARRIO": "El Cedro", "DIRECCION": "76001 Calle 7 34, Barrio Eucaristico, Cali, Valle del Cauca, COL,BARRIO EUCARÍSTICO", "SITIO": "SIN INFORMACION", "X": -76.538482, "Y": 3.42751, "FECHA_HECH": "2024-05-05T00:00:00", "HORA_HECHO": "10:42", "ESTRATO": 4 }, "geometry": { "type": "Point", "coordinates": [ -76.538482, 3.42751 ] } },
{ "type": "Feature", "properties": { "DELITO": "HURTO", "TIPO_HURTO": "HURTO DE MOTOCICLETAS", "MODALIDAD": "HALADO", "COMUNA": 19, "NOM_COMUNA": "COMUNA 19", "BARRIO": 1912, "NOM_BARRIO": "3 de Julio", "DIRECCION": "76001 CARRERA 27 130-105, 3 DE JULIO, CALI, VALLE DEL CAUCA", "SITIO": "VIA PUBLICA", "X": -76.539639, "Y": 3.433365, "FECHA_HECH": "2024-04-29T00:00:00", "HORA_HECHO": "20:00", "ESTRATO": 4 }, "geometry": { "type": "Point", "coordinates": [ -76.539639, 3.433365 ] } },
{ "type": "Feature", "properties": { "DELITO": "HURTO", "TIPO_HURTO": "HURTO DE MOTOCICLETAS", "MODALIDAD": "HALADO", "COMUNA": 19, "NOM_COMUNA": "COMUNA 19", "BARRIO": 1912, "NOM_BARRIO": "3 de Julio", "DIRECCION": "76001 CALLE 5B, SAN FERNANDO VIEJO, CALI, VALLE DEL CAUCA", "SITIO": "VIA PUBLICA", "X": -76.54042, "Y": 3.435375, "FECHA_HECH": "2024-05-18T00:00:00", "HORA_HECHO": "13:16", "ESTRATO": 4 }, "geometry": { "type": "Point", "coordinates": [ -76.54042, 3.435375 ] } },
{ "type": "Feature", "properties": { "DELITO": "HURTO", "TIPO_HURTO": "HURTO A PERSONAS", "MODALIDAD": "FACTOR DE OPORTUNIDAD", "COMUNA": 19, "NOM_COMUNA": "COMUNA 19", "BARRIO": 1913, "NOM_BARRIO": "El Cedro", "DIRECCION": "76001 CALLE 7 44, BARRIO EUCARISTICO, CALI, VALLE DEL CAUCA", "SITIO": "VIA PUBLICA", "X": -76.538481, "Y": 3.427511, "FECHA_HECH": "2024-05-17T00:00:00", "HORA_HECHO": "08:00", "ESTRATO": 4 }, "geometry": { "type": "Point", "coordinates": [ -76.538481, 3.427511 ] } },
{ "type": "Feature", "properties": { "DELITO": "HURTO", "TIPO_HURTO": "HURTO A PERSONAS", "MODALIDAD": "FACTOR DE OPORTUNIDAD", "COMUNA": 19, "NOM_COMUNA": "COMUNA 19", "BARRIO": 1913, "NOM_BARRIO": "El Cedro", "DIRECCION": "76001 CARRERA 34 10, EL CEDRO, CALI, VALLE DEL CAUCA", "SITIO": "VIA PUBLICA", "X": -76.538104, "Y": 3.427193, "FECHA_HECH": "2024-05-14T00:00:00", "HORA_HECHO": "15:00", "ESTRATO": 4 }, "geometry": { "type": "Point", "coordinates": [ -76.538104, 3.427193 ] } },
{ "type": "Feature", "properties": { "DELITO": "HURTO", "TIPO_HURTO": "HURTO A PERSONAS", "MODALIDAD": "FACTOR DE OPORTUNIDAD", "COMUNA": 19, "NOM_COMUNA": "COMUNA 19", "BARRIO": 1906, "NOM_BARRIO": "San Fernando Nuevo", "DIRECCION": "76001", "SITIO": "SIN INFORMACION", "X": -76.539843, "Y": 3.428146, "FECHA_HECH": "2024-06-13T00:00:00", "HORA_HECHO": "05:37", "ESTRATO": 4 }, "geometry": { "type": "Point", "coordinates": [ -76.539843, 3.428146 ] } },
{ "type": "Feature", "properties": { "DELITO": "HURTO", "TIPO_HURTO": "HURTO A PERSONAS", "MODALIDAD": "ATRACO", "COMUNA": 19, "NOM_COMUNA": "COMUNA 19", "BARRIO": 1912, "NOM_BARRIO": "3 de Julio", "DIRECCION": "76001 CARRERA 27 5B 47", "SITIO": "VIA PUBLICA", "X": -76.540126, "Y": 3.433328, "FECHA_HECH": "2024-06-06T00:00:00", "HORA_HECHO": "10:48", "ESTRATO": 4 }, "geometry": { "type": "Point", "coordinates": [ -76.540126, 3.433328 ] } },
{ "type": "Feature", "properties": { "DELITO": "HURTO", "TIPO_HURTO": "HURTO DE VEHICULOS", "MODALIDAD": "HALADO", "COMUNA": 19, "NOM_COMUNA": "COMUNA 19", "BARRIO": 1905, "NOM_BARRIO": "Eucaristico", "DIRECCION": "76001 CALLE 9 34-03, BARRIO EUCARISTICO, CALI, VALLE DEL CAUCA", "SITIO": "VIA PUBLICA", "X": -76.537926, "Y": 3.425619, "FECHA_HECH": "2024-06-11T00:00:00", "HORA_HECHO": "10:30", "ESTRATO": 4 }, "geometry": { "type": "Point", "coordinates": [ -76.537926, 3.425619 ] } },
{ "type": "Feature", "properties": { "DELITO": "HURTO", "TIPO_HURTO": "HURTO A PERSONAS", "MODALIDAD": "COSQUILLEO", "COMUNA": 19, "NOM_COMUNA": "COMUNA 19", "BARRIO": 1912, "NOM_BARRIO": "3 de Julio", "DIRECCION": "76001 CALLE 5 52, SAN FERNANDO VIEJO, CALI, VALLE DEL CAUCA", "SITIO": "ESTABLECIMIENTO PUBLICO", "X": -76.54028, "Y": 3.435541, "FECHA_HECH": "2024-06-15T00:00:00", "HORA_HECHO": "15:00", "ESTRATO": 4 }, "geometry": { "type": "Point", "coordinates": [ -76.54028, 3.435541 ] } },
{ "type": "Feature", "properties": { "DELITO": "HURTO", "TIPO_HURTO": "HURTO A PERSONAS", "MODALIDAD": "ATRACO", "COMUNA": 19, "NOM_COMUNA": "COMUNA 19", "BARRIO": 1913, "NOM_BARRIO": "El Cedro", "DIRECCION": "76001 KR 30 CL 7-22 CARRERA 30 CON CALLE 7 22", "SITIO": "SIN INFORMACION", "X": -76.53793, "Y": 3.430472, "FECHA_HECH": "2024-07-05T00:00:00", "HORA_HECHO": "20:30", "ESTRATO": 4 }, "geometry": { "type": "Point", "coordinates": [ -76.53793, 3.430472 ] } },
{ "type": "Feature", "properties": { "DELITO": "HURTO", "TIPO_HURTO": "HURTO A PERSONAS", "MODALIDAD": "ATRACO", "COMUNA": 19, "NOM_COMUNA": "COMUNA 19", "BARRIO": 1906, "NOM_BARRIO": "San Fernando Nuevo", "DIRECCION": "76001 CALLE 5B4 36B 73", "SITIO": "VIA PUBLICA", "X": -76.541536, "Y": 3.426652, "FECHA_HECH": "2024-07-05T00:00:00", "HORA_HECHO": "22:00", "ESTRATO": 4 }, "geometry": { "type": "Point", "coordinates": [ -76.541536, 3.426652 ] } },
{ "type": "Feature", "properties": { "DELITO": "HURTO", "TIPO_HURTO": "HURTO A PERSONAS", "MODALIDAD": "RAPONAZO", "COMUNA": 19, "NOM_COMUNA": "COMUNA 19", "BARRIO": 1905, "NOM_BARRIO": "Eucaristico", "DIRECCION": "76001 CALLE 9 CON CARRERA 36, BARRIO EUCARISTICO, CALI, VALLE DEL CAUCA", "SITIO": "VIA PUBLICA", "X": -76.537896, "Y": 3.425535, "FECHA_HECH": "2024-07-08T00:00:00", "HORA_HECHO": "10:01", "ESTRATO": 4 }, "geometry": { "type": "Point", "coordinates": [ -76.537896, 3.425535 ] } },
{ "type": "Feature", "properties": { "DELITO": "HURTO", "TIPO_HURTO": "HURTO DE MOTOCICLETAS", "MODALIDAD": "HALADO", "COMUNA": 19, "NOM_COMUNA": "COMUNA 19", "BARRIO": 1912, "NOM_BARRIO": "3 de Julio", "DIRECCION": "76001 CALLE 5 24A 45", "SITIO": "VIA PUBLICA", "X": -76.539319, "Y": 3.436728, "FECHA_HECH": "2024-07-09T00:00:00", "HORA_HECHO": "18:30", "ESTRATO": 4 }, "geometry": { "type": "Point", "coordinates": [ -76.539319, 3.436728 ] } },
{ "type": "Feature", "properties": { "DELITO": "HURTO", "TIPO_HURTO": "HURTO DE MOTOCICLETAS", "MODALIDAD": "HALADO", "COMUNA": 19, "NOM_COMUNA": "COMUNA 19", "BARRIO": 1912, "NOM_BARRIO": "3 de Julio", "DIRECCION": "76001 CALLE 5B, SAN FERNANDO VIEJO, CALI, VALLE DEL CAUCA", "SITIO": "VIA PUBLICA", "X": -76.540421, "Y": 3.435285, "FECHA_HECH": "2024-07-16T00:00:00", "HORA_HECHO": "19:30", "ESTRATO": 4 }, "geometry": { "type": "Point", "coordinates": [ -76.540421, 3.435285 ] } },
{ "type": "Feature", "properties": { "DELITO": "HURTO", "TIPO_HURTO": "HURTO DE VEHICULOS", "MODALIDAD": "HALADO", "COMUNA": 19, "NOM_COMUNA": "COMUNA 19", "BARRIO": 1912, "NOM_BARRIO": "3 de Julio", "DIRECCION": "76001 CARRERA 26 5B 08, SANTIAGO DE CALI, CALI, VALLE DEL CAUCA", "SITIO": "DOMICILIO", "X": -76.540301, "Y": 3.434281, "FECHA_HECH": "2024-07-27T00:00:00", "HORA_HECHO": "00:00", "ESTRATO": 4 }, "geometry": { "type": "Point", "coordinates": [ -76.540301, 3.434281 ] } },
{ "type": "Feature", "properties": { "DELITO": "HURTO", "TIPO_HURTO": "HURTO A PERSONAS", "MODALIDAD": "ROMPIMIENTO DE VIDRIO", "COMUNA": 19, "NOM_COMUNA": "COMUNA 19", "BARRIO": 1905, "NOM_BARRIO": "Eucaristico", "DIRECCION": "76001 CALLE 8 32, BARRIO EUCARISTICO, CALI, VALLE DEL CAUCA", "SITIO": "PARQUEADERO", "X": -76.538124, "Y": 3.426999, "FECHA_HECH": "2024-08-15T00:00:00", "HORA_HECHO": "15:00", "ESTRATO": 4 }, "geometry": { "type": "Point", "coordinates": [ -76.538124, 3.426999 ] } },
{ "type": "Feature", "properties": { "DELITO": "HURTO", "TIPO_HURTO": "HURTO DE MOTOCICLETAS", "MODALIDAD": "ATRACO", "COMUNA": 19, "NOM_COMUNA": "COMUNA 19", "BARRIO": 1912, "NOM_BARRIO": "3 de Julio", "DIRECCION": "76001 Carrera 27 09-51, 3 de Julio, Cali, Valle del Cauca, COL,3 DE JULIO", "SITIO": "SIN INFORMACION", "X": -76.539639, "Y": 3.433365, "FECHA_HECH": "2024-08-31T00:00:00", "HORA_HECHO": "03:20", "ESTRATO": 4 }, "geometry": { "type": "Point", "coordinates": [ -76.539639, 3.433365 ] } },
{ "type": "Feature", "properties": { "DELITO": "HURTO", "TIPO_HURTO": "HURTO DE MOTOCICLETAS", "MODALIDAD": "ATRACO", "COMUNA": 19, "NOM_COMUNA": "COMUNA 19", "BARRIO": 1913, "NOM_BARRIO": "El Cedro", "DIRECCION": "76001 BANCOLOMBIA AVENIDA ROOSEVELT", "SITIO": "VIA PUBLICA", "X": -76.538707, "Y": 3.434632, "FECHA_HECH": "2024-09-09T00:00:00", "HORA_HECHO": "00:00", "ESTRATO": 4 }, "geometry": { "type": "Point", "coordinates": [ -76.538707, 3.434632 ] } },
{ "type": "Feature", "properties": { "DELITO": "HURTO", "TIPO_HURTO": "HURTO A PERSONAS", "MODALIDAD": "ROMPIMIENTO DE VIDRIO", "COMUNA": 19, "NOM_COMUNA": "COMUNA 19", "BARRIO": 1912, "NOM_BARRIO": "3 de Julio", "DIRECCION": "76001 CARRERA 27 5C 46, SANTIAGO DE CALI, CALI, VALLE DEL CAUCA", "SITIO": "VIA PUBLICA", "X": -76.53917, "Y": 3.433149, "FECHA_HECH": "2024-09-05T00:00:00", "HORA_HECHO": "00:00", "ESTRATO": 4 }, "geometry": { "type": "Point", "coordinates": [ -76.53917, 3.433149 ] } },
{ "type": "Feature", "properties": { "DELITO": "HURTO", "TIPO_HURTO": "HURTO A PERSONAS", "MODALIDAD": "ATRACO", "COMUNA": 19, "NOM_COMUNA": "COMUNA 19", "BARRIO": 1905, "NOM_BARRIO": "Eucaristico", "DIRECCION": "76001 CARRERA 36A, BARRIO EUCARISTICO, CALI, VALLE DEL CAUCA", "SITIO": "VIA PUBLICA", "X": -76.539251, "Y": 3.425723, "FECHA_HECH": "2024-09-07T00:00:00", "HORA_HECHO": "20:40", "ESTRATO": 4 }, "geometry": { "type": "Point", "coordinates": [ -76.539251, 3.425723 ] } },
{ "type": "Feature", "properties": { "DELITO": "HURTO", "TIPO_HURTO": "HURTO DE VEHICULOS", "MODALIDAD": "HALADO", "COMUNA": 19, "NOM_COMUNA": "COMUNA 19", "BARRIO": 1906, "NOM_BARRIO": "San Fernando Nuevo", "DIRECCION": "76001 CALLE 5B4 34 88", "SITIO": "VIA PUBLICA", "X": -76.539842, "Y": 3.428347, "FECHA_HECH": "2024-08-27T00:00:00", "HORA_HECHO": "09:30", "ESTRATO": 4 }, "geometry": { "type": "Point", "coordinates": [ -76.539842, 3.428347 ] } },
{ "type": "Feature", "properties": { "DELITO": "HURTO", "TIPO_HURTO": "HURTO DE BICICLETAS", "MODALIDAD": "ATRACO", "COMUNA": 19, "NOM_COMUNA": "COMUNA 19", "BARRIO": 1912, "NOM_BARRIO": "3 de Julio", "DIRECCION": "76001 CL 10 CON CON KR 26 ESTE CALLE 10 CON CARRERA 26", "SITIO": "VIA PUBLICA", "X": -76.53966, "Y": 3.434664, "FECHA_HECH": "2024-09-13T00:00:00", "HORA_HECHO": "05:30", "ESTRATO": 4 }, "geometry": { "type": "Point", "coordinates": [ -76.53966, 3.434664 ] } },
{ "type": "Feature", "properties": { "DELITO": "HURTO", "TIPO_HURTO": "HURTO DE VEHICULOS", "MODALIDAD": "HALADO", "COMUNA": 19, "NOM_COMUNA": "COMUNA 19", "BARRIO": 1913, "NOM_BARRIO": "El Cedro", "DIRECCION": "76001 AVENIDA ROOSEVELT 30 64", "SITIO": "VIA PUBLICA", "X": -76.538935, "Y": 3.430212, "FECHA_HECH": "2024-09-11T00:00:00", "HORA_HECHO": "16:00", "ESTRATO": 4 }, "geometry": { "type": "Point", "coordinates": [ -76.538935, 3.430212 ] } },
{ "type": "Feature", "properties": { "DELITO": "HURTO", "TIPO_HURTO": "HURTO DE MOTOCICLETAS", "MODALIDAD": "ATRACO", "COMUNA": 19, "NOM_COMUNA": "COMUNA 19", "BARRIO": 1913, "NOM_BARRIO": "El Cedro", "DIRECCION": "76001 AVENIDA ROOSEVELT 24 22", "SITIO": "VIA PUBLICA", "X": -76.538625, "Y": 3.436776, "FECHA_HECH": "2024-10-07T00:00:00", "HORA_HECHO": "19:45", "ESTRATO": 4 }, "geometry": { "type": "Point", "coordinates": [ -76.538625, 3.436776 ] } },
{ "type": "Feature", "properties": { "DELITO": "HURTO", "TIPO_HURTO": "HURTO A PERSONAS", "MODALIDAD": "FACTOR DE OPORTUNIDAD", "COMUNA": 19, "NOM_COMUNA": "COMUNA 19", "BARRIO": 1906, "NOM_BARRIO": "San Fernando Nuevo", "DIRECCION": "76001 CL 5 B4 SUR CON CON KR 34 OCCIDENTE", "SITIO": "SIN INFORMACION", "X": -76.539825, "Y": 3.428588, "FECHA_HECH": "2024-10-15T00:00:00", "HORA_HECHO": "15:30", "ESTRATO": 4 }, "geometry": { "type": "Point", "coordinates": [ -76.539825, 3.428588 ] } },
{ "type": "Feature", "properties": { "DELITO": "HURTO", "TIPO_HURTO": "HURTO A PERSONAS", "MODALIDAD": "COSQUILLEO", "COMUNA": 19, "NOM_COMUNA": "COMUNA 19", "BARRIO": 1905, "NOM_BARRIO": "Eucaristico", "DIRECCION": "76001 Calle 6 34 05, Santiago De Cali, Cali, Valle Del Cauca, COL,BARRIO EUCARÍSTICO", "SITIO": "SIN INFORMACION", "X": -76.539001, "Y": 3.427869, "FECHA_HECH": "2024-10-17T00:00:00", "HORA_HECHO": "22:20", "ESTRATO": 4 }, "geometry": { "type": "Point", "coordinates": [ -76.539001, 3.427869 ] } },
{ "type": "Feature", "properties": { "DELITO": "HURTO", "TIPO_HURTO": "HURTO A RESIDENCIA", "MODALIDAD": "FACTOR DE OPORTUNIDAD", "COMUNA": 19, "NOM_COMUNA": "COMUNA 19", "BARRIO": 1913, "NOM_BARRIO": "El Cedro", "DIRECCION": "76001 AVENIDA ROOSEVELT 24 13", "SITIO": "DOMICILIO", "X": -76.538513, "Y": 3.43637, "FECHA_HECH": "2024-10-27T00:00:00", "HORA_HECHO": "04:30", "ESTRATO": 4 }, "geometry": { "type": "Point", "coordinates": [ -76.538513, 3.43637 ] } },
{ "type": "Feature", "properties": { "DELITO": "HURTO", "TIPO_HURTO": "HURTO A PERSONAS", "MODALIDAD": "ROMPIMIENTO DE VIDRIO", "COMUNA": 19, "NOM_COMUNA": "COMUNA 19", "BARRIO": 1905, "NOM_BARRIO": "Eucaristico", "DIRECCION": "76001 CALLE 6 36, SAN FERNANDO NUEVO, CALI, VALLE DEL CAUCA", "SITIO": "VIA PUBLICA", "X": -76.539818, "Y": 3.42675, "FECHA_HECH": "2024-11-05T00:00:00", "HORA_HECHO": "02:20", "ESTRATO": 4 }, "geometry": { "type": "Point", "coordinates": [ -76.539818, 3.42675 ] } },
{ "type": "Feature", "properties": { "DELITO": "HURTO", "TIPO_HURTO": "HURTO A PERSONAS", "MODALIDAD": "COSQUILLEO", "COMUNA": 19, "NOM_COMUNA": "COMUNA 19", "BARRIO": 1913, "NOM_BARRIO": "El Cedro", "DIRECCION": "76001 CALLE 6 CON CARRERA 28, EL CEDRO, CALI, VALLE DEL CAUCA", "SITIO": "TRANSPORTE PUBLICO URBANO", "X": -76.538746, "Y": 3.432652, "FECHA_HECH": "2024-11-19T00:00:00", "HORA_HECHO": "19:30", "ESTRATO": 4 }, "geometry": { "type": "Point", "coordinates": [ -76.538746, 3.432652 ] } },
{ "type": "Feature", "properties": { "DELITO": "HURTO", "TIPO_HURTO": "HURTO DE MOTOCICLETAS", "MODALIDAD": "ATRACO", "COMUNA": 19, "NOM_COMUNA": "COMUNA 19", "BARRIO": 1905, "NOM_BARRIO": "Eucaristico", "DIRECCION": "76001 CARRERA 34 7 00, SANTIAGO DE CALI, CALI, VALLE DEL CAUCA", "SITIO": "VIA PUBLICA", "X": -76.538367, "Y": 3.427066, "FECHA_HECH": "2024-12-18T00:00:00", "HORA_HECHO": "07:40", "ESTRATO": 4 }, "geometry": { "type": "Point", "coordinates": [ -76.538367, 3.427066 ] } },
{ "type": "Feature", "properties": { "DELITO": "HURTO", "TIPO_HURTO": "HURTO A PERSONAS", "MODALIDAD": "VIOLACION DE CERRADURA", "COMUNA": 19, "NOM_COMUNA": "COMUNA 19", "BARRIO": 1912, "NOM_BARRIO": "3 de Julio", "DIRECCION": "76001 CARRERA 27 5C 88", "SITIO": "ZONA DE PARQUEO", "X": -76.539005, "Y": 3.43322, "FECHA_HECH": "2024-12-26T00:00:00", "HORA_HECHO": "07:30", "ESTRATO": 4 }, "geometry": { "type": "Point", "coordinates": [ -76.539005, 3.43322 ] } },
{ "type": "Feature", "properties": { "DELITO": "HURTO", "TIPO_HURTO": "HURTO A ESTABLECIMIENTOS", "MODALIDAD": "VENTOSA", "COMUNA": 19, "NOM_COMUNA": "COMUNA 19", "BARRIO": 1905, "NOM_BARRIO": "Eucaristico", "DIRECCION": "76001 CARRERA 34 8 34, SANTIAGO DE CALI, CALI, VALLE DEL CAUCA, COL,BARRIO EUCARÍSTICO", "SITIO": "ESTABLECIMIENTO DE COMERCIO", "X": -76.537909, "Y": 3.426319, "FECHA_HECH": "2024-03-18T00:00:00", "HORA_HECHO": "09:30", "ESTRATO": 4 }, "geometry": { "type": "Point", "coordinates": [ -76.537909, 3.426319 ] } },
{ "type": "Feature", "properties": { "DELITO": "HURTO", "TIPO_HURTO": "HURTO A CELULARES", "MODALIDAD": "RAPONAZO", "COMUNA": 19, "NOM_COMUNA": "COMUNA 19", "BARRIO": 1913, "NOM_BARRIO": "El Cedro", "DIRECCION": "76001 AVENIDA ROOSEVELT 25 5, EL CEDRO, COMUNA 19, CALI, VALLE DEL CAUCA", "SITIO": "VIA PUBLICA", "X": -76.538696, "Y": 3.435131, "FECHA_HECH": "2024-01-10T00:00:00", "HORA_HECHO": "16:30", "ESTRATO": 4 }, "geometry": { "type": "Point", "coordinates": [ -76.538696, 3.435131 ] } },
{ "type": "Feature", "properties": { "DELITO": "HURTO", "TIPO_HURTO": "HURTO A PERSONAS", "MODALIDAD": "ATRACO", "COMUNA": 19, "NOM_COMUNA": "COMUNA 19", "BARRIO": 1913, "NOM_BARRIO": "El Cedro", "DIRECCION": "76001 Restaurante Rey de Oriente, Calle 7 28 21, El Cedro, Comuna 19, Cali, Valle del Cauca, COL,EL CEDRO", "SITIO": "SIN INFORMACION", "X": -76.537618, "Y": 3.432306, "FECHA_HECH": "2024-01-07T00:00:00", "HORA_HECHO": "01:40", "ESTRATO": 4 }, "geometry": { "type": "Point", "coordinates": [ -76.537618, 3.432306 ] } },
{ "type": "Feature", "properties": { "DELITO": "HURTO", "TIPO_HURTO": "HURTO A PERSONAS", "MODALIDAD": "FACTOR DE OPORTUNIDAD", "COMUNA": 19, "NOM_COMUNA": "COMUNA 19", "BARRIO": 1912, "NOM_BARRIO": "3 de Julio", "DIRECCION": "76001 CALLE 6 26 86, 3 DE JULIO, COMUNA 19, CALI, VALLE DEL CAUCA", "SITIO": "OTRO", "X": -76.538871, "Y": 3.433769, "FECHA_HECH": "2024-01-26T00:00:00", "HORA_HECHO": "01:00", "ESTRATO": 4 }, "geometry": { "type": "Point", "coordinates": [ -76.538871, 3.433769 ] } },
{ "type": "Feature", "properties": { "DELITO": "HURTO", "TIPO_HURTO": "HURTO DE MOTOCICLETAS", "MODALIDAD": "HALADO", "COMUNA": 19, "NOM_COMUNA": "COMUNA 19", "BARRIO": 1912, "NOM_BARRIO": "3 de Julio", "DIRECCION": "76001 AVENIDA ROOSEVELT 25 32, 3 DE JULIO, COMUNA 19, CALI, VALLE DEL CAUCA", "SITIO": "VIA PUBLICA", "X": -76.538817, "Y": 3.434941, "FECHA_HECH": "2024-02-06T00:00:00", "HORA_HECHO": "00:00", "ESTRATO": 4 }, "geometry": { "type": "Point", "coordinates": [ -76.538817, 3.434941 ] } },
{ "type": "Feature", "properties": { "DELITO": "HURTO", "TIPO_HURTO": "HURTO A PERSONAS", "MODALIDAD": "FACTOR DE OPORTUNIDAD", "COMUNA": 19, "NOM_COMUNA": "COMUNA 19", "BARRIO": 1913, "NOM_BARRIO": "El Cedro", "DIRECCION": "76001 Avenida Roosevelt 24, El Cedro, Comuna 19, Cali, Valle del Cauca, COL,EL CEDRO", "SITIO": "SIN INFORMACION", "X": -76.53866, "Y": 3.43664, "FECHA_HECH": "2024-01-19T00:00:00", "HORA_HECHO": "07:34", "ESTRATO": 4 }, "geometry": { "type": "Point", "coordinates": [ -76.53866, 3.43664 ] } },
{ "type": "Feature", "properties": { "DELITO": "HURTO", "TIPO_HURTO": "HURTO A CELULARES", "MODALIDAD": "RAPONAZO", "COMUNA": 19, "NOM_COMUNA": "COMUNA 19", "BARRIO": 1905, "NOM_BARRIO": "Eucaristico", "DIRECCION": "76001 CARRERA 36 CON CALLE 6, BARRIO EUCARÍSTICO, COMUNA 19, CALI, VALLE DEL CAUCA", "SITIO": "VIA PUBLICA", "X": -76.53976, "Y": 3.42683, "FECHA_HECH": "2024-02-14T00:00:00", "HORA_HECHO": "09:30", "ESTRATO": 4 }, "geometry": { "type": "Point", "coordinates": [ -76.53976, 3.42683 ] } },
{ "type": "Feature", "properties": { "DELITO": "HURTO", "TIPO_HURTO": "HURTO A CELULARES", "MODALIDAD": "COSQUILLEO", "COMUNA": 19, "NOM_COMUNA": "COMUNA 19", "BARRIO": 1913, "NOM_BARRIO": "El Cedro", "DIRECCION": "76001 CALLE 6 27 13, EL CEDRO, COMUNA 19, CALI, VALLE DEL CAUCA", "SITIO": "TRANSPORTE MASIVO", "X": -76.538797, "Y": 3.433149, "FECHA_HECH": "2024-03-14T00:00:00", "HORA_HECHO": "08:00", "ESTRATO": 4 }, "geometry": { "type": "Point", "coordinates": [ -76.538797, 3.433149 ] } },
{ "type": "Feature", "properties": { "DELITO": "HURTO", "TIPO_HURTO": "HURTO A PERSONAS", "MODALIDAD": "ATRACO", "COMUNA": 19, "NOM_COMUNA": "COMUNA 19", "BARRIO": 1913, "NOM_BARRIO": "El Cedro", "DIRECCION": "76001 CALLE 7 CON CARRERA 31, EL CEDRO, CALI, VALLE DEL CAUCA", "SITIO": "VIA PUBLICA", "X": -76.538261, "Y": 3.429081, "FECHA_HECH": "2024-04-02T00:00:00", "HORA_HECHO": "00:00", "ESTRATO": 4 }, "geometry": { "type": "Point", "coordinates": [ -76.538261, 3.429081 ] } },
{ "type": "Feature", "properties": { "DELITO": "HURTO", "TIPO_HURTO": "HURTO A ESTABLECIMIENTOS", "MODALIDAD": "VIOLACION DE CERRADURA", "COMUNA": 19, "NOM_COMUNA": "COMUNA 19", "BARRIO": 1913, "NOM_BARRIO": "El Cedro", "DIRECCION": "76001 CARRERA 30A 6 62, EL CEDRO, CALI, VALLE DEL CAUCA", "SITIO": "LUGAR DE TRABAJO", "X": -76.538309, "Y": 3.429784, "FECHA_HECH": "2024-04-11T00:00:00", "HORA_HECHO": "19:00", "ESTRATO": 4 }, "geometry": { "type": "Point", "coordinates": [ -76.538309, 3.429784 ] } },
{ "type": "Feature", "properties": { "DELITO": "HURTO", "TIPO_HURTO": "HURTO A ESTABLECIMIENTOS", "MODALIDAD": "FACTOR DE OPORTUNIDAD", "COMUNA": 19, "NOM_COMUNA": "COMUNA 19", "BARRIO": 1912, "NOM_BARRIO": "3 de Julio", "DIRECCION": "76001 CALLE 5C CON CARRERA 27, 3 DE JULIO, CALI, VALLE DEL CAUCA", "SITIO": "DOMICILIO", "X": -76.539698, "Y": 3.433309, "FECHA_HECH": "2024-04-12T00:00:00", "HORA_HECHO": "09:35", "ESTRATO": 4 }, "geometry": { "type": "Point", "coordinates": [ -76.539698, 3.433309 ] } },
{ "type": "Feature", "properties": { "DELITO": "HURTO", "TIPO_HURTO": "HURTO A PERSONAS", "MODALIDAD": "ATRACO", "COMUNA": 19, "NOM_COMUNA": "COMUNA 19", "BARRIO": 1913, "NOM_BARRIO": "El Cedro", "DIRECCION": "76001 CALLE 9 CON CARRERA 32, EL CEDRO, CALI, VALLE DEL CAUCA", "SITIO": "VIA PUBLICA", "X": -76.536916, "Y": 3.427873, "FECHA_HECH": "2024-04-01T00:00:00", "HORA_HECHO": "01:00", "ESTRATO": 4 }, "geometry": { "type": "Point", "coordinates": [ -76.536916, 3.427873 ] } },
{ "type": "Feature", "properties": { "DELITO": "HURTO", "TIPO_HURTO": "HURTO DE MOTOCICLETAS", "MODALIDAD": "HALADO", "COMUNA": 19, "NOM_COMUNA": "COMUNA 19", "BARRIO": 1905, "NOM_BARRIO": "Eucaristico", "DIRECCION": "76001 CARRERA 34 7-00, BARRIO EUCARISTICO, CALI, VALLE DEL CAUCA", "SITIO": "DOMICILIO", "X": -76.538698, "Y": 3.42744, "FECHA_HECH": "2024-04-16T00:00:00", "HORA_HECHO": "19:00", "ESTRATO": 4 }, "geometry": { "type": "Point", "coordinates": [ -76.538698, 3.42744 ] } },
{ "type": "Feature", "properties": { "DELITO": "HURTO", "TIPO_HURTO": "HURTO DE MOTOCICLETAS", "MODALIDAD": "HALADO", "COMUNA": 19, "NOM_COMUNA": "COMUNA 19", "BARRIO": 1905, "NOM_BARRIO": "Eucaristico", "DIRECCION": "76001 CARRERA 36 CON CALLE 6, SAN FERNANDO NUEVO, CALI, VALLE DEL CAUCA", "SITIO": "VIA PUBLICA", "X": -76.539766, "Y": 3.426855, "FECHA_HECH": "2024-03-01T00:00:00", "HORA_HECHO": "08:30", "ESTRATO": 4 }, "geometry": { "type": "Point", "coordinates": [ -76.539766, 3.426855 ] } },
{ "type": "Feature", "properties": { "DELITO": "HURTO", "TIPO_HURTO": "HURTO A CELULARES", "MODALIDAD": "ATRACO", "COMUNA": 19, "NOM_COMUNA": "COMUNA 19", "BARRIO": 1905, "NOM_BARRIO": "Eucaristico", "DIRECCION": "76001 CALLE 7 37, BARRIO EUCARISTICO, CALI, VALLE DEL CAUCA", "SITIO": "VIA PUBLICA", "X": -76.538586, "Y": 3.427557, "FECHA_HECH": "2024-04-25T00:00:00", "HORA_HECHO": "10:30", "ESTRATO": 4 }, "geometry": { "type": "Point", "coordinates": [ -76.538586, 3.427557 ] } },
{ "type": "Feature", "properties": { "DELITO": "HURTO", "TIPO_HURTO": "HURTO DE AUTOPARTES", "MODALIDAD": "FACTOR DE OPORTUNIDAD", "COMUNA": 19, "NOM_COMUNA": "COMUNA 19", "BARRIO": 1912, "NOM_BARRIO": "3 de Julio", "DIRECCION": "76001 CARRERA 25, 3 DE JULIO, CALI, VALLE DEL CAUCA", "SITIO": "VIA PUBLICA", "X": -76.540036, "Y": 3.435511, "FECHA_HECH": "2024-05-07T00:00:00", "HORA_HECHO": "14:30", "ESTRATO": 4 }, "geometry": { "type": "Point", "coordinates": [ -76.540036, 3.435511 ] } },
{ "type": "Feature", "properties": { "DELITO": "HURTO", "TIPO_HURTO": "HURTO DE MOTOCICLETAS", "MODALIDAD": "ATRACO", "COMUNA": 19, "NOM_COMUNA": "COMUNA 19", "BARRIO": 1912, "NOM_BARRIO": "3 de Julio", "DIRECCION": "76001 CARRERA 26 26-05, 3 DE JULIO, CALI, VALLE DEL CAUCA", "SITIO": "DOMICILIO", "X": -76.538876, "Y": 3.434308, "FECHA_HECH": "2024-07-18T00:00:00", "HORA_HECHO": "05:45", "ESTRATO": 4 }, "geometry": { "type": "Point", "coordinates": [ -76.538876, 3.434308 ] } },
{ "type": "Feature", "properties": { "DELITO": "HURTO", "TIPO_HURTO": "HURTO DE MOTOCICLETAS", "MODALIDAD": "HALADO", "COMUNA": 19, "NOM_COMUNA": "COMUNA 19", "BARRIO": 1913, "NOM_BARRIO": "El Cedro", "DIRECCION": "76001 CARRERA 25 6 51, SANTIAGO DE CALI, CALI, VALLE DEL CAUCA", "SITIO": "VIA PUBLICA", "X": -76.538166, "Y": 3.435463, "FECHA_HECH": "2024-08-22T00:00:00", "HORA_HECHO": "06:30", "ESTRATO": 4 }, "geometry": { "type": "Point", "coordinates": [ -76.538166, 3.435463 ] } },
{ "type": "Feature", "properties": { "DELITO": "HURTO", "TIPO_HURTO": "HURTO A PERSONAS", "MODALIDAD": "VIOLACION DE CERRADURA", "COMUNA": 19, "NOM_COMUNA": "COMUNA 19", "BARRIO": 1913, "NOM_BARRIO": "El Cedro", "DIRECCION": "76001 CALLE 7 26-149, EL CEDRO, CALI, VALLE DEL CAUCA", "SITIO": "ESTABLECIMIENTO DE COMERCIO", "X": -76.537504, "Y": 3.434241, "FECHA_HECH": "2024-09-30T00:00:00", "HORA_HECHO": "20:30", "ESTRATO": 4 }, "geometry": { "type": "Point", "coordinates": [ -76.537504, 3.434241 ] } },
{ "type": "Feature", "properties": { "DELITO": "HURTO", "TIPO_HURTO": "HURTO A PERSONAS", "MODALIDAD": "FACTOR DE OPORTUNIDAD", "COMUNA": 19, "NOM_COMUNA": "COMUNA 19", "BARRIO": 1906, "NOM_BARRIO": "San Fernando Nuevo", "DIRECCION": "76001 Coliseo Evangelista Mora, Calle 5B3, San Fernando Nuevo, Cali, Valle del Cauca, COL,SAN FERNANDO NUEVO", "SITIO": "SIN INFORMACION", "X": -76.5402, "Y": 3.42831, "FECHA_HECH": "2024-10-07T00:00:00", "HORA_HECHO": "01:00", "ESTRATO": 4 }, "geometry": { "type": "Point", "coordinates": [ -76.5402, 3.42831 ] } },
{ "type": "Feature", "properties": { "DELITO": "HURTO", "TIPO_HURTO": "HURTO A PERSONAS", "MODALIDAD": "ATRACO", "COMUNA": 19, "NOM_COMUNA": "COMUNA 19", "BARRIO": 1913, "NOM_BARRIO": "El Cedro", "DIRECCION": "76001 KR 34 OCCIDENTE CON CL 6 SUR", "SITIO": "SIN INFORMACION", "X": -76.53902, "Y": 3.428275, "FECHA_HECH": "2024-10-19T00:00:00", "HORA_HECHO": "04:30", "ESTRATO": 4 }, "geometry": { "type": "Point", "coordinates": [ -76.53902, 3.428275 ] } },
{ "type": "Feature", "properties": { "DELITO": "HURTO", "TIPO_HURTO": "HURTO DE MOTOCICLETAS", "MODALIDAD": "HALADO", "COMUNA": 19, "NOM_COMUNA": "COMUNA 19", "BARRIO": 1913, "NOM_BARRIO": "El Cedro", "DIRECCION": "76001 Calle 6 25 35, Santiago De Cali, Cali, Valle Del Cauca, COL,EL CEDRO", "SITIO": "SIN INFORMACION", "X": -76.538536, "Y": 3.434815, "FECHA_HECH": "2024-10-19T00:00:00", "HORA_HECHO": "19:01", "ESTRATO": 4 }, "geometry": { "type": "Point", "coordinates": [ -76.538536, 3.434815 ] } },
{ "type": "Feature", "properties": { "DELITO": "HURTO", "TIPO_HURTO": "HURTO A PERSONAS", "MODALIDAD": "FACTOR DE OPORTUNIDAD", "COMUNA": 19, "NOM_COMUNA": "COMUNA 19", "BARRIO": 1905, "NOM_BARRIO": "Eucaristico", "DIRECCION": "76001 Carrera 36 6, San Fernando Nuevo, Cali, Valle del Cauca, COL,BARRIO EUCARÍSTICO", "SITIO": "SIN INFORMACION", "X": -76.539758, "Y": 3.42677, "FECHA_HECH": "2024-10-29T00:00:00", "HORA_HECHO": "01:10", "ESTRATO": 4 }, "geometry": { "type": "Point", "coordinates": [ -76.539758, 3.42677 ] } },
{ "type": "Feature", "properties": { "DELITO": "HURTO", "TIPO_HURTO": "HURTO A PERSONAS", "MODALIDAD": "ATRACO", "COMUNA": 19, "NOM_COMUNA": "COMUNA 19", "BARRIO": 1913, "NOM_BARRIO": "El Cedro", "DIRECCION": "76001 CARRERA 34 10, EL CEDRO, CALI, VALLE DEL CAUCA, COL,EL CEDRO", "SITIO": "VIA PUBLICA", "X": -76.538104, "Y": 3.427193, "FECHA_HECH": "2024-11-06T00:00:00", "HORA_HECHO": "07:00", "ESTRATO": 4 }, "geometry": { "type": "Point", "coordinates": [ -76.538104, 3.427193 ] } },
{ "type": "Feature", "properties": { "DELITO": "HURTO", "TIPO_HURTO": "HURTO A PERSONAS", "MODALIDAD": "ATRACO", "COMUNA": 19, "NOM_COMUNA": "COMUNA 19", "BARRIO": 1913, "NOM_BARRIO": "El Cedro", "DIRECCION": "76001 Calle 7 40, Barrio Eucaristico, Cali, Valle del Cauca, COL,BARRIO EUCARÍSTICO", "SITIO": "SIN INFORMACION", "X": -76.538481, "Y": 3.427511, "FECHA_HECH": "2024-11-28T00:00:00", "HORA_HECHO": "04:30", "ESTRATO": 4 }, "geometry": { "type": "Point", "coordinates": [ -76.538481, 3.427511 ] } },
{ "type": "Feature", "properties": { "DELITO": "HURTO", "TIPO_HURTO": "HURTO A PERSONAS", "MODALIDAD": "FACTOR DE OPORTUNIDAD", "COMUNA": 19, "NOM_COMUNA": "COMUNA 19", "BARRIO": 1905, "NOM_BARRIO": "Eucaristico", "DIRECCION": "76001 CALLE 6 34 99", "SITIO": "VIA PUBLICA", "X": -76.53935, "Y": 3.42735, "FECHA_HECH": "2024-11-28T00:00:00", "HORA_HECHO": "09:20", "ESTRATO": 4 }, "geometry": { "type": "Point", "coordinates": [ -76.53935, 3.42735 ] } },
{ "type": "Feature", "properties": { "DELITO": "HURTO", "TIPO_HURTO": "HURTO A CELULARES", "MODALIDAD": "FACTOR DE OPORTUNIDAD", "COMUNA": 19, "NOM_COMUNA": "COMUNA 19", "BARRIO": 1912, "NOM_BARRIO": "3 de Julio", "DIRECCION": "76001 CARRERA 27 CON CALLE 5C, 3 DE JULIO, CALI, VALLE DEL CAUCA", "SITIO": "VIA PUBLICA", "X": -76.539698, "Y": 3.433309, "FECHA_HECH": "2024-12-19T00:00:00", "HORA_HECHO": "05:37", "ESTRATO": 4 }, "geometry": { "type": "Point", "coordinates": [ -76.539698, 3.433309 ] } },
{ "type": "Feature", "properties": { "DELITO": "HURTO", "TIPO_HURTO": "HURTO DE AUTOPARTES", "MODALIDAD": "FACTOR DE OPORTUNIDAD", "COMUNA": 19, "NOM_COMUNA": "COMUNA 19", "BARRIO": 1906, "NOM_BARRIO": "San Fernando Nuevo", "DIRECCION": "76001 CALLE 6 34 100", "SITIO": "PARQUEADERO", "X": -76.539695, "Y": 3.427659, "FECHA_HECH": "2024-12-19T00:00:00", "HORA_HECHO": "08:30", "ESTRATO": 4 }, "geometry": { "type": "Point", "coordinates": [ -76.539695, 3.427659 ] } },
{ "type": "Feature", "properties": { "DELITO": "HURTO", "TIPO_HURTO": "HURTO A RESIDENCIA", "MODALIDAD": "VIOLACION DE CERRADURA", "COMUNA": 19, "NOM_COMUNA": "COMUNA 19", "BARRIO": 1912, "NOM_BARRIO": "3 de Julio", "DIRECCION": "76001 KR 28 CL 5 b-40 SUR KR 28 5B 40", "SITIO": "SIN INFORMACION", "X": -76.540146, "Y": 3.432529, "FECHA_HECH": "2024-01-09T00:00:00", "HORA_HECHO": "17:30", "ESTRATO": 4 }, "geometry": { "type": "Point", "coordinates": [ -76.540146, 3.432529 ] } },
{ "type": "Feature", "properties": { "DELITO": "HURTO", "TIPO_HURTO": "HURTO A PERSONAS", "MODALIDAD": "ATRACO", "COMUNA": 19, "NOM_COMUNA": "COMUNA 19", "BARRIO": 1905, "NOM_BARRIO": "Eucaristico", "DIRECCION": "76001 Avenida Roosevelt 35, Barrio Eucarístico, Comuna 19, Cali, Valle del Cauca, COL,BARRIO EUCARÍSTICO", "SITIO": "SIN INFORMACION", "X": -76.539525, "Y": 3.427035, "FECHA_HECH": "2024-01-20T00:00:00", "HORA_HECHO": "14:30", "ESTRATO": 4 }, "geometry": { "type": "Point", "coordinates": [ -76.539525, 3.427035 ] } },
{ "type": "Feature", "properties": { "DELITO": "HURTO", "TIPO_HURTO": "HURTO A PERSONAS", "MODALIDAD": "ATRACO", "COMUNA": 19, "NOM_COMUNA": "COMUNA 19", "BARRIO": 1913, "NOM_BARRIO": "El Cedro", "DIRECCION": "76001 CARRERA 25 CON CALLE 6, 3 DE JULIO, COMUNA 19, CALI, VALLE DEL CAUCA", "SITIO": "VIA PUBLICA", "X": -76.53875, "Y": 3.43522, "FECHA_HECH": "2024-02-06T00:00:00", "HORA_HECHO": "07:00", "ESTRATO": 4 }, "geometry": { "type": "Point", "coordinates": [ -76.53875, 3.43522 ] } },
{ "type": "Feature", "properties": { "DELITO": "HURTO", "TIPO_HURTO": "HURTO A PERSONAS", "MODALIDAD": "ATRACO", "COMUNA": 19, "NOM_COMUNA": "COMUNA 19", "BARRIO": 1912, "NOM_BARRIO": "3 de Julio", "DIRECCION": "76001 CARRERA 25 5 61, 3 DE JULIO, COMUNA 19, CALI, VALLE DEL CAUCA", "SITIO": "VIA PUBLICA", "X": -76.539774, "Y": 3.435408, "FECHA_HECH": "2024-02-06T00:00:00", "HORA_HECHO": "02:13", "ESTRATO": 4 }, "geometry": { "type": "Point", "coordinates": [ -76.539774, 3.435408 ] } },
{ "type": "Feature", "properties": { "DELITO": "HURTO", "TIPO_HURTO": "HURTO DE AUTOPARTES", "MODALIDAD": "FACTOR DE OPORTUNIDAD", "COMUNA": 19, "NOM_COMUNA": "COMUNA 19", "BARRIO": 1912, "NOM_BARRIO": "3 de Julio", "DIRECCION": "76001 CARRERA 28 5B 2", "SITIO": "VIA PUBLICA", "X": -76.540435, "Y": 3.432603, "FECHA_HECH": "2024-03-18T00:00:00", "HORA_HECHO": "17:00", "ESTRATO": 4 }, "geometry": { "type": "Point", "coordinates": [ -76.540435, 3.432603 ] } },
{ "type": "Feature", "properties": { "DELITO": "HURTO", "TIPO_HURTO": "HURTO A ESTABLECIMIENTOS", "MODALIDAD": "VENTOSA", "COMUNA": 19, "NOM_COMUNA": "COMUNA 19", "BARRIO": 1905, "NOM_BARRIO": "Eucaristico", "DIRECCION": "76001 Avenida Roosevelt 36A 49, Barrio Eucarístico, Comuna 19, Cali, Valle del Cauca, COL,BARRIO EUCARÍSTICO", "SITIO": "SIN INFORMACION", "X": -76.540094, "Y": 3.42557, "FECHA_HECH": "2024-03-08T00:00:00", "HORA_HECHO": "08:15", "ESTRATO": 4 }, "geometry": { "type": "Point", "coordinates": [ -76.540094, 3.42557 ] } },
{ "type": "Feature", "properties": { "DELITO": "HURTO", "TIPO_HURTO": "HURTO DE VEHICULOS", "MODALIDAD": "HALADO", "COMUNA": 19, "NOM_COMUNA": "COMUNA 19", "BARRIO": 1905, "NOM_BARRIO": "Eucaristico", "DIRECCION": "76001 CALLE 9 CON CARRERA 34, BARRIO EUCARÍSTICO, COMUNA 19, CALI, VALLE DEL CAUCA", "SITIO": "ZONA DE PARQUEO", "X": -76.53759, "Y": 3.42618, "FECHA_HECH": "2024-03-22T00:00:00", "HORA_HECHO": "00:00", "ESTRATO": 4 }, "geometry": { "type": "Point", "coordinates": [ -76.53759, 3.42618 ] } },
{ "type": "Feature", "properties": { "DELITO": "HURTO", "TIPO_HURTO": "HURTO A ESTABLECIMIENTOS", "MODALIDAD": "ATRACO", "COMUNA": 19, "NOM_COMUNA": "COMUNA 19", "BARRIO": 1912, "NOM_BARRIO": "3 de Julio", "DIRECCION": "76001 CARRERA 27 44-05, 3 DE JULIO, CALI, VALLE DEL CAUCA", "SITIO": "ESTABLECIMIENTO DE COMERCIO", "X": -76.539639, "Y": 3.433365, "FECHA_HECH": "2024-03-27T00:00:00", "HORA_HECHO": "16:04", "ESTRATO": 4 }, "geometry": { "type": "Point", "coordinates": [ -76.539639, 3.433365 ] } },
{ "type": "Feature", "properties": { "DELITO": "HURTO", "TIPO_HURTO": "HURTO DE AUTOPARTES", "MODALIDAD": "FACTOR DE OPORTUNIDAD", "COMUNA": 19, "NOM_COMUNA": "COMUNA 19", "BARRIO": 1905, "NOM_BARRIO": "Eucaristico", "DIRECCION": "76001 CARRERA 36 86, SAN FERNANDO NUEVO, CALI, VALLE DEL CAUCA", "SITIO": "VIA PUBLICA", "X": -76.539747, "Y": 3.426759, "FECHA_HECH": "2024-04-02T00:00:00", "HORA_HECHO": "20:00", "ESTRATO": 4 }, "geometry": { "type": "Point", "coordinates": [ -76.539747, 3.426759 ] } },
{ "type": "Feature", "properties": { "DELITO": "HURTO", "TIPO_HURTO": "HURTO A CELULARES", "MODALIDAD": "COSQUILLEO", "COMUNA": 19, "NOM_COMUNA": "COMUNA 19", "BARRIO": 1912, "NOM_BARRIO": "3 de Julio", "DIRECCION": "76001 CALLE 5 24, SAN FERNANDO VIEJO, CALI, VALLE DEL CAUCA", "SITIO": "TRANSPORTE MASIVO", "X": -76.540313, "Y": 3.435502, "FECHA_HECH": "2024-04-11T00:00:00", "HORA_HECHO": "18:05", "ESTRATO": 4 }, "geometry": { "type": "Point", "coordinates": [ -76.540313, 3.435502 ] } },
{ "type": "Feature", "properties": { "DELITO": "HURTO", "TIPO_HURTO": "HURTO A PERSONAS", "MODALIDAD": "COSQUILLEO", "COMUNA": 19, "NOM_COMUNA": "COMUNA 19", "BARRIO": 1912, "NOM_BARRIO": "3 de Julio", "DIRECCION": "76001 CALLE 5 36, SAN FERNANDO VIEJO, CALI, VALLE DEL CAUCA", "SITIO": "VIA PUBLICA", "X": -76.540299, "Y": 3.435519, "FECHA_HECH": "2024-04-04T00:00:00", "HORA_HECHO": "09:00", "ESTRATO": 4 }, "geometry": { "type": "Point", "coordinates": [ -76.540299, 3.435519 ] } },
{ "type": "Feature", "properties": { "DELITO": "HURTO", "TIPO_HURTO": "HURTO A PERSONAS", "MODALIDAD": "VIOLACION DE CERRADURA", "COMUNA": 19, "NOM_COMUNA": "COMUNA 19", "BARRIO": 1913, "NOM_BARRIO": "El Cedro", "DIRECCION": "76001 Calle 7 31 60, El Cedro, Cali, Valle del Cauca, COL,EL CEDRO", "SITIO": "SIN INFORMACION", "X": -76.538621, "Y": 3.42856, "FECHA_HECH": "2024-04-04T00:00:00", "HORA_HECHO": "19:00", "ESTRATO": 4 }, "geometry": { "type": "Point", "coordinates": [ -76.538621, 3.42856 ] } },
{ "type": "Feature", "properties": { "DELITO": "HURTO", "TIPO_HURTO": "HURTO A PERSONAS", "MODALIDAD": "ATRACO", "COMUNA": 19, "NOM_COMUNA": "COMUNA 19", "BARRIO": 1913, "NOM_BARRIO": "El Cedro", "DIRECCION": "76001 BANCOLOMBIA AVENIDA ROOSEVELT", "SITIO": "VIA PUBLICA", "X": -76.538707, "Y": 3.434632, "FECHA_HECH": "2024-04-16T00:00:00", "HORA_HECHO": "10:30", "ESTRATO": 4 }, "geometry": { "type": "Point", "coordinates": [ -76.538707, 3.434632 ] } },
{ "type": "Feature", "properties": { "DELITO": "HURTO", "TIPO_HURTO": "HURTO A PERSONAS", "MODALIDAD": "FACTOR DE OPORTUNIDAD", "COMUNA": 19, "NOM_COMUNA": "COMUNA 19", "BARRIO": 1905, "NOM_BARRIO": "Eucaristico", "DIRECCION": "76001 Carrera 36 5, San Fernando Nuevo, Cali, Valle del Cauca, COL,BARRIO EUCARÍSTICO", "SITIO": "SIN INFORMACION", "X": -76.53968, "Y": 3.426854, "FECHA_HECH": "2024-03-02T00:00:00", "HORA_HECHO": "00:53", "ESTRATO": 4 }, "geometry": { "type": "Point", "coordinates": [ -76.53968, 3.426854 ] } },
{ "type": "Feature", "properties": { "DELITO": "HURTO", "TIPO_HURTO": "HURTO DE MOTOCICLETAS", "MODALIDAD": "HALADO", "COMUNA": 19, "NOM_COMUNA": "COMUNA 19", "BARRIO": 1905, "NOM_BARRIO": "Eucaristico", "DIRECCION": "76001 AVENIDA ROOSEVELT 36A 98", "SITIO": "VIA PUBLICA", "X": -76.539998, "Y": 3.425976, "FECHA_HECH": "2024-05-10T00:00:00", "HORA_HECHO": "19:40", "ESTRATO": 4 }, "geometry": { "type": "Point", "coordinates": [ -76.539998, 3.425976 ] } },
{ "type": "Feature", "properties": { "DELITO": "HURTO", "TIPO_HURTO": "HURTO A PERSONAS", "MODALIDAD": "VIOLACION DE CERRADURA", "COMUNA": 19, "NOM_COMUNA": "COMUNA 19", "BARRIO": 1913, "NOM_BARRIO": "El Cedro", "DIRECCION": "76001 Calle 6 24 69, Santiago De Cali, Cali, Valle Del Cauca, COL,EL CEDRO", "SITIO": "SIN INFORMACION", "X": -76.538367, "Y": 3.436801, "FECHA_HECH": "2024-05-31T00:00:00", "HORA_HECHO": "03:50", "ESTRATO": 4 }, "geometry": { "type": "Point", "coordinates": [ -76.538367, 3.436801 ] } },
{ "type": "Feature", "properties": { "DELITO": "HURTO", "TIPO_HURTO": "HURTO DE AUTOPARTES", "MODALIDAD": "FACTOR DE OPORTUNIDAD", "COMUNA": 19, "NOM_COMUNA": "COMUNA 19", "BARRIO": 1913, "NOM_BARRIO": "El Cedro", "DIRECCION": "76001 CARRERA 34 10, EL CEDRO, CALI, VALLE DEL CAUCA", "SITIO": "VIA PUBLICA", "X": -76.538104, "Y": 3.427193, "FECHA_HECH": "2024-06-06T00:00:00", "HORA_HECHO": "18:00", "ESTRATO": 4 }, "geometry": { "type": "Point", "coordinates": [ -76.538104, 3.427193 ] } },
{ "type": "Feature", "properties": { "DELITO": "HURTO", "TIPO_HURTO": "HURTO A PERSONAS", "MODALIDAD": "ATRACO", "COMUNA": 19, "NOM_COMUNA": "COMUNA 19", "BARRIO": 1912, "NOM_BARRIO": "3 de Julio", "DIRECCION": "76001 Calle 6 28 04, Santiago De Cali, Cali, Valle Del Cauca, COL,3 DE JULIO", "SITIO": "SIN INFORMACION", "X": -76.539395, "Y": 3.432098, "FECHA_HECH": "2024-06-12T00:00:00", "HORA_HECHO": "01:25", "ESTRATO": 4 }, "geometry": { "type": "Point", "coordinates": [ -76.539395, 3.432098 ] } },
{ "type": "Feature", "properties": { "DELITO": "HURTO", "TIPO_HURTO": "HURTO A PERSONAS", "MODALIDAD": "FACTOR DE OPORTUNIDAD", "COMUNA": 19, "NOM_COMUNA": "COMUNA 19", "BARRIO": 1912, "NOM_BARRIO": "3 de Julio", "DIRECCION": "76001 Carrera 29 5b 49, Santiago De Cali, Cali, Valle Del Cauca, COL,3 DE JULIO", "SITIO": "SIN INFORMACION", "X": -76.539666, "Y": 3.432318, "FECHA_HECH": "2024-06-13T00:00:00", "HORA_HECHO": "11:30", "ESTRATO": 4 }, "geometry": { "type": "Point", "coordinates": [ -76.539666, 3.432318 ] } },
{ "type": "Feature", "properties": { "DELITO": "HURTO", "TIPO_HURTO": "HURTO A CELULARES", "MODALIDAD": "ATRACO", "COMUNA": 19, "NOM_COMUNA": "COMUNA 19", "BARRIO": 1905, "NOM_BARRIO": "Eucaristico", "DIRECCION": "76001 CARRERA 36 CON CALLE 7, BARRIO EUCARISTICO, CALI, VALLE DEL CAUCA", "SITIO": "VIA PUBLICA", "X": -76.539112, "Y": 3.426105, "FECHA_HECH": "2024-06-20T00:00:00", "HORA_HECHO": "21:30", "ESTRATO": 4 }, "geometry": { "type": "Point", "coordinates": [ -76.539112, 3.426105 ] } },
{ "type": "Feature", "properties": { "DELITO": "HURTO", "TIPO_HURTO": "HURTO A CELULARES", "MODALIDAD": "ATRACO", "COMUNA": 19, "NOM_COMUNA": "COMUNA 19", "BARRIO": 1913, "NOM_BARRIO": "El Cedro", "DIRECCION": "76001 CALLE 7 CON CARRERA 26, EL CEDRO, CALI, VALLE DEL CAUCA", "SITIO": "ESTABLECIMIENTO PUBLICO", "X": -76.537445, "Y": 3.434297, "FECHA_HECH": "2024-06-30T00:00:00", "HORA_HECHO": "10:00", "ESTRATO": 4 }, "geometry": { "type": "Point", "coordinates": [ -76.537445, 3.434297 ] } },
{ "type": "Feature", "properties": { "DELITO": "HURTO", "TIPO_HURTO": "HURTO A RESIDENCIA", "MODALIDAD": "VIOLACION DE CERRADURA", "COMUNA": 19, "NOM_COMUNA": "COMUNA 19", "BARRIO": 1913, "NOM_BARRIO": "El Cedro", "DIRECCION": "76001 CARRERA 27 6A 48, SANTIAGO DE CALI, CALI, VALLE DEL CAUCA", "SITIO": "DOMICILIO", "X": -76.53791, "Y": 3.432696, "FECHA_HECH": "2024-07-22T00:00:00", "HORA_HECHO": "01:22", "ESTRATO": 4 }, "geometry": { "type": "Point", "coordinates": [ -76.53791, 3.432696 ] } },
{ "type": "Feature", "properties": { "DELITO": "HURTO", "TIPO_HURTO": "HURTO A PERSONAS", "MODALIDAD": "FACTOR DE OPORTUNIDAD", "COMUNA": 19, "NOM_COMUNA": "COMUNA 19", "BARRIO": 1913, "NOM_BARRIO": "El Cedro", "DIRECCION": "76001 Carrera 30a 6 52, Santiago De Cali, Cali, Valle Del Cauca, COL,EL CEDRO", "SITIO": "SIN INFORMACION", "X": -76.538687, "Y": 3.429793, "FECHA_HECH": "2024-07-15T00:00:00", "HORA_HECHO": "23:03", "ESTRATO": 4 }, "geometry": { "type": "Point", "coordinates": [ -76.538687, 3.429793 ] } },
{ "type": "Feature", "properties": { "DELITO": "HURTO", "TIPO_HURTO": "HURTO A PERSONAS", "MODALIDAD": "RAPONAZO", "COMUNA": 19, "NOM_COMUNA": "COMUNA 19", "BARRIO": 1913, "NOM_BARRIO": "El Cedro", "DIRECCION": "76001", "SITIO": "SIN INFORMACION", "X": -76.538149, "Y": 3.427066, "FECHA_HECH": "2024-07-24T00:00:00", "HORA_HECHO": "21:30", "ESTRATO": 4 }, "geometry": { "type": "Point", "coordinates": [ -76.538149, 3.427066 ] } },
{ "type": "Feature", "properties": { "DELITO": "HURTO", "TIPO_HURTO": "HURTO A PERSONAS", "MODALIDAD": "FACTOR DE OPORTUNIDAD", "COMUNA": 19, "NOM_COMUNA": "COMUNA 19", "BARRIO": 1912, "NOM_BARRIO": "3 de Julio", "DIRECCION": "76001 Carrera 27 105-108, 3 de Julio, Cali, Valle del Cauca, COL,3 DE JULIO", "SITIO": "SIN INFORMACION", "X": -76.539641, "Y": 3.433251, "FECHA_HECH": "2024-08-08T00:00:00", "HORA_HECHO": "21:30", "ESTRATO": 4 }, "geometry": { "type": "Point", "coordinates": [ -76.539641, 3.433251 ] } },
{ "type": "Feature", "properties": { "DELITO": "HURTO", "TIPO_HURTO": "HURTO A PERSONAS", "MODALIDAD": "ATRACO", "COMUNA": 19, "NOM_COMUNA": "COMUNA 19", "BARRIO": 1905, "NOM_BARRIO": "Eucaristico", "DIRECCION": "76001 CARRERA 36 5, SAN FERNANDO NUEVO, CALI, VALLE DEL CAUCA", "SITIO": "VIA PUBLICA", "X": -76.53968, "Y": 3.426854, "FECHA_HECH": "2024-08-07T00:00:00", "HORA_HECHO": "05:03", "ESTRATO": 4 }, "geometry": { "type": "Point", "coordinates": [ -76.53968, 3.426854 ] } },
{ "type": "Feature", "properties": { "DELITO": "HURTO", "TIPO_HURTO": "HURTO DE MOTOCICLETAS", "MODALIDAD": "HALADO", "COMUNA": 19, "NOM_COMUNA": "COMUNA 19", "BARRIO": 1913, "NOM_BARRIO": "El Cedro", "DIRECCION": "76001 CARRERA 25 6 51, SANTIAGO DE CALI, CALI, VALLE DEL CAUCA", "SITIO": "VIA PUBLICA", "X": -76.538166, "Y": 3.435463, "FECHA_HECH": "2024-08-16T00:00:00", "HORA_HECHO": "06:30", "ESTRATO": 4 }, "geometry": { "type": "Point", "coordinates": [ -76.538166, 3.435463 ] } },
{ "type": "Feature", "properties": { "DELITO": "HURTO", "TIPO_HURTO": "HURTO A PERSONAS", "MODALIDAD": "ENGAÑO", "COMUNA": 19, "NOM_COMUNA": "COMUNA 19", "BARRIO": 1912, "NOM_BARRIO": "3 de Julio", "DIRECCION": "76001 Biblioteca Departamental Jorge Garces Borrero, Calle 5, 3 de Julio, Cali, Valle del Cauca, COL,3 DE JULIO", "SITIO": "SIN INFORMACION", "X": -76.539452, "Y": 3.436322, "FECHA_HECH": "2024-08-29T00:00:00", "HORA_HECHO": "05:40", "ESTRATO": 4 }, "geometry": { "type": "Point", "coordinates": [ -76.539452, 3.436322 ] } },
{ "type": "Feature", "properties": { "DELITO": "HURTO", "TIPO_HURTO": "HURTO A CELULARES", "MODALIDAD": "ATRACO", "COMUNA": 19, "NOM_COMUNA": "COMUNA 19", "BARRIO": 1912, "NOM_BARRIO": "3 de Julio", "DIRECCION": "76001 CALLE 5C 29 83", "SITIO": "VIA PUBLICA", "X": -76.539574, "Y": 3.431093, "FECHA_HECH": "2024-08-31T00:00:00", "HORA_HECHO": "01:00", "ESTRATO": 4 }, "geometry": { "type": "Point", "coordinates": [ -76.539574, 3.431093 ] } },
{ "type": "Feature", "properties": { "DELITO": "HURTO", "TIPO_HURTO": "HURTO A ESTABLECIMIENTOS", "MODALIDAD": "FACTOR DE OPORTUNIDAD", "COMUNA": 19, "NOM_COMUNA": "COMUNA 19", "BARRIO": 1913, "NOM_BARRIO": "El Cedro", "DIRECCION": "76001 Calle 7 28 32, Santiago De Cali, Cali, Valle Del Cauca, COL,EL CEDRO", "SITIO": "SIN INFORMACION", "X": -76.537727, "Y": 3.432077, "FECHA_HECH": "2024-08-16T00:00:00", "HORA_HECHO": "22:20", "ESTRATO": 4 }, "geometry": { "type": "Point", "coordinates": [ -76.537727, 3.432077 ] } },
{ "type": "Feature", "properties": { "DELITO": "HURTO", "TIPO_HURTO": "HURTO A PERSONAS", "MODALIDAD": "RAPONAZO", "COMUNA": 19, "NOM_COMUNA": "COMUNA 19", "BARRIO": 1913, "NOM_BARRIO": "El Cedro", "DIRECCION": "76001 Carrera 26 6a 08, Santiago De Cali, Cali, Valle Del Cauca, COL,EL CEDRO", "SITIO": "SIN INFORMACION", "X": -76.538005, "Y": 3.4342, "FECHA_HECH": "2024-09-10T00:00:00", "HORA_HECHO": "21:45", "ESTRATO": 4 }, "geometry": { "type": "Point", "coordinates": [ -76.538005, 3.4342 ] } },
{ "type": "Feature", "properties": { "DELITO": "HURTO", "TIPO_HURTO": "HURTO A ESTABLECIMIENTOS", "MODALIDAD": "FACTOR DE OPORTUNIDAD", "COMUNA": 19, "NOM_COMUNA": "COMUNA 19", "BARRIO": 1913, "NOM_BARRIO": "El Cedro", "DIRECCION": "76001 CARRERA 34 10, EL CEDRO, CALI, VALLE DEL CAUCA", "SITIO": "OTRO", "X": -76.538104, "Y": 3.427193, "FECHA_HECH": "2024-07-05T00:00:00", "HORA_HECHO": "01:28", "ESTRATO": 4 }, "geometry": { "type": "Point", "coordinates": [ -76.538104, 3.427193 ] } },
{ "type": "Feature", "properties": { "DELITO": "HURTO", "TIPO_HURTO": "HURTO A PERSONAS", "MODALIDAD": "ROMPIMIENTO DE VIDRIO", "COMUNA": 19, "NOM_COMUNA": "COMUNA 19", "BARRIO": 1905, "NOM_BARRIO": "Eucaristico", "DIRECCION": "76001 AVENIDA ROOSEVELT 36A 7", "SITIO": "ZONA DE PARQUEO", "X": -76.539933, "Y": 3.425837, "FECHA_HECH": "2024-11-07T00:00:00", "HORA_HECHO": "21:00", "ESTRATO": 4 }, "geometry": { "type": "Point", "coordinates": [ -76.539933, 3.425837 ] } },
{ "type": "Feature", "properties": { "DELITO": "HURTO", "TIPO_HURTO": "HURTO A ESTABLECIMIENTOS", "MODALIDAD": "FACTOR DE OPORTUNIDAD", "COMUNA": 19, "NOM_COMUNA": "COMUNA 19", "BARRIO": 1905, "NOM_BARRIO": "Eucaristico", "DIRECCION": "76001 CALLE 8 34 30", "SITIO": "ESTABLECIMIENTO DE COMERCIO", "X": -76.538253, "Y": 3.426574, "FECHA_HECH": "2024-11-25T00:00:00", "HORA_HECHO": "18:00", "ESTRATO": 4 }, "geometry": { "type": "Point", "coordinates": [ -76.538253, 3.426574 ] } },
{ "type": "Feature", "properties": { "DELITO": "HURTO", "TIPO_HURTO": "HURTO DE VEHICULOS", "MODALIDAD": "HALADO", "COMUNA": 19, "NOM_COMUNA": "COMUNA 19", "BARRIO": 1913, "NOM_BARRIO": "El Cedro", "DIRECCION": "76001 CARRERA 30 CON CALLE 7, EL CEDRO, CALI, VALLE DEL CAUCA", "SITIO": "VIA PUBLICA", "X": -76.537887, "Y": 3.430344, "FECHA_HECH": "2024-12-15T00:00:00", "HORA_HECHO": "00:00", "ESTRATO": 4 }, "geometry": { "type": "Point", "coordinates": [ -76.537887, 3.430344 ] } },
{ "type": "Feature", "properties": { "DELITO": "HURTO", "TIPO_HURTO": "HURTO DE VEHICULOS", "MODALIDAD": "HALADO", "COMUNA": 19, "NOM_COMUNA": "COMUNA 19", "BARRIO": 1912, "NOM_BARRIO": "3 de Julio", "DIRECCION": "76001 Escuela De Auxiliares De Enfermería Del Valle, Calle 5B 25 1, 3 de Julio, Cali, Valle del Cauca, COL,3 DE JULIO", "SITIO": "SIN INFORMACION", "X": -76.540432, "Y": 3.434591, "FECHA_HECH": "2024-12-15T00:00:00", "HORA_HECHO": "17:00", "ESTRATO": 4 }, "geometry": { "type": "Point", "coordinates": [ -76.540432, 3.434591 ] } },
{ "type": "Feature", "properties": { "DELITO": "HURTO", "TIPO_HURTO": "HURTO A PERSONAS", "MODALIDAD": "COSQUILLEO", "COMUNA": 19, "NOM_COMUNA": "COMUNA 19", "BARRIO": 1913, "NOM_BARRIO": "El Cedro", "DIRECCION": "76001 CARRERA 32 7 20", "SITIO": "VIA PUBLICA", "X": -76.538289, "Y": 3.428309, "FECHA_HECH": "2024-12-28T00:00:00", "HORA_HECHO": "23:30", "ESTRATO": 4 }, "geometry": { "type": "Point", "coordinates": [ -76.538289, 3.428309 ] } },
{ "type": "Feature", "properties": { "DELITO": "HURTO", "TIPO_HURTO": "HURTO DE MOTOCICLETAS", "MODALIDAD": "ATRACO", "COMUNA": 19, "NOM_COMUNA": "COMUNA 19", "BARRIO": 1912, "NOM_BARRIO": "3 de Julio", "DIRECCION": "76001 CARRERA 27 5C 26, SANTIAGO DE CALI, CALI, VALLE DEL CAUCA", "SITIO": "VIA PUBLICA", "X": -76.539666, "Y": 3.432692, "FECHA_HECH": "2024-12-27T00:00:00", "HORA_HECHO": "01:00", "ESTRATO": 4 }, "geometry": { "type": "Point", "coordinates": [ -76.539666, 3.432692 ] } },
{ "type": "Feature", "properties": { "DELITO": "HURTO", "TIPO_HURTO": "HURTO A PERSONAS", "MODALIDAD": "COSQUILLEO", "COMUNA": 0, "NOM_COMUNA": "COMUNA 19", "BARRIO": 19, "NOM_BARRIO": "4", "DIRECCION": "76001 CARRERA 27 5C 35, SANTIAGO DE CALI, CALI, VALLE DEL CAUCA", "SITIO": "TRANSPORTE MASIVO", "X": -76.539328, "Y": 3.433488, "FECHA_HECH": "2025-01-01T00:00:00", "HORA_HECHO": "05:24", "ESTRATO": 4 }, "geometry": { "type": "Point", "coordinates": [ -76.539328, 3.433488 ] } },
{ "type": "Feature", "properties": { "DELITO": "HURTO", "TIPO_HURTO": "HURTO DE MOTOCICLETAS", "MODALIDAD": "HALADO", "COMUNA": 0, "NOM_COMUNA": null, "BARRIO": 19, "NOM_BARRIO": "4", "DIRECCION": "76001 CL 7 CON KR 29-24", "SITIO": "SIN INFORMACION", "X": -76.537895, "Y": 3.43061, "FECHA_HECH": "2025-01-08T00:00:00", "HORA_HECHO": "12:00", "ESTRATO": 4 }, "geometry": { "type": "Point", "coordinates": [ -76.537895, 3.43061 ] } },
{ "type": "Feature", "properties": { "DELITO": "HURTO", "TIPO_HURTO": "HURTO DE VEHICULOS", "MODALIDAD": "HALADO", "COMUNA": 0, "NOM_COMUNA": "COMUNA 19", "BARRIO": 19, "NOM_BARRIO": "4", "DIRECCION": "76001 CARRERA 29 5C 92", "SITIO": "VIA PUBLICA", "X": -76.539082, "Y": 3.431676, "FECHA_HECH": "2025-01-13T00:00:00", "HORA_HECHO": "13:35", "ESTRATO": 4 }, "geometry": { "type": "Point", "coordinates": [ -76.539082, 3.431676 ] } },
{ "type": "Feature", "properties": { "DELITO": "HURTO", "TIPO_HURTO": "HURTO A CELULARES", "MODALIDAD": "FACTOR DE OPORTUNIDAD", "COMUNA": 0, "NOM_COMUNA": "COMUNA 19", "BARRIO": 19, "NOM_BARRIO": "4", "DIRECCION": "76001 CALLE 6 27 51", "SITIO": "ESTABLECIMIENTO DE COMERCIO", "X": -76.538858, "Y": 3.432908, "FECHA_HECH": "2025-01-15T00:00:00", "HORA_HECHO": "12:30", "ESTRATO": 4 }, "geometry": { "type": "Point", "coordinates": [ -76.538858, 3.432908 ] } },
{ "type": "Feature", "properties": { "DELITO": "HURTO", "TIPO_HURTO": "HURTO A PERSONAS", "MODALIDAD": "RAPONAZO", "COMUNA": 0, "NOM_COMUNA": "COMUNA 19", "BARRIO": 19, "NOM_BARRIO": "4", "DIRECCION": "76001 CARRERA 36 5B3 97, SAN FERNANDO NUEVO, CALI, VALLE DEL CAUCA", "SITIO": "VIA PUBLICA", "X": -76.540946, "Y": 3.428261, "FECHA_HECH": "2025-01-16T00:00:00", "HORA_HECHO": "12:45", "ESTRATO": 4 }, "geometry": { "type": "Point", "coordinates": [ -76.540946, 3.428261 ] } },
{ "type": "Feature", "properties": { "DELITO": "HURTO", "TIPO_HURTO": "HURTO DE MOTOCICLETAS", "MODALIDAD": "ATRACO", "COMUNA": 0, "NOM_COMUNA": "COMUNA 19", "BARRIO": 19, "NOM_BARRIO": "4", "DIRECCION": "76001 CARRERA 36, BARRIO EUCARISTICO, CALI, VALLE DEL CAUCA", "SITIO": "VIA PUBLICA", "X": -76.538479, "Y": 3.425761, "FECHA_HECH": "2025-01-17T00:00:00", "HORA_HECHO": "00:00", "ESTRATO": 4 }, "geometry": { "type": "Point", "coordinates": [ -76.538479, 3.425761 ] } },
{ "type": "Feature", "properties": { "DELITO": "HURTO", "TIPO_HURTO": "HURTO A CELULARES", "MODALIDAD": "ATRACO", "COMUNA": 0, "NOM_COMUNA": "COMUNA 19", "BARRIO": 19, "NOM_BARRIO": "4", "DIRECCION": "76001 CALLE 9 CON CARRERA 36, BARRIO EUCARISTICO, CALI, VALLE DEL CAUCA", "SITIO": "VIA PUBLICA", "X": -76.537896, "Y": 3.425535, "FECHA_HECH": "2025-01-18T00:00:00", "HORA_HECHO": "23:30", "ESTRATO": 4 }, "geometry": { "type": "Point", "coordinates": [ -76.537896, 3.425535 ] } },
{ "type": "Feature", "properties": { "DELITO": "HURTO", "TIPO_HURTO": "HURTO A PERSONAS", "MODALIDAD": "ATRACO", "COMUNA": 0, "NOM_COMUNA": "COMUNA 19", "BARRIO": 19, "NOM_BARRIO": "4", "DIRECCION": "76001 CARRERA 36 8 37, SANTIAGO DE CALI, CALI, VALLE DEL CAUCA", "SITIO": "VIA PUBLICA", "X": -76.538111, "Y": 3.425829, "FECHA_HECH": "2025-01-18T00:00:00", "HORA_HECHO": "13:40", "ESTRATO": 4 }, "geometry": { "type": "Point", "coordinates": [ -76.538111, 3.425829 ] } },
{ "type": "Feature", "properties": { "DELITO": "HURTO", "TIPO_HURTO": "HURTO A PERSONAS", "MODALIDAD": "ATRACO", "COMUNA": 0, "NOM_COMUNA": "COMUNA 19", "BARRIO": 19, "NOM_BARRIO": "4", "DIRECCION": "76001 CALLE 6 25 67, SANTIAGO DE CALI, CALI, VALLE DEL CAUCA", "SITIO": "ESTABLECIMIENTO DE COMERCIO", "X": -76.538559, "Y": 3.434501, "FECHA_HECH": "2025-01-21T00:00:00", "HORA_HECHO": "15:45", "ESTRATO": 4 }, "geometry": { "type": "Point", "coordinates": [ -76.538559, 3.434501 ] } },
{ "type": "Feature", "properties": { "DELITO": "HURTO", "TIPO_HURTO": "HURTO A PERSONAS", "MODALIDAD": "COSQUILLEO", "COMUNA": 0, "NOM_COMUNA": "COMUNA 19", "BARRIO": 19, "NOM_BARRIO": "4", "DIRECCION": "76001 CARRERA 34, BARRIO EUCARISTICO, CALI, VALLE DEL CAUCA", "SITIO": "VIA PUBLICA", "X": -76.538474, "Y": 3.427559, "FECHA_HECH": "2025-01-22T00:00:00", "HORA_HECHO": "22:00", "ESTRATO": 4 }, "geometry": { "type": "Point", "coordinates": [ -76.538474, 3.427559 ] } },
{ "type": "Feature", "properties": { "DELITO": "HURTO", "TIPO_HURTO": "HURTO A PERSONAS", "MODALIDAD": "ATRACO", "COMUNA": 0, "NOM_COMUNA": "COMUNA 19", "BARRIO": 19, "NOM_BARRIO": "4", "DIRECCION": "76001 CARRERA 32, EL CEDRO, CALI, VALLE DEL CAUCA", "SITIO": "VIA PUBLICA", "X": -76.538508, "Y": 3.428475, "FECHA_HECH": "2025-01-22T00:00:00", "HORA_HECHO": "05:00", "ESTRATO": 4 }, "geometry": { "type": "Point", "coordinates": [ -76.538508, 3.428475 ] } },
{ "type": "Feature", "properties": { "DELITO": "HURTO", "TIPO_HURTO": "HURTO A PERSONAS", "MODALIDAD": "COSQUILLEO", "COMUNA": 0, "NOM_COMUNA": "COMUNA 19", "BARRIO": 19, "NOM_BARRIO": "4", "DIRECCION": "76001 BARRIO/LOCALIDAD/COMUNA:3 DE JULIO/COMUNA 19,CALI/VALLE DEL CAUCA,3 DE JULIO", "SITIO": "SIN INFORMACION", "X": -76.540096, "Y": 3.433103, "FECHA_HECH": "2025-01-22T00:00:00", "HORA_HECHO": "06:33", "ESTRATO": 4 }, "geometry": { "type": "Point", "coordinates": [ -76.540096, 3.433103 ] } },
{ "type": "Feature", "properties": { "DELITO": "HURTO", "TIPO_HURTO": "HURTO A PERSONAS", "MODALIDAD": "VIOLACION DE CERRADURA", "COMUNA": 0, "NOM_COMUNA": "COMUNA 19", "BARRIO": 19, "NOM_BARRIO": "4", "DIRECCION": "76001 BANCOLOMBIA AVENIDA ROOSEVELT", "SITIO": "VIA PUBLICA", "X": -76.538707, "Y": 3.434632, "FECHA_HECH": "2025-01-24T00:00:00", "HORA_HECHO": "21:30", "ESTRATO": 4 }, "geometry": { "type": "Point", "coordinates": [ -76.538707, 3.434632 ] } },
{ "type": "Feature", "properties": { "DELITO": "HURTO", "TIPO_HURTO": "HURTO A PERSONAS", "MODALIDAD": "COSQUILLEO", "COMUNA": 0, "NOM_COMUNA": "COMUNA 19", "BARRIO": 19, "NOM_BARRIO": "4", "DIRECCION": "76001 CARRERA 27 5B 58", "SITIO": "VIA PUBLICA", "X": -76.540056, "Y": 3.433269, "FECHA_HECH": "2025-01-27T00:00:00", "HORA_HECHO": "23:45", "ESTRATO": 4 }, "geometry": { "type": "Point", "coordinates": [ -76.540056, 3.433269 ] } },
{ "type": "Feature", "properties": { "DELITO": "HURTO", "TIPO_HURTO": "HURTO DE MOTOCICLETAS", "MODALIDAD": "HALADO", "COMUNA": 0, "NOM_COMUNA": "COMUNA 19", "BARRIO": 19, "NOM_BARRIO": "4", "DIRECCION": "76001 DAVIVIENDA ROOSEVELT", "SITIO": "VIA PUBLICA", "X": -76.539447, "Y": 3.435169, "FECHA_HECH": "2025-01-27T00:00:00", "HORA_HECHO": "00:00", "ESTRATO": 4 }, "geometry": { "type": "Point", "coordinates": [ -76.539447, 3.435169 ] } },
{ "type": "Feature", "properties": { "DELITO": "HURTO", "TIPO_HURTO": "HURTO A ESTABLECIMIENTOS", "MODALIDAD": "FACTOR DE OPORTUNIDAD", "COMUNA": 0, "NOM_COMUNA": "COMUNA 19", "BARRIO": 19, "NOM_BARRIO": "4", "DIRECCION": "76001 Clinica Tascon Odontologia S A S, Calle 5C 40 69, 3 de Julio, Cali, Valle del Cauca, COL,3 DE JULIO", "SITIO": "SIN INFORMACION", "X": -76.539456, "Y": 3.433587, "FECHA_HECH": "2025-01-28T00:00:00", "HORA_HECHO": "03:30", "ESTRATO": 4 }, "geometry": { "type": "Point", "coordinates": [ -76.539456, 3.433587 ] } },
{ "type": "Feature", "properties": { "DELITO": "HURTO", "TIPO_HURTO": "HURTO DE VEHICULOS", "MODALIDAD": "HALADO", "COMUNA": 0, "NOM_COMUNA": "COMUNA 19", "BARRIO": 19, "NOM_BARRIO": "4", "DIRECCION": "76001 CALLE 7 25 60, SANTIAGO DE CALI, CALI, VALLE DEL CAUCA", "SITIO": "VIA PUBLICA", "X": -76.537581, "Y": 3.43455, "FECHA_HECH": "2025-01-30T00:00:00", "HORA_HECHO": "00:00", "ESTRATO": 4 }, "geometry": { "type": "Point", "coordinates": [ -76.537581, 3.43455 ] } },
{ "type": "Feature", "properties": { "DELITO": "HURTO", "TIPO_HURTO": "HURTO A PERSONAS", "MODALIDAD": "ATRACO", "COMUNA": 0, "NOM_COMUNA": "COMUNA 19", "BARRIO": 19, "NOM_BARRIO": "4", "DIRECCION": "76001 CARRERA 27, EL CEDRO, CALI, VALLE DEL CAUCA", "SITIO": "VIA PUBLICA", "X": -76.537718, "Y": 3.433234, "FECHA_HECH": "2025-02-05T00:00:00", "HORA_HECHO": "11:30", "ESTRATO": 4 }, "geometry": { "type": "Point", "coordinates": [ -76.537718, 3.433234 ] } },
{ "type": "Feature", "properties": { "DELITO": "HURTO", "TIPO_HURTO": "HURTO A PERSONAS", "MODALIDAD": "ATRACO", "COMUNA": 0, "NOM_COMUNA": "COMUNA 19", "BARRIO": 19, "NOM_BARRIO": "4", "DIRECCION": "76001 Bancolombia Avenida Roosevelt, Calle 6, 3 de Julio, Cali, Valle del Cauca, COL,EL CEDRO", "SITIO": "SIN INFORMACION", "X": -76.538721, "Y": 3.434505, "FECHA_HECH": "2025-02-06T00:00:00", "HORA_HECHO": "19:20", "ESTRATO": 4 }, "geometry": { "type": "Point", "coordinates": [ -76.538721, 3.434505 ] } },
{ "type": "Feature", "properties": { "DELITO": "HURTO", "TIPO_HURTO": "HURTO A PERSONAS", "MODALIDAD": "COSQUILLEO", "COMUNA": 0, "NOM_COMUNA": "COMUNA 19", "BARRIO": 19, "NOM_BARRIO": "4", "DIRECCION": "76001 BARRIO/LOCALIDAD/COMUNA:3 DE JULIO/COMUNA 19,CALI/VALLE DEL CAUCA,3 DE JULIO", "SITIO": "SIN INFORMACION", "X": -76.540289, "Y": 3.432766, "FECHA_HECH": "2025-02-10T00:00:00", "HORA_HECHO": "04:42", "ESTRATO": 4 }, "geometry": { "type": "Point", "coordinates": [ -76.540289, 3.432766 ] } },
{ "type": "Feature", "properties": { "DELITO": "HURTO", "TIPO_HURTO": "HURTO A CELULARES", "MODALIDAD": "RAPONAZO", "COMUNA": 0, "NOM_COMUNA": "COMUNA 19", "BARRIO": 19, "NOM_BARRIO": "4", "DIRECCION": "76001 CALLE 8 CON CARRERA 34, BARRIO EUCARISTICO, CALI, VALLE DEL CAUCA", "SITIO": "VIA PUBLICA", "X": -76.538125, "Y": 3.42678, "FECHA_HECH": "2025-02-15T00:00:00", "HORA_HECHO": "18:00", "ESTRATO": 4 }, "geometry": { "type": "Point", "coordinates": [ -76.538125, 3.42678 ] } },
{ "type": "Feature", "properties": { "DELITO": "HURTO", "TIPO_HURTO": "HURTO DE VEHICULOS", "MODALIDAD": "HALADO", "COMUNA": 0, "NOM_COMUNA": "COMUNA 19", "BARRIO": 19, "NOM_BARRIO": "4", "DIRECCION": "76001 CARRERA 30A 6 97", "SITIO": "VIA PUBLICA", "X": -76.538354, "Y": 3.430021, "FECHA_HECH": "2025-02-18T00:00:00", "HORA_HECHO": "15:00", "ESTRATO": 4 }, "geometry": { "type": "Point", "coordinates": [ -76.538354, 3.430021 ] } },
{ "type": "Feature", "properties": { "DELITO": "HURTO", "TIPO_HURTO": "HURTO DE VEHICULOS", "MODALIDAD": "HALADO", "COMUNA": 0, "NOM_COMUNA": "COMUNA 19", "BARRIO": 19, "NOM_BARRIO": "4", "DIRECCION": "76001 CALLE 6 26 43, SANTIAGO DE CALI, CALI, VALLE DEL CAUCA", "SITIO": "VIA PUBLICA", "X": -76.538573, "Y": 3.433904, "FECHA_HECH": "2025-02-18T00:00:00", "HORA_HECHO": "21:35", "ESTRATO": 4 }, "geometry": { "type": "Point", "coordinates": [ -76.538573, 3.433904 ] } },
{ "type": "Feature", "properties": { "DELITO": "HURTO", "TIPO_HURTO": "HURTO A CELULARES", "MODALIDAD": "RAPONAZO", "COMUNA": 0, "NOM_COMUNA": "COMUNA 19", "BARRIO": 19, "NOM_BARRIO": "4", "DIRECCION": "76001 CALLE 6 27 29, 3 DE JULIO, CALI, VALLE DEL CAUCA", "SITIO": "VIA PUBLICA", "X": -76.53881, "Y": 3.433026, "FECHA_HECH": "2025-02-20T00:00:00", "HORA_HECHO": "05:30", "ESTRATO": 4 }, "geometry": { "type": "Point", "coordinates": [ -76.53881, 3.433026 ] } },
{ "type": "Feature", "properties": { "DELITO": "HURTO", "TIPO_HURTO": "HURTO A ESTABLECIMIENTOS", "MODALIDAD": "ATRACO", "COMUNA": 0, "NOM_COMUNA": "COMUNA 19", "BARRIO": 19, "NOM_BARRIO": "4", "DIRECCION": "76001 CARRERA 36A BIS, BARRIO EUCARISTICO, CALI, VALLE DEL CAUCA", "SITIO": "ESTABLECIMIENTO DE COMERCIO", "X": -76.540334, "Y": 3.425206, "FECHA_HECH": "2025-02-21T00:00:00", "HORA_HECHO": "09:00", "ESTRATO": 4 }, "geometry": { "type": "Point", "coordinates": [ -76.540334, 3.425206 ] } },
{ "type": "Feature", "properties": { "DELITO": "HURTO", "TIPO_HURTO": "HURTO A PERSONAS", "MODALIDAD": "COSQUILLEO", "COMUNA": 0, "NOM_COMUNA": "COMUNA 19", "BARRIO": 19, "NOM_BARRIO": "4", "DIRECCION": "76001 CALLE 5C 26 43, SANTIAGO DE CALI, CALI, VALLE DEL CAUCA", "SITIO": "TRANSPORTE MASIVO", "X": -76.539277, "Y": 3.43383, "FECHA_HECH": "2025-02-25T00:00:00", "HORA_HECHO": "09:32", "ESTRATO": 4 }, "geometry": { "type": "Point", "coordinates": [ -76.539277, 3.43383 ] } },
{ "type": "Feature", "properties": { "DELITO": "HURTO", "TIPO_HURTO": "HURTO A PERSONAS", "MODALIDAD": "COSQUILLEO", "COMUNA": 0, "NOM_COMUNA": "COMUNA 19", "BARRIO": 19, "NOM_BARRIO": "4", "DIRECCION": "76001 CARRERA 27 6 51, SANTIAGO DE CALI, CALI, VALLE DEL CAUCA", "SITIO": "TRANSPORTE MASIVO", "X": -76.538336, "Y": 3.433372, "FECHA_HECH": "2025-02-27T00:00:00", "HORA_HECHO": "08:22", "ESTRATO": 4 }, "geometry": { "type": "Point", "coordinates": [ -76.538336, 3.433372 ] } },
{ "type": "Feature", "properties": { "DELITO": "HURTO", "TIPO_HURTO": "HURTO A PERSONAS", "MODALIDAD": "FACTOR DE OPORTUNIDAD", "COMUNA": 0, "NOM_COMUNA": "COMUNA 19", "BARRIO": 19, "NOM_BARRIO": "4", "DIRECCION": "76001 Calle 5B5 36 65, San Fernando Nuevo, Cali, Valle del Cauca, COL,SAN FERNANDO NUEVO", "SITIO": "SIN INFORMACION", "X": -76.540034, "Y": 3.426925, "FECHA_HECH": "2025-02-28T00:00:00", "HORA_HECHO": "18:21", "ESTRATO": 4 }, "geometry": { "type": "Point", "coordinates": [ -76.540034, 3.426925 ] } },
{ "type": "Feature", "properties": { "DELITO": "HURTO", "TIPO_HURTO": "HURTO A PERSONAS", "MODALIDAD": "FLETEO", "COMUNA": 0, "NOM_COMUNA": "COMUNA 19", "BARRIO": 19, "NOM_BARRIO": "4", "DIRECCION": "76001 BANCOLOMBIA", "SITIO": "VIA PUBLICA", "X": -76.53869, "Y": 3.434267, "FECHA_HECH": "2025-02-28T00:00:00", "HORA_HECHO": "13:30", "ESTRATO": 4 }, "geometry": { "type": "Point", "coordinates": [ -76.53869, 3.434267 ] } },
{ "type": "Feature", "properties": { "DELITO": "HURTO", "TIPO_HURTO": "HURTO A PERSONAS", "MODALIDAD": "FACTOR DE OPORTUNIDAD", "COMUNA": 0, "NOM_COMUNA": "COMUNA 19", "BARRIO": 19, "NOM_BARRIO": "4", "DIRECCION": "76001 CALLE 8 34 2", "SITIO": "VIA PUBLICA", "X": -76.538234, "Y": 3.426744, "FECHA_HECH": "2025-03-01T00:00:00", "HORA_HECHO": "15:30", "ESTRATO": 4 }, "geometry": { "type": "Point", "coordinates": [ -76.538234, 3.426744 ] } },
{ "type": "Feature", "properties": { "DELITO": "HURTO", "TIPO_HURTO": "HURTO A PERSONAS", "MODALIDAD": "VIOLACION DE CERRADURA", "COMUNA": 0, "NOM_COMUNA": "COMUNA 19", "BARRIO": 19, "NOM_BARRIO": "4", "DIRECCION": "76001 Clínica Rey David, Barrio Eucaristico, Cali, Valle del Cauca, COL,BARRIO EUCARÍSTICO", "SITIO": "SIN INFORMACION", "X": -76.53881, "Y": 3.42771, "FECHA_HECH": "2025-03-01T00:00:00", "HORA_HECHO": "22:00", "ESTRATO": 4 }, "geometry": { "type": "Point", "coordinates": [ -76.53881, 3.42771 ] } },
{ "type": "Feature", "properties": { "DELITO": "HURTO", "TIPO_HURTO": "HURTO DE VEHICULOS", "MODALIDAD": "HALADO", "COMUNA": 0, "NOM_COMUNA": "COMUNA 19", "BARRIO": 19, "NOM_BARRIO": "4", "DIRECCION": "76001 CARRERA 28 6 25", "SITIO": "VIA PUBLICA", "X": -76.538671, "Y": 3.432668, "FECHA_HECH": "2025-03-01T00:00:00", "HORA_HECHO": "01:00", "ESTRATO": 4 }, "geometry": { "type": "Point", "coordinates": [ -76.538671, 3.432668 ] } },
{ "type": "Feature", "properties": { "DELITO": "HURTO", "TIPO_HURTO": "HURTO A PERSONAS", "MODALIDAD": "FACTOR DE OPORTUNIDAD", "COMUNA": 0, "NOM_COMUNA": "COMUNA 19", "BARRIO": 19, "NOM_BARRIO": "4", "DIRECCION": "76001 CARRERA 36, BARRIO EUCARISTICO, CALI, VALLE DEL CAUCA", "SITIO": "VIA PUBLICA", "X": -76.538925, "Y": 3.42598, "FECHA_HECH": "2025-03-05T00:00:00", "HORA_HECHO": "16:00", "ESTRATO": 4 }, "geometry": { "type": "Point", "coordinates": [ -76.538925, 3.42598 ] } },
{ "type": "Feature", "properties": { "DELITO": "HURTO", "TIPO_HURTO": "HURTO A PERSONAS", "MODALIDAD": "ATRACO", "COMUNA": 0, "NOM_COMUNA": "COMUNA 19", "BARRIO": 19, "NOM_BARRIO": "4", "DIRECCION": "76001 CALLE 6 34 05, SANTIAGO DE CALI, CALI, VALLE DEL CAUCA", "SITIO": "VIA PUBLICA", "X": -76.539001, "Y": 3.427869, "FECHA_HECH": "2025-03-05T00:00:00", "HORA_HECHO": "17:30", "ESTRATO": 4 }, "geometry": { "type": "Point", "coordinates": [ -76.539001, 3.427869 ] } },
{ "type": "Feature", "properties": { "DELITO": "HURTO", "TIPO_HURTO": "HURTO DE MOTOCICLETAS", "MODALIDAD": "ATRACO", "COMUNA": 0, "NOM_COMUNA": "COMUNA 19", "BARRIO": 19, "NOM_BARRIO": "4", "DIRECCION": "76001 CARRERA 32, EL CEDRO, CALI, VALLE DEL CAUCA", "SITIO": "VIA PUBLICA", "X": -76.536868, "Y": 3.427862, "FECHA_HECH": "2025-03-06T00:00:00", "HORA_HECHO": "00:00", "ESTRATO": 4 }, "geometry": { "type": "Point", "coordinates": [ -76.536868, 3.427862 ] } },
{ "type": "Feature", "properties": { "DELITO": "HURTO", "TIPO_HURTO": "HURTO A PERSONAS", "MODALIDAD": "RAPONAZO", "COMUNA": 0, "NOM_COMUNA": "COMUNA 19", "BARRIO": 19, "NOM_BARRIO": "4", "DIRECCION": "76001 CARRERA 26 CON CALLE 5C, 3 DE JULIO, CALI, VALLE DEL CAUCA", "SITIO": "VIA PUBLICA", "X": -76.539671, "Y": 3.434392, "FECHA_HECH": "2025-03-10T00:00:00", "HORA_HECHO": "04:30", "ESTRATO": 4 }, "geometry": { "type": "Point", "coordinates": [ -76.539671, 3.434392 ] } },
{ "type": "Feature", "properties": { "DELITO": "HURTO", "TIPO_HURTO": "HURTO DE VEHICULOS", "MODALIDAD": "HALADO", "COMUNA": 0, "NOM_COMUNA": "COMUNA 19", "BARRIO": 19, "NOM_BARRIO": "4", "DIRECCION": "76001 Carrera 25 6 17, Santiago De Cali, Cali, Valle Del Cauca, COL,EL CEDRO", "SITIO": "SIN INFORMACION", "X": -76.538485, "Y": 3.435357, "FECHA_HECH": "2025-03-10T00:00:00", "HORA_HECHO": "19:00", "ESTRATO": 4 }, "geometry": { "type": "Point", "coordinates": [ -76.538485, 3.435357 ] } },
{ "type": "Feature", "properties": { "DELITO": "HURTO", "TIPO_HURTO": "HURTO DE VEHICULOS", "MODALIDAD": "HALADO", "COMUNA": 0, "NOM_COMUNA": "COMUNA 19", "BARRIO": 19, "NOM_BARRIO": "4", "DIRECCION": "76001 CARRERA 36 8 99", "SITIO": "VIA PUBLICA", "X": -76.537912, "Y": 3.42559, "FECHA_HECH": "2025-03-14T00:00:00", "HORA_HECHO": "13:25", "ESTRATO": 4 }, "geometry": { "type": "Point", "coordinates": [ -76.537912, 3.42559 ] } },
{ "type": "Feature", "properties": { "DELITO": "HURTO", "TIPO_HURTO": "HURTO A ESTABLECIMIENTOS", "MODALIDAD": "VENTOSA", "COMUNA": 0, "NOM_COMUNA": "COMUNA 19", "BARRIO": 19, "NOM_BARRIO": "4", "DIRECCION": "76001 Carrera 24a 6 85, Santiago De Cali, Cali, Valle Del Cauca, COL,EL CEDRO", "SITIO": "SIN INFORMACION", "X": -76.538119, "Y": 3.436267, "FECHA_HECH": "2025-03-15T00:00:00", "HORA_HECHO": "09:00", "ESTRATO": 4 }, "geometry": { "type": "Point", "coordinates": [ -76.538119, 3.436267 ] } },
{ "type": "Feature", "properties": { "DELITO": "HURTO", "TIPO_HURTO": "HURTO A PERSONAS", "MODALIDAD": "ENGAÑO", "COMUNA": 0, "NOM_COMUNA": "COMUNA 19", "BARRIO": 19, "NOM_BARRIO": "4", "DIRECCION": "76001 CALLE 9 32A 16, SANTIAGO DE CALI, CALI, VALLE DEL CAUCA", "SITIO": "VIA PUBLICA", "X": -76.537596, "Y": 3.426981, "FECHA_HECH": "2025-03-17T00:00:00", "HORA_HECHO": "19:10", "ESTRATO": 4 }, "geometry": { "type": "Point", "coordinates": [ -76.537596, 3.426981 ] } },
{ "type": "Feature", "properties": { "DELITO": "HURTO", "TIPO_HURTO": "HURTO A PERSONAS", "MODALIDAD": "ATRACO", "COMUNA": 0, "NOM_COMUNA": "COMUNA 19", "BARRIO": 19, "NOM_BARRIO": "4", "DIRECCION": "76001 CALLE 6 34 28, SANTIAGO DE CALI, CALI, VALLE DEL CAUCA", "SITIO": "VIA PUBLICA", "X": -76.539794, "Y": 3.427718, "FECHA_HECH": "2025-03-20T00:00:00", "HORA_HECHO": "11:40", "ESTRATO": 4 }, "geometry": { "type": "Point", "coordinates": [ -76.539794, 3.427718 ] } },
{ "type": "Feature", "properties": { "DELITO": "HURTO", "TIPO_HURTO": "HURTO DE VEHICULOS", "MODALIDAD": "HALADO", "COMUNA": 0, "NOM_COMUNA": null, "BARRIO": 19, "NOM_BARRIO": "4", "DIRECCION": "76001", "SITIO": "SIN INFORMACION", "X": -76.539809, "Y": 3.432616, "FECHA_HECH": "2025-03-22T00:00:00", "HORA_HECHO": "23:00", "ESTRATO": 4 }, "geometry": { "type": "Point", "coordinates": [ -76.539809, 3.432616 ] } },
{ "type": "Feature", "properties": { "DELITO": "HURTO", "TIPO_HURTO": "HURTO A PERSONAS", "MODALIDAD": "ATRACO", "COMUNA": 0, "NOM_COMUNA": "COMUNA 19", "BARRIO": 19, "NOM_BARRIO": "4", "DIRECCION": "76001 Calle 6, 3 de Julio, Cali, Valle del Cauca, COL,EL CEDRO", "SITIO": "SIN INFORMACION", "X": -76.538866, "Y": 3.432838, "FECHA_HECH": "2025-03-23T00:00:00", "HORA_HECHO": "05:30", "ESTRATO": 4 }, "geometry": { "type": "Point", "coordinates": [ -76.538866, 3.432838 ] } },
{ "type": "Feature", "properties": { "DELITO": "HURTO", "TIPO_HURTO": "HURTO A PERSONAS", "MODALIDAD": "VIOLACION DE CERRADURA", "COMUNA": 0, "NOM_COMUNA": "COMUNA 19", "BARRIO": 19, "NOM_BARRIO": "4", "DIRECCION": "76001 BANCOLOMBIA AVENIDA ROOSEVELT", "SITIO": "VIA PUBLICA", "X": -76.538707, "Y": 3.434632, "FECHA_HECH": "2025-03-24T00:00:00", "HORA_HECHO": "19:30", "ESTRATO": 4 }, "geometry": { "type": "Point", "coordinates": [ -76.538707, 3.434632 ] } },
{ "type": "Feature", "properties": { "DELITO": "HURTO", "TIPO_HURTO": "HURTO A RESIDENCIA", "MODALIDAD": "VIOLACION DE CERRADURA", "COMUNA": 0, "NOM_COMUNA": "COMUNA 19", "BARRIO": 19, "NOM_BARRIO": "4", "DIRECCION": "76001 CALLE 6 24 121, SANTIAGO DE CALI, CALI, VALLE DEL CAUCA", "SITIO": "DOMICILIO", "X": -76.538494, "Y": 3.436322, "FECHA_HECH": "2025-03-25T00:00:00", "HORA_HECHO": "07:00", "ESTRATO": 4 }, "geometry": { "type": "Point", "coordinates": [ -76.538494, 3.436322 ] } },
{ "type": "Feature", "properties": { "DELITO": "HURTO", "TIPO_HURTO": "HURTO A PERSONAS", "MODALIDAD": "ENGAÑO", "COMUNA": 0, "NOM_COMUNA": "COMUNA 19", "BARRIO": 19, "NOM_BARRIO": "4", "DIRECCION": "76001 CALLE 8 CON CARRERA 32, EL CEDRO, CALI, VALLE DEL CAUCA", "SITIO": "VIA PUBLICA", "X": -76.537726, "Y": 3.428114, "FECHA_HECH": "2025-03-26T00:00:00", "HORA_HECHO": "09:29", "ESTRATO": 4 }, "geometry": { "type": "Point", "coordinates": [ -76.537726, 3.428114 ] } },
{ "type": "Feature", "properties": { "DELITO": "HURTO", "TIPO_HURTO": "HURTO A PERSONAS", "MODALIDAD": "ENGAÑO", "COMUNA": 0, "NOM_COMUNA": "COMUNA 19", "BARRIO": 19, "NOM_BARRIO": "4", "DIRECCION": "76001 CARRERA 28 6 100, SANTIAGO DE CALI, CALI, VALLE DEL CAUCA", "SITIO": "VIA PUBLICA", "X": -76.537849, "Y": 3.432362, "FECHA_HECH": "2025-03-28T00:00:00", "HORA_HECHO": "15:00", "ESTRATO": 4 }, "geometry": { "type": "Point", "coordinates": [ -76.537849, 3.432362 ] } },
{ "type": "Feature", "properties": { "DELITO": "HURTO", "TIPO_HURTO": "HURTO DE AUTOPARTES", "MODALIDAD": "RAPONAZO", "COMUNA": 0, "NOM_COMUNA": "COMUNA 19", "BARRIO": 19, "NOM_BARRIO": "4", "DIRECCION": "76001 CALLE 7 CON CARRERA 34, BARRIO EUCARISTICO, CALI, VALLE DEL CAUCA", "SITIO": "VIA PUBLICA", "X": -76.53856, "Y": 3.427475, "FECHA_HECH": "2025-03-31T00:00:00", "HORA_HECHO": "07:30", "ESTRATO": 4 }, "geometry": { "type": "Point", "coordinates": [ -76.53856, 3.427475 ] } },
{ "type": "Feature", "properties": { "DELITO": "HURTO", "TIPO_HURTO": "HURTO A PERSONAS", "MODALIDAD": "ATRACO", "COMUNA": 0, "NOM_COMUNA": "COMUNA 19", "BARRIO": 19, "NOM_BARRIO": "4", "DIRECCION": "76001 CARRERA 24 7, EL CEDRO, CALI, VALLE DEL CAUCA", "SITIO": "VIA PUBLICA", "X": -76.537252, "Y": 3.436485, "FECHA_HECH": "2025-04-01T00:00:00", "HORA_HECHO": "11:05", "ESTRATO": 4 }, "geometry": { "type": "Point", "coordinates": [ -76.537252, 3.436485 ] } },
{ "type": "Feature", "properties": { "DELITO": "HURTO", "TIPO_HURTO": "HURTO A PERSONAS", "MODALIDAD": "ATRACO", "COMUNA": 0, "NOM_COMUNA": "COMUNA 19", "BARRIO": 19, "NOM_BARRIO": "4", "DIRECCION": "76001 Calle 5b 25 109, Santiago De Cali, Cali, Valle Del Cauca, COL,3 DE JULIO", "SITIO": "SIN INFORMACION", "X": -76.540237, "Y": 3.43468, "FECHA_HECH": "2025-04-02T00:00:00", "HORA_HECHO": "14:50", "ESTRATO": 4 }, "geometry": { "type": "Point", "coordinates": [ -76.540237, 3.43468 ] } },
{ "type": "Feature", "properties": { "DELITO": "HURTO", "TIPO_HURTO": "HURTO A PERSONAS", "MODALIDAD": "ATRACO", "COMUNA": 0, "NOM_COMUNA": "COMUNA 19", "BARRIO": 19, "NOM_BARRIO": "4", "DIRECCION": "76001 CALLE 6 34 37, SANTIAGO DE CALI, CALI, VALLE DEL CAUCA", "SITIO": "VIA PUBLICA", "X": -76.539119, "Y": 3.42765, "FECHA_HECH": "2025-04-03T00:00:00", "HORA_HECHO": "18:30", "ESTRATO": 4 }, "geometry": { "type": "Point", "coordinates": [ -76.539119, 3.42765 ] } },
{ "type": "Feature", "properties": { "DELITO": "HURTO", "TIPO_HURTO": "HURTO DE MOTOCICLETAS", "MODALIDAD": "ATRACO", "COMUNA": 0, "NOM_COMUNA": "COMUNA 19", "BARRIO": 19, "NOM_BARRIO": "4", "DIRECCION": "76001 AVENIDA ALFONSO BONILLA ARAGÓN 46", "SITIO": "VIA PUBLICA", "X": -76.539163, "Y": 3.436769, "FECHA_HECH": "2025-04-03T00:00:00", "HORA_HECHO": "00:00", "ESTRATO": 4 }, "geometry": { "type": "Point", "coordinates": [ -76.539163, 3.436769 ] } },
{ "type": "Feature", "properties": { "DELITO": "HURTO", "TIPO_HURTO": "HURTO A PERSONAS", "MODALIDAD": "RAPONAZO", "COMUNA": 0, "NOM_COMUNA": "COMUNA 19", "BARRIO": 19, "NOM_BARRIO": "4", "DIRECCION": "76001 CARRERA 28 6 12", "SITIO": "VIA PUBLICA", "X": -76.53877, "Y": 3.432501, "FECHA_HECH": "2025-04-05T00:00:00", "HORA_HECHO": "15:30", "ESTRATO": 4 }, "geometry": { "type": "Point", "coordinates": [ -76.53877, 3.432501 ] } },
{ "type": "Feature", "properties": { "DELITO": "HURTO", "TIPO_HURTO": "HURTO DE AUTOPARTES", "MODALIDAD": "FACTOR DE OPORTUNIDAD", "COMUNA": 0, "NOM_COMUNA": "COMUNA 19", "BARRIO": 19, "NOM_BARRIO": "4", "DIRECCION": "76001 AVENIDA ROOSEVELT 25 23", "SITIO": "VIA PUBLICA", "X": -76.538657, "Y": 3.43498, "FECHA_HECH": "2025-04-10T00:00:00", "HORA_HECHO": "19:00", "ESTRATO": 4 }, "geometry": { "type": "Point", "coordinates": [ -76.538657, 3.43498 ] } },
{ "type": "Feature", "properties": { "DELITO": "HURTO", "TIPO_HURTO": "HURTO A PERSONAS", "MODALIDAD": "RAPONAZO", "COMUNA": 0, "NOM_COMUNA": "COMUNA 19", "BARRIO": 19, "NOM_BARRIO": "4", "DIRECCION": "76001 Calle 7 36 60, Barrio Eucaristico, Cali, Valle del Cauca, COL,BARRIO EUCARÍSTICO", "SITIO": "SIN INFORMACION", "X": -76.539245, "Y": 3.425908, "FECHA_HECH": "2025-04-16T00:00:00", "HORA_HECHO": "21:30", "ESTRATO": 4 }, "geometry": { "type": "Point", "coordinates": [ -76.539245, 3.425908 ] } },
{ "type": "Feature", "properties": { "DELITO": "HURTO", "TIPO_HURTO": "HURTO DE VEHICULOS", "MODALIDAD": "HALADO", "COMUNA": 0, "NOM_COMUNA": "COMUNA 19", "BARRIO": 19, "NOM_BARRIO": "4", "DIRECCION": "76001 CALLE 5B4 34 135", "SITIO": "VIA PUBLICA", "X": -76.539745, "Y": 3.427723, "FECHA_HECH": "2025-04-18T00:00:00", "HORA_HECHO": "19:45", "ESTRATO": 4 }, "geometry": { "type": "Point", "coordinates": [ -76.539745, 3.427723 ] } },
{ "type": "Feature", "properties": { "DELITO": "HURTO", "TIPO_HURTO": "HURTO A RESIDENCIA", "MODALIDAD": "LLAVE MAESTRA", "COMUNA": 0, "NOM_COMUNA": "COMUNA 19", "BARRIO": 19, "NOM_BARRIO": "4", "DIRECCION": "76001 Calle 5C 29 37, 3 de Julio, Cali, Valle del Cauca, COL,3 DE JULIO", "SITIO": "SIN INFORMACION", "X": -76.539409, "Y": 3.431532, "FECHA_HECH": "2025-04-18T00:00:00", "HORA_HECHO": "00:00", "ESTRATO": 4 }, "geometry": { "type": "Point", "coordinates": [ -76.539409, 3.431532 ] } },
{ "type": "Feature", "properties": { "DELITO": "HURTO", "TIPO_HURTO": "HURTO A PERSONAS", "MODALIDAD": "FACTOR DE OPORTUNIDAD", "COMUNA": 0, "NOM_COMUNA": "COMUNA 19", "BARRIO": 19, "NOM_BARRIO": "4", "DIRECCION": "76001 Carrera 36C 5B5 85, San Fernando Nuevo, Cali, Valle del Cauca, COL,BARRIO EUCARÍSTICO", "SITIO": "SIN INFORMACION", "X": -76.541022, "Y": 3.426022, "FECHA_HECH": "2025-04-21T00:00:00", "HORA_HECHO": "23:08", "ESTRATO": 4 }, "geometry": { "type": "Point", "coordinates": [ -76.541022, 3.426022 ] } },
{ "type": "Feature", "properties": { "DELITO": "HURTO", "TIPO_HURTO": "HURTO A PERSONAS", "MODALIDAD": "RAPONAZO", "COMUNA": 0, "NOM_COMUNA": null, "BARRIO": 19, "NOM_BARRIO": "4", "DIRECCION": "76001", "SITIO": "SIN INFORMACION", "X": -76.538663, "Y": 3.425546, "FECHA_HECH": "2025-04-22T00:00:00", "HORA_HECHO": "15:12", "ESTRATO": 4 }, "geometry": { "type": "Point", "coordinates": [ -76.538663, 3.425546 ] } },
{ "type": "Feature", "properties": { "DELITO": "HURTO", "TIPO_HURTO": "HURTO DE MOTOCICLETAS", "MODALIDAD": "HALADO", "COMUNA": 0, "NOM_COMUNA": "COMUNA 19", "BARRIO": 19, "NOM_BARRIO": "4", "DIRECCION": "76001 AVENIDA ROOSEVELT 25 39", "SITIO": "VIA PUBLICA", "X": -76.538741, "Y": 3.434881, "FECHA_HECH": "2025-04-25T00:00:00", "HORA_HECHO": "19:10", "ESTRATO": 4 }, "geometry": { "type": "Point", "coordinates": [ -76.538741, 3.434881 ] } },
{ "type": "Feature", "properties": { "DELITO": "HURTO", "TIPO_HURTO": "HURTO A PERSONAS", "MODALIDAD": "ATRACO", "COMUNA": 0, "NOM_COMUNA": "COMUNA 19", "BARRIO": 19, "NOM_BARRIO": "4", "DIRECCION": "76001 CARRERA 24A, 3 DE JULIO, CALI, VALLE DEL CAUCA", "SITIO": "VIA PUBLICA", "X": -76.538658, "Y": 3.436104, "FECHA_HECH": "2025-04-25T00:00:00", "HORA_HECHO": "22:00", "ESTRATO": 4 }, "geometry": { "type": "Point", "coordinates": [ -76.538658, 3.436104 ] } },
{ "type": "Feature", "properties": { "DELITO": "HURTO", "TIPO_HURTO": "HURTO A PERSONAS", "MODALIDAD": "ATRACO", "COMUNA": 0, "NOM_COMUNA": null, "BARRIO": 19, "NOM_BARRIO": "4", "DIRECCION": "76001 KR 26 OCCIDENTE CL 6 A-24 SUR", "SITIO": "SIN INFORMACION", "X": -76.537834, "Y": 3.434228, "FECHA_HECH": "2025-04-26T00:00:00", "HORA_HECHO": "02:30", "ESTRATO": 4 }, "geometry": { "type": "Point", "coordinates": [ -76.537834, 3.434228 ] } },
{ "type": "Feature", "properties": { "DELITO": "HURTO", "TIPO_HURTO": "HURTO A PERSONAS", "MODALIDAD": "ATRACO", "COMUNA": 0, "NOM_COMUNA": null, "BARRIO": 19, "NOM_BARRIO": "4", "DIRECCION": "76001 KR 26 OCCIDENTE CL 6 A-24 SUR", "SITIO": "SIN INFORMACION", "X": -76.53783, "Y": 3.43429, "FECHA_HECH": "2025-04-26T00:00:00", "HORA_HECHO": "01:30", "ESTRATO": 4 }, "geometry": { "type": "Point", "coordinates": [ -76.53783, 3.43429 ] } },
{ "type": "Feature", "properties": { "DELITO": "HURTO", "TIPO_HURTO": "HURTO A PERSONAS", "MODALIDAD": "ROMPIMIENTO DE VIDRIO", "COMUNA": 0, "NOM_COMUNA": "COMUNA 19", "BARRIO": 19, "NOM_BARRIO": "4", "DIRECCION": "76001 CARRERA 36A BIS, BARRIO EUCARISTICO, CALI, VALLE DEL CAUCA", "SITIO": "VIA PUBLICA", "X": -76.540334, "Y": 3.425206, "FECHA_HECH": "2025-04-28T00:00:00", "HORA_HECHO": "22:28", "ESTRATO": 4 }, "geometry": { "type": "Point", "coordinates": [ -76.540334, 3.425206 ] } },
{ "type": "Feature", "properties": { "DELITO": "HURTO", "TIPO_HURTO": "HURTO A ESTABLECIMIENTOS", "MODALIDAD": "VIOLACION DE CERRADURA", "COMUNA": 0, "NOM_COMUNA": "COMUNA 19", "BARRIO": 19, "NOM_BARRIO": "4", "DIRECCION": "76001 Carrera 26 6A 9, El Cedro, Cali, Valle del Cauca, COL,EL CEDRO", "SITIO": "SIN INFORMACION", "X": -76.537553, "Y": 3.434245, "FECHA_HECH": "2025-04-28T00:00:00", "HORA_HECHO": "14:30", "ESTRATO": 4 }, "geometry": { "type": "Point", "coordinates": [ -76.537553, 3.434245 ] } },
{ "type": "Feature", "properties": { "DELITO": "HURTO", "TIPO_HURTO": "HURTO DE MOTOCICLETAS", "MODALIDAD": "HALADO", "COMUNA": 0, "NOM_COMUNA": "COMUNA 19", "BARRIO": 19, "NOM_BARRIO": "4", "DIRECCION": "76001 CALLE 5B4 34 29, SAN FERNANDO NUEVO, CALI, VALLE DEL CAUCA", "SITIO": "VIA PUBLICA", "X": -76.539667, "Y": 3.427976, "FECHA_HECH": "2025-04-29T00:00:00", "HORA_HECHO": "19:30", "ESTRATO": 4 }, "geometry": { "type": "Point", "coordinates": [ -76.539667, 3.427976 ] } },
{ "type": "Feature", "properties": { "DELITO": "HURTO", "TIPO_HURTO": "HURTO A PERSONAS", "MODALIDAD": "VIOLACION DE CERRADURA", "COMUNA": 0, "NOM_COMUNA": "COMUNA 19", "BARRIO": 19, "NOM_BARRIO": "4", "DIRECCION": "76001 Carrera 36Abis 6 35, Barrio Eucaristico, Cali, Valle del Cauca, COL,BARRIO EUCARÍSTICO", "SITIO": "SIN INFORMACION", "X": -76.539843, "Y": 3.425404, "FECHA_HECH": "2025-05-02T00:00:00", "HORA_HECHO": "19:00", "ESTRATO": 4 }, "geometry": { "type": "Point", "coordinates": [ -76.539843, 3.425404 ] } },
{ "type": "Feature", "properties": { "DELITO": "HURTO", "TIPO_HURTO": "HURTO A PERSONAS", "MODALIDAD": "ATRACO", "COMUNA": 0, "NOM_COMUNA": "COMUNA 19", "BARRIO": 19, "NOM_BARRIO": "4", "DIRECCION": "76001 Calle 5B4 34 58, San Fernando Nuevo, Cali, Valle del Cauca, COL,SAN FERNANDO NUEVO", "SITIO": "SIN INFORMACION", "X": -76.539831, "Y": 3.428069, "FECHA_HECH": "2025-05-02T00:00:00", "HORA_HECHO": "03:40", "ESTRATO": 4 }, "geometry": { "type": "Point", "coordinates": [ -76.539831, 3.428069 ] } },
{ "type": "Feature", "properties": { "DELITO": "HURTO", "TIPO_HURTO": "HURTO A PERSONAS", "MODALIDAD": "ATRACO", "COMUNA": 0, "NOM_COMUNA": "COMUNA 19", "BARRIO": 19, "NOM_BARRIO": "4", "DIRECCION": "76001 CALLE 5B4 34 58, SAN FERNANDO NUEVO, CALI, VALLE DEL CAUCA", "SITIO": "VIA PUBLICA", "X": -76.539831, "Y": 3.428069, "FECHA_HECH": "2025-05-02T00:00:00", "HORA_HECHO": "03:40", "ESTRATO": 4 }, "geometry": { "type": "Point", "coordinates": [ -76.539831, 3.428069 ] } },
{ "type": "Feature", "properties": { "DELITO": "HURTO", "TIPO_HURTO": "HURTO A PERSONAS", "MODALIDAD": "ATRACO", "COMUNA": 0, "NOM_COMUNA": "COMUNA 19", "BARRIO": 19, "NOM_BARRIO": "4", "DIRECCION": "76001 CALLE 7 26 55, EL CEDRO, CALI, VALLE DEL CAUCA", "SITIO": "VIA PUBLICA", "X": -76.537512, "Y": 3.433809, "FECHA_HECH": "2025-05-05T00:00:00", "HORA_HECHO": "07:30", "ESTRATO": 4 }, "geometry": { "type": "Point", "coordinates": [ -76.537512, 3.433809 ] } },
{ "type": "Feature", "properties": { "DELITO": "HURTO", "TIPO_HURTO": "HURTO A PERSONAS", "MODALIDAD": "ROMPIMIENTO DE VIDRIO", "COMUNA": 0, "NOM_COMUNA": "COMUNA 19", "BARRIO": 19, "NOM_BARRIO": "4", "DIRECCION": "76001 ESTACIÓN DE SERVÍCIO ROOSVELT", "SITIO": "VIA PUBLICA", "X": -76.538796, "Y": 3.432145, "FECHA_HECH": "2025-05-06T00:00:00", "HORA_HECHO": "07:30", "ESTRATO": 4 }, "geometry": { "type": "Point", "coordinates": [ -76.538796, 3.432145 ] } },
{ "type": "Feature", "properties": { "DELITO": "HURTO", "TIPO_HURTO": "HURTO A PERSONAS", "MODALIDAD": "ATRACO", "COMUNA": 0, "NOM_COMUNA": "COMUNA 19", "BARRIO": 19, "NOM_BARRIO": "4", "DIRECCION": "76001 CALLE 6A 26 14", "SITIO": "VIA PUBLICA", "X": -76.538218, "Y": 3.43419, "FECHA_HECH": "2025-05-10T00:00:00", "HORA_HECHO": "11:10", "ESTRATO": 4 }, "geometry": { "type": "Point", "coordinates": [ -76.538218, 3.43419 ] } },
{ "type": "Feature", "properties": { "DELITO": "HURTO", "TIPO_HURTO": "HURTO A RESIDENCIA", "MODALIDAD": "VIOLACION DE CERRADURA", "COMUNA": 0, "NOM_COMUNA": "COMUNA 19", "BARRIO": 19, "NOM_BARRIO": "4", "DIRECCION": "76001 Calle 9 34 6, Barrio Eucaristico, Cali, Valle del Cauca, COL,BARRIO EUCARÍSTICO", "SITIO": "SIN INFORMACION", "X": -76.537815, "Y": 3.42559, "FECHA_HECH": "2025-05-16T00:00:00", "HORA_HECHO": "19:30", "ESTRATO": 4 }, "geometry": { "type": "Point", "coordinates": [ -76.537815, 3.42559 ] } },
{ "type": "Feature", "properties": { "DELITO": "HURTO", "TIPO_HURTO": "HURTO DE MOTOCICLETAS", "MODALIDAD": "ATRACO", "COMUNA": 0, "NOM_COMUNA": "COMUNA 19", "BARRIO": 19, "NOM_BARRIO": "4", "DIRECCION": "76001 CALLE 5B 27 30, 3 DE JULIO, CALI, VALLE DEL CAUCA", "SITIO": "VIA PUBLICA", "X": -76.540471, "Y": 3.432814, "FECHA_HECH": "2025-05-16T00:00:00", "HORA_HECHO": "23:50", "ESTRATO": 4 }, "geometry": { "type": "Point", "coordinates": [ -76.540471, 3.432814 ] } },
{ "type": "Feature", "properties": { "DELITO": "HURTO", "TIPO_HURTO": "HURTO A CELULARES", "MODALIDAD": "RAPONAZO", "COMUNA": 0, "NOM_COMUNA": "COMUNA 19", "BARRIO": 19, "NOM_BARRIO": "4", "DIRECCION": "76001 Calle 6 con Carrera 26, 3 de Julio, Cali, Valle del Cauca, COL,3 DE JULIO", "SITIO": "SIN INFORMACION", "X": -76.538816, "Y": 3.434363, "FECHA_HECH": "2025-05-16T00:00:00", "HORA_HECHO": "14:44", "ESTRATO": 4 }, "geometry": { "type": "Point", "coordinates": [ -76.538816, 3.434363 ] } },
{ "type": "Feature", "properties": { "DELITO": "HURTO", "TIPO_HURTO": "HURTO A PERSONAS", "MODALIDAD": "COSQUILLEO", "COMUNA": 0, "NOM_COMUNA": "COMUNA 19", "BARRIO": 19, "NOM_BARRIO": "4", "DIRECCION": "76001 HOTEL LA MILAGROSA CALI, CALLE 6 29 50, EL CEDRO, CALI, VALLE DEL CAUCA, COL,EL CEDRO", "SITIO": "VIA PUBLICA", "X": -76.538641, "Y": 3.431231, "FECHA_HECH": "2025-05-18T00:00:00", "HORA_HECHO": "06:45", "ESTRATO": 4 }, "geometry": { "type": "Point", "coordinates": [ -76.538641, 3.431231 ] } },
{ "type": "Feature", "properties": { "DELITO": "HURTO", "TIPO_HURTO": "HURTO DE MOTOCICLETAS", "MODALIDAD": "ATRACO", "COMUNA": 0, "NOM_COMUNA": "COMUNA 19", "BARRIO": 19, "NOM_BARRIO": "4", "DIRECCION": "76001 CALLE 5 24 99", "SITIO": "VIA PUBLICA", "X": -76.539877, "Y": 3.436059, "FECHA_HECH": "2025-05-19T00:00:00", "HORA_HECHO": "22:00", "ESTRATO": 4 }, "geometry": { "type": "Point", "coordinates": [ -76.539877, 3.436059 ] } },
{ "type": "Feature", "properties": { "DELITO": "HURTO", "TIPO_HURTO": "HURTO A PERSONAS", "MODALIDAD": "ATRACO", "COMUNA": 0, "NOM_COMUNA": "COMUNA 19", "BARRIO": 19, "NOM_BARRIO": "4", "DIRECCION": "76001 CALLE 6 34 36", "SITIO": "VIA PUBLICA", "X": -76.539271, "Y": 3.427687, "FECHA_HECH": "2025-05-20T00:00:00", "HORA_HECHO": "23:05", "ESTRATO": 4 }, "geometry": { "type": "Point", "coordinates": [ -76.539271, 3.427687 ] } },
{ "type": "Feature", "properties": { "DELITO": "HURTO", "TIPO_HURTO": "HURTO A PERSONAS", "MODALIDAD": "ATRACO", "COMUNA": 0, "NOM_COMUNA": "COMUNA 19", "BARRIO": 19, "NOM_BARRIO": "4", "DIRECCION": "76001 Calle 6 34, Barrio Eucaristico, Cali, Valle del Cauca, COL,BARRIO EUCARÍSTICO", "SITIO": "SIN INFORMACION", "X": -76.539152, "Y": 3.427904, "FECHA_HECH": "2025-05-20T00:00:00", "HORA_HECHO": "23:05", "ESTRATO": 4 }, "geometry": { "type": "Point", "coordinates": [ -76.539152, 3.427904 ] } },
{ "type": "Feature", "properties": { "DELITO": "HURTO", "TIPO_HURTO": "HURTO A PERSONAS", "MODALIDAD": "ATRACO", "COMUNA": 0, "NOM_COMUNA": "COMUNA 19", "BARRIO": 19, "NOM_BARRIO": "4", "DIRECCION": "76001 AVENIDA ROOSEVELT 29 11", "SITIO": "VIA PUBLICA", "X": -76.538898, "Y": 3.43162, "FECHA_HECH": "2025-05-24T00:00:00", "HORA_HECHO": "13:00", "ESTRATO": 4 }, "geometry": { "type": "Point", "coordinates": [ -76.538898, 3.43162 ] } },
{ "type": "Feature", "properties": { "DELITO": "HURTO", "TIPO_HURTO": "HURTO A ESTABLECIMIENTOS", "MODALIDAD": "VENTOSA", "COMUNA": 0, "NOM_COMUNA": "COMUNA 19", "BARRIO": 19, "NOM_BARRIO": "4", "DIRECCION": "76001 CALLE 7 27 46, EL CEDRO, CALI, VALLE DEL CAUCA", "SITIO": "ESTABLECIMIENTO DE COMERCIO", "X": -76.537676, "Y": 3.432782, "FECHA_HECH": "2025-05-24T00:00:00", "HORA_HECHO": "05:23", "ESTRATO": 4 }, "geometry": { "type": "Point", "coordinates": [ -76.537676, 3.432782 ] } },
{ "type": "Feature", "properties": { "DELITO": "HURTO", "TIPO_HURTO": "HURTO DE VEHICULOS", "MODALIDAD": "HALADO", "COMUNA": 0, "NOM_COMUNA": "COMUNA 19", "BARRIO": 19, "NOM_BARRIO": "4", "DIRECCION": "76001 CARRERA 36 CON CALLE 8, BARRIO EUCARISTICO, CALI, VALLE DEL CAUCA", "SITIO": "VIA PUBLICA", "X": -76.538513, "Y": 3.425779, "FECHA_HECH": "2025-05-25T00:00:00", "HORA_HECHO": "17:00", "ESTRATO": 4 }, "geometry": { "type": "Point", "coordinates": [ -76.538513, 3.425779 ] } },
{ "type": "Feature", "properties": { "DELITO": "HURTO", "TIPO_HURTO": "HURTO A ESTABLECIMIENTOS", "MODALIDAD": "FACTOR DE OPORTUNIDAD", "COMUNA": 0, "NOM_COMUNA": "COMUNA 19", "BARRIO": 19, "NOM_BARRIO": "4", "DIRECCION": "76001 Calle 8 32 58, El Cedro, Cali, Valle del Cauca, COL,EL CEDRO", "SITIO": "SIN INFORMACION", "X": -76.537895, "Y": 3.427801, "FECHA_HECH": "2025-05-26T00:00:00", "HORA_HECHO": "20:00", "ESTRATO": 4 }, "geometry": { "type": "Point", "coordinates": [ -76.537895, 3.427801 ] } },
{ "type": "Feature", "properties": { "DELITO": "HURTO", "TIPO_HURTO": "HURTO A ESTABLECIMIENTOS", "MODALIDAD": "FACTOR DE OPORTUNIDAD", "COMUNA": 0, "NOM_COMUNA": "COMUNA 19", "BARRIO": 19, "NOM_BARRIO": "4", "DIRECCION": "76001 AVENIDA ROOSEVELT 25 21", "SITIO": "ENTIDAD FINANCIERA", "X": -76.538701, "Y": 3.434995, "FECHA_HECH": "2025-05-26T00:00:00", "HORA_HECHO": "11:00", "ESTRATO": 4 }, "geometry": { "type": "Point", "coordinates": [ -76.538701, 3.434995 ] } },
{ "type": "Feature", "properties": { "DELITO": "HURTO", "TIPO_HURTO": "HURTO DE MOTOCICLETAS", "MODALIDAD": "ATRACO", "COMUNA": 0, "NOM_COMUNA": "COMUNA 19", "BARRIO": 19, "NOM_BARRIO": "4", "DIRECCION": "76001 CALLE 6 34 15", "SITIO": "VIA PUBLICA", "X": -76.539096, "Y": 3.428047, "FECHA_HECH": "2025-05-27T00:00:00", "HORA_HECHO": "22:00", "ESTRATO": 4 }, "geometry": { "type": "Point", "coordinates": [ -76.539096, 3.428047 ] } },
{ "type": "Feature", "properties": { "DELITO": "HURTO", "TIPO_HURTO": "HURTO DE MOTOCICLETAS", "MODALIDAD": "ATRACO", "COMUNA": 0, "NOM_COMUNA": "COMUNA 19", "BARRIO": 19, "NOM_BARRIO": "4", "DIRECCION": "76001 CALLE 7 35 148", "SITIO": "VIA PUBLICA", "X": -76.539105, "Y": 3.426138, "FECHA_HECH": "2025-05-28T00:00:00", "HORA_HECHO": "23:30", "ESTRATO": 4 }, "geometry": { "type": "Point", "coordinates": [ -76.539105, 3.426138 ] } },
{ "type": "Feature", "properties": { "DELITO": "HURTO", "TIPO_HURTO": "HURTO A CELULARES", "MODALIDAD": "FACTOR DE OPORTUNIDAD", "COMUNA": 0, "NOM_COMUNA": "COMUNA 19", "BARRIO": 19, "NOM_BARRIO": "4", "DIRECCION": "76001 CALLE 6 CON CARRERA 34, 3 DE JULIO, CALI, VALLE DEL CAUCA, COL,EL CEDRO", "SITIO": "ESTABLECIMIENTO PUBLICO", "X": -76.53904, "Y": 3.428329, "FECHA_HECH": "2025-05-28T00:00:00", "HORA_HECHO": "01:33", "ESTRATO": 4 }, "geometry": { "type": "Point", "coordinates": [ -76.53904, 3.428329 ] } },
{ "type": "Feature", "properties": { "DELITO": "HURTO", "TIPO_HURTO": "HURTO A PERSONAS", "MODALIDAD": "ATRACO", "COMUNA": 0, "NOM_COMUNA": "COMUNA 19", "BARRIO": 19, "NOM_BARRIO": "4", "DIRECCION": "76001 CARRERA 25 5, SAN FERNANDO VIEJO, CALI, VALLE DEL CAUCA", "SITIO": "VIA PUBLICA", "X": -76.540204, "Y": 3.435666, "FECHA_HECH": "2025-05-28T00:00:00", "HORA_HECHO": "11:24", "ESTRATO": 4 }, "geometry": { "type": "Point", "coordinates": [ -76.540204, 3.435666 ] } },
{ "type": "Feature", "properties": { "DELITO": "HURTO", "TIPO_HURTO": "HURTO A ESTABLECIMIENTOS", "MODALIDAD": "VIOLACION DE CERRADURA", "COMUNA": 0, "NOM_COMUNA": "COMUNA 19", "BARRIO": 19, "NOM_BARRIO": "4", "DIRECCION": "76001 CALLE 5C 26 106", "SITIO": "VEHICULO", "X": -76.539794, "Y": 3.433667, "FECHA_HECH": "2025-05-30T00:00:00", "HORA_HECHO": "11:33", "ESTRATO": 4 }, "geometry": { "type": "Point", "coordinates": [ -76.539794, 3.433667 ] } },
{ "type": "Feature", "properties": { "DELITO": "HURTO", "TIPO_HURTO": "HURTO DE MOTOCICLETAS", "MODALIDAD": "HALADO", "COMUNA": 0, "NOM_COMUNA": "COMUNA 19", "BARRIO": 19, "NOM_BARRIO": "4", "DIRECCION": "76001 CALLE 6 34 1", "SITIO": "VIA PUBLICA", "X": -76.539057, "Y": 3.428184, "FECHA_HECH": "2025-06-04T00:00:00", "HORA_HECHO": "21:20", "ESTRATO": 4 }, "geometry": { "type": "Point", "coordinates": [ -76.539057, 3.428184 ] } },
{ "type": "Feature", "properties": { "DELITO": "HURTO", "TIPO_HURTO": "HURTO A PERSONAS", "MODALIDAD": "ATRACO", "COMUNA": 0, "NOM_COMUNA": "COMUNA 19", "BARRIO": 19, "NOM_BARRIO": "4", "DIRECCION": "76001 Carrera 32, El Cedro, Cali, Valle del Cauca, COL,CHAMPAGNAT", "SITIO": "SIN INFORMACION", "X": -76.536868, "Y": 3.427862, "FECHA_HECH": "2025-06-09T00:00:00", "HORA_HECHO": "23:00", "ESTRATO": 4 }, "geometry": { "type": "Point", "coordinates": [ -76.536868, 3.427862 ] } },
{ "type": "Feature", "properties": { "DELITO": "HURTO", "TIPO_HURTO": "HURTO A RESIDENCIA", "MODALIDAD": "FACTOR DE OPORTUNIDAD", "COMUNA": 0, "NOM_COMUNA": "COMUNA 19", "BARRIO": 19, "NOM_BARRIO": "4", "DIRECCION": "76001 CALLE 7, EL CEDRO, CALI, VALLE DEL CAUCA", "SITIO": "DOMICILIO", "X": -76.538469, "Y": 3.428533, "FECHA_HECH": "2025-06-09T00:00:00", "HORA_HECHO": "00:00", "ESTRATO": 4 }, "geometry": { "type": "Point", "coordinates": [ -76.538469, 3.428533 ] } },
{ "type": "Feature", "properties": { "DELITO": "HURTO", "TIPO_HURTO": "HURTO A PERSONAS", "MODALIDAD": "RAPONAZO", "COMUNA": 0, "NOM_COMUNA": "COMUNA 19", "BARRIO": 19, "NOM_BARRIO": "4", "DIRECCION": "76001 CALLE 8 CON CARRERA 34, BARRIO EUCARISTICO, CALI, VALLE DEL CAUCA", "SITIO": "VIA PUBLICA", "X": -76.538053, "Y": 3.427039, "FECHA_HECH": "2025-06-13T00:00:00", "HORA_HECHO": "20:10", "ESTRATO": 4 }, "geometry": { "type": "Point", "coordinates": [ -76.538053, 3.427039 ] } },
{ "type": "Feature", "properties": { "DELITO": "HURTO", "TIPO_HURTO": "HURTO DE AUTOPARTES", "MODALIDAD": "FACTOR DE OPORTUNIDAD", "COMUNA": 0, "NOM_COMUNA": "COMUNA 19", "BARRIO": 19, "NOM_BARRIO": "4", "DIRECCION": "76001 CARRERA 36, BARRIO EUCARISTICO, CALI, VALLE DEL CAUCA", "SITIO": "VIA PUBLICA", "X": -76.539101, "Y": 3.426096, "FECHA_HECH": "2025-06-14T00:00:00", "HORA_HECHO": "23:00", "ESTRATO": 4 }, "geometry": { "type": "Point", "coordinates": [ -76.539101, 3.426096 ] } },
{ "type": "Feature", "properties": { "DELITO": "HURTO", "TIPO_HURTO": "HURTO DE MOTOCICLETAS", "MODALIDAD": "ATRACO", "COMUNA": 0, "NOM_COMUNA": "COMUNA 19", "BARRIO": 19, "NOM_BARRIO": "4", "DIRECCION": "76001 CALLE 5 24A 91, MIRAFLORES, CALI, VALLE DEL CAUCA", "SITIO": "VIA PUBLICA", "X": -76.539876, "Y": 3.436081, "FECHA_HECH": "2025-06-17T00:00:00", "HORA_HECHO": "00:00", "ESTRATO": 4 }, "geometry": { "type": "Point", "coordinates": [ -76.539876, 3.436081 ] } },
{ "type": "Feature", "properties": { "DELITO": "HURTO", "TIPO_HURTO": "HURTO DE VEHICULOS", "MODALIDAD": "FACTOR DE OPORTUNIDAD", "COMUNA": 0, "NOM_COMUNA": "COMUNA 19", "BARRIO": 19, "NOM_BARRIO": "4", "DIRECCION": "76001 CARRERA 27 5B 1", "SITIO": "ZONA DE PARQUEO", "X": -76.540471, "Y": 3.433348, "FECHA_HECH": "2025-06-19T00:00:00", "HORA_HECHO": "00:00", "ESTRATO": 4 }, "geometry": { "type": "Point", "coordinates": [ -76.540471, 3.433348 ] } },
{ "type": "Feature", "properties": { "DELITO": "HURTO", "TIPO_HURTO": "HURTO A PERSONAS", "MODALIDAD": "ATRACO", "COMUNA": 0, "NOM_COMUNA": null, "BARRIO": 19, "NOM_BARRIO": "4", "DIRECCION": "76001 CL 7 SUR CON CON KR 30 CALLE 7 CARRERA 30", "SITIO": "SIN INFORMACION", "X": -76.53799, "Y": 3.430098, "FECHA_HECH": "2025-06-22T00:00:00", "HORA_HECHO": "23:30", "ESTRATO": 4 }, "geometry": { "type": "Point", "coordinates": [ -76.53799, 3.430098 ] } },
{ "type": "Feature", "properties": { "DELITO": "HURTO", "TIPO_HURTO": "HURTO DE MOTOCICLETAS", "MODALIDAD": "ATRACO", "COMUNA": 0, "NOM_COMUNA": "COMUNA 19", "BARRIO": 19, "NOM_BARRIO": "4", "DIRECCION": "76001 CALLE 6 26 148", "SITIO": "VIA PUBLICA", "X": -76.538891, "Y": 3.433373, "FECHA_HECH": "2025-06-22T00:00:00", "HORA_HECHO": "02:00", "ESTRATO": 4 }, "geometry": { "type": "Point", "coordinates": [ -76.538891, 3.433373 ] } },
{ "type": "Feature", "properties": { "DELITO": "HURTO", "TIPO_HURTO": "HURTO A PERSONAS", "MODALIDAD": "ATRACO", "COMUNA": 0, "NOM_COMUNA": null, "BARRIO": 19, "NOM_BARRIO": "4", "DIRECCION": "76001", "SITIO": "SIN INFORMACION", "X": -76.540195, "Y": 3.433321, "FECHA_HECH": "2025-06-26T00:00:00", "HORA_HECHO": "15:00", "ESTRATO": 4 }, "geometry": { "type": "Point", "coordinates": [ -76.540195, 3.433321 ] } },
{ "type": "Feature", "properties": { "DELITO": "HURTO", "TIPO_HURTO": "HURTO A CELULARES", "MODALIDAD": "RAPONAZO", "COMUNA": 0, "NOM_COMUNA": "COMUNA 19", "BARRIO": 19, "NOM_BARRIO": "4", "DIRECCION": "76001 Calle 6 26 8, 3 de Julio, Cali, Valle del Cauca, COL,3 DE JULIO", "SITIO": "SIN INFORMACION", "X": -76.538878, "Y": 3.43425, "FECHA_HECH": "2025-06-26T00:00:00", "HORA_HECHO": "16:00", "ESTRATO": 4 }, "geometry": { "type": "Point", "coordinates": [ -76.538878, 3.43425 ] } },
{ "type": "Feature", "properties": { "DELITO": "HURTO", "TIPO_HURTO": "HURTO A ESTABLECIMIENTOS", "MODALIDAD": "FACTOR DE OPORTUNIDAD", "COMUNA": 0, "NOM_COMUNA": "COMUNA 19", "BARRIO": 19, "NOM_BARRIO": "4", "DIRECCION": "76001 CALLE 7 27 46, EL CEDRO, CALI, VALLE DEL CAUCA", "SITIO": "OTRO", "X": -76.537676, "Y": 3.432782, "FECHA_HECH": "2025-06-27T00:00:00", "HORA_HECHO": "16:00", "ESTRATO": 4 }, "geometry": { "type": "Point", "coordinates": [ -76.537676, 3.432782 ] } },
{ "type": "Feature", "properties": { "DELITO": "HURTO", "TIPO_HURTO": "HURTO A PERSONAS", "MODALIDAD": "ATRACO", "COMUNA": 0, "NOM_COMUNA": "COMUNA 19", "BARRIO": 19, "NOM_BARRIO": "4", "DIRECCION": "76001 CARRERA 34 6 44", "SITIO": "VIA PUBLICA", "X": -76.538827, "Y": 3.427762, "FECHA_HECH": "2025-06-28T00:00:00", "HORA_HECHO": "00:00", "ESTRATO": 4 }, "geometry": { "type": "Point", "coordinates": [ -76.538827, 3.427762 ] } },
{ "type": "Feature", "properties": { "DELITO": "HURTO", "TIPO_HURTO": "HURTO A PERSONAS", "MODALIDAD": "VIOLACION DE CERRADURA", "COMUNA": 0, "NOM_COMUNA": "COMUNA 19", "BARRIO": 19, "NOM_BARRIO": "4", "DIRECCION": "76001 CARRERA 36, BARRIO EUCARISTICO, CALI, VALLE DEL CAUCA", "SITIO": "VIA PUBLICA", "X": -76.538741, "Y": 3.425888, "FECHA_HECH": "2025-06-29T00:00:00", "HORA_HECHO": "23:00", "ESTRATO": 4 }, "geometry": { "type": "Point", "coordinates": [ -76.538741, 3.425888 ] } },
{ "type": "Feature", "properties": { "DELITO": "HURTO", "TIPO_HURTO": "HURTO A PERSONAS", "MODALIDAD": "RAPONAZO", "COMUNA": 0, "NOM_COMUNA": "COMUNA 19", "BARRIO": 19, "NOM_BARRIO": "4", "DIRECCION": "76001 CARRERA 36 5B3 65, SAN FERNANDO NUEVO, CALI, VALLE DEL CAUCA", "SITIO": "VIA PUBLICA", "X": -76.540765, "Y": 3.42805, "FECHA_HECH": "2025-06-29T00:00:00", "HORA_HECHO": "16:00", "ESTRATO": 4 }, "geometry": { "type": "Point", "coordinates": [ -76.540765, 3.42805 ] } },
{ "type": "Feature", "properties": { "DELITO": "HURTO", "TIPO_HURTO": "HURTO DE VEHICULOS", "MODALIDAD": "HALADO", "COMUNA": 0, "NOM_COMUNA": "COMUNA 19", "BARRIO": 19, "NOM_BARRIO": "4", "DIRECCION": "76001 CARRERA 29 5B 49, 3 DE JULIO, CALI, VALLE DEL CAUCA", "SITIO": "VIA PUBLICA", "X": -76.53971, "Y": 3.432074, "FECHA_HECH": "2025-06-29T00:00:00", "HORA_HECHO": "00:00", "ESTRATO": 4 }, "geometry": { "type": "Point", "coordinates": [ -76.53971, 3.432074 ] } },
{ "type": "Feature", "properties": { "DELITO": "HURTO", "TIPO_HURTO": "HURTO DE VEHICULOS", "MODALIDAD": "HALADO", "COMUNA": 0, "NOM_COMUNA": "COMUNA 19", "BARRIO": 19, "NOM_BARRIO": "4", "DIRECCION": "76001 CARRERA 29 5B 49, 3 DE JULIO, CALI, VALLE DEL CAUCA", "SITIO": "VIA PUBLICA", "X": -76.53971, "Y": 3.432074, "FECHA_HECH": "2025-06-29T00:00:00", "HORA_HECHO": "00:00", "ESTRATO": 4 }, "geometry": { "type": "Point", "coordinates": [ -76.53971, 3.432074 ] } },
{ "type": "Feature", "properties": { "DELITO": "HURTO", "TIPO_HURTO": "HURTO DE AUTOPARTES", "MODALIDAD": "FACTOR DE OPORTUNIDAD", "COMUNA": 0, "NOM_COMUNA": "COMUNA 19", "BARRIO": 19, "NOM_BARRIO": "4", "DIRECCION": "76001 CALLE 5C 29 1", "SITIO": "VIA PUBLICA", "X": -76.53956, "Y": 3.431768, "FECHA_HECH": "2025-07-02T00:00:00", "HORA_HECHO": "14:51", "ESTRATO": 4 }, "geometry": { "type": "Point", "coordinates": [ -76.53956, 3.431768 ] } },
{ "type": "Feature", "properties": { "DELITO": "HURTO", "TIPO_HURTO": "HURTO A ESTABLECIMIENTOS", "MODALIDAD": "FACTOR DE OPORTUNIDAD", "COMUNA": 0, "NOM_COMUNA": "COMUNA 19", "BARRIO": 19, "NOM_BARRIO": "4", "DIRECCION": "76001 CALLE 6 28 51, 3 DE JULIO, CALI, VALLE DEL CAUCA", "SITIO": "ESTACION DE SERVICIO", "X": -76.538829, "Y": 3.432168, "FECHA_HECH": "2025-07-04T00:00:00", "HORA_HECHO": "23:24", "ESTRATO": 4 }, "geometry": { "type": "Point", "coordinates": [ -76.538829, 3.432168 ] } },
{ "type": "Feature", "properties": { "DELITO": "HURTO", "TIPO_HURTO": "HURTO A ESTABLECIMIENTOS", "MODALIDAD": "ATRACO", "COMUNA": 0, "NOM_COMUNA": "COMUNA 19", "BARRIO": 19, "NOM_BARRIO": "4", "DIRECCION": "76001 CALLE 6 28 70, 3 DE JULIO, CALI, VALLE DEL CAUCA", "SITIO": "ESTABLECIMIENTO DE COMERCIO", "X": -76.539119, "Y": 3.431972, "FECHA_HECH": "2025-07-06T00:00:00", "HORA_HECHO": "20:40", "ESTRATO": 4 }, "geometry": { "type": "Point", "coordinates": [ -76.539119, 3.431972 ] } },
{ "type": "Feature", "properties": { "DELITO": "HURTO", "TIPO_HURTO": "HURTO A CELULARES", "MODALIDAD": "FACTOR DE OPORTUNIDAD", "COMUNA": 0, "NOM_COMUNA": "COMUNA 19", "BARRIO": 19, "NOM_BARRIO": "4", "DIRECCION": "76001 Carrera 28 6 37, El Cedro, Cali, Valle del Cauca, COL,EL CEDRO", "SITIO": "SIN INFORMACION", "X": -76.53847, "Y": 3.432691, "FECHA_HECH": "2025-07-06T00:00:00", "HORA_HECHO": "06:40", "ESTRATO": 4 }, "geometry": { "type": "Point", "coordinates": [ -76.53847, 3.432691 ] } },
{ "type": "Feature", "properties": { "DELITO": "HURTO", "TIPO_HURTO": "HURTO A PERSONAS", "MODALIDAD": "COSQUILLEO", "COMUNA": 0, "NOM_COMUNA": "COMUNA 19", "BARRIO": 19, "NOM_BARRIO": "4", "DIRECCION": "76001 CALLE 6, 3 DE JULIO, CALI, VALLE DEL CAUCA", "SITIO": "TRANSPORTE PUBLICO URBANO", "X": -76.538798, "Y": 3.434638, "FECHA_HECH": "2025-07-07T00:00:00", "HORA_HECHO": "18:00", "ESTRATO": 4 }, "geometry": { "type": "Point", "coordinates": [ -76.538798, 3.434638 ] } },
{ "type": "Feature", "properties": { "DELITO": "HURTO", "TIPO_HURTO": "HURTO A ESTABLECIMIENTOS", "MODALIDAD": "ATRACO", "COMUNA": 0, "NOM_COMUNA": "COMUNA 19", "BARRIO": 19, "NOM_BARRIO": "4", "DIRECCION": "76001 Calle 5B4 36 06, San Fernando Nuevo, Cali, Valle del Cauca, COL,SAN FERNANDO NUEVO", "SITIO": "SIN INFORMACION", "X": -76.540503, "Y": 3.427654, "FECHA_HECH": "2025-07-10T00:00:00", "HORA_HECHO": "06:25", "ESTRATO": 4 }, "geometry": { "type": "Point", "coordinates": [ -76.540503, 3.427654 ] } },
{ "type": "Feature", "properties": { "DELITO": "HURTO", "TIPO_HURTO": "HURTO DE MOTOCICLETAS", "MODALIDAD": "HALADO", "COMUNA": 0, "NOM_COMUNA": "COMUNA 19", "BARRIO": 19, "NOM_BARRIO": "4", "DIRECCION": "76001 CALLE 5B4 36B 94", "SITIO": "VIA PUBLICA", "X": -76.541701, "Y": 3.426589, "FECHA_HECH": "2025-07-11T00:00:00", "HORA_HECHO": "11:00", "ESTRATO": 4 }, "geometry": { "type": "Point", "coordinates": [ -76.541701, 3.426589 ] } },
{ "type": "Feature", "properties": { "DELITO": "HURTO", "TIPO_HURTO": "HURTO A PERSONAS", "MODALIDAD": "ATRACO", "COMUNA": 0, "NOM_COMUNA": "COMUNA 19", "BARRIO": 19, "NOM_BARRIO": "4", "DIRECCION": "76001 CALLE 6 CON CARRERA 26, 3 DE JULIO, CALI, VALLE DEL CAUCA", "SITIO": "VIA PUBLICA", "X": -76.538816, "Y": 3.434363, "FECHA_HECH": "2025-07-12T00:00:00", "HORA_HECHO": "20:00", "ESTRATO": 4 }, "geometry": { "type": "Point", "coordinates": [ -76.538816, 3.434363 ] } },
{ "type": "Feature", "properties": { "DELITO": "HURTO", "TIPO_HURTO": "HURTO A PERSONAS", "MODALIDAD": "FACTOR DE OPORTUNIDAD", "COMUNA": 0, "NOM_COMUNA": "COMUNA 19", "BARRIO": 19, "NOM_BARRIO": "4", "DIRECCION": "76001 Calle 7 35 70, Barrio Eucaristico, Cali, Valle del Cauca, COL,BARRIO EUCARÍSTICO", "SITIO": "SIN INFORMACION", "X": -76.539093, "Y": 3.426501, "FECHA_HECH": "2025-07-15T00:00:00", "HORA_HECHO": "10:41", "ESTRATO": 4 }, "geometry": { "type": "Point", "coordinates": [ -76.539093, 3.426501 ] } },
{ "type": "Feature", "properties": { "DELITO": "HURTO", "TIPO_HURTO": "HURTO A PERSONAS", "MODALIDAD": "RAPONAZO", "COMUNA": 0, "NOM_COMUNA": "COMUNA 19", "BARRIO": 19, "NOM_BARRIO": "4", "DIRECCION": "76001 Calle 8 con Carrera 34, Barrio Eucaristico, Cali, Valle del Cauca, COL,BARRIO EUCARÍSTICO", "SITIO": "SIN INFORMACION", "X": -76.538125, "Y": 3.42678, "FECHA_HECH": "2025-07-15T00:00:00", "HORA_HECHO": "19:30", "ESTRATO": 4 }, "geometry": { "type": "Point", "coordinates": [ -76.538125, 3.42678 ] } },
{ "type": "Feature", "properties": { "DELITO": "HURTO", "TIPO_HURTO": "HURTO A PERSONAS", "MODALIDAD": "ROMPIMIENTO DE VIDRIO", "COMUNA": 0, "NOM_COMUNA": "COMUNA 19", "BARRIO": 19, "NOM_BARRIO": "4", "DIRECCION": "76001 Calle 6A con Carrera 27, El Cedro, Cali, Valle del Cauca, COL,EL CEDRO", "SITIO": "SIN INFORMACION", "X": -76.538172, "Y": 3.433262, "FECHA_HECH": "2025-07-15T00:00:00", "HORA_HECHO": "18:40", "ESTRATO": 4 }, "geometry": { "type": "Point", "coordinates": [ -76.538172, 3.433262 ] } },
{ "type": "Feature", "properties": { "DELITO": "HURTO", "TIPO_HURTO": "HURTO A CELULARES", "MODALIDAD": "RAPONAZO", "COMUNA": 0, "NOM_COMUNA": "COMUNA 19", "BARRIO": 19, "NOM_BARRIO": "4", "DIRECCION": "76001 CALLE 9 34 1, BARRIO EUCARISTICO, CALI, VALLE DEL CAUCA", "SITIO": "VIA PUBLICA", "X": -76.53793, "Y": 3.425609, "FECHA_HECH": "2025-07-17T00:00:00", "HORA_HECHO": "05:15", "ESTRATO": 4 }, "geometry": { "type": "Point", "coordinates": [ -76.53793, 3.425609 ] } },
{ "type": "Feature", "properties": { "DELITO": "HURTO", "TIPO_HURTO": "HURTO DE VEHICULOS", "MODALIDAD": "HALADO", "COMUNA": 0, "NOM_COMUNA": "COMUNA 19", "BARRIO": 19, "NOM_BARRIO": "4", "DIRECCION": "76001 CALLE 8, BARRIO EUCARISTICO, CALI, VALLE DEL CAUCA", "SITIO": "VIA PUBLICA", "X": -76.538089, "Y": 3.42691, "FECHA_HECH": "2025-07-17T00:00:00", "HORA_HECHO": "16:00", "ESTRATO": 4 }, "geometry": { "type": "Point", "coordinates": [ -76.538089, 3.42691 ] } },
{ "type": "Feature", "properties": { "DELITO": "HURTO", "TIPO_HURTO": "HURTO A PERSONAS", "MODALIDAD": "ATRACO", "COMUNA": 0, "NOM_COMUNA": "COMUNA 19", "BARRIO": 19, "NOM_BARRIO": "4", "DIRECCION": "76001 Calle 6 con Carrera 27, 3 de Julio, Cali, Valle del Cauca, COL,3 DE JULIO", "SITIO": "SIN INFORMACION", "X": -76.538858, "Y": 3.433294, "FECHA_HECH": "2025-07-18T00:00:00", "HORA_HECHO": "05:00", "ESTRATO": 4 }, "geometry": { "type": "Point", "coordinates": [ -76.538858, 3.433294 ] } },
{ "type": "Feature", "properties": { "DELITO": "HURTO", "TIPO_HURTO": "HURTO A PERSONAS", "MODALIDAD": "RAPONAZO", "COMUNA": 0, "NOM_COMUNA": null, "BARRIO": 19, "NOM_BARRIO": "4", "DIRECCION": "76001 CL 6 SUR CON KR 26-201 OCCIDENTE", "SITIO": "SIN INFORMACION", "X": -76.53903, "Y": 3.434047, "FECHA_HECH": "2025-07-18T00:00:00", "HORA_HECHO": "17:00", "ESTRATO": 4 }, "geometry": { "type": "Point", "coordinates": [ -76.53903, 3.434047 ] } },
{ "type": "Feature", "properties": { "DELITO": "HURTO", "TIPO_HURTO": "HURTO A PERSONAS", "MODALIDAD": "ATRACO", "COMUNA": 0, "NOM_COMUNA": "COMUNA 19", "BARRIO": 19, "NOM_BARRIO": "4", "DIRECCION": "76001 Carrera 34 con Calle 6, Barrio Eucaristico, Cali, Valle del Cauca, COL,EL CEDRO", "SITIO": "SIN INFORMACION", "X": -76.53904, "Y": 3.428329, "FECHA_HECH": "2025-07-20T00:00:00", "HORA_HECHO": "15:25", "ESTRATO": 4 }, "geometry": { "type": "Point", "coordinates": [ -76.53904, 3.428329 ] } },
{ "type": "Feature", "properties": { "DELITO": "HURTO", "TIPO_HURTO": "HURTO DE BICICLETAS", "MODALIDAD": "HALADO", "COMUNA": 0, "NOM_COMUNA": "COMUNA 19", "BARRIO": 19, "NOM_BARRIO": "4", "DIRECCION": "76001 Calle 6 25 50, 3 de Julio, Cali, Valle del Cauca, COL,3 DE JULIO", "SITIO": "SIN INFORMACION", "X": -76.538844, "Y": 3.434815, "FECHA_HECH": "2025-07-22T00:00:00", "HORA_HECHO": "12:30", "ESTRATO": 4 }, "geometry": { "type": "Point", "coordinates": [ -76.538844, 3.434815 ] } },
{ "type": "Feature", "properties": { "DELITO": "HURTO", "TIPO_HURTO": "HURTO A RESIDENCIA", "MODALIDAD": "FACTOR DE OPORTUNIDAD", "COMUNA": 0, "NOM_COMUNA": "COMUNA 19", "BARRIO": 19, "NOM_BARRIO": "4", "DIRECCION": "76001 CARRERA 28 5B, 3 DE JULIO, CALI, VALLE DEL CAUCA", "SITIO": "EDIFICIO", "X": -76.539223, "Y": 3.432541, "FECHA_HECH": "2025-07-24T00:00:00", "HORA_HECHO": "05:30", "ESTRATO": 4 }, "geometry": { "type": "Point", "coordinates": [ -76.539223, 3.432541 ] } },
{ "type": "Feature", "properties": { "DELITO": "HURTO", "TIPO_HURTO": "HURTO DE MOTOCICLETAS", "MODALIDAD": "ATRACO", "COMUNA": 0, "NOM_COMUNA": "COMUNA 19", "BARRIO": 19, "NOM_BARRIO": "4", "DIRECCION": "76001 CALLE 8 32 2", "SITIO": "VIA PUBLICA", "X": -76.537748, "Y": 3.428104, "FECHA_HECH": "2025-08-01T00:00:00", "HORA_HECHO": "22:20", "ESTRATO": 4 }, "geometry": { "type": "Point", "coordinates": [ -76.537748, 3.428104 ] } },
{ "type": "Feature", "properties": { "DELITO": "HURTO", "TIPO_HURTO": "HURTO A PERSONAS", "MODALIDAD": "FACTOR DE OPORTUNIDAD", "COMUNA": 0, "NOM_COMUNA": "COMUNA 19", "BARRIO": 19, "NOM_BARRIO": "4", "DIRECCION": "76001 Calle 7 25 60, El Cedro, Cali, Valle del Cauca, COL,EL CEDRO", "SITIO": "SIN INFORMACION", "X": -76.537569, "Y": 3.434515, "FECHA_HECH": "2025-08-02T00:00:00", "HORA_HECHO": "15:30", "ESTRATO": 4 }, "geometry": { "type": "Point", "coordinates": [ -76.537569, 3.434515 ] } },
{ "type": "Feature", "properties": { "DELITO": "HURTO", "TIPO_HURTO": "HURTO DE MOTOCICLETAS", "MODALIDAD": "ATRACO", "COMUNA": 0, "NOM_COMUNA": "COMUNA 19", "BARRIO": 19, "NOM_BARRIO": "4", "DIRECCION": "76001 CARRERA 37 2BIS 6, BARRIO EUCARISTICO, CALI, VALLE DEL CAUCA", "SITIO": "VIA PUBLICA", "X": -76.540571, "Y": 3.425241, "FECHA_HECH": "2025-08-04T00:00:00", "HORA_HECHO": "00:00", "ESTRATO": 4 }, "geometry": { "type": "Point", "coordinates": [ -76.540571, 3.425241 ] } },
{ "type": "Feature", "properties": { "DELITO": "HURTO", "TIPO_HURTO": "HURTO A PERSONAS", "MODALIDAD": "FACTOR DE OPORTUNIDAD", "COMUNA": 0, "NOM_COMUNA": "COMUNA 19", "BARRIO": 19, "NOM_BARRIO": "4", "DIRECCION": "76001 Carrera 32A 8 33, El Cedro, Cali, Valle del Cauca, COL,EL CEDRO", "SITIO": "SIN INFORMACION", "X": -76.537515, "Y": 3.427606, "FECHA_HECH": "2025-08-04T00:00:00", "HORA_HECHO": "19:00", "ESTRATO": 4 }, "geometry": { "type": "Point", "coordinates": [ -76.537515, 3.427606 ] } },
{ "type": "Feature", "properties": { "DELITO": "HURTO", "TIPO_HURTO": "HURTO DE VEHICULOS", "MODALIDAD": "HALADO", "COMUNA": 0, "NOM_COMUNA": "COMUNA 19", "BARRIO": 19, "NOM_BARRIO": "4", "DIRECCION": "76001 CALLE 5B4 36 36, SAN FERNANDO NUEVO, CALI, VALLE DEL CAUCA", "SITIO": "VIA PUBLICA", "X": -76.540625, "Y": 3.427461, "FECHA_HECH": "2025-08-05T00:00:00", "HORA_HECHO": "13:00", "ESTRATO": 4 }, "geometry": { "type": "Point", "coordinates": [ -76.540625, 3.427461 ] } },
{ "type": "Feature", "properties": { "DELITO": "HURTO", "TIPO_HURTO": "HURTO A ESTABLECIMIENTOS", "MODALIDAD": "ATRACO", "COMUNA": 0, "NOM_COMUNA": "COMUNA 19", "BARRIO": 19, "NOM_BARRIO": "4", "DIRECCION": "76001 Calle 5B4 36 06, San Fernando Nuevo, Cali, Valle del Cauca, COL,SAN FERNANDO NUEVO", "SITIO": "SIN INFORMACION", "X": -76.540503, "Y": 3.427654, "FECHA_HECH": "2025-08-08T00:00:00", "HORA_HECHO": "04:08", "ESTRATO": 4 }, "geometry": { "type": "Point", "coordinates": [ -76.540503, 3.427654 ] } },
{ "type": "Feature", "properties": { "DELITO": "HURTO", "TIPO_HURTO": "HURTO A PERSONAS", "MODALIDAD": "ATRACO", "COMUNA": 0, "NOM_COMUNA": "COMUNA 19", "BARRIO": 19, "NOM_BARRIO": "4", "DIRECCION": "76001 CARRERA 29 6 61", "SITIO": "VIA PUBLICA", "X": -76.53841, "Y": 3.431967, "FECHA_HECH": "2025-08-11T00:00:00", "HORA_HECHO": "21:12", "ESTRATO": 4 }, "geometry": { "type": "Point", "coordinates": [ -76.53841, 3.431967 ] } },
{ "type": "Feature", "properties": { "DELITO": "HURTO", "TIPO_HURTO": "HURTO A PERSONAS", "MODALIDAD": "RAPONAZO", "COMUNA": 0, "NOM_COMUNA": "COMUNA 19", "BARRIO": 19, "NOM_BARRIO": "4", "DIRECCION": "76001 Carrera 30 con Calle 7, El Cedro, Cali, Valle del Cauca, COL,EL CEDRO", "SITIO": "SIN INFORMACION", "X": -76.537887, "Y": 3.430344, "FECHA_HECH": "2025-08-12T00:00:00", "HORA_HECHO": "13:43", "ESTRATO": 4 }, "geometry": { "type": "Point", "coordinates": [ -76.537887, 3.430344 ] } },
{ "type": "Feature", "properties": { "DELITO": "HURTO", "TIPO_HURTO": "HURTO A ESTABLECIMIENTOS", "MODALIDAD": "VANDALISMO/SAQUEO", "COMUNA": 0, "NOM_COMUNA": "COMUNA 19", "BARRIO": 19, "NOM_BARRIO": "4", "DIRECCION": "76001 3 DE JULIO, CALI, VALLE DEL CAUCA, COL,3 DE JULIO", "SITIO": "VIA PUBLICA", "X": -76.540514, "Y": 3.432725, "FECHA_HECH": "2025-08-12T00:00:00", "HORA_HECHO": "01:19", "ESTRATO": 4 }, "geometry": { "type": "Point", "coordinates": [ -76.540514, 3.432725 ] } },
{ "type": "Feature", "properties": { "DELITO": "HURTO", "TIPO_HURTO": "HURTO A CELULARES", "MODALIDAD": "ENGAÑO", "COMUNA": 0, "NOM_COMUNA": null, "BARRIO": 19, "NOM_BARRIO": "4", "DIRECCION": "76001 CL 5 f SUR CON KR 36-72 CL 5 f 36 72", "SITIO": "SIN INFORMACION", "X": -76.54028, "Y": 3.426153, "FECHA_HECH": "2025-08-13T00:00:00", "HORA_HECHO": "12:30", "ESTRATO": 4 }, "geometry": { "type": "Point", "coordinates": [ -76.54028, 3.426153 ] } },
{ "type": "Feature", "properties": { "DELITO": "HURTO", "TIPO_HURTO": "HURTO A CELULARES", "MODALIDAD": "ATRACO", "COMUNA": 0, "NOM_COMUNA": "COMUNA 19", "BARRIO": 19, "NOM_BARRIO": "4", "DIRECCION": "76001 Carrera 28 6 95, El Cedro, Cali, Valle del Cauca, COL,EL CEDRO", "SITIO": "SIN INFORMACION", "X": -76.537902, "Y": 3.432729, "FECHA_HECH": "2025-08-20T00:00:00", "HORA_HECHO": "01:15", "ESTRATO": 4 }, "geometry": { "type": "Point", "coordinates": [ -76.537902, 3.432729 ] } },
{ "type": "Feature", "properties": { "DELITO": "HURTO", "TIPO_HURTO": "HURTO A PERSONAS", "MODALIDAD": "COSQUILLEO", "COMUNA": 0, "NOM_COMUNA": "COMUNA 19", "BARRIO": 19, "NOM_BARRIO": "4", "DIRECCION": "76001 Comerc Y Distri Hbg Sa, Carrera 27 5B 17, 3 de Julio, Cali, Valle del Cauca, COL,3 DE JULIO", "SITIO": "SIN INFORMACION", "X": -76.540168, "Y": 3.433452, "FECHA_HECH": "2025-08-22T00:00:00", "HORA_HECHO": "10:30", "ESTRATO": 4 }, "geometry": { "type": "Point", "coordinates": [ -76.540168, 3.433452 ] } },
{ "type": "Feature", "properties": { "DELITO": "HURTO", "TIPO_HURTO": "HURTO A PERSONAS", "MODALIDAD": "RAPONAZO", "COMUNA": 0, "NOM_COMUNA": "COMUNA 19", "BARRIO": 19, "NOM_BARRIO": "4", "DIRECCION": "76001 Carrera 26 5B 45, 3 de Julio, Cali, Valle del Cauca, COL,3 DE JULIO", "SITIO": "SIN INFORMACION", "X": -76.539956, "Y": 3.434703, "FECHA_HECH": "2025-08-22T00:00:00", "HORA_HECHO": "16:41", "ESTRATO": 4 }, "geometry": { "type": "Point", "coordinates": [ -76.539956, 3.434703 ] } },
{ "type": "Feature", "properties": { "DELITO": "HURTO", "TIPO_HURTO": "HURTO A PERSONAS", "MODALIDAD": "ATRACO", "COMUNA": 0, "NOM_COMUNA": "COMUNA 19", "BARRIO": 19, "NOM_BARRIO": "4", "DIRECCION": "76001 Carrera 36 con Calle 9, Barrio Eucaristico, Cali, Valle del Cauca, COL,BARRIO EUCARÍSTICO", "SITIO": "SIN INFORMACION", "X": -76.537896, "Y": 3.425535, "FECHA_HECH": "2025-08-23T00:00:00", "HORA_HECHO": "01:00", "ESTRATO": 4 }, "geometry": { "type": "Point", "coordinates": [ -76.537896, 3.425535 ] } },
{ "type": "Feature", "properties": { "DELITO": "HURTO", "TIPO_HURTO": "HURTO DE BICICLETAS", "MODALIDAD": "FACTOR DE OPORTUNIDAD", "COMUNA": 0, "NOM_COMUNA": "COMUNA 19", "BARRIO": 19, "NOM_BARRIO": "4", "DIRECCION": "76001 Calle 9 34 1, Barrio Eucaristico, Cali, Valle del Cauca, COL,BARRIO EUCARÍSTICO", "SITIO": "SIN INFORMACION", "X": -76.53793, "Y": 3.425609, "FECHA_HECH": "2025-08-27T00:00:00", "HORA_HECHO": "13:00", "ESTRATO": 4 }, "geometry": { "type": "Point", "coordinates": [ -76.53793, 3.425609 ] } },
{ "type": "Feature", "properties": { "DELITO": "HURTO", "TIPO_HURTO": "HURTO A ESTABLECIMIENTOS", "MODALIDAD": "VENTOSA", "COMUNA": 0, "NOM_COMUNA": null, "BARRIO": 19, "NOM_BARRIO": "4", "DIRECCION": "76001 CL 7 SUR CON KR 27-8 CALLE 7 No 27 08", "SITIO": "LUGAR DE TRABAJO", "X": -76.53758, "Y": 3.433153, "FECHA_HECH": "2025-08-28T00:00:00", "HORA_HECHO": "07:00", "ESTRATO": 4 }, "geometry": { "type": "Point", "coordinates": [ -76.53758, 3.433153 ] } },
{ "type": "Feature", "properties": { "DELITO": "HURTO", "TIPO_HURTO": "HURTO DE BICICLETAS", "MODALIDAD": "HALADO", "COMUNA": 0, "NOM_COMUNA": "COMUNA 19", "BARRIO": 19, "NOM_BARRIO": "4", "DIRECCION": "76001 Calle 9 34 1, Barrio Eucaristico, Cali, Valle del Cauca, COL,BARRIO EUCARÍSTICO", "SITIO": "SIN INFORMACION", "X": -76.53793, "Y": 3.425609, "FECHA_HECH": "2025-08-29T00:00:00", "HORA_HECHO": "07:00", "ESTRATO": 4 }, "geometry": { "type": "Point", "coordinates": [ -76.53793, 3.425609 ] } },
{ "type": "Feature", "properties": { "DELITO": "HURTO", "TIPO_HURTO": "HURTO A PERSONAS", "MODALIDAD": "FACTOR DE OPORTUNIDAD", "COMUNA": 0, "NOM_COMUNA": "COMUNA 19", "BARRIO": 19, "NOM_BARRIO": "4", "DIRECCION": "76001 CALLE 9 34 1, BARRIO EUCARISTICO, CALI, VALLE DEL CAUCA", "SITIO": "OTRO", "X": -76.537749, "Y": 3.425702, "FECHA_HECH": "2025-08-29T00:00:00", "HORA_HECHO": "18:00", "ESTRATO": 4 }, "geometry": { "type": "Point", "coordinates": [ -76.537749, 3.425702 ] } },
{ "type": "Feature", "properties": { "DELITO": "HURTO", "TIPO_HURTO": "HURTO DE MOTOCICLETAS", "MODALIDAD": "HALADO", "COMUNA": 0, "NOM_COMUNA": "COMUNA 19", "BARRIO": 19, "NOM_BARRIO": "4", "DIRECCION": "76001 CARRERA 32 7 48, EL CEDRO, CALI, VALLE DEL CAUCA", "SITIO": "VIA PUBLICA", "X": -76.538166, "Y": 3.42824, "FECHA_HECH": "2025-08-29T00:00:00", "HORA_HECHO": "06:00", "ESTRATO": 4 }, "geometry": { "type": "Point", "coordinates": [ -76.538166, 3.42824 ] } },
{ "type": "Feature", "properties": { "DELITO": "HURTO", "TIPO_HURTO": "HURTO A PERSONAS", "MODALIDAD": "FACTOR DE OPORTUNIDAD", "COMUNA": 0, "NOM_COMUNA": "COMUNA 19", "BARRIO": 19, "NOM_BARRIO": "4", "DIRECCION": "76001 CALLE 5B 27 33", "SITIO": "TRANSPORTE INTERMUNICIPAL", "X": -76.540321, "Y": 3.433073, "FECHA_HECH": "2025-08-29T00:00:00", "HORA_HECHO": "11:52", "ESTRATO": 4 }, "geometry": { "type": "Point", "coordinates": [ -76.540321, 3.433073 ] } },
{ "type": "Feature", "properties": { "DELITO": "HURTO", "TIPO_HURTO": "HURTO A PERSONAS", "MODALIDAD": "FACTOR DE OPORTUNIDAD", "COMUNA": 0, "NOM_COMUNA": "COMUNA 19", "BARRIO": 19, "NOM_BARRIO": "4", "DIRECCION": "76001 CALLE 9 CON CARRERA 34, BARRIO EUCARISTICO, CALI, VALLE DEL CAUCA", "SITIO": "VIA PUBLICA", "X": -76.537666, "Y": 3.426158, "FECHA_HECH": "2025-08-30T00:00:00", "HORA_HECHO": "00:30", "ESTRATO": 4 }, "geometry": { "type": "Point", "coordinates": [ -76.537666, 3.426158 ] } },
{ "type": "Feature", "properties": { "DELITO": "HURTO", "TIPO_HURTO": "HURTO A ESTABLECIMIENTOS", "MODALIDAD": "VIOLACION DE CERRADURA", "COMUNA": 0, "NOM_COMUNA": "COMUNA 19", "BARRIO": 19, "NOM_BARRIO": "4", "DIRECCION": "76001 CALLE 6 DIAGONAL 31 1", "SITIO": "VIA PUBLICA", "X": -76.539007, "Y": 3.429302, "FECHA_HECH": "2025-08-30T00:00:00", "HORA_HECHO": "20:30", "ESTRATO": 4 }, "geometry": { "type": "Point", "coordinates": [ -76.539007, 3.429302 ] } },
{ "type": "Feature", "properties": { "DELITO": "HURTO", "TIPO_HURTO": "HURTO A CELULARES", "MODALIDAD": "FACTOR DE OPORTUNIDAD", "COMUNA": 0, "NOM_COMUNA": "COMUNA 19", "BARRIO": 19, "NOM_BARRIO": "4", "DIRECCION": "76001 Biblioteca Departamental Jorge Garces Borrero, Calle 5, 3 de Julio, Cali, Valle del Cauca, COL,3 DE JULIO", "SITIO": "SIN INFORMACION", "X": -76.539452, "Y": 3.436322, "FECHA_HECH": "2025-08-30T00:00:00", "HORA_HECHO": "23:03", "ESTRATO": 4 }, "geometry": { "type": "Point", "coordinates": [ -76.539452, 3.436322 ] } },
{ "type": "Feature", "properties": { "DELITO": "HURTO", "TIPO_HURTO": "HURTO A PERSONAS", "MODALIDAD": "RAPONAZO", "COMUNA": 0, "NOM_COMUNA": "COMUNA 19", "BARRIO": 19, "NOM_BARRIO": "4", "DIRECCION": "76001 CARRERA 34 CON CALLE 7, BARRIO EUCARISTICO, CALI, VALLE DEL CAUCA", "SITIO": "VIA PUBLICA", "X": -76.53856, "Y": 3.427475, "FECHA_HECH": "2025-08-31T00:00:00", "HORA_HECHO": "18:30", "ESTRATO": 4 }, "geometry": { "type": "Point", "coordinates": [ -76.53856, 3.427475 ] } },
{ "type": "Feature", "properties": { "DELITO": "HURTO", "TIPO_HURTO": "HURTO DE VEHICULOS", "MODALIDAD": "HALADO", "COMUNA": 0, "NOM_COMUNA": "COMUNA 19", "BARRIO": 19, "NOM_BARRIO": "4", "DIRECCION": "76001 CARRERA 28 6 15, EL CEDRO, CALI, VALLE DEL CAUCA, COL,EL CEDRO", "SITIO": "VIA PUBLICA", "X": -76.538647, "Y": 3.432696, "FECHA_HECH": "2025-09-04T00:00:00", "HORA_HECHO": "22:50", "ESTRATO": 4 }, "geometry": { "type": "Point", "coordinates": [ -76.538647, 3.432696 ] } },
{ "type": "Feature", "properties": { "DELITO": "HURTO", "TIPO_HURTO": "HURTO A PERSONAS", "MODALIDAD": "ROMPIMIENTO DE VIDRIO", "COMUNA": 0, "NOM_COMUNA": "COMUNA 19", "BARRIO": 19, "NOM_BARRIO": "4", "DIRECCION": "76001 BANCOLOMBIA AVENIDA ROOSEVELT", "SITIO": "ESTABLECIMIENTO PUBLICO", "X": -76.538707, "Y": 3.434632, "FECHA_HECH": "2025-09-04T00:00:00", "HORA_HECHO": "20:00", "ESTRATO": 4 }, "geometry": { "type": "Point", "coordinates": [ -76.538707, 3.434632 ] } },
{ "type": "Feature", "properties": { "DELITO": "HURTO", "TIPO_HURTO": "HURTO A PERSONAS", "MODALIDAD": "VIOLACION DE CERRADURA", "COMUNA": 0, "NOM_COMUNA": null, "BARRIO": 19, "NOM_BARRIO": "4", "DIRECCION": "76001 CL 7 SUR CON CON KR 27 CALLE 7 CARRERA 27", "SITIO": "SIN INFORMACION", "X": -76.537506, "Y": 3.432829, "FECHA_HECH": "2025-09-05T00:00:00", "HORA_HECHO": "02:00", "ESTRATO": 4 }, "geometry": { "type": "Point", "coordinates": [ -76.537506, 3.432829 ] } },
{ "type": "Feature", "properties": { "DELITO": "HURTO", "TIPO_HURTO": "HURTO A PERSONAS", "MODALIDAD": "ATRACO", "COMUNA": 0, "NOM_COMUNA": "COMUNA 19", "BARRIO": 19, "NOM_BARRIO": "4", "DIRECCION": "76001 3 DE JULIO, CALI, VALLE DEL CAUCA, COL,3 DE JULIO", "SITIO": "VIA PUBLICA", "X": -76.540514, "Y": 3.432725, "FECHA_HECH": "2025-09-06T00:00:00", "HORA_HECHO": "00:30", "ESTRATO": 4 }, "geometry": { "type": "Point", "coordinates": [ -76.540514, 3.432725 ] } },
{ "type": "Feature", "properties": { "DELITO": "HURTO", "TIPO_HURTO": "HURTO A PERSONAS", "MODALIDAD": "FACTOR DE OPORTUNIDAD", "COMUNA": 0, "NOM_COMUNA": "COMUNA 19", "BARRIO": 19, "NOM_BARRIO": "4", "DIRECCION": "76001 BIBLIOTECA DEPARTAMENTAL JORGE GARCES BORRERO, CALLE 5, 3 DE JULIO, CALI, VALLE DEL CAUCA, COL,3 DE JULIO", "SITIO": "ESTABLECIMIENTO EDUCATIVO", "X": -76.539452, "Y": 3.436322, "FECHA_HECH": "2025-09-12T00:00:00", "HORA_HECHO": "09:00", "ESTRATO": 4 }, "geometry": { "type": "Point", "coordinates": [ -76.539452, 3.436322 ] } },
{ "type": "Feature", "properties": { "DELITO": "HURTO", "TIPO_HURTO": "HURTO A PERSONAS", "MODALIDAD": "FACTOR DE OPORTUNIDAD", "COMUNA": 0, "NOM_COMUNA": "COMUNA 19", "BARRIO": 19, "NOM_BARRIO": "4", "DIRECCION": "76001 CALLE 5B 25 23, 3 DE JULIO, CALI, VALLE DEL CAUCA", "SITIO": "ESTABLECIMIENTO DE COMERCIO", "X": -76.54023, "Y": 3.435352, "FECHA_HECH": "2025-09-13T00:00:00", "HORA_HECHO": "01:30", "ESTRATO": 4 }, "geometry": { "type": "Point", "coordinates": [ -76.54023, 3.435352 ] } },
{ "type": "Feature", "properties": { "DELITO": "HURTO", "TIPO_HURTO": "HURTO A RESIDENCIA", "MODALIDAD": "VIOLACION DE CERRADURA", "COMUNA": 0, "NOM_COMUNA": null, "BARRIO": 19, "NOM_BARRIO": "4", "DIRECCION": "76001 CL 6 SUR CON KR 28-44 CALLE 6 No 28 44", "SITIO": "SIN INFORMACION", "X": -76.53895, "Y": 3.432266, "FECHA_HECH": "2025-09-15T00:00:00", "HORA_HECHO": "17:00", "ESTRATO": 4 }, "geometry": { "type": "Point", "coordinates": [ -76.53895, 3.432266 ] } },
{ "type": "Feature", "properties": { "DELITO": "HURTO", "TIPO_HURTO": "HURTO A PERSONAS", "MODALIDAD": "ROMPIMIENTO DE VIDRIO", "COMUNA": 0, "NOM_COMUNA": "COMUNA 19", "BARRIO": 19, "NOM_BARRIO": "4", "DIRECCION": "76001 CALLE 6 27 1", "SITIO": "VIA PUBLICA", "X": -76.53884, "Y": 3.433224, "FECHA_HECH": "2025-09-16T00:00:00", "HORA_HECHO": "01:30", "ESTRATO": 4 }, "geometry": { "type": "Point", "coordinates": [ -76.53884, 3.433224 ] } },
{ "type": "Feature", "properties": { "DELITO": "HURTO", "TIPO_HURTO": "HURTO A PERSONAS", "MODALIDAD": "ROMPIMIENTO DE VIDRIO", "COMUNA": 0, "NOM_COMUNA": "COMUNA 19", "BARRIO": 19, "NOM_BARRIO": "4", "DIRECCION": "76001 Calle 6 con Carrera 27, 3 de Julio, Cali, Valle del Cauca, COL,3 DE JULIO", "SITIO": "SIN INFORMACION", "X": -76.538858, "Y": 3.433294, "FECHA_HECH": "2025-09-16T00:00:00", "HORA_HECHO": "01:30", "ESTRATO": 4 }, "geometry": { "type": "Point", "coordinates": [ -76.538858, 3.433294 ] } },
{ "type": "Feature", "properties": { "DELITO": "HURTO", "TIPO_HURTO": "HURTO DE BICICLETAS", "MODALIDAD": "FACTOR DE OPORTUNIDAD", "COMUNA": 0, "NOM_COMUNA": null, "BARRIO": 19, "NOM_BARRIO": "4", "DIRECCION": "76001 CL 7 SUR CON CON KR 27 OCCIDENTE", "SITIO": "SIN INFORMACION", "X": -76.53758, "Y": 3.433327, "FECHA_HECH": "2025-09-19T00:00:00", "HORA_HECHO": "08:30", "ESTRATO": 4 }, "geometry": { "type": "Point", "coordinates": [ -76.53758, 3.433327 ] } },
{ "type": "Feature", "properties": { "DELITO": "HURTO", "TIPO_HURTO": "HURTO A PERSONAS", "MODALIDAD": "ATRACO", "COMUNA": 0, "NOM_COMUNA": "COMUNA 19", "BARRIO": 19, "NOM_BARRIO": "4", "DIRECCION": "76001 CALLE 9 CON CARRERA 32, EL CEDRO, CALI, VALLE DEL CAUCA", "SITIO": "VIA PUBLICA", "X": -76.536916, "Y": 3.427873, "FECHA_HECH": "2025-09-24T00:00:00", "HORA_HECHO": "14:50", "ESTRATO": 4 }, "geometry": { "type": "Point", "coordinates": [ -76.536916, 3.427873 ] } },
{ "type": "Feature", "properties": { "DELITO": "HURTO", "TIPO_HURTO": "HURTO A PERSONAS", "MODALIDAD": "VIOLACION DE CERRADURA", "COMUNA": 0, "NOM_COMUNA": "COMUNA 19", "BARRIO": 19, "NOM_BARRIO": "4", "DIRECCION": "76001 Calle 6 con Carrera 26, 3 de Julio, Cali, Valle del Cauca, COL,3 DE JULIO", "SITIO": "SIN INFORMACION", "X": -76.538816, "Y": 3.434363, "FECHA_HECH": "2025-09-25T00:00:00", "HORA_HECHO": "12:20", "ESTRATO": 4 }, "geometry": { "type": "Point", "coordinates": [ -76.538816, 3.434363 ] } },
{ "type": "Feature", "properties": { "DELITO": "HURTO", "TIPO_HURTO": "HURTO A PERSONAS", "MODALIDAD": "RAPONAZO", "COMUNA": 0, "NOM_COMUNA": "COMUNA 19", "BARRIO": 19, "NOM_BARRIO": "4", "DIRECCION": "76001 CALLE 5B5 36C 98", "SITIO": "VIA PUBLICA", "X": -76.541134, "Y": 3.42612, "FECHA_HECH": "2025-09-26T00:00:00", "HORA_HECHO": "18:30", "ESTRATO": 4 }, "geometry": { "type": "Point", "coordinates": [ -76.541134, 3.42612 ] } },
{ "type": "Feature", "properties": { "DELITO": "HURTO", "TIPO_HURTO": "HURTO A PERSONAS", "MODALIDAD": "FLETEO", "COMUNA": 0, "NOM_COMUNA": "COMUNA 19", "BARRIO": 19, "NOM_BARRIO": "4", "DIRECCION": "76001 AVENIDA ROOSEVELT 25 14", "SITIO": "ENTIDAD FINANCIERA", "X": -76.538766, "Y": 3.435045, "FECHA_HECH": "2025-09-26T00:00:00", "HORA_HECHO": "11:15", "ESTRATO": 4 }, "geometry": { "type": "Point", "coordinates": [ -76.538766, 3.435045 ] } },
{ "type": "Feature", "properties": { "DELITO": "HURTO", "TIPO_HURTO": "HURTO A PERSONAS", "MODALIDAD": "ATRACO", "COMUNA": 0, "NOM_COMUNA": "COMUNA 19", "BARRIO": 19, "NOM_BARRIO": "4", "DIRECCION": "76001 CARRERA 36 8 91", "SITIO": "VIA PUBLICA", "X": -76.537925, "Y": 3.425598, "FECHA_HECH": "2025-09-29T00:00:00", "HORA_HECHO": "06:00", "ESTRATO": 4 }, "geometry": { "type": "Point", "coordinates": [ -76.537925, 3.425598 ] } },
{ "type": "Feature", "properties": { "DELITO": "HURTO", "TIPO_HURTO": "HURTO A PERSONAS", "MODALIDAD": "ATRACO", "COMUNA": 0, "NOM_COMUNA": "COMUNA 19", "BARRIO": 19, "NOM_BARRIO": "4", "DIRECCION": "76001 CARRERA 36 6, SAN FERNANDO NUEVO, CALI, VALLE DEL CAUCA", "SITIO": "VIA PUBLICA", "X": -76.539665, "Y": 3.426762, "FECHA_HECH": "2025-10-02T00:00:00", "HORA_HECHO": "22:30", "ESTRATO": 4 }, "geometry": { "type": "Point", "coordinates": [ -76.539665, 3.426762 ] } },
{ "type": "Feature", "properties": { "DELITO": "HURTO", "TIPO_HURTO": "HURTO A PERSONAS", "MODALIDAD": "VIOLACION DE CERRADURA", "COMUNA": 0, "NOM_COMUNA": "COMUNA 19", "BARRIO": 19, "NOM_BARRIO": "4", "DIRECCION": "76001 CALLE 6 29 42, 3 DE JULIO, CALI, VALLE DEL CAUCA", "SITIO": "VIA PUBLICA", "X": -76.538982, "Y": 3.431471, "FECHA_HECH": "2025-10-03T00:00:00", "HORA_HECHO": "19:00", "ESTRATO": 4 }, "geometry": { "type": "Point", "coordinates": [ -76.538982, 3.431471 ] } },
{ "type": "Feature", "properties": { "DELITO": "HURTO", "TIPO_HURTO": "HURTO A PERSONAS", "MODALIDAD": "FACTOR DE OPORTUNIDAD", "COMUNA": 0, "NOM_COMUNA": "COMUNA 19", "BARRIO": 19, "NOM_BARRIO": "4", "DIRECCION": "76001 CALLE 5 24A 91, MIRAFLORES, CALI, VALLE DEL CAUCA", "SITIO": "OTRO", "X": -76.539876, "Y": 3.436081, "FECHA_HECH": "2025-10-03T00:00:00", "HORA_HECHO": "17:30", "ESTRATO": 4 }, "geometry": { "type": "Point", "coordinates": [ -76.539876, 3.436081 ] } },
{ "type": "Feature", "properties": { "DELITO": "HURTO", "TIPO_HURTO": "HURTO DE VEHICULOS", "MODALIDAD": "HALADO", "COMUNA": 0, "NOM_COMUNA": "COMUNA 19", "BARRIO": 19, "NOM_BARRIO": "4", "DIRECCION": "76001 CARRERA 37 5B4 79", "SITIO": "VIA PUBLICA", "X": -76.541446, "Y": 3.426063, "FECHA_HECH": "2025-10-04T00:00:00", "HORA_HECHO": "08:26", "ESTRATO": 4 }, "geometry": { "type": "Point", "coordinates": [ -76.541446, 3.426063 ] } },
{ "type": "Feature", "properties": { "DELITO": "HURTO", "TIPO_HURTO": "HURTO DE VEHICULOS", "MODALIDAD": "HALADO", "COMUNA": 0, "NOM_COMUNA": "COMUNA 19", "BARRIO": 19, "NOM_BARRIO": "4", "DIRECCION": "76001 CARRERA 27 5B 25, 3 DE JULIO, CALI, VALLE DEL CAUCA", "SITIO": "VIA PUBLICA", "X": -76.540192, "Y": 3.433544, "FECHA_HECH": "2025-10-05T00:00:00", "HORA_HECHO": "18:30", "ESTRATO": 4 }, "geometry": { "type": "Point", "coordinates": [ -76.540192, 3.433544 ] } },
{ "type": "Feature", "properties": { "DELITO": "HURTO", "TIPO_HURTO": "HURTO A PERSONAS", "MODALIDAD": "COSQUILLEO", "COMUNA": 0, "NOM_COMUNA": "COMUNA 19", "BARRIO": 19, "NOM_BARRIO": "4", "DIRECCION": "76001 IGLESIA LA MILAGROSA, EL CEDRO, CALI, VALLE DEL CAUCA, COL,EL CEDRO", "SITIO": "VIA PUBLICA", "X": -76.53836, "Y": 3.43117, "FECHA_HECH": "2025-10-06T00:00:00", "HORA_HECHO": "13:00", "ESTRATO": 4 }, "geometry": { "type": "Point", "coordinates": [ -76.53836, 3.43117 ] } },
{ "type": "Feature", "properties": { "DELITO": "HURTO", "TIPO_HURTO": "HURTO A CELULARES", "MODALIDAD": "COSQUILLEO", "COMUNA": 0, "NOM_COMUNA": "COMUNA 19", "BARRIO": 19, "NOM_BARRIO": "4", "DIRECCION": "76001 Carrera 36 con Calle 7, Barrio Eucaristico, Cali, Valle del Cauca, COL,BARRIO EUCARÍSTICO", "SITIO": "SIN INFORMACION", "X": -76.539112, "Y": 3.426105, "FECHA_HECH": "2025-10-07T00:00:00", "HORA_HECHO": "05:20", "ESTRATO": 4 }, "geometry": { "type": "Point", "coordinates": [ -76.539112, 3.426105 ] } },
{ "type": "Feature", "properties": { "DELITO": "HURTO", "TIPO_HURTO": "HURTO A CELULARES", "MODALIDAD": "RAPONAZO", "COMUNA": 0, "NOM_COMUNA": "COMUNA 19", "BARRIO": 19, "NOM_BARRIO": "4", "DIRECCION": "76001 CALLE 7 CON CARRERA 31, EL CEDRO, CALI, VALLE DEL CAUCA", "SITIO": "VIA PUBLICA", "X": -76.538261, "Y": 3.429081, "FECHA_HECH": "2025-10-10T00:00:00", "HORA_HECHO": "07:30", "ESTRATO": 4 }, "geometry": { "type": "Point", "coordinates": [ -76.538261, 3.429081 ] } },
{ "type": "Feature", "properties": { "DELITO": "HURTO", "TIPO_HURTO": "HURTO A PERSONAS", "MODALIDAD": "ROMPIMIENTO DE VIDRIO", "COMUNA": 0, "NOM_COMUNA": "COMUNA 19", "BARRIO": 19, "NOM_BARRIO": "4", "DIRECCION": "76001 CARRERA 27 5C 47", "SITIO": "VIA PUBLICA", "X": -76.539281, "Y": 3.43343, "FECHA_HECH": "2025-10-10T00:00:00", "HORA_HECHO": "01:30", "ESTRATO": 4 }, "geometry": { "type": "Point", "coordinates": [ -76.539281, 3.43343 ] } },
{ "type": "Feature", "properties": { "DELITO": "HURTO", "TIPO_HURTO": "HURTO A PERSONAS", "MODALIDAD": "ATRACO", "COMUNA": 0, "NOM_COMUNA": "COMUNA 19", "BARRIO": 19, "NOM_BARRIO": "4", "DIRECCION": "76001 CALLE 7 27 36, EL CEDRO, CALI, VALLE DEL CAUCA", "SITIO": "VIA PUBLICA", "X": -76.537709, "Y": 3.432868, "FECHA_HECH": "2025-10-11T00:00:00", "HORA_HECHO": "02:00", "ESTRATO": 4 }, "geometry": { "type": "Point", "coordinates": [ -76.537709, 3.432868 ] } },
{ "type": "Feature", "properties": { "DELITO": "HURTO", "TIPO_HURTO": "HURTO DE MOTOCICLETAS", "MODALIDAD": "HALADO", "COMUNA": 0, "NOM_COMUNA": "COMUNA 19", "BARRIO": 19, "NOM_BARRIO": "4", "DIRECCION": "76001 AVENIDA ROOSEVELT 29 83", "SITIO": "VIA PUBLICA", "X": -76.538932, "Y": 3.431011, "FECHA_HECH": "2025-10-13T00:00:00", "HORA_HECHO": "18:00", "ESTRATO": 4 }, "geometry": { "type": "Point", "coordinates": [ -76.538932, 3.431011 ] } },
{ "type": "Feature", "properties": { "DELITO": "HURTO", "TIPO_HURTO": "HURTO A PERSONAS", "MODALIDAD": "FACTOR DE OPORTUNIDAD", "COMUNA": 0, "NOM_COMUNA": null, "BARRIO": 19, "NOM_BARRIO": "4", "DIRECCION": "76001 KR 36 CL 7-60 SUR KR 36 7 60", "SITIO": "SIN INFORMACION", "X": -76.53909, "Y": 3.426249, "FECHA_HECH": "2025-10-14T00:00:00", "HORA_HECHO": "19:00", "ESTRATO": 4 }, "geometry": { "type": "Point", "coordinates": [ -76.53909, 3.426249 ] } },
{ "type": "Feature", "properties": { "DELITO": "HURTO", "TIPO_HURTO": "HURTO DE MOTOCICLETAS", "MODALIDAD": "HALADO", "COMUNA": 0, "NOM_COMUNA": "COMUNA 19", "BARRIO": 19, "NOM_BARRIO": "4", "DIRECCION": "76001 CARRERA 36B 5B3 60, SAN FERNANDO NUEVO, CALI, VALLE DEL CAUCA", "SITIO": "VIA PUBLICA", "X": -76.54134, "Y": 3.427235, "FECHA_HECH": "2025-10-15T00:00:00", "HORA_HECHO": "14:30", "ESTRATO": 4 }, "geometry": { "type": "Point", "coordinates": [ -76.54134, 3.427235 ] } },
{ "type": "Feature", "properties": { "DELITO": "HURTO", "TIPO_HURTO": "HURTO A PERSONAS", "MODALIDAD": "VIOLACION DE CERRADURA", "COMUNA": 0, "NOM_COMUNA": "COMUNA 19", "BARRIO": 19, "NOM_BARRIO": "4", "DIRECCION": "76001 Calle 6, 3 de Julio, Cali, Valle del Cauca, COL,EL CEDRO", "SITIO": "SIN INFORMACION", "X": -76.538866, "Y": 3.432838, "FECHA_HECH": "2025-10-15T00:00:00", "HORA_HECHO": "23:00", "ESTRATO": 4 }, "geometry": { "type": "Point", "coordinates": [ -76.538866, 3.432838 ] } },
{ "type": "Feature", "properties": { "DELITO": "HURTO", "TIPO_HURTO": "HURTO DE MOTOCICLETAS", "MODALIDAD": "HALADO", "COMUNA": 0, "NOM_COMUNA": "COMUNA 19", "BARRIO": 19, "NOM_BARRIO": "4", "DIRECCION": "76001 CARRERA 32A 8 26, EL CEDRO, CALI, VALLE DEL CAUCA", "SITIO": "VIA PUBLICA", "X": -76.537707, "Y": 3.427392, "FECHA_HECH": "2025-10-17T00:00:00", "HORA_HECHO": "02:00", "ESTRATO": 4 }, "geometry": { "type": "Point", "coordinates": [ -76.537707, 3.427392 ] } },
{ "type": "Feature", "properties": { "DELITO": "HURTO", "TIPO_HURTO": "HURTO A PERSONAS", "MODALIDAD": "ATRACO", "COMUNA": 0, "NOM_COMUNA": "COMUNA 19", "BARRIO": 19, "NOM_BARRIO": "4", "DIRECCION": "76001 CALLE 6A, EL CEDRO, CALI, VALLE DEL CAUCA", "SITIO": "ESTABLECIMIENTO DE COMERCIO", "X": -76.538172, "Y": 3.433262, "FECHA_HECH": "2025-10-17T00:00:00", "HORA_HECHO": "22:30", "ESTRATO": 4 }, "geometry": { "type": "Point", "coordinates": [ -76.538172, 3.433262 ] } },
{ "type": "Feature", "properties": { "DELITO": "HURTO", "TIPO_HURTO": "HURTO DE MOTOCICLETAS", "MODALIDAD": "HALADO", "COMUNA": 0, "NOM_COMUNA": null, "BARRIO": 19, "NOM_BARRIO": "4", "DIRECCION": "76001 KR 36 B CL 5 B 3-50 SUR CARRERA 36 B No 5 B 3 50", "SITIO": "SIN INFORMACION", "X": -76.541435, "Y": 3.427359, "FECHA_HECH": "2025-10-20T00:00:00", "HORA_HECHO": "20:30", "ESTRATO": 4 }, "geometry": { "type": "Point", "coordinates": [ -76.541435, 3.427359 ] } },
{ "type": "Feature", "properties": { "DELITO": "HURTO", "TIPO_HURTO": "HURTO A PERSONAS", "MODALIDAD": "FACTOR DE OPORTUNIDAD", "COMUNA": 0, "NOM_COMUNA": "COMUNA 19", "BARRIO": 19, "NOM_BARRIO": "4", "DIRECCION": "76001 CARRERA 26, EL CEDRO, CALI, VALLE DEL CAUCA", "SITIO": "OTRO", "X": -76.538355, "Y": 3.434343, "FECHA_HECH": "2025-10-20T00:00:00", "HORA_HECHO": "10:00", "ESTRATO": 4 }, "geometry": { "type": "Point", "coordinates": [ -76.538355, 3.434343 ] } },
{ "type": "Feature", "properties": { "DELITO": "HURTO", "TIPO_HURTO": "HURTO DE MOTOCICLETAS", "MODALIDAD": "HALADO", "COMUNA": 0, "NOM_COMUNA": null, "BARRIO": 19, "NOM_BARRIO": "4", "DIRECCION": "76001 CL 5 F SUR CON KR 36-124 CALLE 5 F No 36 124", "SITIO": "SIN INFORMACION", "X": -76.540474, "Y": 3.426176, "FECHA_HECH": "2025-10-22T00:00:00", "HORA_HECHO": "18:00", "ESTRATO": 4 }, "geometry": { "type": "Point", "coordinates": [ -76.540474, 3.426176 ] } },
{ "type": "Feature", "properties": { "DELITO": "HURTO", "TIPO_HURTO": "HURTO A PERSONAS", "MODALIDAD": "RAPONAZO", "COMUNA": 0, "NOM_COMUNA": "COMUNA 19", "BARRIO": 19, "NOM_BARRIO": "4", "DIRECCION": "76001 Calle 6, 3 de Julio, Cali, Valle del Cauca, COL,EL CEDRO", "SITIO": "SIN INFORMACION", "X": -76.538866, "Y": 3.432838, "FECHA_HECH": "2025-10-23T00:00:00", "HORA_HECHO": "18:52", "ESTRATO": 4 }, "geometry": { "type": "Point", "coordinates": [ -76.538866, 3.432838 ] } },
{ "type": "Feature", "properties": { "DELITO": "HURTO", "TIPO_HURTO": "HURTO DE MOTOCICLETAS", "MODALIDAD": "HALADO", "COMUNA": 0, "NOM_COMUNA": "COMUNA 19", "BARRIO": 19, "NOM_BARRIO": "4", "DIRECCION": "76001 CALLE 7 CON CARRERA 34 7, BARRIO EUCARISTICO, CALI, VALLE DEL CAUCA", "SITIO": "VIA PUBLICA", "X": -76.53856, "Y": 3.427475, "FECHA_HECH": "2025-10-26T00:00:00", "HORA_HECHO": "00:00", "ESTRATO": 4 }, "geometry": { "type": "Point", "coordinates": [ -76.53856, 3.427475 ] } },
{ "type": "Feature", "properties": { "DELITO": "HURTO", "TIPO_HURTO": "HURTO A PERSONAS", "MODALIDAD": "ATRACO", "COMUNA": 0, "NOM_COMUNA": "COMUNA 19", "BARRIO": 19, "NOM_BARRIO": "4", "DIRECCION": "76001 CARRERA 26 5B 60", "SITIO": "VIA PUBLICA", "X": -76.539984, "Y": 3.434381, "FECHA_HECH": "2025-10-26T00:00:00", "HORA_HECHO": "06:30", "ESTRATO": 4 }, "geometry": { "type": "Point", "coordinates": [ -76.539984, 3.434381 ] } },
{ "type": "Feature", "properties": { "DELITO": "HURTO", "TIPO_HURTO": "HURTO A PERSONAS", "MODALIDAD": "FACTOR DE OPORTUNIDAD", "COMUNA": 0, "NOM_COMUNA": "COMUNA 19", "BARRIO": 19, "NOM_BARRIO": "4", "DIRECCION": "76001 Templete Eucarístico, Barrio Eucaristico, Cali, Valle del Cauca, COL,BARRIO EUCARÍSTICO", "SITIO": "SIN INFORMACION", "X": -76.538825, "Y": 3.425713, "FECHA_HECH": "2025-11-06T00:00:00", "HORA_HECHO": "20:00", "ESTRATO": 4 }, "geometry": { "type": "Point", "coordinates": [ -76.538825, 3.425713 ] } },
{ "type": "Feature", "properties": { "DELITO": "HURTO", "TIPO_HURTO": "HURTO A CELULARES", "MODALIDAD": "ATRACO", "COMUNA": 0, "NOM_COMUNA": "COMUNA 19", "BARRIO": 19, "NOM_BARRIO": "4", "DIRECCION": "76001 CALLE 9 CON CARRERA 32A, EL CEDRO, CALI, VALLE DEL CAUCA", "SITIO": "VIA PUBLICA", "X": -76.537062, "Y": 3.427256, "FECHA_HECH": "2025-11-06T00:00:00", "HORA_HECHO": "12:00", "ESTRATO": 4 }, "geometry": { "type": "Point", "coordinates": [ -76.537062, 3.427256 ] } },
{ "type": "Feature", "properties": { "DELITO": "HURTO", "TIPO_HURTO": "HURTO A CELULARES", "MODALIDAD": "RAPONAZO", "COMUNA": 0, "NOM_COMUNA": "COMUNA 19", "BARRIO": 19, "NOM_BARRIO": "4", "DIRECCION": "76001 CALLE 5 24A 91, MIRAFLORES, CALI, VALLE DEL CAUCA", "SITIO": "VIA PUBLICA", "X": -76.539876, "Y": 3.436081, "FECHA_HECH": "2025-11-08T00:00:00", "HORA_HECHO": "13:00", "ESTRATO": 4 }, "geometry": { "type": "Point", "coordinates": [ -76.539876, 3.436081 ] } },
{ "type": "Feature", "properties": { "DELITO": "HURTO", "TIPO_HURTO": "HURTO A PERSONAS", "MODALIDAD": "VIOLACION DE CERRADURA", "COMUNA": 0, "NOM_COMUNA": "COMUNA 19", "BARRIO": 19, "NOM_BARRIO": "4", "DIRECCION": "76001 Calle 9 32A 16, El Cedro, Cali, Valle del Cauca, COL,EL CEDRO", "SITIO": "SIN INFORMACION", "X": -76.537247, "Y": 3.427096, "FECHA_HECH": "2025-11-11T00:00:00", "HORA_HECHO": "13:40", "ESTRATO": 4 }, "geometry": { "type": "Point", "coordinates": [ -76.537247, 3.427096 ] } },
{ "type": "Feature", "properties": { "DELITO": "HURTO", "TIPO_HURTO": "HURTO A PERSONAS", "MODALIDAD": "VIOLACION DE CERRADURA", "COMUNA": 0, "NOM_COMUNA": "COMUNA 19", "BARRIO": 19, "NOM_BARRIO": "4", "DIRECCION": "76001 CALLE 6A CON CARRERA 27, EL CEDRO, CALI, VALLE DEL CAUCA", "SITIO": "VIA PUBLICA", "X": -76.538172, "Y": 3.433262, "FECHA_HECH": "2025-11-14T00:00:00", "HORA_HECHO": "19:00", "ESTRATO": 4 }, "geometry": { "type": "Point", "coordinates": [ -76.538172, 3.433262 ] } },
{ "type": "Feature", "properties": { "DELITO": "HURTO", "TIPO_HURTO": "HURTO DE MOTOCICLETAS", "MODALIDAD": "ATRACO", "COMUNA": 0, "NOM_COMUNA": "COMUNA 19", "BARRIO": 19, "NOM_BARRIO": "4", "DIRECCION": "76001 AVENIDA ROOSEVELT 29 1", "SITIO": "VIA PUBLICA", "X": -76.538937, "Y": 3.431744, "FECHA_HECH": "2025-11-15T00:00:00", "HORA_HECHO": "03:45", "ESTRATO": 4 }, "geometry": { "type": "Point", "coordinates": [ -76.538937, 3.431744 ] } },
{ "type": "Feature", "properties": { "DELITO": "HURTO", "TIPO_HURTO": "HURTO A ESTABLECIMIENTOS", "MODALIDAD": "FACTOR DE OPORTUNIDAD", "COMUNA": 0, "NOM_COMUNA": null, "BARRIO": 19, "NOM_BARRIO": "4", "DIRECCION": "76001 CL 6 CON KR 27-11", "SITIO": "LOCAL COMERCIAL", "X": -76.53861, "Y": 3.433066, "FECHA_HECH": "2025-11-15T00:00:00", "HORA_HECHO": "00:00", "ESTRATO": 4 }, "geometry": { "type": "Point", "coordinates": [ -76.53861, 3.433066 ] } },
{ "type": "Feature", "properties": { "DELITO": "HURTO", "TIPO_HURTO": "HURTO DE MOTOCICLETAS", "MODALIDAD": "HALADO", "COMUNA": 0, "NOM_COMUNA": "COMUNA 19", "BARRIO": 19, "NOM_BARRIO": "4", "DIRECCION": "76001 CARRERA 34 7 00, BARRIO EUCARISTICO, CALI, VALLE DEL CAUCA", "SITIO": "VIA PUBLICA", "X": -76.538698, "Y": 3.42744, "FECHA_HECH": "2025-11-20T00:00:00", "HORA_HECHO": "20:00", "ESTRATO": 4 }, "geometry": { "type": "Point", "coordinates": [ -76.538698, 3.42744 ] } },
{ "type": "Feature", "properties": { "DELITO": "HURTO", "TIPO_HURTO": "HURTO DE MOTOCICLETAS", "MODALIDAD": "HALADO", "COMUNA": 0, "NOM_COMUNA": "COMUNA 19", "BARRIO": 19, "NOM_BARRIO": "4", "DIRECCION": "76001 CALLE 5B4 34 107", "SITIO": "VIA PUBLICA", "X": -76.539735, "Y": 3.42801, "FECHA_HECH": "2025-11-20T00:00:00", "HORA_HECHO": "20:30", "ESTRATO": 4 }, "geometry": { "type": "Point", "coordinates": [ -76.539735, 3.42801 ] } },
{ "type": "Feature", "properties": { "DELITO": "HURTO", "TIPO_HURTO": "HURTO A PERSONAS", "MODALIDAD": "VIOLACION DE CERRADURA", "COMUNA": 0, "NOM_COMUNA": "COMUNA 19", "BARRIO": 19, "NOM_BARRIO": "4", "DIRECCION": "76001 Carrera 27 6A, El Cedro, Cali, Valle del Cauca, COL,EL CEDRO", "SITIO": "SIN INFORMACION", "X": -76.537819, "Y": 3.433241, "FECHA_HECH": "2025-11-20T00:00:00", "HORA_HECHO": "00:40", "ESTRATO": 4 }, "geometry": { "type": "Point", "coordinates": [ -76.537819, 3.433241 ] } },
{ "type": "Feature", "properties": { "DELITO": "HURTO", "TIPO_HURTO": "HURTO A PERSONAS", "MODALIDAD": "VIOLACION DE CERRADURA", "COMUNA": 0, "NOM_COMUNA": "COMUNA 19", "BARRIO": 19, "NOM_BARRIO": "4", "DIRECCION": "76001 CARRERA 27, 3 DE JULIO, CALI, VALLE DEL CAUCA", "SITIO": "VIA PUBLICA", "X": -76.539691, "Y": 3.433309, "FECHA_HECH": "2025-11-22T00:00:00", "HORA_HECHO": "14:00", "ESTRATO": 4 }, "geometry": { "type": "Point", "coordinates": [ -76.539691, 3.433309 ] } },
{ "type": "Feature", "properties": { "DELITO": "HURTO", "TIPO_HURTO": "HURTO A PERSONAS", "MODALIDAD": "FACTOR DE OPORTUNIDAD", "COMUNA": 0, "NOM_COMUNA": "COMUNA 19", "BARRIO": 19, "NOM_BARRIO": "4", "DIRECCION": "76001 Calle 8 32, El Cedro, Cali, Valle del Cauca, COL,EL CEDRO", "SITIO": "SIN INFORMACION", "X": -76.537829, "Y": 3.427817, "FECHA_HECH": "2025-11-24T00:00:00", "HORA_HECHO": "22:15", "ESTRATO": 4 }, "geometry": { "type": "Point", "coordinates": [ -76.537829, 3.427817 ] } },
{ "type": "Feature", "properties": { "DELITO": "HURTO", "TIPO_HURTO": "HURTO DE VEHICULOS", "MODALIDAD": "HALADO", "COMUNA": 0, "NOM_COMUNA": "COMUNA 19", "BARRIO": 19, "NOM_BARRIO": "4", "DIRECCION": "76001 CARRERA 29 6 43, EL CEDRO, CALI, VALLE DEL CAUCA", "SITIO": "VIA PUBLICA", "X": -76.538406, "Y": 3.43201, "FECHA_HECH": "2025-11-25T00:00:00", "HORA_HECHO": "23:54", "ESTRATO": 4 }, "geometry": { "type": "Point", "coordinates": [ -76.538406, 3.43201 ] } },
{ "type": "Feature", "properties": { "DELITO": "HURTO", "TIPO_HURTO": "HURTO A PERSONAS", "MODALIDAD": "ATRACO", "COMUNA": 0, "NOM_COMUNA": null, "BARRIO": 19, "NOM_BARRIO": "4", "DIRECCION": "76001 CL 7  CALLE 7 36 A 18", "SITIO": "SIN INFORMACION", "X": -76.5394, "Y": 3.42552, "FECHA_HECH": "2025-11-26T00:00:00", "HORA_HECHO": "11:00", "ESTRATO": 4 }, "geometry": { "type": "Point", "coordinates": [ -76.5394, 3.42552 ] } },
{ "type": "Feature", "properties": { "DELITO": "HURTO", "TIPO_HURTO": "HURTO A PERSONAS", "MODALIDAD": "ENGAÑO", "COMUNA": 0, "NOM_COMUNA": "COMUNA 19", "BARRIO": 19, "NOM_BARRIO": "4", "DIRECCION": "76001 Calle 9 32A 16, El Cedro, Cali, Valle del Cauca, COL,EL CEDRO", "SITIO": "SIN INFORMACION", "X": -76.537247, "Y": 3.427096, "FECHA_HECH": "2025-11-26T00:00:00", "HORA_HECHO": "16:15", "ESTRATO": 4 }, "geometry": { "type": "Point", "coordinates": [ -76.537247, 3.427096 ] } },
{ "type": "Feature", "properties": { "DELITO": "HURTO", "TIPO_HURTO": "HURTO DE MOTOCICLETAS", "MODALIDAD": "HALADO", "COMUNA": 0, "NOM_COMUNA": "COMUNA 19", "BARRIO": 19, "NOM_BARRIO": "4", "DIRECCION": "76001 CARRERA 34 7 7, BARRIO EUCARISTICO, CALI, VALLE DEL CAUCA", "SITIO": "VIA PUBLICA", "X": -76.538667, "Y": 3.427519, "FECHA_HECH": "2025-11-27T00:00:00", "HORA_HECHO": "17:00", "ESTRATO": 4 }, "geometry": { "type": "Point", "coordinates": [ -76.538667, 3.427519 ] } },
{ "type": "Feature", "properties": { "DELITO": "HURTO", "TIPO_HURTO": "HURTO A PERSONAS", "MODALIDAD": "RAPONAZO", "COMUNA": 0, "NOM_COMUNA": "COMUNA 19", "BARRIO": 19, "NOM_BARRIO": "4", "DIRECCION": "76001 CARRERA 36 CON CALLE 6, SAN FERNANDO NUEVO, CALI, VALLE DEL CAUCA", "SITIO": "VIA PUBLICA", "X": -76.539766, "Y": 3.426855, "FECHA_HECH": "2025-12-01T00:00:00", "HORA_HECHO": "12:30", "ESTRATO": 4 }, "geometry": { "type": "Point", "coordinates": [ -76.539766, 3.426855 ] } },
{ "type": "Feature", "properties": { "DELITO": "HURTO", "TIPO_HURTO": "HURTO A PERSONAS", "MODALIDAD": "FACTOR DE OPORTUNIDAD", "COMUNA": 0, "NOM_COMUNA": "COMUNA 19", "BARRIO": 19, "NOM_BARRIO": "4", "DIRECCION": "76001 Calle 7 36, Barrio Eucaristico, Cali, Valle del Cauca, COL,BARRIO EUCARÍSTICO", "SITIO": "SIN INFORMACION", "X": -76.539182, "Y": 3.425914, "FECHA_HECH": "2025-12-04T00:00:00", "HORA_HECHO": "00:13", "ESTRATO": 4 }, "geometry": { "type": "Point", "coordinates": [ -76.539182, 3.425914 ] } },
{ "type": "Feature", "properties": { "DELITO": "HURTO", "TIPO_HURTO": "HURTO DE MOTOCICLETAS", "MODALIDAD": "HALADO", "COMUNA": 0, "NOM_COMUNA": null, "BARRIO": 19, "NOM_BARRIO": "4", "DIRECCION": "76001 KR 28 CL 6-11", "SITIO": "SIN INFORMACION", "X": -76.53911, "Y": 3.432613, "FECHA_HECH": "2025-12-05T00:00:00", "HORA_HECHO": "11:30", "ESTRATO": 4 }, "geometry": { "type": "Point", "coordinates": [ -76.53911, 3.432613 ] } },
{ "type": "Feature", "properties": { "DELITO": "HURTO", "TIPO_HURTO": "HURTO A PERSONAS", "MODALIDAD": "ROMPIMIENTO DE VIDRIO", "COMUNA": 0, "NOM_COMUNA": "COMUNA 19", "BARRIO": 19, "NOM_BARRIO": "4", "DIRECCION": "76001 CARRERA 27 6 6", "SITIO": "VIA PUBLICA", "X": -76.53873, "Y": 3.433272, "FECHA_HECH": "2025-12-06T00:00:00", "HORA_HECHO": "21:40", "ESTRATO": 4 }, "geometry": { "type": "Point", "coordinates": [ -76.53873, 3.433272 ] } },
{ "type": "Feature", "properties": { "DELITO": "HURTO", "TIPO_HURTO": "HURTO DE MOTOCICLETAS", "MODALIDAD": "HALADO", "COMUNA": 0, "NOM_COMUNA": "COMUNA 19", "BARRIO": 19, "NOM_BARRIO": "4", "DIRECCION": "76001 CARRERA 36A 6 60, BARRIO EUCARISTICO, CALI, VALLE DEL CAUCA", "SITIO": "VIA PUBLICA", "X": -76.539468, "Y": 3.425701, "FECHA_HECH": "2025-12-09T00:00:00", "HORA_HECHO": "09:53", "ESTRATO": 4 }, "geometry": { "type": "Point", "coordinates": [ -76.539468, 3.425701 ] } },
{ "type": "Feature", "properties": { "DELITO": "HURTO", "TIPO_HURTO": "HURTO A PERSONAS", "MODALIDAD": "VIOLACION DE CERRADURA", "COMUNA": 0, "NOM_COMUNA": null, "BARRIO": 19, "NOM_BARRIO": "4", "DIRECCION": "76001 KR 27 OCCIDENTE CON CL 58 SUR", "SITIO": "SIN INFORMACION", "X": -76.54045, "Y": 3.433496, "FECHA_HECH": "2025-12-12T00:00:00", "HORA_HECHO": "21:30", "ESTRATO": 4 }, "geometry": { "type": "Point", "coordinates": [ -76.54045, 3.433496 ] } },
{ "type": "Feature", "properties": { "DELITO": "HURTO", "TIPO_HURTO": "HURTO A CELULARES", "MODALIDAD": "FACTOR DE OPORTUNIDAD", "COMUNA": 0, "NOM_COMUNA": null, "BARRIO": 19, "NOM_BARRIO": "4", "DIRECCION": "76001 NO REPORTA calle 7 carrera 27", "SITIO": "SIN INFORMACION", "X": -76.537476, "Y": 3.433207, "FECHA_HECH": "2025-12-15T00:00:00", "HORA_HECHO": "09:00", "ESTRATO": 4 }, "geometry": { "type": "Point", "coordinates": [ -76.537476, 3.433207 ] } },
{ "type": "Feature", "properties": { "DELITO": "HURTO", "TIPO_HURTO": "HURTO A PERSONAS", "MODALIDAD": "ATRACO", "COMUNA": 0, "NOM_COMUNA": null, "BARRIO": 19, "NOM_BARRIO": "4", "DIRECCION": "76001 KR 27 CON CL 6  CARRERA 27 CALLE 6", "SITIO": "SIN INFORMACION", "X": -76.53892, "Y": 3.433308, "FECHA_HECH": "2025-12-26T00:00:00", "HORA_HECHO": "22:00", "ESTRATO": 4 }, "geometry": { "type": "Point", "coordinates": [ -76.53892, 3.433308 ] } },
{ "type": "Feature", "properties": { "DELITO": "HURTO", "TIPO_HURTO": "HURTO A ESTABLECIMIENTOS", "MODALIDAD": "ATRACO", "COMUNA": 0, "NOM_COMUNA": "COMUNA 19", "BARRIO": 19, "NOM_BARRIO": "4", "DIRECCION": "76001 AVENIDA ROOSEVELT 29 72", "SITIO": "ESTABLECIMIENTO DE COMERCIO", "X": -76.538988, "Y": 3.431109, "FECHA_HECH": "2025-12-27T00:00:00", "HORA_HECHO": "18:00", "ESTRATO": 4 }, "geometry": { "type": "Point", "coordinates": [ -76.538988, 3.431109 ] } },
{ "type": "Feature", "properties": { "DELITO": "HURTO", "TIPO_HURTO": "HURTO A PERSONAS", "MODALIDAD": "COSQUILLEO", "COMUNA": 0, "NOM_COMUNA": null, "BARRIO": 19, "NOM_BARRIO": "4", "DIRECCION": "76001 CL 6 SUR CON CON KR 34 CALLE 6 CARRERA 34", "SITIO": "SIN INFORMACION", "X": -76.53915, "Y": 3.4285, "FECHA_HECH": "2025-12-28T00:00:00", "HORA_HECHO": "03:30", "ESTRATO": 4 }, "geometry": { "type": "Point", "coordinates": [ -76.53915, 3.4285 ] } }
]
}
