{
"type": "FeatureCollection",
"name": "red_peatonal_osm_roosevelt",
"crs": { "type": "name", "properties": { "name": "urn:ogc:def:crs:OGC:1.3:CRS84" } },
"features": [
{ "type": "Feature", "properties": { "u": 300167425, "v": 11519176341, "key": 0, "osmid": 32289736, "highway": "residential", "name": "Calle 5B 4", "oneway": false, "reversed": true, "length": 5.8932804997970463, "lanes": null, "maxspeed": null, "access": null }, "geometry": { "type": "LineString", "coordinates": [ [ -76.540311, 3.4276338 ], [ -76.5403534, 3.4276019 ] ] } },
{ "type": "Feature", "properties": { "u": 300167425, "v": 11519176318, "key": 0, "osmid": 424934595, "highway": "residential", "name": "Calle 5B 4", "oneway": false, "reversed": false, "length": 7.83267337552138, "lanes": null, "maxspeed": null, "access": null }, "geometry": { "type": "LineString", "coordinates": [ [ -76.540311, 3.4276338 ], [ -76.5402548, 3.4276764 ] ] } },
{ "type": "Feature", "properties": { "u": 300167425, "v": 11519176298, "key": 0, "osmid": 444825139, "highway": "tertiary", "name": "Carrera 36", "oneway": false, "reversed": false, "length": 88.339222017473134, "lanes": "2", "maxspeed": null, "access": null }, "geometry": { "type": "LineString", "coordinates": [ [ -76.540311, 3.4276338 ], [ -76.5398193, 3.4270091 ] ] } },
{ "type": "Feature", "properties": { "u": 300167425, "v": 11519176314, "key": 0, "osmid": 1008724584, "highway": "tertiary", "name": "Carrera 36", "oneway": false, "reversed": true, "length": 42.402083383626405, "lanes": "2", "maxspeed": null, "access": null }, "geometry": { "type": "LineString", "coordinates": [ [ -76.540311, 3.4276338 ], [ -76.5405343, 3.4279432 ] ] } },
{ "type": "Feature", "properties": { "u": 300168017, "v": 11519176296, "key": 0, "osmid": 173519386, "highway": "secondary", "name": "Carrera 36", "oneway": false, "reversed": true, "length": 91.323853176532992, "lanes": "3", "maxspeed": null, "access": null }, "geometry": { "type": "LineString", "coordinates": [ [ -76.5391095, 3.426116 ], [ -76.539626, 3.4267553 ] ] } },
{ "type": "Feature", "properties": { "u": 300168017, "v": 11519176315, "key": 0, "osmid": 203502393, "highway": "residential", "name": "Calle 7", "oneway": false, "reversed": false, "length": 7.3137835955240593, "lanes": null, "maxspeed": null, "access": null }, "geometry": { "type": "LineString", "coordinates": [ [ -76.5391095, 3.426116 ], [ -76.5390864, 3.4261776 ] ] } },
{ "type": "Feature", "properties": { "u": 300168017, "v": 4177145931, "key": 0, "osmid": 417094146, "highway": "secondary", "name": "Carrera 36", "oneway": false, "reversed": false, "length": 31.293855244353136, "lanes": "3", "maxspeed": null, "access": null }, "geometry": { "type": "LineString", "coordinates": [ [ -76.5391095, 3.426116 ], [ -76.5388529, 3.4259994 ] ] } },
{ "type": "Feature", "properties": { "u": 300168017, "v": 11519176310, "key": 0, "osmid": 782806863, "highway": "residential", "name": "Calle 7", "oneway": false, "reversed": false, "length": 7.2370154429518729, "lanes": null, "maxspeed": null, "access": null }, "geometry": { "type": "LineString", "coordinates": [ [ -76.5391095, 3.426116 ], [ -76.5391325, 3.4260551 ] ] } },
{ "type": "Feature", "properties": { "u": 309647181, "v": 4074282518, "key": 0, "osmid": 28190780, "highway": "residential", "name": "Carrera 27", "oneway": false, "reversed": false, "length": 88.070210910971667, "lanes": "2", "maxspeed": "30", "access": null }, "geometry": { "type": "LineString", "coordinates": [ [ -76.5404915, 3.4333782 ], [ -76.5396988, 3.4333436 ] ] } },
{ "type": "Feature", "properties": { "u": 309647181, "v": 9748032996, "key": 0, "osmid": 564088507, "highway": "residential", "name": "Calle 5B", "oneway": false, "reversed": false, "length": 26.389732593866249, "lanes": null, "maxspeed": "30", "access": null }, "geometry": { "type": "LineString", "coordinates": [ [ -76.5404915, 3.4333782 ], [ -76.540479, 3.4336152 ] ] } },
{ "type": "Feature", "properties": { "u": 361409666, "v": 361409738, "key": 0, "osmid": 406984962, "highway": "residential", "name": "Carrera 30", "oneway": false, "reversed": false, "length": 7.716837982694793, "lanes": null, "maxspeed": "30", "access": null }, "geometry": { "type": "LineString", "coordinates": [ [ -76.5396755, 3.43039 ], [ -76.5397388, 3.4303613 ] ] } },
{ "type": "Feature", "properties": { "u": 361409666, "v": 11519650210, "key": 0, "osmid": 406984962, "highway": "residential", "name": "Carrera 30", "oneway": false, "reversed": true, "length": 69.047498706928806, "lanes": null, "maxspeed": "30", "access": null }, "geometry": { "type": "LineString", "coordinates": [ [ -76.5396755, 3.43039 ], [ -76.5390535, 3.4303805 ] ] } },
{ "type": "Feature", "properties": { "u": 361409667, "v": 11519650211, "key": 0, "osmid": 417417903, "highway": "residential", "name": "Carrera 29", "oneway": false, "reversed": false, "length": 73.009990992498132, "lanes": null, "maxspeed": null, "access": null }, "geometry": { "type": "LineString", "coordinates": [ [ -76.5396281, 3.4318522 ], [ -76.538971, 3.4318225 ] ] } },
{ "type": "Feature", "properties": { "u": 361409738, "v": 361409666, "key": 0, "osmid": 406984962, "highway": "residential", "name": "Carrera 30", "oneway": false, "reversed": true, "length": 7.716837982694793, "lanes": null, "maxspeed": "30", "access": null }, "geometry": { "type": "LineString", "coordinates": [ [ -76.5397388, 3.4303613 ], [ -76.5396755, 3.43039 ] ] } },
{ "type": "Feature", "properties": { "u": 361410524, "v": 11519650189, "key": 0, "osmid": 406984941, "highway": "secondary", "name": "Calle 6", "oneway": false, "reversed": true, "length": 154.90343796098605, "lanes": "4", "maxspeed": "50", "access": null }, "geometry": { "type": "LineString", "coordinates": [ [ -76.5389821, 3.4303802 ], [ -76.5389059, 3.4317712 ] ] } },
{ "type": "Feature", "properties": { "u": 361410524, "v": 375700734, "key": 0, "osmid": 406984943, "highway": "secondary", "name": "Calle 6", "oneway": false, "reversed": false, "length": 39.14690242440706, "lanes": "4", "maxspeed": "30", "access": null }, "geometry": { "type": "LineString", "coordinates": [ [ -76.5389821, 3.4303802 ], [ -76.5389926, 3.4300283 ] ] } },
{ "type": "Feature", "properties": { "u": 361410524, "v": 11519650220, "key": 0, "osmid": 406984961, "highway": "residential", "name": "Carrera 30", "oneway": false, "reversed": true, "length": 7.8540291222755414, "lanes": null, "maxspeed": "30", "access": null }, "geometry": { "type": "LineString", "coordinates": [ [ -76.5389821, 3.4303802 ], [ -76.5389114, 3.4303773 ] ] } },
{ "type": "Feature", "properties": { "u": 361410524, "v": 11519650210, "key": 0, "osmid": 406984962, "highway": "residential", "name": "Carrera 30", "oneway": false, "reversed": false, "length": 7.9251738205477249, "lanes": null, "maxspeed": "30", "access": null }, "geometry": { "type": "LineString", "coordinates": [ [ -76.5389821, 3.4303802 ], [ -76.5390535, 3.4303805 ] ] } },
{ "type": "Feature", "properties": { "u": 361410804, "v": 9342794058, "key": 0, "osmid": 406984948, "highway": "secondary", "name": "Calle 7", "oneway": false, "reversed": false, "length": 54.972052991163004, "lanes": "3", "maxspeed": "30", "access": null }, "geometry": { "type": "LineString", "coordinates": [ [ -76.5374986, 3.4332498 ], [ -76.5374591, 3.4337426 ] ] } },
{ "type": "Feature", "properties": { "u": 361410804, "v": 363105741, "key": 0, "osmid": 406984948, "highway": "secondary", "name": "Calle 7", "oneway": false, "reversed": true, "length": 84.056584477723433, "lanes": "3", "maxspeed": "30", "access": null }, "geometry": { "type": "LineString", "coordinates": [ [ -76.5374986, 3.4332498 ], [ -76.5375176, 3.4324941 ] ] } },
{ "type": "Feature", "properties": { "u": 361410804, "v": 11518927800, "key": 0, "osmid": 572429980, "highway": "residential", "name": "Carrera 27", "oneway": false, "reversed": true, "length": 6.3505888832852939, "lanes": null, "maxspeed": null, "access": null }, "geometry": { "type": "LineString", "coordinates": [ [ -76.5374986, 3.4332498 ], [ -76.5375558, 3.4332511 ] ] } },
{ "type": "Feature", "properties": { "u": 361410808, "v": 11519650213, "key": 0, "osmid": 28190780, "highway": "residential", "name": "Carrera 27", "oneway": false, "reversed": true, "length": 7.8126837949064747, "lanes": "2", "maxspeed": "30", "access": null }, "geometry": { "type": "LineString", "coordinates": [ [ -76.5388479, 3.4332961 ], [ -76.5389182, 3.4332996 ] ] } },
{ "type": "Feature", "properties": { "u": 361410808, "v": 11519650194, "key": 0, "osmid": 449282213, "highway": "secondary", "name": "Calle 6", "oneway": false, "reversed": false, "length": 6.9289563279501589, "lanes": "4", "maxspeed": "30", "access": null }, "geometry": { "type": "LineString", "coordinates": [ [ -76.5388479, 3.4332961 ], [ -76.5388492, 3.4332338 ] ] } },
{ "type": "Feature", "properties": { "u": 361410808, "v": 7289425226, "key": 0, "osmid": 449282213, "highway": "secondary", "name": "Calle 6", "oneway": false, "reversed": true, "length": 8.5592256184154305, "lanes": "4", "maxspeed": "30", "access": null }, "geometry": { "type": "LineString", "coordinates": [ [ -76.5388479, 3.4332961 ], [ -76.5388445, 3.433373 ] ] } },
{ "type": "Feature", "properties": { "u": 361410808, "v": 11519650225, "key": 0, "osmid": 572429980, "highway": "residential", "name": "Carrera 27", "oneway": false, "reversed": false, "length": 6.6680800152610749, "lanes": null, "maxspeed": null, "access": null }, "geometry": { "type": "LineString", "coordinates": [ [ -76.5388479, 3.4332961 ], [ -76.5387879, 3.4332931 ] ] } },
{ "type": "Feature", "properties": { "u": 363098859, "v": 9336306887, "key": 0, "osmid": 32289736, "highway": "residential", "name": "Calle 5B 4", "oneway": false, "reversed": false, "length": 58.555835838836259, "lanes": null, "maxspeed": null, "access": null }, "geometry": { "type": "LineString", "coordinates": [ [ -76.5410582, 3.4270688 ], [ -76.5406377, 3.4273868 ] ] } },
{ "type": "Feature", "properties": { "u": 363105741, "v": 361410804, "key": 0, "osmid": 406984948, "highway": "secondary", "name": "Calle 7", "oneway": false, "reversed": false, "length": 84.056584477723433, "lanes": "3", "maxspeed": "30", "access": null }, "geometry": { "type": "LineString", "coordinates": [ [ -76.5375176, 3.4324941 ], [ -76.5374986, 3.4332498 ] ] } },
{ "type": "Feature", "properties": { "u": 363105741, "v": 11518927805, "key": 0, "osmid": 406984948, "highway": "secondary", "name": "Calle 7", "oneway": false, "reversed": true, "length": 76.166258246940686, "lanes": "3", "maxspeed": "30", "access": null }, "geometry": { "type": "LineString", "coordinates": [ [ -76.5375176, 3.4324941 ], [ -76.5375458, 3.4318097 ] ] } },
{ "type": "Feature", "properties": { "u": 363105741, "v": 11518927810, "key": 0, "osmid": 564074001, "highway": "residential", "name": "Carrera 28", "oneway": false, "reversed": false, "length": 6.3199651523805569, "lanes": null, "maxspeed": null, "access": null }, "geometry": { "type": "LineString", "coordinates": [ [ -76.5375176, 3.4324941 ], [ -76.5375745, 3.4324962 ] ] } },
{ "type": "Feature", "properties": { "u": 363105742, "v": 9336288924, "key": 0, "osmid": 449282213, "highway": "secondary", "name": "Calle 6", "oneway": false, "reversed": false, "length": 17.261909129566391, "lanes": "4", "maxspeed": "30", "access": null }, "geometry": { "type": "LineString", "coordinates": [ [ -76.5388641, 3.4325444 ], [ -76.5388707, 3.4323893 ] ] } },
{ "type": "Feature", "properties": { "u": 363105742, "v": 11519650194, "key": 0, "osmid": 449282213, "highway": "secondary", "name": "Calle 6", "oneway": false, "reversed": true, "length": 76.675728726991508, "lanes": "4", "maxspeed": "30", "access": null }, "geometry": { "type": "LineString", "coordinates": [ [ -76.5388641, 3.4325444 ], [ -76.5388492, 3.4332338 ] ] } },
{ "type": "Feature", "properties": { "u": 363105742, "v": 11519650212, "key": 0, "osmid": 564069976, "highway": "residential", "name": "Carrera 28", "oneway": false, "reversed": false, "length": 8.1376867928585064, "lanes": null, "maxspeed": null, "access": null }, "geometry": { "type": "LineString", "coordinates": [ [ -76.5388641, 3.4325444 ], [ -76.5389374, 3.4325459 ] ] } },
{ "type": "Feature", "properties": { "u": 363105742, "v": 11519650224, "key": 0, "osmid": 564074001, "highway": "residential", "name": "Carrera 28", "oneway": false, "reversed": true, "length": 6.6753193670208013, "lanes": null, "maxspeed": null, "access": null }, "geometry": { "type": "LineString", "coordinates": [ [ -76.5388641, 3.4325444 ], [ -76.538804, 3.4325422 ] ] } },
{ "type": "Feature", "properties": { "u": 364052905, "v": 2134266146, "key": 0, "osmid": 32289724, "highway": "residential", "name": "Calle 5B 5", "oneway": false, "reversed": true, "length": 35.367920404500609, "lanes": "2", "maxspeed": null, "access": null }, "geometry": { "type": "LineString", "coordinates": [ [ -76.5410357, 3.4260833 ], [ -76.5407778, 3.4262701 ] ] } },
{ "type": "Feature", "properties": { "u": 364052905, "v": 4179773868, "key": 0, "osmid": 32338505, "highway": "residential", "name": "Carrera 36C", "oneway": false, "reversed": false, "length": 83.017195845703171, "lanes": null, "maxspeed": null, "access": null }, "geometry": { "type": "LineString", "coordinates": [ [ -76.5410357, 3.4260833 ], [ -76.5406008, 3.4254759 ] ] } },
{ "type": "Feature", "properties": { "u": 375700718, "v": 11518927821, "key": 0, "osmid": 27343518, "highway": "residential", "name": "Carrera 30A", "oneway": false, "reversed": true, "length": 6.6105122923509336, "lanes": null, "maxspeed": null, "access": null }, "geometry": { "type": "LineString", "coordinates": [ [ -76.5380405, 3.429793 ], [ -76.538097, 3.4298118 ] ] } },
{ "type": "Feature", "properties": { "u": 375700718, "v": 11518927813, "key": 0, "osmid": 29647523, "highway": "secondary", "name": "Calle 7", "oneway": false, "reversed": true, "length": 6.4759772070162089, "lanes": "3", "maxspeed": null, "access": null }, "geometry": { "type": "LineString", "coordinates": [ [ -76.5380405, 3.429793 ], [ -76.5380626, 3.4297391 ] ] } },
{ "type": "Feature", "properties": { "u": 375700734, "v": 11519650219, "key": 0, "osmid": 27343518, "highway": "residential", "name": "Carrera 30A", "oneway": false, "reversed": false, "length": 7.329812052941854, "lanes": null, "maxspeed": null, "access": null }, "geometry": { "type": "LineString", "coordinates": [ [ -76.5389926, 3.4300283 ], [ -76.5389266, 3.4300305 ] ] } },
{ "type": "Feature", "properties": { "u": 375700734, "v": 455978443, "key": 0, "osmid": 406984943, "highway": "secondary", "name": "Calle 6", "oneway": false, "reversed": false, "length": 77.248052291186326, "lanes": "4", "maxspeed": "30", "access": null }, "geometry": { "type": "LineString", "coordinates": [ [ -76.5389926, 3.4300283 ], [ -76.539024, 3.4293343 ] ] } },
{ "type": "Feature", "properties": { "u": 375700734, "v": 361410524, "key": 0, "osmid": 406984943, "highway": "secondary", "name": "Calle 6", "oneway": false, "reversed": true, "length": 39.14690242440706, "lanes": "4", "maxspeed": "30", "access": null }, "geometry": { "type": "LineString", "coordinates": [ [ -76.5389926, 3.4300283 ], [ -76.5389821, 3.4303802 ] ] } },
{ "type": "Feature", "properties": { "u": 375701901, "v": 11518927813, "key": 0, "osmid": 29647523, "highway": "secondary", "name": "Calle 7", "oneway": false, "reversed": false, "length": 74.113045714173481, "lanes": "3", "maxspeed": null, "access": null }, "geometry": { "type": "LineString", "coordinates": [ [ -76.5382658, 3.4291042 ], [ -76.5380626, 3.4297391 ] ] } },
{ "type": "Feature", "properties": { "u": 375701901, "v": 11518927830, "key": 0, "osmid": 29647523, "highway": "secondary", "name": "Calle 7", "oneway": false, "reversed": true, "length": 6.0153849799215715, "lanes": "3", "maxspeed": null, "access": null }, "geometry": { "type": "LineString", "coordinates": [ [ -76.5382658, 3.4291042 ], [ -76.5382827, 3.4290528 ] ] } },
{ "type": "Feature", "properties": { "u": 375701901, "v": 11518927839, "key": 0, "osmid": 33173836, "highway": "residential", "name": "Carrera 31", "oneway": false, "reversed": true, "length": 6.0032452940773684, "lanes": null, "maxspeed": null, "access": null }, "geometry": { "type": "LineString", "coordinates": [ [ -76.5382658, 3.4291042 ], [ -76.5383172, 3.429121 ] ] } },
{ "type": "Feature", "properties": { "u": 375702500, "v": 9973324281, "key": 0, "osmid": 417097015, "highway": "secondary", "name": "Calle 9", "oneway": false, "reversed": true, "length": 31.102491797703028, "lanes": "3", "maxspeed": "30", "access": null }, "geometry": { "type": "LineString", "coordinates": [ [ -76.537056, 3.4272338 ], [ -76.5371369, 3.426966 ] ] } },
{ "type": "Feature", "properties": { "u": 375702500, "v": 9973324266, "key": 0, "osmid": 417097020, "highway": "residential", "name": "Carrera 32A", "oneway": false, "reversed": false, "length": 6.8374717108891128, "lanes": null, "maxspeed": null, "access": null }, "geometry": { "type": "LineString", "coordinates": [ [ -76.537056, 3.4272338 ], [ -76.5371152, 3.4272508 ] ] } },
{ "type": "Feature", "properties": { "u": 375702500, "v": 7289429854, "key": 0, "osmid": 417417894, "highway": "secondary", "name": "Calle 9", "oneway": false, "reversed": false, "length": 69.118364318484382, "lanes": "3", "maxspeed": "30", "access": null }, "geometry": { "type": "LineString", "coordinates": [ [ -76.537056, 3.4272338 ], [ -76.5368758, 3.4278288 ] ] } },
{ "type": "Feature", "properties": { "u": 455978122, "v": 9071396317, "key": 0, "osmid": 449282345, "highway": "secondary", "name": "Calle 6", "oneway": false, "reversed": false, "length": 33.921314793067268, "lanes": "2", "maxspeed": null, "access": null }, "geometry": { "type": "LineString", "coordinates": [ [ -76.5387306, 3.436846 ], [ -76.5387138, 3.4365414 ] ] } },
{ "type": "Feature", "properties": { "u": 455978443, "v": 11519650218, "key": 0, "osmid": 33173836, "highway": "residential", "name": "Carrera 31", "oneway": false, "reversed": false, "length": 7.7234785802093242, "lanes": null, "maxspeed": null, "access": null }, "geometry": { "type": "LineString", "coordinates": [ [ -76.539024, 3.4293343 ], [ -76.5389545, 3.4293309 ] ] } },
{ "type": "Feature", "properties": { "u": 455978443, "v": 11519650209, "key": 0, "osmid": 33173836, "highway": "residential", "name": "Carrera 31", "oneway": false, "reversed": true, "length": 8.4900665667618895, "lanes": null, "maxspeed": null, "access": null }, "geometry": { "type": "LineString", "coordinates": [ [ -76.539024, 3.4293343 ], [ -76.5391004, 3.429338 ] ] } },
{ "type": "Feature", "properties": { "u": 455978443, "v": 9334380359, "key": 0, "osmid": 406984943, "highway": "secondary", "name": "Calle 6", "oneway": false, "reversed": false, "length": 40.175397070362841, "lanes": "4", "maxspeed": "30", "access": null }, "geometry": { "type": "LineString", "coordinates": [ [ -76.539024, 3.4293343 ], [ -76.539026, 3.428973 ] ] } },
{ "type": "Feature", "properties": { "u": 455978443, "v": 375700734, "key": 0, "osmid": 406984943, "highway": "secondary", "name": "Calle 6", "oneway": false, "reversed": true, "length": 77.248052291186326, "lanes": "4", "maxspeed": "30", "access": null }, "geometry": { "type": "LineString", "coordinates": [ [ -76.539024, 3.4293343 ], [ -76.5389926, 3.4300283 ] ] } },
{ "type": "Feature", "properties": { "u": 590219874, "v": 9375848622, "key": 0, "osmid": 27343613, "highway": "residential", "name": "Carrera 24", "oneway": false, "reversed": true, "length": 39.249628339544984, "lanes": null, "maxspeed": null, "access": null }, "geometry": { "type": "LineString", "coordinates": [ [ -76.5381666, 3.4373452 ], [ -76.5379073, 3.4371052 ] ] } },
{ "type": "Feature", "properties": { "u": 590219874, "v": 9071387313, "key": 0, "osmid": 46256220, "highway": "residential", "name": "Calle 5A", "oneway": false, "reversed": false, "length": 7.8688210311768492, "lanes": null, "maxspeed": null, "access": null }, "geometry": { "type": "LineString", "coordinates": [ [ -76.5381666, 3.4373452 ], [ -76.5382343, 3.4373662 ] ] } },
{ "type": "Feature", "properties": { "u": 590219874, "v": 11519650229, "key": 0, "osmid": 449282830, "highway": "footway", "name": null, "oneway": false, "reversed": false, "length": 8.9230945314095962, "lanes": null, "maxspeed": null, "access": null }, "geometry": { "type": "LineString", "coordinates": [ [ -76.5381666, 3.4373452 ], [ -76.5382257, 3.4373996 ] ] } },
{ "type": "Feature", "properties": { "u": 590222161, "v": 9071396317, "key": 0, "osmid": 46256220, "highway": "residential", "name": "Calle 5A", "oneway": false, "reversed": false, "length": 65.549674371000066, "lanes": null, "maxspeed": null, "access": null }, "geometry": { "type": "LineString", "coordinates": [ [ -76.5385734, 3.437114 ], [ -76.5387138, 3.4365414 ] ] } },
{ "type": "Feature", "properties": { "u": 590222161, "v": 9071387316, "key": 0, "osmid": 46256220, "highway": "residential", "name": "Calle 5A", "oneway": false, "reversed": true, "length": 32.737220069702232, "lanes": null, "maxspeed": null, "access": null }, "geometry": { "type": "LineString", "coordinates": [ [ -76.5385734, 3.437114 ], [ -76.5383922, 3.4373463 ] ] } },
{ "type": "Feature", "properties": { "u": 590222624, "v": 9301472250, "key": 0, "osmid": 46256223, "highway": "primary_link", "name": null, "oneway": false, "reversed": false, "length": 2.9550464203405942, "lanes": "2", "maxspeed": null, "access": null }, "geometry": { "type": "LineString", "coordinates": [ [ -76.5389708, 3.4368975 ], [ -76.5389472, 3.4368852 ] ] } },
{ "type": "Feature", "properties": { "u": 590222624, "v": 9301472251, "key": 0, "osmid": 46256223, "highway": "primary_link", "name": null, "oneway": false, "reversed": true, "length": 2.951460340679974, "lanes": "2", "maxspeed": null, "access": null }, "geometry": { "type": "LineString", "coordinates": [ [ -76.5389708, 3.4368975 ], [ -76.538995, 3.4369085 ] ] } },
{ "type": "Feature", "properties": { "u": 590222631, "v": 9301472248, "key": 0, "osmid": 46256223, "highway": "primary_link", "name": null, "oneway": false, "reversed": false, "length": 2.9530995999258542, "lanes": "2", "maxspeed": null, "access": null }, "geometry": { "type": "LineString", "coordinates": [ [ -76.5388812, 3.4368403 ], [ -76.5388611, 3.4368229 ] ] } },
{ "type": "Feature", "properties": { "u": 590222631, "v": 2677257969, "key": 0, "osmid": 46256223, "highway": "primary_link", "name": null, "oneway": false, "reversed": true, "length": 2.9634372261071746, "lanes": "2", "maxspeed": null, "access": null }, "geometry": { "type": "LineString", "coordinates": [ [ -76.5388812, 3.4368403 ], [ -76.5389024, 3.4368565 ] ] } },
{ "type": "Feature", "properties": { "u": 615800638, "v": 11519650189, "key": 0, "osmid": 406984941, "highway": "secondary", "name": "Calle 6", "oneway": false, "reversed": false, "length": 5.2557384153921847, "lanes": "4", "maxspeed": "50", "access": null }, "geometry": { "type": "LineString", "coordinates": [ [ -76.5389034, 3.4318184 ], [ -76.5389059, 3.4317712 ] ] } },
{ "type": "Feature", "properties": { "u": 615800638, "v": 11519650221, "key": 0, "osmid": 406984958, "highway": "residential", "name": "Carrera 29", "oneway": false, "reversed": false, "length": 7.6182324475965233, "lanes": null, "maxspeed": null, "access": null }, "geometry": { "type": "LineString", "coordinates": [ [ -76.5389034, 3.4318184 ], [ -76.5388348, 3.4318162 ] ] } },
{ "type": "Feature", "properties": { "u": 615800638, "v": 11519650211, "key": 0, "osmid": 417417903, "highway": "residential", "name": "Carrera 29", "oneway": false, "reversed": true, "length": 7.517145524319468, "lanes": null, "maxspeed": null, "access": null }, "geometry": { "type": "LineString", "coordinates": [ [ -76.5389034, 3.4318184 ], [ -76.538971, 3.4318225 ] ] } },
{ "type": "Feature", "properties": { "u": 615800638, "v": 7289425225, "key": 0, "osmid": 449282213, "highway": "secondary", "name": "Calle 6", "oneway": false, "reversed": true, "length": 7.2153174429996811, "lanes": "4", "maxspeed": "30", "access": null }, "geometry": { "type": "LineString", "coordinates": [ [ -76.5389034, 3.4318184 ], [ -76.5389, 3.4318832 ] ] } },
{ "type": "Feature", "properties": { "u": 615801957, "v": 9748032996, "key": 0, "osmid": 564088507, "highway": "residential", "name": "Calle 5B", "oneway": false, "reversed": true, "length": 94.946933330337984, "lanes": null, "maxspeed": "30", "access": null }, "geometry": { "type": "LineString", "coordinates": [ [ -76.5404341, 3.4344679 ], [ -76.540479, 3.4336152 ] ] } },
{ "type": "Feature", "properties": { "u": 615801957, "v": 2681953075, "key": 0, "osmid": 564088508, "highway": "residential", "name": "Carrera 26", "oneway": false, "reversed": true, "length": 87.833138005358606, "lanes": null, "maxspeed": null, "access": null }, "geometry": { "type": "LineString", "coordinates": [ [ -76.5404341, 3.4344679 ], [ -76.5396433, 3.4344392 ] ] } },
{ "type": "Feature", "properties": { "u": 615801957, "v": 11384774389, "key": 0, "osmid": 1171079846, "highway": "residential", "name": "Calle 5B", "oneway": false, "reversed": false, "length": 100.60331054137838, "lanes": null, "maxspeed": "30", "access": null }, "geometry": { "type": "LineString", "coordinates": [ [ -76.5404341, 3.4344679 ], [ -76.5403973, 3.4353719 ] ] } },
{ "type": "Feature", "properties": { "u": 615801962, "v": 11518927799, "key": 0, "osmid": 48464901, "highway": "residential", "name": "Carrera 26", "oneway": false, "reversed": false, "length": 7.9589987067298367, "lanes": null, "maxspeed": null, "access": null }, "geometry": { "type": "LineString", "coordinates": [ [ -76.53742, 3.4343241 ], [ -76.5374917, 3.434325 ] ] } },
{ "type": "Feature", "properties": { "u": 615801962, "v": 9342794058, "key": 0, "osmid": 406984948, "highway": "secondary", "name": "Calle 7", "oneway": false, "reversed": true, "length": 64.805423455791072, "lanes": "3", "maxspeed": "30", "access": null }, "geometry": { "type": "LineString", "coordinates": [ [ -76.53742, 3.4343241 ], [ -76.5374591, 3.4337426 ] ] } },
{ "type": "Feature", "properties": { "u": 615802441, "v": 11519650226, "key": 0, "osmid": 48464901, "highway": "residential", "name": "Carrera 26", "oneway": false, "reversed": false, "length": 67.444217701584037, "lanes": null, "maxspeed": null, "access": null }, "geometry": { "type": "LineString", "coordinates": [ [ -76.5381351, 3.4343648 ], [ -76.5387413, 3.4344064 ] ] } },
{ "type": "Feature", "properties": { "u": 615802441, "v": 11518927799, "key": 0, "osmid": 48464901, "highway": "residential", "name": "Carrera 26", "oneway": false, "reversed": true, "length": 71.551427915367441, "lanes": null, "maxspeed": null, "access": null }, "geometry": { "type": "LineString", "coordinates": [ [ -76.5381351, 3.4343648 ], [ -76.5374917, 3.434325 ] ] } },
{ "type": "Feature", "properties": { "u": 615802441, "v": 9342497306, "key": 0, "osmid": 48464926, "highway": "residential", "name": "Calle 6A", "oneway": false, "reversed": true, "length": 37.643960877639223, "lanes": null, "maxspeed": null, "access": null }, "geometry": { "type": "LineString", "coordinates": [ [ -76.5381351, 3.4343648 ], [ -76.5381403, 3.4340263 ] ] } },
{ "type": "Feature", "properties": { "u": 615802444, "v": 9342497306, "key": 0, "osmid": 48464926, "highway": "residential", "name": "Calle 6A", "oneway": false, "reversed": false, "length": 84.641940643275518, "lanes": null, "maxspeed": null, "access": null }, "geometry": { "type": "LineString", "coordinates": [ [ -76.5381753, 3.4332659 ], [ -76.5381403, 3.4340263 ] ] } },
{ "type": "Feature", "properties": { "u": 615802444, "v": 11518927800, "key": 0, "osmid": 572429980, "highway": "residential", "name": "Carrera 27", "oneway": false, "reversed": false, "length": 68.781411739159608, "lanes": null, "maxspeed": null, "access": null }, "geometry": { "type": "LineString", "coordinates": [ [ -76.5381753, 3.4332659 ], [ -76.5375558, 3.4332511 ] ] } },
{ "type": "Feature", "properties": { "u": 615802444, "v": 11519650225, "key": 0, "osmid": 572429980, "highway": "residential", "name": "Carrera 27", "oneway": false, "reversed": true, "length": 68.063083650211325, "lanes": null, "maxspeed": null, "access": null }, "geometry": { "type": "LineString", "coordinates": [ [ -76.5381753, 3.4332659 ], [ -76.5387879, 3.4332931 ] ] } },
{ "type": "Feature", "properties": { "u": 615802886, "v": 11519650227, "key": 0, "osmid": 27344165, "highway": "residential", "name": "Carrera 25", "oneway": false, "reversed": false, "length": 5.6207627191455174, "lanes": null, "maxspeed": null, "access": null }, "geometry": { "type": "LineString", "coordinates": [ [ -76.5387589, 3.4352262 ], [ -76.5387083, 3.4352242 ] ] } },
{ "type": "Feature", "properties": { "u": 615802886, "v": 11519650215, "key": 0, "osmid": 46256216, "highway": "residential", "name": "Carrera 25", "oneway": false, "reversed": true, "length": 8.0088142473149269, "lanes": null, "maxspeed": null, "access": null }, "geometry": { "type": "LineString", "coordinates": [ [ -76.5387589, 3.4352262 ], [ -76.538831, 3.435229 ] ] } },
{ "type": "Feature", "properties": { "u": 615802886, "v": 4502652446, "key": 0, "osmid": 449282213, "highway": "secondary", "name": "Calle 6", "oneway": false, "reversed": false, "length": 91.040048392536775, "lanes": "4", "maxspeed": "30", "access": null }, "geometry": { "type": "LineString", "coordinates": [ [ -76.5387589, 3.4352262 ], [ -76.5388022, 3.4344086 ] ] } },
{ "type": "Feature", "properties": { "u": 615802886, "v": 6486621204, "key": 0, "osmid": 449282213, "highway": "secondary", "name": "Calle 6", "oneway": false, "reversed": true, "length": 42.982566310366217, "lanes": "4", "maxspeed": "30", "access": null }, "geometry": { "type": "LineString", "coordinates": [ [ -76.5387589, 3.4352262 ], [ -76.5387402, 3.4356123 ] ] } },
{ "type": "Feature", "properties": { "u": 615803309, "v": 11518927795, "key": 0, "osmid": 46256134, "highway": "residential", "name": "Carrera 24A", "oneway": false, "reversed": false, "length": 7.9002838766253181, "lanes": null, "maxspeed": null, "access": null }, "geometry": { "type": "LineString", "coordinates": [ [ -76.5373292, 3.4361012 ], [ -76.5374003, 3.4361045 ] ] } },
{ "type": "Feature", "properties": { "u": 615803309, "v": 5514435473, "key": 0, "osmid": 574523450, "highway": "secondary", "name": "Calle 7", "oneway": false, "reversed": false, "length": 9.979039740512949, "lanes": "3", "maxspeed": null, "access": null }, "geometry": { "type": "LineString", "coordinates": [ [ -76.5373292, 3.4361012 ], [ -76.5373264, 3.4361909 ] ] } },
{ "type": "Feature", "properties": { "u": 1236848052, "v": 11519176312, "key": 0, "osmid": 442916517, "highway": "secondary", "name": "Calle 6", "oneway": false, "reversed": false, "length": 8.8012072045693177, "lanes": "2", "maxspeed": "30", "access": null }, "geometry": { "type": "LineString", "coordinates": [ [ -76.539767, 3.4269422 ], [ -76.5397954, 3.4268683 ] ] } },
{ "type": "Feature", "properties": { "u": 1236848052, "v": 11519176298, "key": 0, "osmid": 444825139, "highway": "tertiary", "name": "Carrera 36", "oneway": false, "reversed": true, "length": 9.4359536301164262, "lanes": "2", "maxspeed": null, "access": null }, "geometry": { "type": "LineString", "coordinates": [ [ -76.539767, 3.4269422 ], [ -76.5398193, 3.4270091 ] ] } },
{ "type": "Feature", "properties": { "u": 1236848052, "v": 6173343223, "key": 0, "osmid": 444825220, "highway": "secondary", "name": "Carrera 36", "oneway": false, "reversed": false, "length": 11.743001524229278, "lanes": "2", "maxspeed": null, "access": null }, "geometry": { "type": "LineString", "coordinates": [ [ -76.539767, 3.4269422 ], [ -76.5397049, 3.4268567 ] ] } },
{ "type": "Feature", "properties": { "u": 1236848052, "v": 11519176313, "key": 0, "osmid": 453546652, "highway": "residential", "name": "Calle 5B 5", "oneway": false, "reversed": false, "length": 8.4143032539798632, "lanes": "2", "maxspeed": null, "access": null }, "geometry": { "type": "LineString", "coordinates": [ [ -76.539767, 3.4269422 ], [ -76.5398403, 3.4269229 ] ] } },
{ "type": "Feature", "properties": { "u": 1236848052, "v": 11519176317, "key": 0, "osmid": 1239953518, "highway": "secondary", "name": "Calle 6", "oneway": false, "reversed": true, "length": 9.0080411699330991, "lanes": "2", "maxspeed": "30", "access": null }, "geometry": { "type": "LineString", "coordinates": [ [ -76.539767, 3.4269422 ], [ -76.5397342, 3.4270163 ] ] } },
{ "type": "Feature", "properties": { "u": 1843058728, "v": 11518927808, "key": 0, "osmid": 406984946, "highway": "secondary", "name": "Calle 7", "oneway": false, "reversed": true, "length": 5.3385180258405693, "lanes": "3", "maxspeed": null, "access": null }, "geometry": { "type": "LineString", "coordinates": [ [ -76.5375487, 3.4317614 ], [ -76.5375497, 3.4317134 ] ] } },
{ "type": "Feature", "properties": { "u": 1843058728, "v": 11518927805, "key": 0, "osmid": 406984948, "highway": "secondary", "name": "Calle 7", "oneway": false, "reversed": false, "length": 5.3803598577453924, "lanes": "3", "maxspeed": "30", "access": null }, "geometry": { "type": "LineString", "coordinates": [ [ -76.5375487, 3.4317614 ], [ -76.5375458, 3.4318097 ] ] } },
{ "type": "Feature", "properties": { "u": 1843058728, "v": 11518927815, "key": 0, "osmid": 406984958, "highway": "residential", "name": "Carrera 29", "oneway": false, "reversed": true, "length": 6.0894305504780366, "lanes": null, "maxspeed": null, "access": null }, "geometry": { "type": "LineString", "coordinates": [ [ -76.5375487, 3.4317614 ], [ -76.5376035, 3.431764 ] ] } },
{ "type": "Feature", "properties": { "u": 1881744422, "v": 11518862168, "key": 0, "osmid": 177759531, "highway": "secondary", "name": "Carrera 34", "oneway": false, "reversed": true, "length": 5.0941504377047515, "lanes": "3", "maxspeed": null, "access": null }, "geometry": { "type": "LineString", "coordinates": [ [ -76.5380458, 3.4270534 ], [ -76.5380186, 3.4270165 ] ] } },
{ "type": "Feature", "properties": { "u": 1881744422, "v": 9973324277, "key": 0, "osmid": 417097013, "highway": "tertiary", "name": "Calle 8", "oneway": false, "reversed": true, "length": 4.8506191983600377, "lanes": "1", "maxspeed": "30", "access": null }, "geometry": { "type": "LineString", "coordinates": [ [ -76.5380458, 3.4270534 ], [ -76.5380333, 3.4270952 ] ] } },
{ "type": "Feature", "properties": { "u": 1881744422, "v": 11518862165, "key": 0, "osmid": 417097021, "highway": "secondary", "name": "Carrera 34", "oneway": false, "reversed": false, "length": 6.4629816280513204, "lanes": "3", "maxspeed": null, "access": null }, "geometry": { "type": "LineString", "coordinates": [ [ -76.5380458, 3.4270534 ], [ -76.5380806, 3.4271 ] ] } },
{ "type": "Feature", "properties": { "u": 1881744422, "v": 1960916120, "key": 0, "osmid": 417099318, "highway": "tertiary", "name": "Calle 8", "oneway": false, "reversed": false, "length": 15.888993876947671, "lanes": "2", "maxspeed": "30", "access": null }, "geometry": { "type": "LineString", "coordinates": [ [ -76.5380458, 3.4270534 ], [ -76.5380844, 3.4269158 ] ] } },
{ "type": "Feature", "properties": { "u": 1881744426, "v": 11519176309, "key": 0, "osmid": 177760548, "highway": "residential", "name": "Calle 8", "oneway": false, "reversed": true, "length": 8.8386866341120776, "lanes": "2", "maxspeed": "30", "access": null }, "geometry": { "type": "LineString", "coordinates": [ [ -76.5384615, 3.4258217 ], [ -76.5384369, 3.4258973 ] ] } },
{ "type": "Feature", "properties": { "u": 1881744426, "v": 4177145930, "key": 0, "osmid": 417094145, "highway": "secondary", "name": "Carrera 36", "oneway": false, "reversed": false, "length": 38.998865607742239, "lanes": "3", "maxspeed": null, "access": null }, "geometry": { "type": "LineString", "coordinates": [ [ -76.5384615, 3.4258217 ], [ -76.5381405, 3.4256791 ] ] } },
{ "type": "Feature", "properties": { "u": 1881744426, "v": 4177145931, "key": 0, "osmid": 417094145, "highway": "secondary", "name": "Carrera 36", "oneway": false, "reversed": true, "length": 47.726426751688976, "lanes": "3", "maxspeed": null, "access": null }, "geometry": { "type": "LineString", "coordinates": [ [ -76.5384615, 3.4258217 ], [ -76.5388529, 3.4259994 ] ] } },
{ "type": "Feature", "properties": { "u": 1953070626, "v": 9301472245, "key": 0, "osmid": 46256223, "highway": "primary_link", "name": null, "oneway": false, "reversed": false, "length": 4.137423799900767, "lanes": "2", "maxspeed": null, "access": null }, "geometry": { "type": "LineString", "coordinates": [ [ -76.5387742, 3.436716 ], [ -76.5387566, 3.4366832 ] ] } },
{ "type": "Feature", "properties": { "u": 1953070626, "v": 9301472246, "key": 0, "osmid": 46256223, "highway": "primary_link", "name": null, "oneway": false, "reversed": true, "length": 4.1307345052700102, "lanes": "2", "maxspeed": null, "access": null }, "geometry": { "type": "LineString", "coordinates": [ [ -76.5387742, 3.436716 ], [ -76.5387944, 3.4367472 ] ] } },
{ "type": "Feature", "properties": { "u": 1953074247, "v": 11519650228, "key": 0, "osmid": 46256134, "highway": "residential", "name": "Carrera 24A", "oneway": false, "reversed": true, "length": 5.5450848156189387, "lanes": null, "maxspeed": null, "access": null }, "geometry": { "type": "LineString", "coordinates": [ [ -76.538717, 3.4361668 ], [ -76.5386671, 3.4361644 ] ] } },
{ "type": "Feature", "properties": { "u": 1953074247, "v": 6486621204, "key": 0, "osmid": 449282213, "highway": "secondary", "name": "Calle 6", "oneway": false, "reversed": false, "length": 61.711423872680847, "lanes": "4", "maxspeed": "30", "access": null }, "geometry": { "type": "LineString", "coordinates": [ [ -76.538717, 3.4361668 ], [ -76.5387402, 3.4356123 ] ] } },
{ "type": "Feature", "properties": { "u": 1953074247, "v": 9726547657, "key": 0, "osmid": 1239953536, "highway": "secondary", "name": "Calle 6", "oneway": false, "reversed": true, "length": 17.347714975628534, "lanes": "4", "maxspeed": null, "access": null }, "geometry": { "type": "LineString", "coordinates": [ [ -76.538717, 3.4361668 ], [ -76.5387151, 3.4363228 ] ] } },
{ "type": "Feature", "properties": { "u": 1960916120, "v": 11518862167, "key": 0, "osmid": 203421387, "highway": "tertiary", "name": "Carrera 34", "oneway": false, "reversed": true, "length": 4.5104225896285017, "lanes": "2", "maxspeed": null, "access": null }, "geometry": { "type": "LineString", "coordinates": [ [ -76.5380844, 3.4269158 ], [ -76.5380593, 3.4268839 ] ] } },
{ "type": "Feature", "properties": { "u": 1960916120, "v": 11518862164, "key": 0, "osmid": 417099313, "highway": "tertiary", "name": "Carrera 34", "oneway": false, "reversed": false, "length": 6.7175889658912862, "lanes": "2", "maxspeed": null, "access": null }, "geometry": { "type": "LineString", "coordinates": [ [ -76.5380844, 3.4269158 ], [ -76.5381223, 3.4269629 ] ] } },
{ "type": "Feature", "properties": { "u": 1960916120, "v": 11518988472, "key": 0, "osmid": 417099317, "highway": "residential", "name": "Calle 8", "oneway": false, "reversed": false, "length": 5.3559671934350241, "lanes": "2", "maxspeed": "30", "access": null }, "geometry": { "type": "LineString", "coordinates": [ [ -76.5380844, 3.4269158 ], [ -76.5381008, 3.4268705 ] ] } },
{ "type": "Feature", "properties": { "u": 1960916120, "v": 1881744422, "key": 0, "osmid": 417099318, "highway": "tertiary", "name": "Calle 8", "oneway": false, "reversed": true, "length": 15.888993876947671, "lanes": "2", "maxspeed": "30", "access": null }, "geometry": { "type": "LineString", "coordinates": [ [ -76.5380844, 3.4269158 ], [ -76.5380458, 3.4270534 ] ] } },
{ "type": "Feature", "properties": { "u": 1963386461, "v": 9375848622, "key": 0, "osmid": 27343613, "highway": "residential", "name": "Carrera 24", "oneway": false, "reversed": false, "length": 23.725874779396001, "lanes": null, "maxspeed": null, "access": null }, "geometry": { "type": "LineString", "coordinates": [ [ -76.5377503, 3.4369604 ], [ -76.5379073, 3.4371052 ] ] } },
{ "type": "Feature", "properties": { "u": 1963386461, "v": 11518927791, "key": 0, "osmid": 27343613, "highway": "residential", "name": "Carrera 24", "oneway": false, "reversed": true, "length": 71.535727980457565, "lanes": null, "maxspeed": null, "access": null }, "geometry": { "type": "LineString", "coordinates": [ [ -76.5377503, 3.4369604 ], [ -76.5372775, 3.4365232 ] ] } },
{ "type": "Feature", "properties": { "u": 1969278734, "v": 11519176296, "key": 0, "osmid": 173519386, "highway": "secondary", "name": "Carrera 36", "oneway": false, "reversed": false, "length": 6.7589537671251758, "lanes": "3", "maxspeed": null, "access": null }, "geometry": { "type": "LineString", "coordinates": [ [ -76.5396612, 3.4268049 ], [ -76.539626, 3.4267553 ] ] } },
{ "type": "Feature", "properties": { "u": 1969278734, "v": 7289425224, "key": 0, "osmid": 417092761, "highway": "secondary", "name": "Calle 6", "oneway": false, "reversed": true, "length": 9.197298537996307, "lanes": "2", "maxspeed": "30", "access": null }, "geometry": { "type": "LineString", "coordinates": [ [ -76.5396612, 3.4268049 ], [ -76.5396285, 3.4268809 ] ] } },
{ "type": "Feature", "properties": { "u": 1969278734, "v": 11519176311, "key": 0, "osmid": 444825218, "highway": "secondary", "name": "Calle 6", "oneway": false, "reversed": false, "length": 7.9851989151030329, "lanes": "2", "maxspeed": "30", "access": null }, "geometry": { "type": "LineString", "coordinates": [ [ -76.5396612, 3.4268049 ], [ -76.5396886, 3.4267385 ] ] } },
{ "type": "Feature", "properties": { "u": 1969278734, "v": 6173343223, "key": 0, "osmid": 659358594, "highway": "secondary", "name": "Carrera 36", "oneway": false, "reversed": true, "length": 7.5302201046388175, "lanes": "2", "maxspeed": null, "access": null }, "geometry": { "type": "LineString", "coordinates": [ [ -76.5396612, 3.4268049 ], [ -76.5397049, 3.4268567 ] ] } },
{ "type": "Feature", "properties": { "u": 2134265740, "v": 4177163960, "key": 0, "osmid": 27051816, "highway": "tertiary", "name": "Carrera 34", "oneway": false, "reversed": true, "length": 82.789162173174986, "lanes": "2", "maxspeed": null, "access": null }, "geometry": { "type": "LineString", "coordinates": [ [ -76.5396871, 3.4292421 ], [ -76.5392949, 3.4286088 ] ] } },
{ "type": "Feature", "properties": { "u": 2134265740, "v": 11519650209, "key": 0, "osmid": 33173836, "highway": "residential", "name": "Carrera 31", "oneway": false, "reversed": false, "length": 65.988645389598616, "lanes": null, "maxspeed": null, "access": null }, "geometry": { "type": "LineString", "coordinates": [ [ -76.5396871, 3.4292421 ], [ -76.5391004, 3.429338 ] ] } },
{ "type": "Feature", "properties": { "u": 2134266019, "v": 11519650176, "key": 0, "osmid": 417417888, "highway": "residential", "name": "Calle 5E", "oneway": false, "reversed": true, "length": 8.5250658451023344, "lanes": null, "maxspeed": null, "access": null }, "geometry": { "type": "LineString", "coordinates": [ [ -76.5403129, 3.4256626 ], [ -76.5403783, 3.4256224 ] ] } },
{ "type": "Feature", "properties": { "u": 2134266019, "v": 2135158487, "key": 0, "osmid": 442916517, "highway": "secondary", "name": "Calle 6", "oneway": false, "reversed": false, "length": 44.125847121897408, "lanes": "2", "maxspeed": "30", "access": null }, "geometry": { "type": "LineString", "coordinates": [ [ -76.5403129, 3.4256626 ], [ -76.5404751, 3.4253003 ] ] } },
{ "type": "Feature", "properties": { "u": 2134266019, "v": 2134266752, "key": 0, "osmid": 442916517, "highway": "secondary", "name": "Calle 6", "oneway": false, "reversed": true, "length": 83.56725565698774, "lanes": "2", "maxspeed": "30", "access": null }, "geometry": { "type": "LineString", "coordinates": [ [ -76.5403129, 3.4256626 ], [ -76.5400097, 3.4263505 ] ] } },
{ "type": "Feature", "properties": { "u": 2134266019, "v": 11519650177, "key": 0, "osmid": 678680601, "highway": "residential", "name": "Carrera 36B", "oneway": false, "reversed": false, "length": 9.453500701583593, "lanes": null, "maxspeed": null, "access": null }, "geometry": { "type": "LineString", "coordinates": [ [ -76.5403129, 3.4256626 ], [ -76.5403652, 3.4257297 ] ] } },
{ "type": "Feature", "properties": { "u": 2134266146, "v": 364052905, "key": 0, "osmid": 32289724, "highway": "residential", "name": "Calle 5B 5", "oneway": false, "reversed": false, "length": 35.367920404500609, "lanes": "2", "maxspeed": null, "access": null }, "geometry": { "type": "LineString", "coordinates": [ [ -76.5407778, 3.4262701 ], [ -76.5410357, 3.4260833 ] ] } },
{ "type": "Feature", "properties": { "u": 2134266146, "v": 4177145932, "key": 0, "osmid": 32289724, "highway": "residential", "name": "Calle 5B 5", "oneway": false, "reversed": true, "length": 74.192347646495605, "lanes": "2", "maxspeed": null, "access": null }, "geometry": { "type": "LineString", "coordinates": [ [ -76.5407778, 3.4262701 ], [ -76.5402369, 3.4266621 ] ] } },
{ "type": "Feature", "properties": { "u": 2134266146, "v": 2134267089, "key": 0, "osmid": 203415786, "highway": "residential", "name": "Carrera 36B", "oneway": false, "reversed": false, "length": 39.97793338098694, "lanes": null, "maxspeed": null, "access": null }, "geometry": { "type": "LineString", "coordinates": [ [ -76.5407778, 3.4262701 ], [ -76.5405606, 3.4259833 ] ] } },
{ "type": "Feature", "properties": { "u": 2134266752, "v": 11519650178, "key": 0, "osmid": 203415795, "highway": "residential", "name": "Calle 5F", "oneway": false, "reversed": false, "length": 6.8904486212276517, "lanes": null, "maxspeed": null, "access": null }, "geometry": { "type": "LineString", "coordinates": [ [ -76.5400097, 3.4263505 ], [ -76.5400631, 3.4263189 ] ] } },
{ "type": "Feature", "properties": { "u": 2134266752, "v": 2134266019, "key": 0, "osmid": 442916517, "highway": "secondary", "name": "Calle 6", "oneway": false, "reversed": false, "length": 83.56725565698774, "lanes": "2", "maxspeed": "30", "access": null }, "geometry": { "type": "LineString", "coordinates": [ [ -76.5400097, 3.4263505 ], [ -76.5403129, 3.4256626 ] ] } },
{ "type": "Feature", "properties": { "u": 2134266752, "v": 11519176312, "key": 0, "osmid": 442916517, "highway": "secondary", "name": "Calle 6", "oneway": false, "reversed": true, "length": 62.296768246720923, "lanes": "2", "maxspeed": "30", "access": null }, "geometry": { "type": "LineString", "coordinates": [ [ -76.5400097, 3.4263505 ], [ -76.5397954, 3.4268683 ] ] } },
{ "type": "Feature", "properties": { "u": 2134267089, "v": 2134266146, "key": 0, "osmid": 203415786, "highway": "residential", "name": "Carrera 36B", "oneway": false, "reversed": true, "length": 39.97793338098694, "lanes": null, "maxspeed": null, "access": null }, "geometry": { "type": "LineString", "coordinates": [ [ -76.5405606, 3.4259833 ], [ -76.5407778, 3.4262701 ] ] } },
{ "type": "Feature", "properties": { "u": 2134267089, "v": 11519650178, "key": 0, "osmid": 203415795, "highway": "residential", "name": "Calle 5F", "oneway": false, "reversed": true, "length": 66.64748392619542, "lanes": null, "maxspeed": null, "access": null }, "geometry": { "type": "LineString", "coordinates": [ [ -76.5405606, 3.4259833 ], [ -76.5400631, 3.4263189 ] ] } },
{ "type": "Feature", "properties": { "u": 2134267089, "v": 11519650177, "key": 0, "osmid": 678680601, "highway": "residential", "name": "Carrera 36B", "oneway": false, "reversed": true, "length": 35.575090565577248, "lanes": null, "maxspeed": null, "access": null }, "geometry": { "type": "LineString", "coordinates": [ [ -76.5405606, 3.4259833 ], [ -76.5403652, 3.4257297 ] ] } },
{ "type": "Feature", "properties": { "u": 2134316138, "v": 11518927849, "key": 0, "osmid": 417092761, "highway": "secondary", "name": "Calle 6", "oneway": false, "reversed": false, "length": 8.7086054204087127, "lanes": "2", "maxspeed": "30", "access": null }, "geometry": { "type": "LineString", "coordinates": [ [ -76.5390533, 3.4281422 ], [ -76.5390862, 3.4280711 ] ] } },
{ "type": "Feature", "properties": { "u": 2134316138, "v": 11518927854, "key": 0, "osmid": 1007386439, "highway": "tertiary", "name": "Carrera 34", "oneway": false, "reversed": false, "length": 9.5705957218318165, "lanes": "2", "maxspeed": null, "access": null }, "geometry": { "type": "LineString", "coordinates": [ [ -76.5390533, 3.4281422 ], [ -76.5391297, 3.4281821 ] ] } },
{ "type": "Feature", "properties": { "u": 2134316138, "v": 11518927847, "key": 0, "osmid": 1007386439, "highway": "tertiary", "name": "Carrera 34", "oneway": false, "reversed": true, "length": 5.3796292381434938, "lanes": "2", "maxspeed": null, "access": null }, "geometry": { "type": "LineString", "coordinates": [ [ -76.5390533, 3.4281422 ], [ -76.5390166, 3.4281106 ] ] } },
{ "type": "Feature", "properties": { "u": 2134316138, "v": 9297259255, "key": 0, "osmid": 1007779946, "highway": "secondary", "name": "Calle 6", "oneway": false, "reversed": true, "length": 10.598030783135437, "lanes": "2", "maxspeed": "30", "access": null }, "geometry": { "type": "LineString", "coordinates": [ [ -76.5390533, 3.4281422 ], [ -76.5390519, 3.4282375 ] ] } },
{ "type": "Feature", "properties": { "u": 2134320245, "v": 2134320247, "key": 0, "osmid": 1239873886, "highway": "secondary", "name": "Calle 7", "oneway": false, "reversed": false, "length": 9.0987186172921355, "lanes": "2", "maxspeed": null, "access": null }, "geometry": { "type": "LineString", "coordinates": [ [ -76.5388446, 3.4283287 ], [ -76.5387788, 3.4283775 ] ] } },
{ "type": "Feature", "properties": { "u": 2134320245, "v": 2134320251, "key": 0, "osmid": 1239873886, "highway": "secondary", "name": "Calle 7", "oneway": false, "reversed": true, "length": 5.178404387402928, "lanes": "2", "maxspeed": null, "access": null }, "geometry": { "type": "LineString", "coordinates": [ [ -76.5388446, 3.4283287 ], [ -76.5388728, 3.4282916 ] ] } },
{ "type": "Feature", "properties": { "u": 2134320246, "v": 4177203051, "key": 0, "osmid": 29647523, "highway": "secondary", "name": "Calle 7", "oneway": false, "reversed": false, "length": 11.939578238729185, "lanes": "3", "maxspeed": null, "access": null }, "geometry": { "type": "LineString", "coordinates": [ [ -76.5387165, 3.4283977 ], [ -76.5386117, 3.4284219 ] ] } },
{ "type": "Feature", "properties": { "u": 2134320246, "v": 2134320247, "key": 0, "osmid": 29647523, "highway": "secondary", "name": "Calle 7", "oneway": false, "reversed": true, "length": 7.2707045563013235, "lanes": "3", "maxspeed": null, "access": null }, "geometry": { "type": "LineString", "coordinates": [ [ -76.5387165, 3.4283977 ], [ -76.5387788, 3.4283775 ] ] } },
{ "type": "Feature", "properties": { "u": 2134320246, "v": 2196650534, "key": 0, "osmid": 1007494757, "highway": "residential", "name": "Carrera 32", "oneway": false, "reversed": false, "length": 17.56648860603968, "lanes": "2", "maxspeed": null, "access": null }, "geometry": { "type": "LineString", "coordinates": [ [ -76.5387165, 3.4283977 ], [ -76.5385602, 3.4283729 ] ] } },
{ "type": "Feature", "properties": { "u": 2134320247, "v": 2134320246, "key": 0, "osmid": 29647523, "highway": "secondary", "name": "Calle 7", "oneway": false, "reversed": false, "length": 7.2707045563013235, "lanes": "3", "maxspeed": null, "access": null }, "geometry": { "type": "LineString", "coordinates": [ [ -76.5387788, 3.4283775 ], [ -76.5387165, 3.4283977 ] ] } },
{ "type": "Feature", "properties": { "u": 2134320247, "v": 11518927844, "key": 0, "osmid": 1011714057, "highway": "service", "name": null, "oneway": false, "reversed": false, "length": 7.9786412745745494, "lanes": null, "maxspeed": null, "access": null }, "geometry": { "type": "LineString", "coordinates": [ [ -76.5387788, 3.4283775 ], [ -76.5387741, 3.4284491 ] ] } },
{ "type": "Feature", "properties": { "u": 2134320247, "v": 2134320245, "key": 0, "osmid": 1239873886, "highway": "secondary", "name": "Calle 7", "oneway": false, "reversed": true, "length": 9.0987186172921355, "lanes": "2", "maxspeed": null, "access": null }, "geometry": { "type": "LineString", "coordinates": [ [ -76.5387788, 3.4283775 ], [ -76.5388446, 3.4283287 ] ] } },
{ "type": "Feature", "properties": { "u": 2134320248, "v": 6945400680, "key": 0, "osmid": 417097021, "highway": "secondary", "name": "Carrera 34", "oneway": false, "reversed": true, "length": 61.200419181325806, "lanes": "3", "maxspeed": null, "access": null }, "geometry": { "type": "LineString", "coordinates": [ [ -76.5389042, 3.4281431 ], [ -76.5385552, 3.427717 ] ] } },
{ "type": "Feature", "properties": { "u": 2134320248, "v": 11518927846, "key": 0, "osmid": 984696489, "highway": "secondary", "name": "Carrera 34", "oneway": false, "reversed": false, "length": 15.357630026379592, "lanes": "2", "maxspeed": null, "access": null }, "geometry": { "type": "LineString", "coordinates": [ [ -76.5389042, 3.4281431 ], [ -76.5389929, 3.4282491 ] ] } },
{ "type": "Feature", "properties": { "u": 2134320248, "v": 4177203050, "key": 0, "osmid": 1239873886, "highway": "secondary", "name": "Calle 7", "oneway": false, "reversed": false, "length": 10.404390201533513, "lanes": "2", "maxspeed": null, "access": null }, "geometry": { "type": "LineString", "coordinates": [ [ -76.5389042, 3.4281431 ], [ -76.5388971, 3.4282364 ] ] } },
{ "type": "Feature", "properties": { "u": 2134320249, "v": 5514435469, "key": 0, "osmid": 29647523, "highway": "secondary", "name": "Calle 7", "oneway": false, "reversed": false, "length": 13.298525407824529, "lanes": "3", "maxspeed": null, "access": null }, "geometry": { "type": "LineString", "coordinates": [ [ -76.5385273, 3.4284713 ], [ -76.5384516, 3.428564 ] ] } },
{ "type": "Feature", "properties": { "u": 2134320249, "v": 11518927853, "key": 0, "osmid": 29647523, "highway": "secondary", "name": "Calle 7", "oneway": false, "reversed": true, "length": 4.6957627151681223, "lanes": "3", "maxspeed": null, "access": null }, "geometry": { "type": "LineString", "coordinates": [ [ -76.5385273, 3.4284713 ], [ -76.5385619, 3.428447 ] ] } },
{ "type": "Feature", "properties": { "u": 2134320251, "v": 2134320245, "key": 0, "osmid": 1239873886, "highway": "secondary", "name": "Calle 7", "oneway": false, "reversed": false, "length": 5.178404387402928, "lanes": "2", "maxspeed": null, "access": null }, "geometry": { "type": "LineString", "coordinates": [ [ -76.5388728, 3.4282916 ], [ -76.5388446, 3.4283287 ] ] } },
{ "type": "Feature", "properties": { "u": 2134320251, "v": 4177203050, "key": 0, "osmid": 1239873886, "highway": "secondary", "name": "Calle 7", "oneway": false, "reversed": true, "length": 6.7044443579198649, "lanes": "2", "maxspeed": null, "access": null }, "geometry": { "type": "LineString", "coordinates": [ [ -76.5388728, 3.4282916 ], [ -76.5388971, 3.4282364 ] ] } },
{ "type": "Feature", "properties": { "u": 2134322533, "v": 2196650531, "key": 0, "osmid": 27344006, "highway": "tertiary", "name": "Calle 8", "oneway": false, "reversed": true, "length": 77.199737850578714, "lanes": "1", "maxspeed": "30", "access": null }, "geometry": { "type": "LineString", "coordinates": [ [ -76.5379239, 3.4274835 ], [ -76.5377394, 3.4281529 ] ] } },
{ "type": "Feature", "properties": { "u": 2134322533, "v": 9973324277, "key": 0, "osmid": 417097013, "highway": "tertiary", "name": "Calle 8", "oneway": false, "reversed": false, "length": 44.852088264592986, "lanes": "1", "maxspeed": "30", "access": null }, "geometry": { "type": "LineString", "coordinates": [ [ -76.5379239, 3.4274835 ], [ -76.5380333, 3.4270952 ] ] } },
{ "type": "Feature", "properties": { "u": 2134322533, "v": 11577260912, "key": 0, "osmid": 417097020, "highway": "residential", "name": "Carrera 32A", "oneway": false, "reversed": true, "length": 4.6416640709569181, "lanes": null, "maxspeed": null, "access": null }, "geometry": { "type": "LineString", "coordinates": [ [ -76.5379239, 3.4274835 ], [ -76.5378837, 3.427472 ] ] } },
{ "type": "Feature", "properties": { "u": 2135157626, "v": 4177163950, "key": 0, "osmid": 417417892, "highway": "secondary", "name": "Calle 6", "oneway": false, "reversed": false, "length": 22.596080932354077, "lanes": "2", "maxspeed": "30", "access": null }, "geometry": { "type": "LineString", "coordinates": [ [ -76.5390508, 3.4283319 ], [ -76.5392094, 3.4282045 ] ] } },
{ "type": "Feature", "properties": { "u": 2135157626, "v": 11518927858, "key": 0, "osmid": 424934598, "highway": "tertiary", "name": "Carrera 34", "oneway": false, "reversed": false, "length": 16.401650878031504, "lanes": "2", "maxspeed": null, "access": null }, "geometry": { "type": "LineString", "coordinates": [ [ -76.5390508, 3.4283319 ], [ -76.5391523, 3.4284391 ] ] } },
{ "type": "Feature", "properties": { "u": 2135157626, "v": 11518927860, "key": 0, "osmid": 627019226, "highway": "secondary", "name": "Calle 6", "oneway": false, "reversed": true, "length": 14.121133898505825, "lanes": "4", "maxspeed": "30", "access": null }, "geometry": { "type": "LineString", "coordinates": [ [ -76.5390508, 3.4283319 ], [ -76.5390459, 3.4284588 ] ] } },
{ "type": "Feature", "properties": { "u": 2135157626, "v": 9297259255, "key": 0, "osmid": 678680602, "highway": "secondary", "name": "Calle 6", "oneway": false, "reversed": false, "length": 10.497525969193958, "lanes": "2", "maxspeed": "30", "access": null }, "geometry": { "type": "LineString", "coordinates": [ [ -76.5390508, 3.4283319 ], [ -76.5390519, 3.4282375 ] ] } },
{ "type": "Feature", "properties": { "u": 2135157626, "v": 11518927846, "key": 0, "osmid": 984696489, "highway": "secondary", "name": "Carrera 34", "oneway": false, "reversed": true, "length": 11.228094992628129, "lanes": "2", "maxspeed": null, "access": null }, "geometry": { "type": "LineString", "coordinates": [ [ -76.5390508, 3.4283319 ], [ -76.5389929, 3.4282491 ] ] } },
{ "type": "Feature", "properties": { "u": 2135158047, "v": 11521911130, "key": 0, "osmid": 203502410, "highway": "residential", "name": "Diagonal 36A", "oneway": false, "reversed": true, "length": 84.186844106345418, "lanes": null, "maxspeed": null, "access": null }, "geometry": { "type": "LineString", "coordinates": [ [ -76.5392683, 3.4256941 ], [ -76.5399741, 3.4259713 ] ] } },
{ "type": "Feature", "properties": { "u": 2135158047, "v": 11519176310, "key": 0, "osmid": 782806863, "highway": "residential", "name": "Calle 7", "oneway": false, "reversed": true, "length": 42.878183402818763, "lanes": null, "maxspeed": null, "access": null }, "geometry": { "type": "LineString", "coordinates": [ [ -76.5392683, 3.4256941 ], [ -76.5391325, 3.4260551 ] ] } },
{ "type": "Feature", "properties": { "u": 2135158073, "v": 11521911130, "key": 0, "osmid": 203502410, "highway": "residential", "name": "Diagonal 36A", "oneway": false, "reversed": false, "length": 5.5214618120239241, "lanes": null, "maxspeed": null, "access": null }, "geometry": { "type": "LineString", "coordinates": [ [ -76.5400205, 3.4259892 ], [ -76.5399741, 3.4259713 ] ] } },
{ "type": "Feature", "properties": { "u": 2135158073, "v": 11519176311, "key": 0, "osmid": 444825218, "highway": "secondary", "name": "Calle 6", "oneway": false, "reversed": true, "length": 91.099562467815602, "lanes": "2", "maxspeed": "30", "access": null }, "geometry": { "type": "LineString", "coordinates": [ [ -76.5400205, 3.4259892 ], [ -76.5396886, 3.4267385 ] ] } },
{ "type": "Feature", "properties": { "u": 2135158073, "v": 7289425223, "key": 0, "osmid": 1007746271, "highway": "secondary", "name": "Calle 6", "oneway": false, "reversed": false, "length": 81.014522317828749, "lanes": "2", "maxspeed": "30", "access": null }, "geometry": { "type": "LineString", "coordinates": [ [ -76.5400205, 3.4259892 ], [ -76.5403169, 3.4253234 ] ] } },
{ "type": "Feature", "properties": { "u": 2135158097, "v": 11518988471, "key": 0, "osmid": 417099310, "highway": "residential", "name": "Calle 7", "oneway": false, "reversed": true, "length": 6.4212131896674309, "lanes": null, "maxspeed": null, "access": null }, "geometry": { "type": "LineString", "coordinates": [ [ -76.5385729, 3.4275416 ], [ -76.5385934, 3.4274876 ] ] } },
{ "type": "Feature", "properties": { "u": 2135158097, "v": 11518862164, "key": 0, "osmid": 417099313, "highway": "tertiary", "name": "Carrera 34", "oneway": false, "reversed": true, "length": 81.499884713264493, "lanes": "2", "maxspeed": null, "access": null }, "geometry": { "type": "LineString", "coordinates": [ [ -76.5385729, 3.4275416 ], [ -76.5381223, 3.4269629 ] ] } },
{ "type": "Feature", "properties": { "u": 2135158097, "v": 9293725595, "key": 0, "osmid": 417099314, "highway": "tertiary", "name": "Carrera 34", "oneway": false, "reversed": false, "length": 74.570599036659885, "lanes": "2", "maxspeed": null, "access": null }, "geometry": { "type": "LineString", "coordinates": [ [ -76.5385729, 3.4275416 ], [ -76.5389776, 3.4280769 ] ] } },
{ "type": "Feature", "properties": { "u": 2135158097, "v": 6945400684, "key": 0, "osmid": 741920918, "highway": "residential", "name": "Calle 7", "oneway": false, "reversed": false, "length": 4.9295721429205477, "lanes": null, "maxspeed": null, "access": null }, "geometry": { "type": "LineString", "coordinates": [ [ -76.5385729, 3.4275416 ], [ -76.5385625, 3.4275847 ] ] } },
{ "type": "Feature", "properties": { "u": 2135158487, "v": 11519650175, "key": 0, "osmid": 32338505, "highway": "residential", "name": "Carrera 36C", "oneway": false, "reversed": true, "length": 3.7954219623078185, "lanes": null, "maxspeed": null, "access": null }, "geometry": { "type": "LineString", "coordinates": [ [ -76.5404751, 3.4253003 ], [ -76.5404987, 3.425325 ] ] } },
{ "type": "Feature", "properties": { "u": 2135158487, "v": 11519593552, "key": 0, "osmid": 442916517, "highway": "secondary", "name": "Calle 6", "oneway": false, "reversed": false, "length": 11.81061419246163, "lanes": "2", "maxspeed": "30", "access": null }, "geometry": { "type": "LineString", "coordinates": [ [ -76.5404751, 3.4253003 ], [ -76.540518, 3.4252031 ] ] } },
{ "type": "Feature", "properties": { "u": 2135158487, "v": 2134266019, "key": 0, "osmid": 442916517, "highway": "secondary", "name": "Calle 6", "oneway": false, "reversed": true, "length": 44.125847121897408, "lanes": "2", "maxspeed": "30", "access": null }, "geometry": { "type": "LineString", "coordinates": [ [ -76.5404751, 3.4253003 ], [ -76.5403129, 3.4256626 ] ] } },
{ "type": "Feature", "properties": { "u": 2196650529, "v": 11522889084, "key": 0, "osmid": 209447826, "highway": "residential", "name": "Carrera 32", "oneway": false, "reversed": true, "length": 6.4814890888079741, "lanes": "4", "maxspeed": null, "access": null }, "geometry": { "type": "LineString", "coordinates": [ [ -76.5368637, 3.4278783 ], [ -76.5369194, 3.4278958 ] ] } },
{ "type": "Feature", "properties": { "u": 2196650529, "v": 7289429854, "key": 0, "osmid": 417417894, "highway": "secondary", "name": "Calle 9", "oneway": false, "reversed": true, "length": 5.6656449405512772, "lanes": "3", "maxspeed": "30", "access": null }, "geometry": { "type": "LineString", "coordinates": [ [ -76.5368637, 3.4278783 ], [ -76.5368758, 3.4278288 ] ] } },
{ "type": "Feature", "properties": { "u": 2196650531, "v": 2134322533, "key": 0, "osmid": 27344006, "highway": "tertiary", "name": "Calle 8", "oneway": false, "reversed": false, "length": 77.199737850578714, "lanes": "1", "maxspeed": "30", "access": null }, "geometry": { "type": "LineString", "coordinates": [ [ -76.5377394, 3.4281529 ], [ -76.5379239, 3.4274835 ] ] } },
{ "type": "Feature", "properties": { "u": 2196650531, "v": 11577260913, "key": 0, "osmid": 209447826, "highway": "residential", "name": "Carrera 32", "oneway": false, "reversed": true, "length": 6.2251924878796592, "lanes": "4", "maxspeed": null, "access": null }, "geometry": { "type": "LineString", "coordinates": [ [ -76.5377394, 3.4281529 ], [ -76.5377929, 3.4281697 ] ] } },
{ "type": "Feature", "properties": { "u": 2196650534, "v": 2196650538, "key": 0, "osmid": 1007494757, "highway": "residential", "name": "Carrera 32", "oneway": false, "reversed": false, "length": 27.16542530396541, "lanes": "2", "maxspeed": null, "access": null }, "geometry": { "type": "LineString", "coordinates": [ [ -76.5385602, 3.4283729 ], [ -76.5383185, 3.4283345 ] ] } },
{ "type": "Feature", "properties": { "u": 2196650534, "v": 2134320246, "key": 0, "osmid": 1007494757, "highway": "residential", "name": "Carrera 32", "oneway": false, "reversed": true, "length": 17.56648860603968, "lanes": "2", "maxspeed": null, "access": null }, "geometry": { "type": "LineString", "coordinates": [ [ -76.5385602, 3.4283729 ], [ -76.5387165, 3.4283977 ] ] } },
{ "type": "Feature", "properties": { "u": 2196650538, "v": 11518927838, "key": 0, "osmid": 209447826, "highway": "residential", "name": "Carrera 32", "oneway": false, "reversed": false, "length": 2.3874523708879827, "lanes": "4", "maxspeed": null, "access": null }, "geometry": { "type": "LineString", "coordinates": [ [ -76.5383185, 3.4283345 ], [ -76.538298, 3.428328 ] ] } },
{ "type": "Feature", "properties": { "u": 2196650538, "v": 2196650534, "key": 0, "osmid": 1007494757, "highway": "residential", "name": "Carrera 32", "oneway": false, "reversed": true, "length": 27.16542530396541, "lanes": "2", "maxspeed": null, "access": null }, "geometry": { "type": "LineString", "coordinates": [ [ -76.5383185, 3.4283345 ], [ -76.5385602, 3.4283729 ] ] } },
{ "type": "Feature", "properties": { "u": 2196650538, "v": 9294780940, "key": 0, "osmid": 1007494758, "highway": "residential", "name": "Carrera 32", "oneway": false, "reversed": false, "length": 6.1758510597184415, "lanes": "2", "maxspeed": null, "access": null }, "geometry": { "type": "LineString", "coordinates": [ [ -76.5383185, 3.4283345 ], [ -76.538365, 3.428365 ] ] } },
{ "type": "Feature", "properties": { "u": 2238854300, "v": 11519650215, "key": 0, "osmid": 46256216, "highway": "residential", "name": "Carrera 25", "oneway": false, "reversed": false, "length": 103.71486993905305, "lanes": null, "maxspeed": null, "access": null }, "geometry": { "type": "LineString", "coordinates": [ [ -76.5397647, 3.4352653 ], [ -76.538831, 3.435229 ] ] } },
{ "type": "Feature", "properties": { "u": 2238854300, "v": 11384774388, "key": 0, "osmid": 46256216, "highway": "residential", "name": "Carrera 25", "oneway": false, "reversed": true, "length": 62.903265787771296, "lanes": null, "maxspeed": null, "access": null }, "geometry": { "type": "LineString", "coordinates": [ [ -76.5397647, 3.4352653 ], [ -76.5401891, 3.4356402 ] ] } },
{ "type": "Feature", "properties": { "u": 2588584947, "v": 11518862167, "key": 0, "osmid": 203421387, "highway": "tertiary", "name": "Carrera 34", "oneway": false, "reversed": false, "length": 60.141077711192402, "lanes": "2", "maxspeed": null, "access": null }, "geometry": { "type": "LineString", "coordinates": [ [ -76.5377384, 3.4264481 ], [ -76.5380593, 3.4268839 ] ] } },
{ "type": "Feature", "properties": { "u": 2588584947, "v": 2588584977, "key": 0, "osmid": 203421387, "highway": "tertiary", "name": "Carrera 34", "oneway": false, "reversed": true, "length": 11.551215122618036, "lanes": "2", "maxspeed": null, "access": null }, "geometry": { "type": "LineString", "coordinates": [ [ -76.5377384, 3.4264481 ], [ -76.5376895, 3.4263564 ] ] } },
{ "type": "Feature", "properties": { "u": 2588584951, "v": 9973324281, "key": 0, "osmid": 417097015, "highway": "secondary", "name": "Calle 9", "oneway": false, "reversed": false, "length": 6.486537894155215, "lanes": "3", "maxspeed": "30", "access": null }, "geometry": { "type": "LineString", "coordinates": [ [ -76.5371522, 3.4269097 ], [ -76.5371369, 3.426966 ] ] } },
{ "type": "Feature", "properties": { "u": 2588584951, "v": 9297949941, "key": 0, "osmid": 659358597, "highway": "secondary", "name": "Calle 9", "oneway": false, "reversed": true, "length": 63.487795681910505, "lanes": "2", "maxspeed": "30", "access": "yes" }, "geometry": { "type": "LineString", "coordinates": [ [ -76.5371522, 3.4269097 ], [ -76.5373775, 3.4263849 ] ] } },
{ "type": "Feature", "properties": { "u": 2588584959, "v": 2588584997, "key": 0, "osmid": 659358597, "highway": "secondary", "name": "Calle 9", "oneway": false, "reversed": false, "length": 9.4698500296301571, "lanes": "2", "maxspeed": "30", "access": "yes" }, "geometry": { "type": "LineString", "coordinates": [ [ -76.5374528, 3.4262302 ], [ -76.5374143, 3.4263062 ] ] } },
{ "type": "Feature", "properties": { "u": 2588584959, "v": 6173343238, "key": 0, "osmid": 659358597, "highway": "secondary", "name": "Calle 9", "oneway": false, "reversed": true, "length": 9.1688178417755726, "lanes": "2", "maxspeed": "30", "access": "yes" }, "geometry": { "type": "LineString", "coordinates": [ [ -76.5374528, 3.4262302 ], [ -76.5374927, 3.426158 ] ] } },
{ "type": "Feature", "properties": { "u": 2588584961, "v": 5916542513, "key": 0, "osmid": 262535303, "highway": "residential", "name": "Calle 9", "oneway": false, "reversed": true, "length": 10.085503601795727, "lanes": "1", "maxspeed": null, "access": null }, "geometry": { "type": "LineString", "coordinates": [ [ -76.537797, 3.4254717 ], [ -76.5378703, 3.4254181 ] ] } },
{ "type": "Feature", "properties": { "u": 2588584961, "v": 11519176293, "key": 0, "osmid": 572441270, "highway": "secondary", "name": "Calle 9", "oneway": false, "reversed": false, "length": 7.2325580897546287, "lanes": "4", "maxspeed": "30", "access": "yes" }, "geometry": { "type": "LineString", "coordinates": [ [ -76.537797, 3.4254717 ], [ -76.5377773, 3.4255337 ] ] } },
{ "type": "Feature", "properties": { "u": 2588584961, "v": 5499542836, "key": 0, "osmid": 635385771, "highway": "secondary", "name": "Calle 9", "oneway": false, "reversed": true, "length": 8.1912181866671077, "lanes": "2", "maxspeed": "30", "access": "yes" }, "geometry": { "type": "LineString", "coordinates": [ [ -76.537797, 3.4254717 ], [ -76.5378184, 3.4254012 ] ] } },
{ "type": "Feature", "properties": { "u": 2588584961, "v": 5499542835, "key": 0, "osmid": 780620975, "highway": "secondary", "name": "Calle 9", "oneway": false, "reversed": true, "length": 9.0474257458657608, "lanes": "2", "maxspeed": "30", "access": "yes" }, "geometry": { "type": "LineString", "coordinates": [ [ -76.537797, 3.4254717 ], [ -76.5377738, 3.4253937 ] ] } },
{ "type": "Feature", "properties": { "u": 2588584961, "v": 11522498907, "key": 0, "osmid": 1239905922, "highway": "footway", "name": null, "oneway": false, "reversed": false, "length": 10.171861906645542, "lanes": null, "maxspeed": null, "access": null }, "geometry": { "type": "LineString", "coordinates": [ [ -76.537797, 3.4254717 ], [ -76.537883, 3.4255033 ] ] } },
{ "type": "Feature", "properties": { "u": 2588584963, "v": 2588584995, "key": 0, "osmid": 252835223, "highway": "secondary", "name": "Carrera 34", "oneway": false, "reversed": false, "length": 32.142297937794545, "lanes": "2", "maxspeed": null, "access": null }, "geometry": { "type": "LineString", "coordinates": [ [ -76.5377731, 3.4257639 ], [ -76.5376845, 3.4260391 ] ] } },
{ "type": "Feature", "properties": { "u": 2588584963, "v": 2588584979, "key": 0, "osmid": 252835223, "highway": "secondary", "name": "Carrera 34", "oneway": false, "reversed": true, "length": 17.431195704175217, "lanes": "2", "maxspeed": null, "access": null }, "geometry": { "type": "LineString", "coordinates": [ [ -76.5377731, 3.4257639 ], [ -76.5377517, 3.4256086 ] ] } },
{ "type": "Feature", "properties": { "u": 2588584971, "v": 2588584981, "key": 0, "osmid": 177759531, "highway": "secondary", "name": "Carrera 34", "oneway": false, "reversed": false, "length": 10.829955112149117, "lanes": "3", "maxspeed": null, "access": null }, "geometry": { "type": "LineString", "coordinates": [ [ -76.5375993, 3.4263926 ], [ -76.5376396, 3.4264813 ] ] } },
{ "type": "Feature", "properties": { "u": 2588584971, "v": 2588585010, "key": 0, "osmid": 177759531, "highway": "secondary", "name": "Carrera 34", "oneway": false, "reversed": true, "length": 8.3411062652009935, "lanes": "3", "maxspeed": null, "access": null }, "geometry": { "type": "LineString", "coordinates": [ [ -76.5375993, 3.4263926 ], [ -76.5375853, 3.4263189 ] ] } },
{ "type": "Feature", "properties": { "u": 2588584977, "v": 2588584947, "key": 0, "osmid": 203421387, "highway": "tertiary", "name": "Carrera 34", "oneway": false, "reversed": false, "length": 11.551215122618036, "lanes": "2", "maxspeed": null, "access": null }, "geometry": { "type": "LineString", "coordinates": [ [ -76.5376895, 3.4263564 ], [ -76.5377384, 3.4264481 ] ] } },
{ "type": "Feature", "properties": { "u": 2588584977, "v": 2588585006, "key": 0, "osmid": 203421387, "highway": "tertiary", "name": "Carrera 34", "oneway": false, "reversed": true, "length": 10.433945959448868, "lanes": "2", "maxspeed": null, "access": null }, "geometry": { "type": "LineString", "coordinates": [ [ -76.5376895, 3.4263564 ], [ -76.5376643, 3.426266 ] ] } },
{ "type": "Feature", "properties": { "u": 2588584979, "v": 2588584963, "key": 0, "osmid": 252835223, "highway": "secondary", "name": "Carrera 34", "oneway": false, "reversed": false, "length": 17.431195704175217, "lanes": "2", "maxspeed": null, "access": null }, "geometry": { "type": "LineString", "coordinates": [ [ -76.5377517, 3.4256086 ], [ -76.5377731, 3.4257639 ] ] } },
{ "type": "Feature", "properties": { "u": 2588584979, "v": 2588585009, "key": 0, "osmid": 417092763, "highway": "secondary", "name": "Calle 9", "oneway": false, "reversed": false, "length": 45.710646688224102, "lanes": "2", "maxspeed": "30", "access": "yes" }, "geometry": { "type": "LineString", "coordinates": [ [ -76.5377517, 3.4256086 ], [ -76.5375896, 3.4259865 ] ] } },
{ "type": "Feature", "properties": { "u": 2588584979, "v": 11519176293, "key": 0, "osmid": 572441270, "highway": "secondary", "name": "Calle 9", "oneway": false, "reversed": true, "length": 8.7999020530254839, "lanes": "4", "maxspeed": "30", "access": "yes" }, "geometry": { "type": "LineString", "coordinates": [ [ -76.5377517, 3.4256086 ], [ -76.5377773, 3.4255337 ] ] } },
{ "type": "Feature", "properties": { "u": 2588584979, "v": 2588584992, "key": 0, "osmid": 572441271, "highway": "secondary", "name": "Calle 9", "oneway": false, "reversed": false, "length": 17.700720579901944, "lanes": "2", "maxspeed": "30", "access": "yes" }, "geometry": { "type": "LineString", "coordinates": [ [ -76.5377517, 3.4256086 ], [ -76.5376269, 3.4257077 ] ] } },
{ "type": "Feature", "properties": { "u": 2588584981, "v": 11518862168, "key": 0, "osmid": 177759531, "highway": "secondary", "name": "Carrera 34", "oneway": false, "reversed": false, "length": 72.878758332726093, "lanes": "3", "maxspeed": null, "access": null }, "geometry": { "type": "LineString", "coordinates": [ [ -76.5376396, 3.4264813 ], [ -76.5380186, 3.4270165 ] ] } },
{ "type": "Feature", "properties": { "u": 2588584981, "v": 2588584971, "key": 0, "osmid": 177759531, "highway": "secondary", "name": "Carrera 34", "oneway": false, "reversed": true, "length": 10.829955112149117, "lanes": "3", "maxspeed": null, "access": null }, "geometry": { "type": "LineString", "coordinates": [ [ -76.5376396, 3.4264813 ], [ -76.5375993, 3.4263926 ] ] } },
{ "type": "Feature", "properties": { "u": 2588584990, "v": 2588585010, "key": 0, "osmid": 177759531, "highway": "secondary", "name": "Carrera 34", "oneway": false, "reversed": false, "length": 16.518286092146642, "lanes": "3", "maxspeed": null, "access": null }, "geometry": { "type": "LineString", "coordinates": [ [ -76.5376038, 3.4261715 ], [ -76.5375853, 3.4263189 ] ] } },
{ "type": "Feature", "properties": { "u": 2588584990, "v": 2588584995, "key": 0, "osmid": 177759531, "highway": "secondary", "name": "Carrera 34", "oneway": false, "reversed": true, "length": 17.233082556976154, "lanes": "3", "maxspeed": null, "access": null }, "geometry": { "type": "LineString", "coordinates": [ [ -76.5376038, 3.4261715 ], [ -76.5376845, 3.4260391 ] ] } },
{ "type": "Feature", "properties": { "u": 2588584992, "v": 2588584979, "key": 0, "osmid": 572441271, "highway": "secondary", "name": "Calle 9", "oneway": false, "reversed": true, "length": 17.700720579901944, "lanes": "2", "maxspeed": "30", "access": "yes" }, "geometry": { "type": "LineString", "coordinates": [ [ -76.5376269, 3.4257077 ], [ -76.5377517, 3.4256086 ] ] } },
{ "type": "Feature", "properties": { "u": 2588584995, "v": 2588584990, "key": 0, "osmid": 177759531, "highway": "secondary", "name": "Carrera 34", "oneway": false, "reversed": false, "length": 17.233082556976154, "lanes": "3", "maxspeed": null, "access": null }, "geometry": { "type": "LineString", "coordinates": [ [ -76.5376845, 3.4260391 ], [ -76.5376038, 3.4261715 ] ] } },
{ "type": "Feature", "properties": { "u": 2588584995, "v": 11518988478, "key": 0, "osmid": 203421387, "highway": "tertiary", "name": "Carrera 34", "oneway": false, "reversed": false, "length": 16.085233842684861, "lanes": "2", "maxspeed": null, "access": null }, "geometry": { "type": "LineString", "coordinates": [ [ -76.5376845, 3.4260391 ], [ -76.5376579, 3.4261813 ] ] } },
{ "type": "Feature", "properties": { "u": 2588584995, "v": 2588584963, "key": 0, "osmid": 252835223, "highway": "secondary", "name": "Carrera 34", "oneway": false, "reversed": true, "length": 32.142297937794545, "lanes": "2", "maxspeed": null, "access": null }, "geometry": { "type": "LineString", "coordinates": [ [ -76.5376845, 3.4260391 ], [ -76.5377731, 3.4257639 ] ] } },
{ "type": "Feature", "properties": { "u": 2588584997, "v": 9297949941, "key": 0, "osmid": 659358597, "highway": "secondary", "name": "Calle 9", "oneway": false, "reversed": false, "length": 9.6574020323834997, "lanes": "2", "maxspeed": "30", "access": "yes" }, "geometry": { "type": "LineString", "coordinates": [ [ -76.5374143, 3.4263062 ], [ -76.5373775, 3.4263849 ] ] } },
{ "type": "Feature", "properties": { "u": 2588584997, "v": 2588584959, "key": 0, "osmid": 659358597, "highway": "secondary", "name": "Calle 9", "oneway": false, "reversed": true, "length": 9.4698500296301571, "lanes": "2", "maxspeed": "30", "access": "yes" }, "geometry": { "type": "LineString", "coordinates": [ [ -76.5374143, 3.4263062 ], [ -76.5374528, 3.4262302 ] ] } },
{ "type": "Feature", "properties": { "u": 2588585004, "v": 6173343238, "key": 0, "osmid": 417092763, "highway": "secondary", "name": "Calle 9", "oneway": false, "reversed": false, "length": 10.557124340865112, "lanes": "2", "maxspeed": "30", "access": "yes" }, "geometry": { "type": "LineString", "coordinates": [ [ -76.5375387, 3.4260749 ], [ -76.5374927, 3.426158 ] ] } },
{ "type": "Feature", "properties": { "u": 2588585004, "v": 2588585009, "key": 0, "osmid": 417092763, "highway": "secondary", "name": "Calle 9", "oneway": false, "reversed": true, "length": 11.337601226483196, "lanes": "2", "maxspeed": "30", "access": "yes" }, "geometry": { "type": "LineString", "coordinates": [ [ -76.5375387, 3.4260749 ], [ -76.5375896, 3.4259865 ] ] } },
{ "type": "Feature", "properties": { "u": 2588585006, "v": 2588584977, "key": 0, "osmid": 203421387, "highway": "tertiary", "name": "Carrera 34", "oneway": false, "reversed": false, "length": 10.433945959448868, "lanes": "2", "maxspeed": null, "access": null }, "geometry": { "type": "LineString", "coordinates": [ [ -76.5376643, 3.426266 ], [ -76.5376895, 3.4263564 ] ] } },
{ "type": "Feature", "properties": { "u": 2588585006, "v": 11518988478, "key": 0, "osmid": 203421387, "highway": "tertiary", "name": "Carrera 34", "oneway": false, "reversed": true, "length": 9.4449759353560463, "lanes": "2", "maxspeed": null, "access": null }, "geometry": { "type": "LineString", "coordinates": [ [ -76.5376643, 3.426266 ], [ -76.5376579, 3.4261813 ] ] } },
{ "type": "Feature", "properties": { "u": 2588585009, "v": 2588585004, "key": 0, "osmid": 417092763, "highway": "secondary", "name": "Calle 9", "oneway": false, "reversed": false, "length": 11.337601226483196, "lanes": "2", "maxspeed": "30", "access": "yes" }, "geometry": { "type": "LineString", "coordinates": [ [ -76.5375896, 3.4259865 ], [ -76.5375387, 3.4260749 ] ] } },
{ "type": "Feature", "properties": { "u": 2588585009, "v": 2588584979, "key": 0, "osmid": 417092763, "highway": "secondary", "name": "Calle 9", "oneway": false, "reversed": true, "length": 45.710646688224102, "lanes": "2", "maxspeed": "30", "access": "yes" }, "geometry": { "type": "LineString", "coordinates": [ [ -76.5375896, 3.4259865 ], [ -76.5377517, 3.4256086 ] ] } },
{ "type": "Feature", "properties": { "u": 2588585010, "v": 2588584971, "key": 0, "osmid": 177759531, "highway": "secondary", "name": "Carrera 34", "oneway": false, "reversed": false, "length": 8.3411062652009935, "lanes": "3", "maxspeed": null, "access": null }, "geometry": { "type": "LineString", "coordinates": [ [ -76.5375853, 3.4263189 ], [ -76.5375993, 3.4263926 ] ] } },
{ "type": "Feature", "properties": { "u": 2588585010, "v": 2588584990, "key": 0, "osmid": 177759531, "highway": "secondary", "name": "Carrera 34", "oneway": false, "reversed": true, "length": 16.518286092146642, "lanes": "3", "maxspeed": null, "access": null }, "geometry": { "type": "LineString", "coordinates": [ [ -76.5375853, 3.4263189 ], [ -76.5376038, 3.4261715 ] ] } },
{ "type": "Feature", "properties": { "u": 2677257968, "v": 2677257970, "key": 0, "osmid": 262080639, "highway": "steps", "name": null, "oneway": false, "reversed": false, "length": 8.2915081595965372, "lanes": null, "maxspeed": null, "access": null }, "geometry": { "type": "LineString", "coordinates": [ [ -76.5388536, 3.4369213 ], [ -76.5388586, 3.4369957 ] ] } },
{ "type": "Feature", "properties": { "u": 2677257968, "v": 4090237379, "key": 0, "osmid": 406991495, "highway": "footway", "name": null, "oneway": false, "reversed": true, "length": 3.0583131940299779, "lanes": null, "maxspeed": null, "access": null }, "geometry": { "type": "LineString", "coordinates": [ [ -76.5388536, 3.4369213 ], [ -76.538881, 3.4369184 ] ] } },
{ "type": "Feature", "properties": { "u": 2677257969, "v": 590222631, "key": 0, "osmid": 46256223, "highway": "primary_link", "name": null, "oneway": false, "reversed": false, "length": 2.9634372261071746, "lanes": "2", "maxspeed": null, "access": null }, "geometry": { "type": "LineString", "coordinates": [ [ -76.5389024, 3.4368565 ], [ -76.5388812, 3.4368403 ] ] } },
{ "type": "Feature", "properties": { "u": 2677257969, "v": 9301472249, "key": 0, "osmid": 46256223, "highway": "primary_link", "name": null, "oneway": false, "reversed": true, "length": 2.9571633381512359, "lanes": "2", "maxspeed": null, "access": null }, "geometry": { "type": "LineString", "coordinates": [ [ -76.5389024, 3.4368565 ], [ -76.5389244, 3.4368715 ] ] } },
{ "type": "Feature", "properties": { "u": 2677257970, "v": 2677257981, "key": 0, "osmid": 262080639, "highway": "steps", "name": null, "oneway": false, "reversed": false, "length": 2.8488381734550319, "lanes": null, "maxspeed": null, "access": null }, "geometry": { "type": "LineString", "coordinates": [ [ -76.5388586, 3.4369957 ], [ -76.5388336, 3.4370015 ] ] } },
{ "type": "Feature", "properties": { "u": 2677257970, "v": 2677257968, "key": 0, "osmid": 262080639, "highway": "steps", "name": null, "oneway": false, "reversed": true, "length": 8.2915081595965372, "lanes": null, "maxspeed": null, "access": null }, "geometry": { "type": "LineString", "coordinates": [ [ -76.5388586, 3.4369957 ], [ -76.5388536, 3.4369213 ] ] } },
{ "type": "Feature", "properties": { "u": 2677257981, "v": 2677257970, "key": 0, "osmid": 262080639, "highway": "steps", "name": null, "oneway": false, "reversed": true, "length": 2.8488381734550319, "lanes": null, "maxspeed": null, "access": null }, "geometry": { "type": "LineString", "coordinates": [ [ -76.5388336, 3.4370015 ], [ -76.5388586, 3.4369957 ] ] } },
{ "type": "Feature", "properties": { "u": 2677257981, "v": 4462558690, "key": 0, "osmid": 449282589, "highway": "footway", "name": null, "oneway": false, "reversed": false, "length": 19.725325481968131, "lanes": null, "maxspeed": null, "access": null }, "geometry": { "type": "LineString", "coordinates": [ [ -76.5388336, 3.4370015 ], [ -76.5388091, 3.4368258 ] ] } },
{ "type": "Feature", "properties": { "u": 2677257981, "v": 9294804712, "key": 0, "osmid": 1007498798, "highway": "footway", "name": null, "oneway": false, "reversed": false, "length": 1.7384304921006539, "lanes": null, "maxspeed": null, "access": null }, "geometry": { "type": "LineString", "coordinates": [ [ -76.5388336, 3.4370015 ], [ -76.5388363, 3.4370169 ] ] } },
{ "type": "Feature", "properties": { "u": 2681953075, "v": 4074282518, "key": 0, "osmid": 262532036, "highway": "residential", "name": "Calle 5C", "oneway": false, "reversed": true, "length": 121.98098450500082, "lanes": null, "maxspeed": null, "access": null }, "geometry": { "type": "LineString", "coordinates": [ [ -76.5396433, 3.4344392 ], [ -76.5396988, 3.4333436 ] ] } },
{ "type": "Feature", "properties": { "u": 2681953075, "v": 615801957, "key": 0, "osmid": 564088508, "highway": "residential", "name": "Carrera 26", "oneway": false, "reversed": false, "length": 87.833138005358606, "lanes": null, "maxspeed": null, "access": null }, "geometry": { "type": "LineString", "coordinates": [ [ -76.5396433, 3.4344392 ], [ -76.5404341, 3.4344679 ] ] } },
{ "type": "Feature", "properties": { "u": 2681953075, "v": 11519650214, "key": 0, "osmid": 564088508, "highway": "residential", "name": "Carrera 26", "oneway": false, "reversed": true, "length": 86.17838152731548, "lanes": null, "maxspeed": null, "access": null }, "geometry": { "type": "LineString", "coordinates": [ [ -76.5396433, 3.4344392 ], [ -76.5388674, 3.434411 ] ] } },
{ "type": "Feature", "properties": { "u": 4074282518, "v": 7467725941, "key": 0, "osmid": 28190780, "highway": "residential", "name": "Carrera 27", "oneway": false, "reversed": false, "length": 6.0362804872122204, "lanes": "2", "maxspeed": "30", "access": null }, "geometry": { "type": "LineString", "coordinates": [ [ -76.5396988, 3.4333436 ], [ -76.5396445, 3.4333406 ] ] } },
{ "type": "Feature", "properties": { "u": 4074282518, "v": 309647181, "key": 0, "osmid": 28190780, "highway": "residential", "name": "Carrera 27", "oneway": false, "reversed": true, "length": 88.070210910971667, "lanes": "2", "maxspeed": "30", "access": null }, "geometry": { "type": "LineString", "coordinates": [ [ -76.5396988, 3.4333436 ], [ -76.5404915, 3.4333782 ] ] } },
{ "type": "Feature", "properties": { "u": 4074282518, "v": 2681953075, "key": 0, "osmid": 262532036, "highway": "residential", "name": "Calle 5C", "oneway": false, "reversed": false, "length": 121.98098450500082, "lanes": null, "maxspeed": null, "access": null }, "geometry": { "type": "LineString", "coordinates": [ [ -76.5396988, 3.4333436 ], [ -76.5396433, 3.4344392 ] ] } },
{ "type": "Feature", "properties": { "u": 4090237379, "v": 2677257968, "key": 0, "osmid": 406991495, "highway": "footway", "name": null, "oneway": false, "reversed": false, "length": 3.0583131940299779, "lanes": null, "maxspeed": null, "access": null }, "geometry": { "type": "LineString", "coordinates": [ [ -76.538881, 3.4369184 ], [ -76.5388536, 3.4369213 ] ] } },
{ "type": "Feature", "properties": { "u": 4090237379, "v": 11384774382, "key": 0, "osmid": 406991495, "highway": "footway", "name": null, "oneway": false, "reversed": true, "length": 9.9694524483826914, "lanes": null, "maxspeed": null, "access": null }, "geometry": { "type": "LineString", "coordinates": [ [ -76.538881, 3.4369184 ], [ -76.5388878, 3.4370078 ] ] } },
{ "type": "Feature", "properties": { "u": 4177145923, "v": 5501943490, "key": 0, "osmid": 417092772, "highway": "secondary_link", "name": null, "oneway": false, "reversed": true, "length": 5.0309948403630305, "lanes": "1", "maxspeed": null, "access": null }, "geometry": { "type": "LineString", "coordinates": [ [ -76.5381765, 3.4253633 ], [ -76.5381356, 3.4253828 ] ] } },
{ "type": "Feature", "properties": { "u": 4177145923, "v": 5916542512, "key": 0, "osmid": 417094141, "highway": "residential", "name": "Carrera 36A Bis", "oneway": false, "reversed": true, "length": 18.220103855557248, "lanes": null, "maxspeed": null, "access": null }, "geometry": { "type": "LineString", "coordinates": [ [ -76.5381765, 3.4253633 ], [ -76.5380127, 3.425374 ] ] } },
{ "type": "Feature", "properties": { "u": 4177145926, "v": 5501943491, "key": 0, "osmid": 417092772, "highway": "secondary_link", "name": null, "oneway": false, "reversed": false, "length": 5.0397343247409987, "lanes": "1", "maxspeed": null, "access": null }, "geometry": { "type": "LineString", "coordinates": [ [ -76.5380765, 3.4254505 ], [ -76.5381014, 3.4254126 ] ] } },
{ "type": "Feature", "properties": { "u": 4177145926, "v": 4177145927, "key": 0, "osmid": 417092772, "highway": "secondary_link", "name": null, "oneway": false, "reversed": true, "length": 5.0419339648206574, "lanes": "1", "maxspeed": null, "access": null }, "geometry": { "type": "LineString", "coordinates": [ [ -76.5380765, 3.4254505 ], [ -76.5380627, 3.4254937 ] ] } },
{ "type": "Feature", "properties": { "u": 4177145927, "v": 4177145926, "key": 0, "osmid": 417092772, "highway": "secondary_link", "name": null, "oneway": false, "reversed": false, "length": 5.0419339648206574, "lanes": "1", "maxspeed": null, "access": null }, "geometry": { "type": "LineString", "coordinates": [ [ -76.5380627, 3.4254937 ], [ -76.5380765, 3.4254505 ] ] } },
{ "type": "Feature", "properties": { "u": 4177145927, "v": 4177145928, "key": 0, "osmid": 417092772, "highway": "secondary_link", "name": null, "oneway": false, "reversed": true, "length": 5.02955864438644, "lanes": "1", "maxspeed": null, "access": null }, "geometry": { "type": "LineString", "coordinates": [ [ -76.5380627, 3.4254937 ], [ -76.538061, 3.4255389 ] ] } },
{ "type": "Feature", "properties": { "u": 4177145928, "v": 4177145927, "key": 0, "osmid": 417092772, "highway": "secondary_link", "name": null, "oneway": false, "reversed": false, "length": 5.02955864438644, "lanes": "1", "maxspeed": null, "access": null }, "geometry": { "type": "LineString", "coordinates": [ [ -76.538061, 3.4255389 ], [ -76.5380627, 3.4254937 ] ] } },
{ "type": "Feature", "properties": { "u": 4177145928, "v": 4177145929, "key": 0, "osmid": 417092772, "highway": "secondary_link", "name": null, "oneway": false, "reversed": true, "length": 5.0402983382909587, "lanes": "1", "maxspeed": null, "access": null }, "geometry": { "type": "LineString", "coordinates": [ [ -76.538061, 3.4255389 ], [ -76.5380715, 3.425583 ] ] } },
{ "type": "Feature", "properties": { "u": 4177145929, "v": 4177145928, "key": 0, "osmid": 417092772, "highway": "secondary_link", "name": null, "oneway": false, "reversed": false, "length": 5.0402983382909587, "lanes": "1", "maxspeed": null, "access": null }, "geometry": { "type": "LineString", "coordinates": [ [ -76.5380715, 3.425583 ], [ -76.538061, 3.4255389 ] ] } },
{ "type": "Feature", "properties": { "u": 4177145929, "v": 5501943489, "key": 0, "osmid": 417092772, "highway": "secondary_link", "name": null, "oneway": false, "reversed": true, "length": 6.3872653414656062, "lanes": "1", "maxspeed": null, "access": null }, "geometry": { "type": "LineString", "coordinates": [ [ -76.5380715, 3.425583 ], [ -76.5381012, 3.4256322 ] ] } },
{ "type": "Feature", "properties": { "u": 4177145929, "v": 11519176294, "key": 0, "osmid": 1239903485, "highway": "footway", "name": null, "oneway": false, "reversed": false, "length": 17.489456728280956, "lanes": null, "maxspeed": null, "access": null }, "geometry": { "type": "LineString", "coordinates": [ [ -76.5380715, 3.425583 ], [ -76.5379273, 3.4255196 ] ] } },
{ "type": "Feature", "properties": { "u": 4177145929, "v": 11519176306, "key": 0, "osmid": 1239903485, "highway": "footway", "name": null, "oneway": false, "reversed": true, "length": 12.020778634265605, "lanes": null, "maxspeed": null, "access": null }, "geometry": { "type": "LineString", "coordinates": [ [ -76.5380715, 3.425583 ], [ -76.538173, 3.4256207 ] ] } },
{ "type": "Feature", "properties": { "u": 4177145930, "v": 5501943489, "key": 0, "osmid": 417092772, "highway": "secondary_link", "name": null, "oneway": false, "reversed": false, "length": 6.798909215434942, "lanes": "1", "maxspeed": null, "access": null }, "geometry": { "type": "LineString", "coordinates": [ [ -76.5381405, 3.4256791 ], [ -76.5381012, 3.4256322 ] ] } },
{ "type": "Feature", "properties": { "u": 4177145930, "v": 11518988477, "key": 0, "osmid": 417094144, "highway": "secondary", "name": "Carrera 36", "oneway": false, "reversed": false, "length": 27.947377770578417, "lanes": "3", "maxspeed": null, "access": null }, "geometry": { "type": "LineString", "coordinates": [ [ -76.5381405, 3.4256791 ], [ -76.5379086, 3.4255812 ] ] } },
{ "type": "Feature", "properties": { "u": 4177145930, "v": 1881744426, "key": 0, "osmid": 417094145, "highway": "secondary", "name": "Carrera 36", "oneway": false, "reversed": true, "length": 38.998865607742239, "lanes": "3", "maxspeed": null, "access": null }, "geometry": { "type": "LineString", "coordinates": [ [ -76.5381405, 3.4256791 ], [ -76.5384615, 3.4258217 ] ] } },
{ "type": "Feature", "properties": { "u": 4177145931, "v": 11519176307, "key": 0, "osmid": 417092758, "highway": "footway", "name": null, "oneway": false, "reversed": true, "length": 6.8396320983216814, "lanes": null, "maxspeed": null, "access": null }, "geometry": { "type": "LineString", "coordinates": [ [ -76.5388529, 3.4259994 ], [ -76.5388737, 3.4259415 ] ] } },
{ "type": "Feature", "properties": { "u": 4177145931, "v": 1881744426, "key": 0, "osmid": 417094145, "highway": "secondary", "name": "Carrera 36", "oneway": false, "reversed": false, "length": 47.726426751688976, "lanes": "3", "maxspeed": null, "access": null }, "geometry": { "type": "LineString", "coordinates": [ [ -76.5388529, 3.4259994 ], [ -76.5384615, 3.4258217 ] ] } },
{ "type": "Feature", "properties": { "u": 4177145931, "v": 300168017, "key": 0, "osmid": 417094146, "highway": "secondary", "name": "Carrera 36", "oneway": false, "reversed": true, "length": 31.293855244353136, "lanes": "3", "maxspeed": null, "access": null }, "geometry": { "type": "LineString", "coordinates": [ [ -76.5388529, 3.4259994 ], [ -76.5391095, 3.426116 ] ] } },
{ "type": "Feature", "properties": { "u": 4177145932, "v": 2134266146, "key": 0, "osmid": 32289724, "highway": "residential", "name": "Calle 5B 5", "oneway": false, "reversed": false, "length": 74.192347646495605, "lanes": "2", "maxspeed": null, "access": null }, "geometry": { "type": "LineString", "coordinates": [ [ -76.5402369, 3.4266621 ], [ -76.5407778, 3.4262701 ] ] } },
{ "type": "Feature", "properties": { "u": 4177145932, "v": 4405645427, "key": 0, "osmid": 453546652, "highway": "residential", "name": "Calle 5B 5", "oneway": false, "reversed": true, "length": 40.132472768017209, "lanes": "2", "maxspeed": null, "access": null }, "geometry": { "type": "LineString", "coordinates": [ [ -76.5402369, 3.4266621 ], [ -76.5399322, 3.4268564 ] ] } },
{ "type": "Feature", "properties": { "u": 4177145932, "v": 9336306881, "key": 0, "osmid": 1011966910, "highway": "service", "name": null, "oneway": false, "reversed": true, "length": 13.166048031426481, "lanes": null, "maxspeed": null, "access": null }, "geometry": { "type": "LineString", "coordinates": [ [ -76.5402369, 3.4266621 ], [ -76.5403077, 3.4267571 ] ] } },
{ "type": "Feature", "properties": { "u": 4177145932, "v": 11519650179, "key": 0, "osmid": 1239953515, "highway": "footway", "name": null, "oneway": false, "reversed": true, "length": 38.256957858156241, "lanes": null, "maxspeed": null, "access": null }, "geometry": { "type": "LineString", "coordinates": [ [ -76.5402369, 3.4266621 ], [ -76.5400348, 3.4263834 ] ] } },
{ "type": "Feature", "properties": { "u": 4177163949, "v": 11519176320, "key": 0, "osmid": 417096103, "highway": "service", "name": null, "oneway": false, "reversed": false, "length": 6.3644145970692847, "lanes": null, "maxspeed": null, "access": null }, "geometry": { "type": "LineString", "coordinates": [ [ -76.5408376, 3.4283361 ], [ -76.540792, 3.4283708 ] ] } },
{ "type": "Feature", "properties": { "u": 4177163949, "v": 9336696298, "key": 0, "osmid": 1008724584, "highway": "tertiary", "name": "Carrera 36", "oneway": false, "reversed": false, "length": 47.287936690205782, "lanes": "2", "maxspeed": null, "access": null }, "geometry": { "type": "LineString", "coordinates": [ [ -76.5408376, 3.4283361 ], [ -76.5405801, 3.4279973 ] ] } },
{ "type": "Feature", "properties": { "u": 4177163950, "v": 2135157626, "key": 0, "osmid": 417417892, "highway": "secondary", "name": "Calle 6", "oneway": false, "reversed": true, "length": 22.596080932354077, "lanes": "2", "maxspeed": "30", "access": null }, "geometry": { "type": "LineString", "coordinates": [ [ -76.5392094, 3.4282045 ], [ -76.5390508, 3.4283319 ] ] } },
{ "type": "Feature", "properties": { "u": 4177163950, "v": 11518927854, "key": 0, "osmid": 1007386439, "highway": "tertiary", "name": "Carrera 34", "oneway": false, "reversed": true, "length": 9.1903503690522736, "lanes": "2", "maxspeed": null, "access": null }, "geometry": { "type": "LineString", "coordinates": [ [ -76.5392094, 3.4282045 ], [ -76.5391297, 3.4281821 ] ] } },
{ "type": "Feature", "properties": { "u": 4177163950, "v": 11518927850, "key": 0, "osmid": 1239873890, "highway": "secondary", "name": "Calle 6", "oneway": false, "reversed": false, "length": 7.5510100351973861, "lanes": "2", "maxspeed": "30", "access": null }, "geometry": { "type": "LineString", "coordinates": [ [ -76.5392094, 3.4282045 ], [ -76.5392367, 3.4281423 ] ] } },
{ "type": "Feature", "properties": { "u": 4177163954, "v": 9293725593, "key": 0, "osmid": 424934595, "highway": "residential", "name": "Calle 5B 4", "oneway": false, "reversed": false, "length": 7.8584852145284749, "lanes": null, "maxspeed": null, "access": null }, "geometry": { "type": "LineString", "coordinates": [ [ -76.5393097, 3.4283912 ], [ -76.5392801, 3.4284554 ] ] } },
{ "type": "Feature", "properties": { "u": 4177163954, "v": 11519176318, "key": 0, "osmid": 424934595, "highway": "residential", "name": "Calle 5B 4", "oneway": false, "reversed": true, "length": 131.61287218027422, "lanes": null, "maxspeed": null, "access": null }, "geometry": { "type": "LineString", "coordinates": [ [ -76.5393097, 3.4283912 ], [ -76.5402548, 3.4276764 ] ] } },
{ "type": "Feature", "properties": { "u": 4177163958, "v": 4177163960, "key": 0, "osmid": 417096113, "highway": "secondary_link", "name": null, "oneway": false, "reversed": false, "length": 5.6350867685234913, "lanes": "1", "maxspeed": null, "access": null }, "geometry": { "type": "LineString", "coordinates": [ [ -76.5392456, 3.4285967 ], [ -76.5392949, 3.4286088 ] ] } },
{ "type": "Feature", "properties": { "u": 4177163958, "v": 4177163959, "key": 0, "osmid": 417096113, "highway": "secondary_link", "name": null, "oneway": false, "reversed": true, "length": 5.9849897927745799, "lanes": "1", "maxspeed": null, "access": null }, "geometry": { "type": "LineString", "coordinates": [ [ -76.5392456, 3.4285967 ], [ -76.5391918, 3.4286003 ] ] } },
{ "type": "Feature", "properties": { "u": 4177163959, "v": 4177163958, "key": 0, "osmid": 417096113, "highway": "secondary_link", "name": null, "oneway": false, "reversed": false, "length": 5.9849897927745799, "lanes": "1", "maxspeed": null, "access": null }, "geometry": { "type": "LineString", "coordinates": [ [ -76.5391918, 3.4286003 ], [ -76.5392456, 3.4285967 ] ] } },
{ "type": "Feature", "properties": { "u": 4177163959, "v": 4177163961, "key": 0, "osmid": 417096113, "highway": "secondary_link", "name": null, "oneway": false, "reversed": true, "length": 5.9695821222347671, "lanes": "1", "maxspeed": null, "access": null }, "geometry": { "type": "LineString", "coordinates": [ [ -76.5391918, 3.4286003 ], [ -76.5391404, 3.4286161 ] ] } },
{ "type": "Feature", "properties": { "u": 4177163960, "v": 2134265740, "key": 0, "osmid": 27051816, "highway": "tertiary", "name": "Carrera 34", "oneway": false, "reversed": false, "length": 82.789162173174986, "lanes": "2", "maxspeed": null, "access": null }, "geometry": { "type": "LineString", "coordinates": [ [ -76.5392949, 3.4286088 ], [ -76.5396871, 3.4292421 ] ] } },
{ "type": "Feature", "properties": { "u": 4177163960, "v": 4177163958, "key": 0, "osmid": 417096113, "highway": "secondary_link", "name": null, "oneway": false, "reversed": true, "length": 5.6350867685234913, "lanes": "1", "maxspeed": null, "access": null }, "geometry": { "type": "LineString", "coordinates": [ [ -76.5392949, 3.4286088 ], [ -76.5392456, 3.4285967 ] ] } },
{ "type": "Feature", "properties": { "u": 4177163960, "v": 9293725594, "key": 0, "osmid": 424934595, "highway": "residential", "name": "Calle 5B 4", "oneway": false, "reversed": true, "length": 7.5980526184444033, "lanes": null, "maxspeed": null, "access": null }, "geometry": { "type": "LineString", "coordinates": [ [ -76.5392949, 3.4286088 ], [ -76.5392741, 3.4285437 ] ] } },
{ "type": "Feature", "properties": { "u": 4177163960, "v": 11518927858, "key": 0, "osmid": 424934598, "highway": "tertiary", "name": "Carrera 34", "oneway": false, "reversed": true, "length": 24.629177401672106, "lanes": "2", "maxspeed": null, "access": null }, "geometry": { "type": "LineString", "coordinates": [ [ -76.5392949, 3.4286088 ], [ -76.5391523, 3.4284391 ] ] } },
{ "type": "Feature", "properties": { "u": 4177163961, "v": 4177163959, "key": 0, "osmid": 417096113, "highway": "secondary_link", "name": null, "oneway": false, "reversed": false, "length": 5.9695821222347671, "lanes": "1", "maxspeed": null, "access": null }, "geometry": { "type": "LineString", "coordinates": [ [ -76.5391404, 3.4286161 ], [ -76.5391918, 3.4286003 ] ] } },
{ "type": "Feature", "properties": { "u": 4177163961, "v": 4177163962, "key": 0, "osmid": 417096113, "highway": "secondary_link", "name": null, "oneway": false, "reversed": true, "length": 5.9726352245709133, "lanes": "1", "maxspeed": null, "access": null }, "geometry": { "type": "LineString", "coordinates": [ [ -76.5391404, 3.4286161 ], [ -76.539094, 3.4286433 ] ] } },
{ "type": "Feature", "properties": { "u": 4177163962, "v": 4177163961, "key": 0, "osmid": 417096113, "highway": "secondary_link", "name": null, "oneway": false, "reversed": false, "length": 5.9726352245709133, "lanes": "1", "maxspeed": null, "access": null }, "geometry": { "type": "LineString", "coordinates": [ [ -76.539094, 3.4286433 ], [ -76.5391404, 3.4286161 ] ] } },
{ "type": "Feature", "properties": { "u": 4177163962, "v": 4177163963, "key": 0, "osmid": 417096113, "highway": "secondary_link", "name": null, "oneway": false, "reversed": true, "length": 5.9793988363568156, "lanes": "1", "maxspeed": null, "access": null }, "geometry": { "type": "LineString", "coordinates": [ [ -76.539094, 3.4286433 ], [ -76.5390551, 3.4286805 ] ] } },
{ "type": "Feature", "properties": { "u": 4177163963, "v": 4177163962, "key": 0, "osmid": 417096113, "highway": "secondary_link", "name": null, "oneway": false, "reversed": false, "length": 5.9793988363568156, "lanes": "1", "maxspeed": null, "access": null }, "geometry": { "type": "LineString", "coordinates": [ [ -76.5390551, 3.4286805 ], [ -76.539094, 3.4286433 ] ] } },
{ "type": "Feature", "properties": { "u": 4177163963, "v": 4177163964, "key": 0, "osmid": 417096113, "highway": "secondary_link", "name": null, "oneway": false, "reversed": true, "length": 5.502909677083748, "lanes": "1", "maxspeed": null, "access": null }, "geometry": { "type": "LineString", "coordinates": [ [ -76.5390551, 3.4286805 ], [ -76.5390356, 3.428726 ] ] } },
{ "type": "Feature", "properties": { "u": 4177163964, "v": 9334380359, "key": 0, "osmid": 406984943, "highway": "secondary", "name": "Calle 6", "oneway": false, "reversed": true, "length": 27.485848113118635, "lanes": "4", "maxspeed": "30", "access": null }, "geometry": { "type": "LineString", "coordinates": [ [ -76.5390356, 3.428726 ], [ -76.539026, 3.428973 ] ] } },
{ "type": "Feature", "properties": { "u": 4177163964, "v": 4177163963, "key": 0, "osmid": 417096113, "highway": "secondary_link", "name": null, "oneway": false, "reversed": false, "length": 5.502909677083748, "lanes": "1", "maxspeed": null, "access": null }, "geometry": { "type": "LineString", "coordinates": [ [ -76.5390356, 3.428726 ], [ -76.5390551, 3.4286805 ] ] } },
{ "type": "Feature", "properties": { "u": 4177163964, "v": 11518927860, "key": 0, "osmid": 627019226, "highway": "secondary", "name": "Calle 6", "oneway": false, "reversed": false, "length": 29.733313921348994, "lanes": "4", "maxspeed": "30", "access": null }, "geometry": { "type": "LineString", "coordinates": [ [ -76.5390356, 3.428726 ], [ -76.5390459, 3.4284588 ] ] } },
{ "type": "Feature", "properties": { "u": 4177199629, "v": 9340001556, "key": 0, "osmid": 177760548, "highway": "residential", "name": "Calle 8", "oneway": false, "reversed": false, "length": 10.699046971498362, "lanes": "2", "maxspeed": "30", "access": null }, "geometry": { "type": "LineString", "coordinates": [ [ -76.5381829, 3.4266276 ], [ -76.5382108, 3.4265355 ] ] } },
{ "type": "Feature", "properties": { "u": 4177199629, "v": 11518988472, "key": 0, "osmid": 417099317, "highway": "residential", "name": "Calle 8", "oneway": false, "reversed": true, "length": 28.505166764305613, "lanes": "2", "maxspeed": "30", "access": null }, "geometry": { "type": "LineString", "coordinates": [ [ -76.5381829, 3.4266276 ], [ -76.5381008, 3.4268705 ] ] } },
{ "type": "Feature", "properties": { "u": 4177199630, "v": 11519176315, "key": 0, "osmid": 203502393, "highway": "residential", "name": "Calle 7", "oneway": false, "reversed": true, "length": 82.780622958925335, "lanes": null, "maxspeed": null, "access": null }, "geometry": { "type": "LineString", "coordinates": [ [ -76.5388241, 3.4268745 ], [ -76.5390864, 3.4261776 ] ] } },
{ "type": "Feature", "properties": { "u": 4177199630, "v": 4179766548, "key": 0, "osmid": 417099310, "highway": "residential", "name": "Calle 7", "oneway": false, "reversed": false, "length": 20.429394443349818, "lanes": null, "maxspeed": null, "access": null }, "geometry": { "type": "LineString", "coordinates": [ [ -76.5388241, 3.4268745 ], [ -76.5387594, 3.4270465 ] ] } },
{ "type": "Feature", "properties": { "u": 4177203050, "v": 2134320251, "key": 0, "osmid": 1239873886, "highway": "secondary", "name": "Calle 7", "oneway": false, "reversed": false, "length": 6.7044443579198649, "lanes": "2", "maxspeed": null, "access": null }, "geometry": { "type": "LineString", "coordinates": [ [ -76.5388971, 3.4282364 ], [ -76.5388728, 3.4282916 ] ] } },
{ "type": "Feature", "properties": { "u": 4177203050, "v": 2134320248, "key": 0, "osmid": 1239873886, "highway": "secondary", "name": "Calle 7", "oneway": false, "reversed": true, "length": 10.404390201533513, "lanes": "2", "maxspeed": null, "access": null }, "geometry": { "type": "LineString", "coordinates": [ [ -76.5388971, 3.4282364 ], [ -76.5389042, 3.4281431 ] ] } },
{ "type": "Feature", "properties": { "u": 4177203051, "v": 11518927853, "key": 0, "osmid": 29647523, "highway": "secondary", "name": "Calle 7", "oneway": false, "reversed": false, "length": 6.1922591884483342, "lanes": "3", "maxspeed": null, "access": null }, "geometry": { "type": "LineString", "coordinates": [ [ -76.5386117, 3.4284219 ], [ -76.5385619, 3.428447 ] ] } },
{ "type": "Feature", "properties": { "u": 4177203051, "v": 2134320246, "key": 0, "osmid": 29647523, "highway": "secondary", "name": "Calle 7", "oneway": false, "reversed": true, "length": 11.939578238729185, "lanes": "3", "maxspeed": null, "access": null }, "geometry": { "type": "LineString", "coordinates": [ [ -76.5386117, 3.4284219 ], [ -76.5387165, 3.4283977 ] ] } },
{ "type": "Feature", "properties": { "u": 4179766548, "v": 11518988471, "key": 0, "osmid": 417099310, "highway": "residential", "name": "Calle 7", "oneway": false, "reversed": false, "length": 52.394803674238602, "lanes": null, "maxspeed": null, "access": null }, "geometry": { "type": "LineString", "coordinates": [ [ -76.5387594, 3.4270465 ], [ -76.5385934, 3.4274876 ] ] } },
{ "type": "Feature", "properties": { "u": 4179766548, "v": 4177199630, "key": 0, "osmid": 417099310, "highway": "residential", "name": "Calle 7", "oneway": false, "reversed": true, "length": 20.429394443349818, "lanes": null, "maxspeed": null, "access": null }, "geometry": { "type": "LineString", "coordinates": [ [ -76.5387594, 3.4270465 ], [ -76.5388241, 3.4268745 ] ] } },
{ "type": "Feature", "properties": { "u": 4179766548, "v": 11519650186, "key": 0, "osmid": 417419095, "highway": "residential", "name": "Carrera 35", "oneway": false, "reversed": false, "length": 73.537088679301249, "lanes": null, "maxspeed": null, "access": null }, "geometry": { "type": "LineString", "coordinates": [ [ -76.5387594, 3.4270465 ], [ -76.5393701, 3.4273029 ] ] } },
{ "type": "Feature", "properties": { "u": 4179766549, "v": 7289425224, "key": 0, "osmid": 417092761, "highway": "secondary", "name": "Calle 6", "oneway": false, "reversed": false, "length": 54.452681361507821, "lanes": "2", "maxspeed": "30", "access": null }, "geometry": { "type": "LineString", "coordinates": [ [ -76.5394173, 3.4273229 ], [ -76.5396285, 3.4268809 ] ] } },
{ "type": "Feature", "properties": { "u": 4179766549, "v": 11519650182, "key": 0, "osmid": 417092761, "highway": "secondary", "name": "Calle 6", "oneway": false, "reversed": true, "length": 16.836606352936418, "lanes": "2", "maxspeed": "30", "access": null }, "geometry": { "type": "LineString", "coordinates": [ [ -76.5394173, 3.4273229 ], [ -76.539356, 3.4274614 ] ] } },
{ "type": "Feature", "properties": { "u": 4179766549, "v": 11519650186, "key": 0, "osmid": 417419095, "highway": "residential", "name": "Carrera 35", "oneway": false, "reversed": true, "length": 5.6914917551426134, "lanes": null, "maxspeed": null, "access": null }, "geometry": { "type": "LineString", "coordinates": [ [ -76.5394173, 3.4273229 ], [ -76.5393701, 3.4273029 ] ] } },
{ "type": "Feature", "properties": { "u": 4179773868, "v": 11519650175, "key": 0, "osmid": 32338505, "highway": "residential", "name": "Carrera 36C", "oneway": false, "reversed": false, "length": 20.247890627089454, "lanes": null, "maxspeed": null, "access": null }, "geometry": { "type": "LineString", "coordinates": [ [ -76.5406008, 3.4254759 ], [ -76.5404987, 3.425325 ] ] } },
{ "type": "Feature", "properties": { "u": 4179773868, "v": 364052905, "key": 0, "osmid": 32338505, "highway": "residential", "name": "Carrera 36C", "oneway": false, "reversed": true, "length": 83.017195845703171, "lanes": null, "maxspeed": null, "access": null }, "geometry": { "type": "LineString", "coordinates": [ [ -76.5406008, 3.4254759 ], [ -76.5410357, 3.4260833 ] ] } },
{ "type": "Feature", "properties": { "u": 4179773868, "v": 11519650176, "key": 0, "osmid": 417417888, "highway": "residential", "name": "Calle 5E", "oneway": false, "reversed": false, "length": 29.58536370523235, "lanes": null, "maxspeed": null, "access": null }, "geometry": { "type": "LineString", "coordinates": [ [ -76.5406008, 3.4254759 ], [ -76.5403783, 3.4256224 ] ] } },
{ "type": "Feature", "properties": { "u": 4214821524, "v": 9301472243, "key": 0, "osmid": 46256223, "highway": "primary_link", "name": null, "oneway": false, "reversed": false, "length": 4.1339742339172316, "lanes": "2", "maxspeed": null, "access": null }, "geometry": { "type": "LineString", "coordinates": [ [ -76.5387295, 3.436614 ], [ -76.5387202, 3.436578 ] ] } },
{ "type": "Feature", "properties": { "u": 4214821524, "v": 9301472244, "key": 0, "osmid": 46256223, "highway": "primary_link", "name": null, "oneway": false, "reversed": true, "length": 4.1311856875997055, "lanes": "2", "maxspeed": null, "access": null }, "geometry": { "type": "LineString", "coordinates": [ [ -76.5387295, 3.436614 ], [ -76.5387417, 3.4366491 ] ] } },
{ "type": "Feature", "properties": { "u": 4405645427, "v": 4177145932, "key": 0, "osmid": 453546652, "highway": "residential", "name": "Calle 5B 5", "oneway": false, "reversed": false, "length": 40.132472768017209, "lanes": "2", "maxspeed": null, "access": null }, "geometry": { "type": "LineString", "coordinates": [ [ -76.5399322, 3.4268564 ], [ -76.5402369, 3.4266621 ] ] } },
{ "type": "Feature", "properties": { "u": 4405645427, "v": 11519176313, "key": 0, "osmid": 453546652, "highway": "residential", "name": "Calle 5B 5", "oneway": false, "reversed": true, "length": 12.598792385952967, "lanes": "2", "maxspeed": null, "access": null }, "geometry": { "type": "LineString", "coordinates": [ [ -76.5399322, 3.4268564 ], [ -76.5398403, 3.4269229 ] ] } },
{ "type": "Feature", "properties": { "u": 4462558690, "v": 2677257981, "key": 0, "osmid": 449282589, "highway": "footway", "name": null, "oneway": false, "reversed": true, "length": 19.725325481968131, "lanes": null, "maxspeed": null, "access": null }, "geometry": { "type": "LineString", "coordinates": [ [ -76.5388091, 3.4368258 ], [ -76.5388336, 3.4370015 ] ] } },
{ "type": "Feature", "properties": { "u": 4502652446, "v": 11519650226, "key": 0, "osmid": 48464901, "highway": "residential", "name": "Carrera 26", "oneway": false, "reversed": true, "length": 6.7640437956609381, "lanes": null, "maxspeed": null, "access": null }, "geometry": { "type": "LineString", "coordinates": [ [ -76.5388022, 3.4344086 ], [ -76.5387413, 3.4344064 ] ] } },
{ "type": "Feature", "properties": { "u": 4502652446, "v": 7289425226, "key": 0, "osmid": 449282213, "highway": "secondary", "name": "Calle 6", "oneway": false, "reversed": false, "length": 115.24930470544277, "lanes": "4", "maxspeed": "30", "access": null }, "geometry": { "type": "LineString", "coordinates": [ [ -76.5388022, 3.4344086 ], [ -76.5388445, 3.433373 ] ] } },
{ "type": "Feature", "properties": { "u": 4502652446, "v": 615802886, "key": 0, "osmid": 449282213, "highway": "secondary", "name": "Calle 6", "oneway": false, "reversed": true, "length": 91.040048392536775, "lanes": "4", "maxspeed": "30", "access": null }, "geometry": { "type": "LineString", "coordinates": [ [ -76.5388022, 3.4344086 ], [ -76.5387589, 3.4352262 ] ] } },
{ "type": "Feature", "properties": { "u": 4502652446, "v": 11519650214, "key": 0, "osmid": 564088508, "highway": "residential", "name": "Carrera 26", "oneway": false, "reversed": false, "length": 7.2418176753623653, "lanes": null, "maxspeed": null, "access": null }, "geometry": { "type": "LineString", "coordinates": [ [ -76.5388022, 3.4344086 ], [ -76.5388674, 3.434411 ] ] } },
{ "type": "Feature", "properties": { "u": 5480853799, "v": 11519650220, "key": 0, "osmid": 406984961, "highway": "residential", "name": "Carrera 30", "oneway": false, "reversed": false, "length": 16.867366807022186, "lanes": null, "maxspeed": "30", "access": null }, "geometry": { "type": "LineString", "coordinates": [ [ -76.5387595, 3.4303729 ], [ -76.5389114, 3.4303773 ] ] } },
{ "type": "Feature", "properties": { "u": 5480853799, "v": 11518927820, "key": 0, "osmid": 406984961, "highway": "residential", "name": "Carrera 30", "oneway": false, "reversed": true, "length": 92.300919730729603, "lanes": null, "maxspeed": "30", "access": null }, "geometry": { "type": "LineString", "coordinates": [ [ -76.5387595, 3.4303729 ], [ -76.5379289, 3.4303328 ] ] } },
{ "type": "Feature", "properties": { "u": 5480853799, "v": 5480853800, "key": 0, "osmid": 570027955, "highway": "residential", "name": null, "oneway": false, "reversed": true, "length": 37.532582830579862, "lanes": null, "maxspeed": null, "access": null }, "geometry": { "type": "LineString", "coordinates": [ [ -76.5387595, 3.4303729 ], [ -76.5387722, 3.4300356 ] ] } },
{ "type": "Feature", "properties": { "u": 5480853800, "v": 11518927821, "key": 0, "osmid": 27343518, "highway": "residential", "name": "Carrera 30A", "oneway": false, "reversed": false, "length": 78.968057757912902, "lanes": null, "maxspeed": null, "access": null }, "geometry": { "type": "LineString", "coordinates": [ [ -76.5387722, 3.4300356 ], [ -76.538097, 3.4298118 ] ] } },
{ "type": "Feature", "properties": { "u": 5480853800, "v": 11519650219, "key": 0, "osmid": 27343518, "highway": "residential", "name": "Carrera 30A", "oneway": false, "reversed": true, "length": 17.147145427005874, "lanes": null, "maxspeed": null, "access": null }, "geometry": { "type": "LineString", "coordinates": [ [ -76.5387722, 3.4300356 ], [ -76.5389266, 3.4300305 ] ] } },
{ "type": "Feature", "properties": { "u": 5480853800, "v": 5480853799, "key": 0, "osmid": 570027955, "highway": "residential", "name": null, "oneway": false, "reversed": false, "length": 37.532582830579862, "lanes": null, "maxspeed": null, "access": null }, "geometry": { "type": "LineString", "coordinates": [ [ -76.5387722, 3.4300356 ], [ -76.5387595, 3.4303729 ] ] } },
{ "type": "Feature", "properties": { "u": 5499542835, "v": 2588584961, "key": 0, "osmid": 780620975, "highway": "secondary", "name": "Calle 9", "oneway": false, "reversed": false, "length": 9.0474257458657608, "lanes": "2", "maxspeed": "30", "access": "yes" }, "geometry": { "type": "LineString", "coordinates": [ [ -76.5377738, 3.4253937 ], [ -76.537797, 3.4254717 ] ] } },
{ "type": "Feature", "properties": { "u": 5499542836, "v": 2588584961, "key": 0, "osmid": 635385771, "highway": "secondary", "name": "Calle 9", "oneway": false, "reversed": false, "length": 8.1912181866671077, "lanes": "2", "maxspeed": "30", "access": "yes" }, "geometry": { "type": "LineString", "coordinates": [ [ -76.5378184, 3.4254012 ], [ -76.537797, 3.4254717 ] ] } },
{ "type": "Feature", "properties": { "u": 5501943489, "v": 4177145929, "key": 0, "osmid": 417092772, "highway": "secondary_link", "name": null, "oneway": false, "reversed": false, "length": 6.3872653414656062, "lanes": "1", "maxspeed": null, "access": null }, "geometry": { "type": "LineString", "coordinates": [ [ -76.5381012, 3.4256322 ], [ -76.5380715, 3.425583 ] ] } },
{ "type": "Feature", "properties": { "u": 5501943489, "v": 4177145930, "key": 0, "osmid": 417092772, "highway": "secondary_link", "name": null, "oneway": false, "reversed": true, "length": 6.798909215434942, "lanes": "1", "maxspeed": null, "access": null }, "geometry": { "type": "LineString", "coordinates": [ [ -76.5381012, 3.4256322 ], [ -76.5381405, 3.4256791 ] ] } },
{ "type": "Feature", "properties": { "u": 5501943490, "v": 4177145923, "key": 0, "osmid": 417092772, "highway": "secondary_link", "name": null, "oneway": false, "reversed": false, "length": 5.0309948403630305, "lanes": "1", "maxspeed": null, "access": null }, "geometry": { "type": "LineString", "coordinates": [ [ -76.5381356, 3.4253828 ], [ -76.5381765, 3.4253633 ] ] } },
{ "type": "Feature", "properties": { "u": 5501943490, "v": 5501943491, "key": 0, "osmid": 417092772, "highway": "secondary_link", "name": null, "oneway": false, "reversed": true, "length": 5.0388730011311296, "lanes": "1", "maxspeed": null, "access": null }, "geometry": { "type": "LineString", "coordinates": [ [ -76.5381356, 3.4253828 ], [ -76.5381014, 3.4254126 ] ] } },
{ "type": "Feature", "properties": { "u": 5501943491, "v": 5501943490, "key": 0, "osmid": 417092772, "highway": "secondary_link", "name": null, "oneway": false, "reversed": false, "length": 5.0388730011311296, "lanes": "1", "maxspeed": null, "access": null }, "geometry": { "type": "LineString", "coordinates": [ [ -76.5381014, 3.4254126 ], [ -76.5381356, 3.4253828 ] ] } },
{ "type": "Feature", "properties": { "u": 5501943491, "v": 4177145926, "key": 0, "osmid": 417092772, "highway": "secondary_link", "name": null, "oneway": false, "reversed": true, "length": 5.0397343247409987, "lanes": "1", "maxspeed": null, "access": null }, "geometry": { "type": "LineString", "coordinates": [ [ -76.5381014, 3.4254126 ], [ -76.5380765, 3.4254505 ] ] } },
{ "type": "Feature", "properties": { "u": 5514435469, "v": 11518927830, "key": 0, "osmid": 29647523, "highway": "secondary", "name": "Calle 7", "oneway": false, "reversed": false, "length": 57.494483076462167, "lanes": "3", "maxspeed": null, "access": null }, "geometry": { "type": "LineString", "coordinates": [ [ -76.5384516, 3.428564 ], [ -76.5382827, 3.4290528 ] ] } },
{ "type": "Feature", "properties": { "u": 5514435469, "v": 2134320249, "key": 0, "osmid": 29647523, "highway": "secondary", "name": "Calle 7", "oneway": false, "reversed": true, "length": 13.298525407824529, "lanes": "3", "maxspeed": null, "access": null }, "geometry": { "type": "LineString", "coordinates": [ [ -76.5384516, 3.428564 ], [ -76.5385273, 3.4284713 ] ] } },
{ "type": "Feature", "properties": { "u": 5514435469, "v": 11518927851, "key": 0, "osmid": 1007494758, "highway": "residential", "name": "Carrera 32", "oneway": false, "reversed": true, "length": 8.0798838678837637, "lanes": "2", "maxspeed": null, "access": null }, "geometry": { "type": "LineString", "coordinates": [ [ -76.5384516, 3.428564 ], [ -76.5384578, 3.4284916 ] ] } },
{ "type": "Feature", "properties": { "u": 5514435473, "v": 5514435474, "key": 0, "osmid": 574523450, "highway": "secondary", "name": "Calle 7", "oneway": false, "reversed": false, "length": 10.007464136559532, "lanes": "3", "maxspeed": null, "access": null }, "geometry": { "type": "LineString", "coordinates": [ [ -76.5373264, 3.4361909 ], [ -76.5373037, 3.436278 ] ] } },
{ "type": "Feature", "properties": { "u": 5514435473, "v": 615803309, "key": 0, "osmid": 574523450, "highway": "secondary", "name": "Calle 7", "oneway": false, "reversed": true, "length": 9.979039740512949, "lanes": "3", "maxspeed": null, "access": null }, "geometry": { "type": "LineString", "coordinates": [ [ -76.5373264, 3.4361909 ], [ -76.5373292, 3.4361012 ] ] } },
{ "type": "Feature", "properties": { "u": 5514435474, "v": 5514435475, "key": 0, "osmid": 574523450, "highway": "secondary", "name": "Calle 7", "oneway": false, "reversed": false, "length": 11.772866205072194, "lanes": "3", "maxspeed": null, "access": null }, "geometry": { "type": "LineString", "coordinates": [ [ -76.5373037, 3.436278 ], [ -76.5372661, 3.436377 ] ] } },
{ "type": "Feature", "properties": { "u": 5514435474, "v": 5514435473, "key": 0, "osmid": 574523450, "highway": "secondary", "name": "Calle 7", "oneway": false, "reversed": true, "length": 10.007464136559532, "lanes": "3", "maxspeed": null, "access": null }, "geometry": { "type": "LineString", "coordinates": [ [ -76.5373037, 3.436278 ], [ -76.5373264, 3.4361909 ] ] } },
{ "type": "Feature", "properties": { "u": 5514435475, "v": 11518927368, "key": 0, "osmid": 574523450, "highway": "secondary", "name": "Calle 7", "oneway": false, "reversed": false, "length": 5.8152855662671499, "lanes": "3", "maxspeed": null, "access": null }, "geometry": { "type": "LineString", "coordinates": [ [ -76.5372661, 3.436377 ], [ -76.5372453, 3.436425 ] ] } },
{ "type": "Feature", "properties": { "u": 5514435475, "v": 5514435474, "key": 0, "osmid": 574523450, "highway": "secondary", "name": "Calle 7", "oneway": false, "reversed": true, "length": 11.772866205072194, "lanes": "3", "maxspeed": null, "access": null }, "geometry": { "type": "LineString", "coordinates": [ [ -76.5372661, 3.436377 ], [ -76.5373037, 3.436278 ] ] } },
{ "type": "Feature", "properties": { "u": 5916542512, "v": 4177145923, "key": 0, "osmid": 417094141, "highway": "residential", "name": "Carrera 36A Bis", "oneway": false, "reversed": false, "length": 18.220103855557248, "lanes": null, "maxspeed": null, "access": null }, "geometry": { "type": "LineString", "coordinates": [ [ -76.5380127, 3.425374 ], [ -76.5381765, 3.4253633 ] ] } },
{ "type": "Feature", "properties": { "u": 5916542513, "v": 2588584961, "key": 0, "osmid": 262535303, "highway": "residential", "name": "Calle 9", "oneway": false, "reversed": false, "length": 10.085503601795727, "lanes": "1", "maxspeed": null, "access": null }, "geometry": { "type": "LineString", "coordinates": [ [ -76.5378703, 3.4254181 ], [ -76.537797, 3.4254717 ] ] } },
{ "type": "Feature", "properties": { "u": 6173343223, "v": 1236848052, "key": 0, "osmid": 444825220, "highway": "secondary", "name": "Carrera 36", "oneway": false, "reversed": true, "length": 11.743001524229278, "lanes": "2", "maxspeed": null, "access": null }, "geometry": { "type": "LineString", "coordinates": [ [ -76.5397049, 3.4268567 ], [ -76.539767, 3.4269422 ] ] } },
{ "type": "Feature", "properties": { "u": 6173343223, "v": 1969278734, "key": 0, "osmid": 659358594, "highway": "secondary", "name": "Carrera 36", "oneway": false, "reversed": false, "length": 7.5302201046388175, "lanes": "2", "maxspeed": null, "access": null }, "geometry": { "type": "LineString", "coordinates": [ [ -76.5397049, 3.4268567 ], [ -76.5396612, 3.4268049 ] ] } },
{ "type": "Feature", "properties": { "u": 6173343238, "v": 2588585004, "key": 0, "osmid": 417092763, "highway": "secondary", "name": "Calle 9", "oneway": false, "reversed": true, "length": 10.557124340865112, "lanes": "2", "maxspeed": "30", "access": "yes" }, "geometry": { "type": "LineString", "coordinates": [ [ -76.5374927, 3.426158 ], [ -76.5375387, 3.4260749 ] ] } },
{ "type": "Feature", "properties": { "u": 6173343238, "v": 2588584959, "key": 0, "osmid": 659358597, "highway": "secondary", "name": "Calle 9", "oneway": false, "reversed": false, "length": 9.1688178417755726, "lanes": "2", "maxspeed": "30", "access": "yes" }, "geometry": { "type": "LineString", "coordinates": [ [ -76.5374927, 3.426158 ], [ -76.5374528, 3.4262302 ] ] } },
{ "type": "Feature", "properties": { "u": 6486621204, "v": 615802886, "key": 0, "osmid": 449282213, "highway": "secondary", "name": "Calle 6", "oneway": false, "reversed": false, "length": 42.982566310366217, "lanes": "4", "maxspeed": "30", "access": null }, "geometry": { "type": "LineString", "coordinates": [ [ -76.5387402, 3.4356123 ], [ -76.5387589, 3.4352262 ] ] } },
{ "type": "Feature", "properties": { "u": 6486621204, "v": 1953074247, "key": 0, "osmid": 449282213, "highway": "secondary", "name": "Calle 6", "oneway": false, "reversed": true, "length": 61.711423872680847, "lanes": "4", "maxspeed": "30", "access": null }, "geometry": { "type": "LineString", "coordinates": [ [ -76.5387402, 3.4356123 ], [ -76.538717, 3.4361668 ] ] } },
{ "type": "Feature", "properties": { "u": 6945400680, "v": 2134320248, "key": 0, "osmid": 417097021, "highway": "secondary", "name": "Carrera 34", "oneway": false, "reversed": false, "length": 61.200419181325806, "lanes": "3", "maxspeed": null, "access": null }, "geometry": { "type": "LineString", "coordinates": [ [ -76.5385552, 3.427717 ], [ -76.5389042, 3.4281431 ] ] } },
{ "type": "Feature", "properties": { "u": 6945400680, "v": 11518862165, "key": 0, "osmid": 417097021, "highway": "secondary", "name": "Carrera 34", "oneway": false, "reversed": true, "length": 86.498705526309152, "lanes": "3", "maxspeed": null, "access": null }, "geometry": { "type": "LineString", "coordinates": [ [ -76.5385552, 3.427717 ], [ -76.5380806, 3.4271 ] ] } },
{ "type": "Feature", "properties": { "u": 6945400680, "v": 6945400682, "key": 0, "osmid": 741920918, "highway": "residential", "name": "Calle 7", "oneway": false, "reversed": true, "length": 4.9291425445185455, "lanes": null, "maxspeed": null, "access": null }, "geometry": { "type": "LineString", "coordinates": [ [ -76.5385552, 3.427717 ], [ -76.5385536, 3.4276727 ] ] } },
{ "type": "Feature", "properties": { "u": 6945400682, "v": 6945400680, "key": 0, "osmid": 741920918, "highway": "residential", "name": "Calle 7", "oneway": false, "reversed": false, "length": 4.9291425445185455, "lanes": null, "maxspeed": null, "access": null }, "geometry": { "type": "LineString", "coordinates": [ [ -76.5385536, 3.4276727 ], [ -76.5385552, 3.427717 ] ] } },
{ "type": "Feature", "properties": { "u": 6945400682, "v": 6945400683, "key": 0, "osmid": 741920918, "highway": "residential", "name": "Calle 7", "oneway": false, "reversed": true, "length": 4.9220367975016357, "lanes": null, "maxspeed": null, "access": null }, "geometry": { "type": "LineString", "coordinates": [ [ -76.5385536, 3.4276727 ], [ -76.538556, 3.4276285 ] ] } },
{ "type": "Feature", "properties": { "u": 6945400683, "v": 6945400682, "key": 0, "osmid": 741920918, "highway": "residential", "name": "Calle 7", "oneway": false, "reversed": false, "length": 4.9220367975016357, "lanes": null, "maxspeed": null, "access": null }, "geometry": { "type": "LineString", "coordinates": [ [ -76.538556, 3.4276285 ], [ -76.5385536, 3.4276727 ] ] } },
{ "type": "Feature", "properties": { "u": 6945400683, "v": 6945400684, "key": 0, "osmid": 741920918, "highway": "residential", "name": "Calle 7", "oneway": false, "reversed": true, "length": 4.9234930194002526, "lanes": null, "maxspeed": null, "access": null }, "geometry": { "type": "LineString", "coordinates": [ [ -76.538556, 3.4276285 ], [ -76.5385625, 3.4275847 ] ] } },
{ "type": "Feature", "properties": { "u": 6945400684, "v": 6945400683, "key": 0, "osmid": 741920918, "highway": "residential", "name": "Calle 7", "oneway": false, "reversed": false, "length": 4.9234930194002526, "lanes": null, "maxspeed": null, "access": null }, "geometry": { "type": "LineString", "coordinates": [ [ -76.5385625, 3.4275847 ], [ -76.538556, 3.4276285 ] ] } },
{ "type": "Feature", "properties": { "u": 6945400684, "v": 2135158097, "key": 0, "osmid": 741920918, "highway": "residential", "name": "Calle 7", "oneway": false, "reversed": true, "length": 4.9295721429205477, "lanes": null, "maxspeed": null, "access": null }, "geometry": { "type": "LineString", "coordinates": [ [ -76.5385625, 3.4275847 ], [ -76.5385729, 3.4275416 ] ] } },
{ "type": "Feature", "properties": { "u": 7289425223, "v": 11519593551, "key": 0, "osmid": 1007746270, "highway": "secondary", "name": "Calle 6", "oneway": false, "reversed": false, "length": 13.850745564355611, "lanes": "2", "maxspeed": "30", "access": null }, "geometry": { "type": "LineString", "coordinates": [ [ -76.5403169, 3.4253234 ], [ -76.5403658, 3.4252088 ] ] } },
{ "type": "Feature", "properties": { "u": 7289425223, "v": 2135158073, "key": 0, "osmid": 1007746271, "highway": "secondary", "name": "Calle 6", "oneway": false, "reversed": true, "length": 81.014522317828749, "lanes": "2", "maxspeed": "30", "access": null }, "geometry": { "type": "LineString", "coordinates": [ [ -76.5403169, 3.4253234 ], [ -76.5400205, 3.4259892 ] ] } },
{ "type": "Feature", "properties": { "u": 7289425224, "v": 1969278734, "key": 0, "osmid": 417092761, "highway": "secondary", "name": "Calle 6", "oneway": false, "reversed": false, "length": 9.197298537996307, "lanes": "2", "maxspeed": "30", "access": null }, "geometry": { "type": "LineString", "coordinates": [ [ -76.5396285, 3.4268809 ], [ -76.5396612, 3.4268049 ] ] } },
{ "type": "Feature", "properties": { "u": 7289425224, "v": 4179766549, "key": 0, "osmid": 417092761, "highway": "secondary", "name": "Calle 6", "oneway": false, "reversed": true, "length": 54.452681361507821, "lanes": "2", "maxspeed": "30", "access": null }, "geometry": { "type": "LineString", "coordinates": [ [ -76.5396285, 3.4268809 ], [ -76.5394173, 3.4273229 ] ] } },
{ "type": "Feature", "properties": { "u": 7289425224, "v": 11519176316, "key": 0, "osmid": 1239903490, "highway": "footway", "name": null, "oneway": false, "reversed": false, "length": 7.0211255975831488, "lanes": null, "maxspeed": null, "access": null }, "geometry": { "type": "LineString", "coordinates": [ [ -76.5396285, 3.4268809 ], [ -76.53959, 3.4268308 ] ] } },
{ "type": "Feature", "properties": { "u": 7289425224, "v": 11519176317, "key": 0, "osmid": 1239903490, "highway": "footway", "name": null, "oneway": false, "reversed": true, "length": 19.087286000444298, "lanes": null, "maxspeed": null, "access": null }, "geometry": { "type": "LineString", "coordinates": [ [ -76.5396285, 3.4268809 ], [ -76.5397342, 3.4270163 ] ] } },
{ "type": "Feature", "properties": { "u": 7289425225, "v": 615800638, "key": 0, "osmid": 449282213, "highway": "secondary", "name": "Calle 6", "oneway": false, "reversed": false, "length": 7.2153174429996811, "lanes": "4", "maxspeed": "30", "access": null }, "geometry": { "type": "LineString", "coordinates": [ [ -76.5389, 3.4318832 ], [ -76.5389034, 3.4318184 ] ] } },
{ "type": "Feature", "properties": { "u": 7289425225, "v": 9336288928, "key": 0, "osmid": 449282213, "highway": "secondary", "name": "Calle 6", "oneway": false, "reversed": true, "length": 19.910711700410477, "lanes": "4", "maxspeed": "30", "access": null }, "geometry": { "type": "LineString", "coordinates": [ [ -76.5389, 3.4318832 ], [ -76.5388846, 3.4320616 ] ] } },
{ "type": "Feature", "properties": { "u": 7289425225, "v": 11519650191, "key": 0, "osmid": 1239953522, "highway": "footway", "name": null, "oneway": false, "reversed": false, "length": 7.5666611531157644, "lanes": null, "maxspeed": null, "access": null }, "geometry": { "type": "LineString", "coordinates": [ [ -76.5389, 3.4318832 ], [ -76.5388319, 3.4318801 ] ] } },
{ "type": "Feature", "properties": { "u": 7289425225, "v": 11519650192, "key": 0, "osmid": 1239953522, "highway": "footway", "name": null, "oneway": false, "reversed": true, "length": 7.5666611314327623, "lanes": null, "maxspeed": null, "access": null }, "geometry": { "type": "LineString", "coordinates": [ [ -76.5389, 3.4318832 ], [ -76.5389681, 3.4318863 ] ] } },
{ "type": "Feature", "properties": { "u": 7289425226, "v": 361410808, "key": 0, "osmid": 449282213, "highway": "secondary", "name": "Calle 6", "oneway": false, "reversed": false, "length": 8.5592256184154305, "lanes": "4", "maxspeed": "30", "access": null }, "geometry": { "type": "LineString", "coordinates": [ [ -76.5388445, 3.433373 ], [ -76.5388479, 3.4332961 ] ] } },
{ "type": "Feature", "properties": { "u": 7289425226, "v": 4502652446, "key": 0, "osmid": 449282213, "highway": "secondary", "name": "Calle 6", "oneway": false, "reversed": true, "length": 115.24930470544277, "lanes": "4", "maxspeed": "30", "access": null }, "geometry": { "type": "LineString", "coordinates": [ [ -76.5388445, 3.433373 ], [ -76.5388022, 3.4344086 ] ] } },
{ "type": "Feature", "properties": { "u": 7289425226, "v": 11519650196, "key": 0, "osmid": 1239953529, "highway": "footway", "name": null, "oneway": false, "reversed": false, "length": 6.6087614683545706, "lanes": null, "maxspeed": null, "access": null }, "geometry": { "type": "LineString", "coordinates": [ [ -76.5388445, 3.433373 ], [ -76.538785, 3.4333708 ] ] } },
{ "type": "Feature", "properties": { "u": 7289425226, "v": 11519650197, "key": 0, "osmid": 1239953529, "highway": "footway", "name": null, "oneway": false, "reversed": true, "length": 7.8748897500483741, "lanes": null, "maxspeed": null, "access": null }, "geometry": { "type": "LineString", "coordinates": [ [ -76.5388445, 3.433373 ], [ -76.5389154, 3.4333756 ] ] } },
{ "type": "Feature", "properties": { "u": 7289429854, "v": 2196650529, "key": 0, "osmid": 417417894, "highway": "secondary", "name": "Calle 9", "oneway": false, "reversed": false, "length": 5.6656449405512772, "lanes": "3", "maxspeed": "30", "access": null }, "geometry": { "type": "LineString", "coordinates": [ [ -76.5368758, 3.4278288 ], [ -76.5368637, 3.4278783 ] ] } },
{ "type": "Feature", "properties": { "u": 7289429854, "v": 375702500, "key": 0, "osmid": 417417894, "highway": "secondary", "name": "Calle 9", "oneway": false, "reversed": true, "length": 69.118364318484382, "lanes": "3", "maxspeed": "30", "access": null }, "geometry": { "type": "LineString", "coordinates": [ [ -76.5368758, 3.4278288 ], [ -76.537056, 3.4272338 ] ] } },
{ "type": "Feature", "properties": { "u": 7289429854, "v": 11522889079, "key": 0, "osmid": 1240249916, "highway": "footway", "name": null, "oneway": false, "reversed": true, "length": 6.7940625823580145, "lanes": null, "maxspeed": null, "access": null }, "geometry": { "type": "LineString", "coordinates": [ [ -76.5368758, 3.4278288 ], [ -76.5369342, 3.4278471 ] ] } },
{ "type": "Feature", "properties": { "u": 7467725940, "v": 9293940643, "key": 0, "osmid": 798439180, "highway": "service", "name": null, "oneway": false, "reversed": true, "length": 25.913622070345248, "lanes": null, "maxspeed": null, "access": null }, "geometry": { "type": "LineString", "coordinates": [ [ -76.5396767, 3.4330045 ], [ -76.5396546, 3.4332365 ] ] } },
{ "type": "Feature", "properties": { "u": 7467725941, "v": 11519650213, "key": 0, "osmid": 28190780, "highway": "residential", "name": "Carrera 27", "oneway": false, "reversed": false, "length": 80.744844387863608, "lanes": "2", "maxspeed": "30", "access": null }, "geometry": { "type": "LineString", "coordinates": [ [ -76.5396445, 3.4333406 ], [ -76.5389182, 3.4332996 ] ] } },
{ "type": "Feature", "properties": { "u": 7467725941, "v": 4074282518, "key": 0, "osmid": 28190780, "highway": "residential", "name": "Carrera 27", "oneway": false, "reversed": true, "length": 6.0362804872122204, "lanes": "2", "maxspeed": "30", "access": null }, "geometry": { "type": "LineString", "coordinates": [ [ -76.5396445, 3.4333406 ], [ -76.5396988, 3.4333436 ] ] } },
{ "type": "Feature", "properties": { "u": 7467725941, "v": 9293940643, "key": 0, "osmid": 798439180, "highway": "service", "name": null, "oneway": false, "reversed": false, "length": 11.629567443333283, "lanes": null, "maxspeed": null, "access": null }, "geometry": { "type": "LineString", "coordinates": [ [ -76.5396445, 3.4333406 ], [ -76.5396546, 3.4332365 ] ] } },
{ "type": "Feature", "properties": { "u": 9071387313, "v": 9071387315, "key": 0, "osmid": 46256220, "highway": "residential", "name": "Calle 5A", "oneway": false, "reversed": false, "length": 7.1187224953676926, "lanes": null, "maxspeed": null, "access": null }, "geometry": { "type": "LineString", "coordinates": [ [ -76.5382343, 3.4373662 ], [ -76.5382976, 3.4373765 ] ] } },
{ "type": "Feature", "properties": { "u": 9071387313, "v": 590219874, "key": 0, "osmid": 46256220, "highway": "residential", "name": "Calle 5A", "oneway": false, "reversed": true, "length": 7.8688210311768492, "lanes": null, "maxspeed": null, "access": null }, "geometry": { "type": "LineString", "coordinates": [ [ -76.5382343, 3.4373662 ], [ -76.5381666, 3.4373452 ] ] } },
{ "type": "Feature", "properties": { "u": 9071387313, "v": 11519650229, "key": 0, "osmid": 1239953534, "highway": "footway", "name": null, "oneway": false, "reversed": false, "length": 3.8346251686361343, "lanes": null, "maxspeed": null, "access": null }, "geometry": { "type": "LineString", "coordinates": [ [ -76.5382343, 3.4373662 ], [ -76.5382257, 3.4373996 ] ] } },
{ "type": "Feature", "properties": { "u": 9071387313, "v": 11519650239, "key": 0, "osmid": 1239953534, "highway": "footway", "name": null, "oneway": false, "reversed": true, "length": 5.0372711462310065, "lanes": null, "maxspeed": null, "access": null }, "geometry": { "type": "LineString", "coordinates": [ [ -76.5382343, 3.4373662 ], [ -76.5382455, 3.4373223 ] ] } },
{ "type": "Feature", "properties": { "u": 9071387314, "v": 9071387316, "key": 0, "osmid": 46256220, "highway": "residential", "name": "Calle 5A", "oneway": false, "reversed": false, "length": 5.0600301668073824, "lanes": null, "maxspeed": null, "access": null }, "geometry": { "type": "LineString", "coordinates": [ [ -76.5383515, 3.4373668 ], [ -76.5383922, 3.4373463 ] ] } },
{ "type": "Feature", "properties": { "u": 9071387314, "v": 9071387315, "key": 0, "osmid": 46256220, "highway": "residential", "name": "Calle 5A", "oneway": false, "reversed": true, "length": 6.0790831925280306, "lanes": null, "maxspeed": null, "access": null }, "geometry": { "type": "LineString", "coordinates": [ [ -76.5383515, 3.4373668 ], [ -76.5382976, 3.4373765 ] ] } },
{ "type": "Feature", "properties": { "u": 9071387315, "v": 9071387314, "key": 0, "osmid": 46256220, "highway": "residential", "name": "Calle 5A", "oneway": false, "reversed": false, "length": 6.0790831925280306, "lanes": null, "maxspeed": null, "access": null }, "geometry": { "type": "LineString", "coordinates": [ [ -76.5382976, 3.4373765 ], [ -76.5383515, 3.4373668 ] ] } },
{ "type": "Feature", "properties": { "u": 9071387315, "v": 9071387313, "key": 0, "osmid": 46256220, "highway": "residential", "name": "Calle 5A", "oneway": false, "reversed": true, "length": 7.1187224953676926, "lanes": null, "maxspeed": null, "access": null }, "geometry": { "type": "LineString", "coordinates": [ [ -76.5382976, 3.4373765 ], [ -76.5382343, 3.4373662 ] ] } },
{ "type": "Feature", "properties": { "u": 9071387316, "v": 590222161, "key": 0, "osmid": 46256220, "highway": "residential", "name": "Calle 5A", "oneway": false, "reversed": false, "length": 32.737220069702232, "lanes": null, "maxspeed": null, "access": null }, "geometry": { "type": "LineString", "coordinates": [ [ -76.5383922, 3.4373463 ], [ -76.5385734, 3.437114 ] ] } },
{ "type": "Feature", "properties": { "u": 9071387316, "v": 9071387314, "key": 0, "osmid": 46256220, "highway": "residential", "name": "Calle 5A", "oneway": false, "reversed": true, "length": 5.0600301668073824, "lanes": null, "maxspeed": null, "access": null }, "geometry": { "type": "LineString", "coordinates": [ [ -76.5383922, 3.4373463 ], [ -76.5383515, 3.4373668 ] ] } },
{ "type": "Feature", "properties": { "u": 9071396317, "v": 590222161, "key": 0, "osmid": 46256220, "highway": "residential", "name": "Calle 5A", "oneway": false, "reversed": true, "length": 65.549674371000066, "lanes": null, "maxspeed": null, "access": null }, "geometry": { "type": "LineString", "coordinates": [ [ -76.5387138, 3.4365414 ], [ -76.5385734, 3.437114 ] ] } },
{ "type": "Feature", "properties": { "u": 9071396317, "v": 9301472243, "key": 0, "osmid": 46256223, "highway": "primary_link", "name": null, "oneway": false, "reversed": true, "length": 4.1312719684597461, "lanes": "2", "maxspeed": null, "access": null }, "geometry": { "type": "LineString", "coordinates": [ [ -76.5387138, 3.4365414 ], [ -76.5387202, 3.436578 ] ] } },
{ "type": "Feature", "properties": { "u": 9071396317, "v": 455978122, "key": 0, "osmid": 449282345, "highway": "secondary", "name": "Calle 6", "oneway": false, "reversed": true, "length": 33.921314793067268, "lanes": "2", "maxspeed": null, "access": null }, "geometry": { "type": "LineString", "coordinates": [ [ -76.5387138, 3.4365414 ], [ -76.5387306, 3.436846 ] ] } },
{ "type": "Feature", "properties": { "u": 9071396317, "v": 9726547657, "key": 0, "osmid": 980672430, "highway": "secondary", "name": "Calle 6", "oneway": false, "reversed": false, "length": 24.307673579453191, "lanes": "4", "maxspeed": null, "access": null }, "geometry": { "type": "LineString", "coordinates": [ [ -76.5387138, 3.4365414 ], [ -76.5387151, 3.4363228 ] ] } },
{ "type": "Feature", "properties": { "u": 9293725590, "v": 9293725594, "key": 0, "osmid": 424934595, "highway": "residential", "name": "Calle 5B 4", "oneway": false, "reversed": false, "length": 5.8509301958238948, "lanes": null, "maxspeed": null, "access": null }, "geometry": { "type": "LineString", "coordinates": [ [ -76.5392693, 3.4284913 ], [ -76.5392741, 3.4285437 ] ] } },
{ "type": "Feature", "properties": { "u": 9293725590, "v": 9293725593, "key": 0, "osmid": 424934595, "highway": "residential", "name": "Calle 5B 4", "oneway": false, "reversed": true, "length": 4.1680107107507034, "lanes": null, "maxspeed": null, "access": null }, "geometry": { "type": "LineString", "coordinates": [ [ -76.5392693, 3.4284913 ], [ -76.5392801, 3.4284554 ] ] } },
{ "type": "Feature", "properties": { "u": 9293725593, "v": 9293725590, "key": 0, "osmid": 424934595, "highway": "residential", "name": "Calle 5B 4", "oneway": false, "reversed": false, "length": 4.1680107107507034, "lanes": null, "maxspeed": null, "access": null }, "geometry": { "type": "LineString", "coordinates": [ [ -76.5392801, 3.4284554 ], [ -76.5392693, 3.4284913 ] ] } },
{ "type": "Feature", "properties": { "u": 9293725593, "v": 4177163954, "key": 0, "osmid": 424934595, "highway": "residential", "name": "Calle 5B 4", "oneway": false, "reversed": true, "length": 7.8584852145284749, "lanes": null, "maxspeed": null, "access": null }, "geometry": { "type": "LineString", "coordinates": [ [ -76.5392801, 3.4284554 ], [ -76.5393097, 3.4283912 ] ] } },
{ "type": "Feature", "properties": { "u": 9293725594, "v": 4177163960, "key": 0, "osmid": 424934595, "highway": "residential", "name": "Calle 5B 4", "oneway": false, "reversed": false, "length": 7.5980526184444033, "lanes": null, "maxspeed": null, "access": null }, "geometry": { "type": "LineString", "coordinates": [ [ -76.5392741, 3.4285437 ], [ -76.5392949, 3.4286088 ] ] } },
{ "type": "Feature", "properties": { "u": 9293725594, "v": 9293725590, "key": 0, "osmid": 424934595, "highway": "residential", "name": "Calle 5B 4", "oneway": false, "reversed": true, "length": 5.8509301958238948, "lanes": null, "maxspeed": null, "access": null }, "geometry": { "type": "LineString", "coordinates": [ [ -76.5392741, 3.4285437 ], [ -76.5392693, 3.4284913 ] ] } },
{ "type": "Feature", "properties": { "u": 9293725595, "v": 2135158097, "key": 0, "osmid": 417099314, "highway": "tertiary", "name": "Carrera 34", "oneway": false, "reversed": true, "length": 74.570599036659885, "lanes": "2", "maxspeed": null, "access": null }, "geometry": { "type": "LineString", "coordinates": [ [ -76.5389776, 3.4280769 ], [ -76.5385729, 3.4275416 ] ] } },
{ "type": "Feature", "properties": { "u": 9293725595, "v": 11518927847, "key": 0, "osmid": 1007386439, "highway": "tertiary", "name": "Carrera 34", "oneway": false, "reversed": false, "length": 5.7254688753232834, "lanes": "2", "maxspeed": null, "access": null }, "geometry": { "type": "LineString", "coordinates": [ [ -76.5389776, 3.4280769 ], [ -76.5390166, 3.4281106 ] ] } },
{ "type": "Feature", "properties": { "u": 9293940643, "v": 7467725940, "key": 0, "osmid": 798439180, "highway": "service", "name": null, "oneway": false, "reversed": false, "length": 25.913622070345248, "lanes": null, "maxspeed": null, "access": null }, "geometry": { "type": "LineString", "coordinates": [ [ -76.5396546, 3.4332365 ], [ -76.5396767, 3.4330045 ] ] } },
{ "type": "Feature", "properties": { "u": 9293940643, "v": 7467725941, "key": 0, "osmid": 798439180, "highway": "service", "name": null, "oneway": false, "reversed": true, "length": 11.629567443333283, "lanes": null, "maxspeed": null, "access": null }, "geometry": { "type": "LineString", "coordinates": [ [ -76.5396546, 3.4332365 ], [ -76.5396445, 3.4333406 ] ] } },
{ "type": "Feature", "properties": { "u": 9294780940, "v": 11518927852, "key": 0, "osmid": 1007494758, "highway": "residential", "name": "Carrera 32", "oneway": false, "reversed": false, "length": 5.9696337640474502, "lanes": "2", "maxspeed": null, "access": null }, "geometry": { "type": "LineString", "coordinates": [ [ -76.538365, 3.428365 ], [ -76.5384075, 3.4283979 ] ] } },
{ "type": "Feature", "properties": { "u": 9294780940, "v": 2196650538, "key": 0, "osmid": 1007494758, "highway": "residential", "name": "Carrera 32", "oneway": false, "reversed": true, "length": 6.1758510597184415, "lanes": "2", "maxspeed": null, "access": null }, "geometry": { "type": "LineString", "coordinates": [ [ -76.538365, 3.428365 ], [ -76.5383185, 3.4283345 ] ] } },
{ "type": "Feature", "properties": { "u": 9294804712, "v": 2677257981, "key": 0, "osmid": 1007498798, "highway": "footway", "name": null, "oneway": false, "reversed": true, "length": 1.7384304921006539, "lanes": null, "maxspeed": null, "access": null }, "geometry": { "type": "LineString", "coordinates": [ [ -76.5388363, 3.4370169 ], [ -76.5388336, 3.4370015 ] ] } },
{ "type": "Feature", "properties": { "u": 9297259255, "v": 2135157626, "key": 0, "osmid": 678680602, "highway": "secondary", "name": "Calle 6", "oneway": false, "reversed": true, "length": 10.497525969193958, "lanes": "2", "maxspeed": "30", "access": null }, "geometry": { "type": "LineString", "coordinates": [ [ -76.5390519, 3.4282375 ], [ -76.5390508, 3.4283319 ] ] } },
{ "type": "Feature", "properties": { "u": 9297259255, "v": 2134316138, "key": 0, "osmid": 1007779946, "highway": "secondary", "name": "Calle 6", "oneway": false, "reversed": false, "length": 10.598030783135437, "lanes": "2", "maxspeed": "30", "access": null }, "geometry": { "type": "LineString", "coordinates": [ [ -76.5390519, 3.4282375 ], [ -76.5390533, 3.4281422 ] ] } },
{ "type": "Feature", "properties": { "u": 9297949941, "v": 2588584951, "key": 0, "osmid": 659358597, "highway": "secondary", "name": "Calle 9", "oneway": false, "reversed": false, "length": 63.487795681910505, "lanes": "2", "maxspeed": "30", "access": "yes" }, "geometry": { "type": "LineString", "coordinates": [ [ -76.5373775, 3.4263849 ], [ -76.5371522, 3.4269097 ] ] } },
{ "type": "Feature", "properties": { "u": 9297949941, "v": 2588584997, "key": 0, "osmid": 659358597, "highway": "secondary", "name": "Calle 9", "oneway": false, "reversed": true, "length": 9.6574020323834997, "lanes": "2", "maxspeed": "30", "access": "yes" }, "geometry": { "type": "LineString", "coordinates": [ [ -76.5373775, 3.4263849 ], [ -76.5374143, 3.4263062 ] ] } },
{ "type": "Feature", "properties": { "u": 9297949941, "v": 9973324282, "key": 0, "osmid": 1007861217, "highway": "footway", "name": null, "oneway": false, "reversed": true, "length": 5.662753901818192, "lanes": null, "maxspeed": null, "access": null }, "geometry": { "type": "LineString", "coordinates": [ [ -76.5373775, 3.4263849 ], [ -76.537426, 3.4264007 ] ] } },
{ "type": "Feature", "properties": { "u": 9301472243, "v": 9071396317, "key": 0, "osmid": 46256223, "highway": "primary_link", "name": null, "oneway": false, "reversed": false, "length": 4.1312719684597461, "lanes": "2", "maxspeed": null, "access": null }, "geometry": { "type": "LineString", "coordinates": [ [ -76.5387202, 3.436578 ], [ -76.5387138, 3.4365414 ] ] } },
{ "type": "Feature", "properties": { "u": 9301472243, "v": 4214821524, "key": 0, "osmid": 46256223, "highway": "primary_link", "name": null, "oneway": false, "reversed": true, "length": 4.1339742339172316, "lanes": "2", "maxspeed": null, "access": null }, "geometry": { "type": "LineString", "coordinates": [ [ -76.5387202, 3.436578 ], [ -76.5387295, 3.436614 ] ] } },
{ "type": "Feature", "properties": { "u": 9301472244, "v": 4214821524, "key": 0, "osmid": 46256223, "highway": "primary_link", "name": null, "oneway": false, "reversed": false, "length": 4.1311856875997055, "lanes": "2", "maxspeed": null, "access": null }, "geometry": { "type": "LineString", "coordinates": [ [ -76.5387417, 3.4366491 ], [ -76.5387295, 3.436614 ] ] } },
{ "type": "Feature", "properties": { "u": 9301472244, "v": 9301472245, "key": 0, "osmid": 46256223, "highway": "primary_link", "name": null, "oneway": false, "reversed": true, "length": 4.1367294494343012, "lanes": "2", "maxspeed": null, "access": null }, "geometry": { "type": "LineString", "coordinates": [ [ -76.5387417, 3.4366491 ], [ -76.5387566, 3.4366832 ] ] } },
{ "type": "Feature", "properties": { "u": 9301472245, "v": 9301472244, "key": 0, "osmid": 46256223, "highway": "primary_link", "name": null, "oneway": false, "reversed": false, "length": 4.1367294494343012, "lanes": "2", "maxspeed": null, "access": null }, "geometry": { "type": "LineString", "coordinates": [ [ -76.5387566, 3.4366832 ], [ -76.5387417, 3.4366491 ] ] } },
{ "type": "Feature", "properties": { "u": 9301472245, "v": 1953070626, "key": 0, "osmid": 46256223, "highway": "primary_link", "name": null, "oneway": false, "reversed": true, "length": 4.137423799900767, "lanes": "2", "maxspeed": null, "access": null }, "geometry": { "type": "LineString", "coordinates": [ [ -76.5387566, 3.4366832 ], [ -76.5387742, 3.436716 ] ] } },
{ "type": "Feature", "properties": { "u": 9301472246, "v": 1953070626, "key": 0, "osmid": 46256223, "highway": "primary_link", "name": null, "oneway": false, "reversed": false, "length": 4.1307345052700102, "lanes": "2", "maxspeed": null, "access": null }, "geometry": { "type": "LineString", "coordinates": [ [ -76.5387944, 3.4367472 ], [ -76.5387742, 3.436716 ] ] } },
{ "type": "Feature", "properties": { "u": 9301472246, "v": 9301472247, "key": 0, "osmid": 46256223, "highway": "primary_link", "name": null, "oneway": false, "reversed": true, "length": 4.1383167034693669, "lanes": "2", "maxspeed": null, "access": null }, "geometry": { "type": "LineString", "coordinates": [ [ -76.5387944, 3.4367472 ], [ -76.538817, 3.4367768 ] ] } },
{ "type": "Feature", "properties": { "u": 9301472247, "v": 9301472246, "key": 0, "osmid": 46256223, "highway": "primary_link", "name": null, "oneway": false, "reversed": false, "length": 4.1383167034693669, "lanes": "2", "maxspeed": null, "access": null }, "geometry": { "type": "LineString", "coordinates": [ [ -76.538817, 3.4367768 ], [ -76.5387944, 3.4367472 ] ] } },
{ "type": "Feature", "properties": { "u": 9301472247, "v": 11519650245, "key": 0, "osmid": 46256223, "highway": "primary_link", "name": null, "oneway": false, "reversed": true, "length": 4.1374642445448568, "lanes": "2", "maxspeed": null, "access": null }, "geometry": { "type": "LineString", "coordinates": [ [ -76.538817, 3.4367768 ], [ -76.538842, 3.4368044 ] ] } },
{ "type": "Feature", "properties": { "u": 9301472248, "v": 11519650245, "key": 0, "osmid": 46256223, "highway": "primary_link", "name": null, "oneway": false, "reversed": false, "length": 2.9540015094879526, "lanes": "2", "maxspeed": null, "access": null }, "geometry": { "type": "LineString", "coordinates": [ [ -76.5388611, 3.4368229 ], [ -76.538842, 3.4368044 ] ] } },
{ "type": "Feature", "properties": { "u": 9301472248, "v": 590222631, "key": 0, "osmid": 46256223, "highway": "primary_link", "name": null, "oneway": false, "reversed": true, "length": 2.9530995999258542, "lanes": "2", "maxspeed": null, "access": null }, "geometry": { "type": "LineString", "coordinates": [ [ -76.5388611, 3.4368229 ], [ -76.5388812, 3.4368403 ] ] } },
{ "type": "Feature", "properties": { "u": 9301472249, "v": 2677257969, "key": 0, "osmid": 46256223, "highway": "primary_link", "name": null, "oneway": false, "reversed": false, "length": 2.9571633381512359, "lanes": "2", "maxspeed": null, "access": null }, "geometry": { "type": "LineString", "coordinates": [ [ -76.5389244, 3.4368715 ], [ -76.5389024, 3.4368565 ] ] } },
{ "type": "Feature", "properties": { "u": 9301472249, "v": 9301472250, "key": 0, "osmid": 46256223, "highway": "primary_link", "name": null, "oneway": false, "reversed": true, "length": 2.9538189964828208, "lanes": "2", "maxspeed": null, "access": null }, "geometry": { "type": "LineString", "coordinates": [ [ -76.5389244, 3.4368715 ], [ -76.5389472, 3.4368852 ] ] } },
{ "type": "Feature", "properties": { "u": 9301472250, "v": 9301472249, "key": 0, "osmid": 46256223, "highway": "primary_link", "name": null, "oneway": false, "reversed": false, "length": 2.9538189964828208, "lanes": "2", "maxspeed": null, "access": null }, "geometry": { "type": "LineString", "coordinates": [ [ -76.5389472, 3.4368852 ], [ -76.5389244, 3.4368715 ] ] } },
{ "type": "Feature", "properties": { "u": 9301472250, "v": 590222624, "key": 0, "osmid": 46256223, "highway": "primary_link", "name": null, "oneway": false, "reversed": true, "length": 2.9550464203405942, "lanes": "2", "maxspeed": null, "access": null }, "geometry": { "type": "LineString", "coordinates": [ [ -76.5389472, 3.4368852 ], [ -76.5389708, 3.4368975 ] ] } },
{ "type": "Feature", "properties": { "u": 9301472251, "v": 590222624, "key": 0, "osmid": 46256223, "highway": "primary_link", "name": null, "oneway": false, "reversed": false, "length": 2.951460340679974, "lanes": "2", "maxspeed": null, "access": null }, "geometry": { "type": "LineString", "coordinates": [ [ -76.538995, 3.4369085 ], [ -76.5389708, 3.4368975 ] ] } },
{ "type": "Feature", "properties": { "u": 9301472251, "v": 9301472252, "key": 0, "osmid": 46256223, "highway": "primary_link", "name": null, "oneway": false, "reversed": true, "length": 2.9627631582702612, "lanes": "2", "maxspeed": null, "access": null }, "geometry": { "type": "LineString", "coordinates": [ [ -76.538995, 3.4369085 ], [ -76.5390199, 3.4369181 ] ] } },
{ "type": "Feature", "properties": { "u": 9301472252, "v": 9301472251, "key": 0, "osmid": 46256223, "highway": "primary_link", "name": null, "oneway": false, "reversed": false, "length": 2.9627631582702612, "lanes": "2", "maxspeed": null, "access": null }, "geometry": { "type": "LineString", "coordinates": [ [ -76.5390199, 3.4369181 ], [ -76.538995, 3.4369085 ] ] } },
{ "type": "Feature", "properties": { "u": 9301472252, "v": 11384774382, "key": 0, "osmid": 1098088857, "highway": "footway", "name": null, "oneway": false, "reversed": false, "length": 17.733361291939019, "lanes": null, "maxspeed": null, "access": null }, "geometry": { "type": "LineString", "coordinates": [ [ -76.5390199, 3.4369181 ], [ -76.5388878, 3.4370078 ] ] } },
{ "type": "Feature", "properties": { "u": 9301472252, "v": 11386349901, "key": 0, "osmid": 1098088857, "highway": "footway", "name": null, "oneway": false, "reversed": true, "length": 8.5413727311826264, "lanes": null, "maxspeed": null, "access": null }, "geometry": { "type": "LineString", "coordinates": [ [ -76.5390199, 3.4369181 ], [ -76.5390914, 3.4368897 ] ] } },
{ "type": "Feature", "properties": { "u": 9334380359, "v": 4177163964, "key": 0, "osmid": 406984943, "highway": "secondary", "name": "Calle 6", "oneway": false, "reversed": false, "length": 27.485848113118635, "lanes": "4", "maxspeed": "30", "access": null }, "geometry": { "type": "LineString", "coordinates": [ [ -76.539026, 3.428973 ], [ -76.5390356, 3.428726 ] ] } },
{ "type": "Feature", "properties": { "u": 9334380359, "v": 455978443, "key": 0, "osmid": 406984943, "highway": "secondary", "name": "Calle 6", "oneway": false, "reversed": true, "length": 40.175397070362841, "lanes": "4", "maxspeed": "30", "access": null }, "geometry": { "type": "LineString", "coordinates": [ [ -76.539026, 3.428973 ], [ -76.539024, 3.4293343 ] ] } },
{ "type": "Feature", "properties": { "u": 9334380359, "v": 11519650217, "key": 0, "osmid": 1011714054, "highway": "service", "name": null, "oneway": false, "reversed": true, "length": 6.1826744320354807, "lanes": null, "maxspeed": null, "access": null }, "geometry": { "type": "LineString", "coordinates": [ [ -76.539026, 3.428973 ], [ -76.5389711, 3.4289636 ] ] } },
{ "type": "Feature", "properties": { "u": 9334380360, "v": 11518927839, "key": 0, "osmid": 33173836, "highway": "residential", "name": "Carrera 31", "oneway": false, "reversed": false, "length": 46.442132937497703, "lanes": null, "maxspeed": null, "access": null }, "geometry": { "type": "LineString", "coordinates": [ [ -76.5387141, 3.4292532 ], [ -76.5383172, 3.429121 ] ] } },
{ "type": "Feature", "properties": { "u": 9334380360, "v": 11519650218, "key": 0, "osmid": 33173836, "highway": "residential", "name": "Carrera 31", "oneway": false, "reversed": true, "length": 28.047329896596452, "lanes": null, "maxspeed": null, "access": null }, "geometry": { "type": "LineString", "coordinates": [ [ -76.5387141, 3.4292532 ], [ -76.5389545, 3.4293309 ] ] } },
{ "type": "Feature", "properties": { "u": 9334380360, "v": 9334380361, "key": 0, "osmid": 1011714055, "highway": "service", "name": null, "oneway": false, "reversed": true, "length": 35.394234689205064, "lanes": null, "maxspeed": null, "access": null }, "geometry": { "type": "LineString", "coordinates": [ [ -76.5387141, 3.4292532 ], [ -76.5387368, 3.4289357 ] ] } },
{ "type": "Feature", "properties": { "u": 9334380361, "v": 9334380360, "key": 0, "osmid": 1011714055, "highway": "service", "name": null, "oneway": false, "reversed": false, "length": 35.394234689205064, "lanes": null, "maxspeed": null, "access": null }, "geometry": { "type": "LineString", "coordinates": [ [ -76.5387368, 3.4289357 ], [ -76.5387141, 3.4292532 ] ] } },
{ "type": "Feature", "properties": { "u": 9334380361, "v": 9334380366, "key": 0, "osmid": 1011714056, "highway": "service", "name": null, "oneway": false, "reversed": false, "length": 38.320845307504612, "lanes": null, "maxspeed": null, "access": null }, "geometry": { "type": "LineString", "coordinates": [ [ -76.5387368, 3.4289357 ], [ -76.5387647, 3.4285922 ] ] } },
{ "type": "Feature", "properties": { "u": 9334380361, "v": 11518927862, "key": 0, "osmid": 1239873887, "highway": "service", "name": null, "oneway": false, "reversed": true, "length": 7.2407287482394658, "lanes": null, "maxspeed": null, "access": null }, "geometry": { "type": "LineString", "coordinates": [ [ -76.5387368, 3.4289357 ], [ -76.5388016, 3.4289432 ] ] } },
{ "type": "Feature", "properties": { "u": 9334380362, "v": 11519650217, "key": 0, "osmid": 1011714054, "highway": "service", "name": null, "oneway": false, "reversed": false, "length": 6.0800249900591723, "lanes": null, "maxspeed": null, "access": null }, "geometry": { "type": "LineString", "coordinates": [ [ -76.5389168, 3.4289564 ], [ -76.5389711, 3.4289636 ] ] } },
{ "type": "Feature", "properties": { "u": 9334380362, "v": 11518927863, "key": 0, "osmid": 1011714058, "highway": "service", "name": null, "oneway": false, "reversed": false, "length": 3.4297301118804953, "lanes": null, "maxspeed": null, "access": null }, "geometry": { "type": "LineString", "coordinates": [ [ -76.5389168, 3.4289564 ], [ -76.5388861, 3.4289529 ] ] } },
{ "type": "Feature", "properties": { "u": 9334380362, "v": 9334380363, "key": 0, "osmid": 1011714058, "highway": "service", "name": null, "oneway": false, "reversed": true, "length": 33.603623869058062, "lanes": null, "maxspeed": null, "access": null }, "geometry": { "type": "LineString", "coordinates": [ [ -76.5389168, 3.4289564 ], [ -76.5389438, 3.4286554 ] ] } },
{ "type": "Feature", "properties": { "u": 9334380363, "v": 9334380362, "key": 0, "osmid": 1011714058, "highway": "service", "name": null, "oneway": false, "reversed": false, "length": 33.603623869058062, "lanes": null, "maxspeed": null, "access": null }, "geometry": { "type": "LineString", "coordinates": [ [ -76.5389438, 3.4286554 ], [ -76.5389168, 3.4289564 ] ] } },
{ "type": "Feature", "properties": { "u": 9334380363, "v": 9334380366, "key": 0, "osmid": 1011714058, "highway": "service", "name": null, "oneway": false, "reversed": true, "length": 21.084981307599154, "lanes": null, "maxspeed": null, "access": null }, "geometry": { "type": "LineString", "coordinates": [ [ -76.5389438, 3.4286554 ], [ -76.5387647, 3.4285922 ] ] } },
{ "type": "Feature", "properties": { "u": 9334380366, "v": 9334380361, "key": 0, "osmid": 1011714056, "highway": "service", "name": null, "oneway": false, "reversed": true, "length": 38.320845307504612, "lanes": null, "maxspeed": null, "access": null }, "geometry": { "type": "LineString", "coordinates": [ [ -76.5387647, 3.4285922 ], [ -76.5387368, 3.4289357 ] ] } },
{ "type": "Feature", "properties": { "u": 9334380366, "v": 11518927844, "key": 0, "osmid": 1011714057, "highway": "service", "name": null, "oneway": false, "reversed": true, "length": 15.946186843810016, "lanes": null, "maxspeed": null, "access": null }, "geometry": { "type": "LineString", "coordinates": [ [ -76.5387647, 3.4285922 ], [ -76.5387741, 3.4284491 ] ] } },
{ "type": "Feature", "properties": { "u": 9334380366, "v": 9334380363, "key": 0, "osmid": 1011714058, "highway": "service", "name": null, "oneway": false, "reversed": false, "length": 21.084981307599154, "lanes": null, "maxspeed": null, "access": null }, "geometry": { "type": "LineString", "coordinates": [ [ -76.5387647, 3.4285922 ], [ -76.5389438, 3.4286554 ] ] } },
{ "type": "Feature", "properties": { "u": 9336288922, "v": 9336288923, "key": 0, "osmid": 1011961856, "highway": "service", "name": null, "oneway": false, "reversed": true, "length": 35.725443279778602, "lanes": null, "maxspeed": null, "access": null }, "geometry": { "type": "LineString", "coordinates": [ [ -76.5387924, 3.4320648 ], [ -76.5387747, 3.4323856 ] ] } },
{ "type": "Feature", "properties": { "u": 9336288922, "v": 9336288927, "key": 0, "osmid": 1011961858, "highway": "service", "name": null, "oneway": false, "reversed": false, "length": 7.4636804319297525, "lanes": null, "maxspeed": null, "access": null }, "geometry": { "type": "LineString", "coordinates": [ [ -76.5387924, 3.4320648 ], [ -76.5387252, 3.4320672 ] ] } },
{ "type": "Feature", "properties": { "u": 9336288922, "v": 11519650222, "key": 0, "osmid": 1011961858, "highway": "service", "name": null, "oneway": false, "reversed": true, "length": 3.5428733723983457, "lanes": null, "maxspeed": null, "access": null }, "geometry": { "type": "LineString", "coordinates": [ [ -76.5387924, 3.4320648 ], [ -76.5388243, 3.4320637 ] ] } },
{ "type": "Feature", "properties": { "u": 9336288923, "v": 9336288922, "key": 0, "osmid": 1011961856, "highway": "service", "name": null, "oneway": false, "reversed": false, "length": 35.725443279778602, "lanes": null, "maxspeed": null, "access": null }, "geometry": { "type": "LineString", "coordinates": [ [ -76.5387747, 3.4323856 ], [ -76.5387924, 3.4320648 ] ] } },
{ "type": "Feature", "properties": { "u": 9336288923, "v": 11519650223, "key": 0, "osmid": 1011961857, "highway": "service", "name": null, "oneway": false, "reversed": false, "length": 3.9755251167135834, "lanes": null, "maxspeed": null, "access": null }, "geometry": { "type": "LineString", "coordinates": [ [ -76.5387747, 3.4323856 ], [ -76.5388105, 3.4323867 ] ] } },
{ "type": "Feature", "properties": { "u": 9336288923, "v": 9336288925, "key": 0, "osmid": 1011961857, "highway": "service", "name": null, "oneway": false, "reversed": true, "length": 7.9073924296981426, "lanes": null, "maxspeed": null, "access": null }, "geometry": { "type": "LineString", "coordinates": [ [ -76.5387747, 3.4323856 ], [ -76.5387035, 3.432388 ] ] } },
{ "type": "Feature", "properties": { "u": 9336288924, "v": 9336288928, "key": 0, "osmid": 449282213, "highway": "secondary", "name": "Calle 6", "oneway": false, "reversed": false, "length": 36.471276807049541, "lanes": "4", "maxspeed": "30", "access": null }, "geometry": { "type": "LineString", "coordinates": [ [ -76.5388707, 3.4323893 ], [ -76.5388846, 3.4320616 ] ] } },
{ "type": "Feature", "properties": { "u": 9336288924, "v": 363105742, "key": 0, "osmid": 449282213, "highway": "secondary", "name": "Calle 6", "oneway": false, "reversed": true, "length": 17.261909129566391, "lanes": "4", "maxspeed": "30", "access": null }, "geometry": { "type": "LineString", "coordinates": [ [ -76.5388707, 3.4323893 ], [ -76.5388641, 3.4325444 ] ] } },
{ "type": "Feature", "properties": { "u": 9336288924, "v": 11519650223, "key": 0, "osmid": 1011961857, "highway": "service", "name": null, "oneway": false, "reversed": true, "length": 6.6881875424870154, "lanes": null, "maxspeed": null, "access": null }, "geometry": { "type": "LineString", "coordinates": [ [ -76.5388707, 3.4323893 ], [ -76.5388105, 3.4323867 ] ] } },
{ "type": "Feature", "properties": { "u": 9336288925, "v": 9336288923, "key": 0, "osmid": 1011961857, "highway": "service", "name": null, "oneway": false, "reversed": false, "length": 7.9073924296981426, "lanes": null, "maxspeed": null, "access": null }, "geometry": { "type": "LineString", "coordinates": [ [ -76.5387035, 3.432388 ], [ -76.5387747, 3.4323856 ] ] } },
{ "type": "Feature", "properties": { "u": 9336288925, "v": 9336288926, "key": 0, "osmid": 1239953530, "highway": "service", "name": null, "oneway": false, "reversed": false, "length": 16.712821540549658, "lanes": null, "maxspeed": null, "access": null }, "geometry": { "type": "LineString", "coordinates": [ [ -76.5387035, 3.432388 ], [ -76.5386957, 3.4325381 ] ] } },
{ "type": "Feature", "properties": { "u": 9336288925, "v": 11519650198, "key": 0, "osmid": 1239953530, "highway": "service", "name": null, "oneway": false, "reversed": true, "length": 7.0880945895967553, "lanes": null, "maxspeed": null, "access": null }, "geometry": { "type": "LineString", "coordinates": [ [ -76.5387035, 3.432388 ], [ -76.5387078, 3.4323244 ] ] } },
{ "type": "Feature", "properties": { "u": 9336288926, "v": 11519650224, "key": 0, "osmid": 564074001, "highway": "residential", "name": "Carrera 28", "oneway": false, "reversed": false, "length": 12.029465355332652, "lanes": null, "maxspeed": null, "access": null }, "geometry": { "type": "LineString", "coordinates": [ [ -76.5386957, 3.4325381 ], [ -76.538804, 3.4325422 ] ] } },
{ "type": "Feature", "properties": { "u": 9336288926, "v": 11518927810, "key": 0, "osmid": 564074001, "highway": "residential", "name": "Carrera 28", "oneway": false, "reversed": true, "length": 124.53544983719145, "lanes": null, "maxspeed": null, "access": null }, "geometry": { "type": "LineString", "coordinates": [ [ -76.5386957, 3.4325381 ], [ -76.5375745, 3.4324962 ] ] } },
{ "type": "Feature", "properties": { "u": 9336288926, "v": 9336288925, "key": 0, "osmid": 1239953530, "highway": "service", "name": null, "oneway": false, "reversed": true, "length": 16.712821540549658, "lanes": null, "maxspeed": null, "access": null }, "geometry": { "type": "LineString", "coordinates": [ [ -76.5386957, 3.4325381 ], [ -76.5387035, 3.432388 ] ] } },
{ "type": "Feature", "properties": { "u": 9336288927, "v": 11519650199, "key": 0, "osmid": 1011961858, "highway": "service", "name": null, "oneway": false, "reversed": false, "length": 2.9423412361304302, "lanes": null, "maxspeed": null, "access": null }, "geometry": { "type": "LineString", "coordinates": [ [ -76.5387252, 3.4320672 ], [ -76.5387234, 3.4320936 ] ] } },
{ "type": "Feature", "properties": { "u": 9336288927, "v": 9336288922, "key": 0, "osmid": 1011961858, "highway": "service", "name": null, "oneway": false, "reversed": true, "length": 7.4636804319297525, "lanes": null, "maxspeed": null, "access": null }, "geometry": { "type": "LineString", "coordinates": [ [ -76.5387252, 3.4320672 ], [ -76.5387924, 3.4320648 ] ] } },
{ "type": "Feature", "properties": { "u": 9336288928, "v": 7289425225, "key": 0, "osmid": 449282213, "highway": "secondary", "name": "Calle 6", "oneway": false, "reversed": false, "length": 19.910711700410477, "lanes": "4", "maxspeed": "30", "access": null }, "geometry": { "type": "LineString", "coordinates": [ [ -76.5388846, 3.4320616 ], [ -76.5389, 3.4318832 ] ] } },
{ "type": "Feature", "properties": { "u": 9336288928, "v": 9336288924, "key": 0, "osmid": 449282213, "highway": "secondary", "name": "Calle 6", "oneway": false, "reversed": true, "length": 36.471276807049541, "lanes": "4", "maxspeed": "30", "access": null }, "geometry": { "type": "LineString", "coordinates": [ [ -76.5388846, 3.4320616 ], [ -76.5388707, 3.4323893 ] ] } },
{ "type": "Feature", "properties": { "u": 9336288928, "v": 11519650222, "key": 0, "osmid": 1011961858, "highway": "service", "name": null, "oneway": false, "reversed": false, "length": 6.6971100648010307, "lanes": null, "maxspeed": null, "access": null }, "geometry": { "type": "LineString", "coordinates": [ [ -76.5388846, 3.4320616 ], [ -76.5388243, 3.4320637 ] ] } },
{ "type": "Feature", "properties": { "u": 9336306880, "v": 9336306881, "key": 0, "osmid": 1011966910, "highway": "service", "name": null, "oneway": false, "reversed": false, "length": 14.003542912779487, "lanes": null, "maxspeed": null, "access": null }, "geometry": { "type": "LineString", "coordinates": [ [ -76.540411, 3.4268294 ], [ -76.5403077, 3.4267571 ] ] } },
{ "type": "Feature", "properties": { "u": 9336306880, "v": 9336306882, "key": 0, "osmid": 1011966910, "highway": "service", "name": null, "oneway": false, "reversed": true, "length": 13.472433641949486, "lanes": null, "maxspeed": null, "access": null }, "geometry": { "type": "LineString", "coordinates": [ [ -76.540411, 3.4268294 ], [ -76.5404968, 3.4269151 ] ] } },
{ "type": "Feature", "properties": { "u": 9336306881, "v": 4177145932, "key": 0, "osmid": 1011966910, "highway": "service", "name": null, "oneway": false, "reversed": false, "length": 13.166048031426481, "lanes": null, "maxspeed": null, "access": null }, "geometry": { "type": "LineString", "coordinates": [ [ -76.5403077, 3.4267571 ], [ -76.5402369, 3.4266621 ] ] } },
{ "type": "Feature", "properties": { "u": 9336306881, "v": 9336306880, "key": 0, "osmid": 1011966910, "highway": "service", "name": null, "oneway": false, "reversed": true, "length": 14.003542912779487, "lanes": null, "maxspeed": null, "access": null }, "geometry": { "type": "LineString", "coordinates": [ [ -76.5403077, 3.4267571 ], [ -76.540411, 3.4268294 ] ] } },
{ "type": "Feature", "properties": { "u": 9336306882, "v": 9336306880, "key": 0, "osmid": 1011966910, "highway": "service", "name": null, "oneway": false, "reversed": false, "length": 13.472433641949486, "lanes": null, "maxspeed": null, "access": null }, "geometry": { "type": "LineString", "coordinates": [ [ -76.5404968, 3.4269151 ], [ -76.540411, 3.4268294 ] ] } },
{ "type": "Feature", "properties": { "u": 9336306882, "v": 9336306883, "key": 0, "osmid": 1011966910, "highway": "service", "name": null, "oneway": false, "reversed": true, "length": 31.064834657769854, "lanes": null, "maxspeed": null, "access": null }, "geometry": { "type": "LineString", "coordinates": [ [ -76.5404968, 3.4269151 ], [ -76.5406591, 3.4271427 ] ] } },
{ "type": "Feature", "properties": { "u": 9336306883, "v": 9336306882, "key": 0, "osmid": 1011966910, "highway": "service", "name": null, "oneway": false, "reversed": false, "length": 31.064834657769854, "lanes": null, "maxspeed": null, "access": null }, "geometry": { "type": "LineString", "coordinates": [ [ -76.5406591, 3.4271427 ], [ -76.5404968, 3.4269151 ] ] } },
{ "type": "Feature", "properties": { "u": 9336306883, "v": 9336306884, "key": 0, "osmid": 1011966910, "highway": "service", "name": null, "oneway": false, "reversed": true, "length": 3.868397276622614, "lanes": null, "maxspeed": null, "access": null }, "geometry": { "type": "LineString", "coordinates": [ [ -76.5406591, 3.4271427 ], [ -76.5406497, 3.4271762 ] ] } },
{ "type": "Feature", "properties": { "u": 9336306884, "v": 9336306883, "key": 0, "osmid": 1011966910, "highway": "service", "name": null, "oneway": false, "reversed": false, "length": 3.868397276622614, "lanes": null, "maxspeed": null, "access": null }, "geometry": { "type": "LineString", "coordinates": [ [ -76.5406497, 3.4271762 ], [ -76.5406591, 3.4271427 ] ] } },
{ "type": "Feature", "properties": { "u": 9336306884, "v": 9336306885, "key": 0, "osmid": 1011966910, "highway": "service", "name": null, "oneway": false, "reversed": true, "length": 14.707165039021859, "lanes": null, "maxspeed": null, "access": null }, "geometry": { "type": "LineString", "coordinates": [ [ -76.5406497, 3.4271762 ], [ -76.5405424, 3.4272538 ] ] } },
{ "type": "Feature", "properties": { "u": 9336306885, "v": 9336306884, "key": 0, "osmid": 1011966910, "highway": "service", "name": null, "oneway": false, "reversed": false, "length": 14.707165039021859, "lanes": null, "maxspeed": null, "access": null }, "geometry": { "type": "LineString", "coordinates": [ [ -76.5405424, 3.4272538 ], [ -76.5406497, 3.4271762 ] ] } },
{ "type": "Feature", "properties": { "u": 9336306885, "v": 9336306886, "key": 0, "osmid": 1011966910, "highway": "service", "name": null, "oneway": false, "reversed": true, "length": 5.2806754640404874, "lanes": null, "maxspeed": null, "access": null }, "geometry": { "type": "LineString", "coordinates": [ [ -76.5405424, 3.4272538 ], [ -76.5405598, 3.427298 ] ] } },
{ "type": "Feature", "properties": { "u": 9336306886, "v": 9336306885, "key": 0, "osmid": 1011966910, "highway": "service", "name": null, "oneway": false, "reversed": false, "length": 5.2806754640404874, "lanes": null, "maxspeed": null, "access": null }, "geometry": { "type": "LineString", "coordinates": [ [ -76.5405598, 3.427298 ], [ -76.5405424, 3.4272538 ] ] } },
{ "type": "Feature", "properties": { "u": 9336306886, "v": 9336306887, "key": 0, "osmid": 1011966910, "highway": "service", "name": null, "oneway": false, "reversed": true, "length": 13.124864803881028, "lanes": null, "maxspeed": null, "access": null }, "geometry": { "type": "LineString", "coordinates": [ [ -76.5405598, 3.427298 ], [ -76.5406377, 3.4273868 ] ] } },
{ "type": "Feature", "properties": { "u": 9336306887, "v": 11519176341, "key": 0, "osmid": 32289736, "highway": "residential", "name": "Calle 5B 4", "oneway": false, "reversed": false, "length": 39.596318331182857, "lanes": null, "maxspeed": null, "access": null }, "geometry": { "type": "LineString", "coordinates": [ [ -76.5406377, 3.4273868 ], [ -76.5403534, 3.4276019 ] ] } },
{ "type": "Feature", "properties": { "u": 9336306887, "v": 363098859, "key": 0, "osmid": 32289736, "highway": "residential", "name": "Calle 5B 4", "oneway": false, "reversed": true, "length": 58.555835838836259, "lanes": null, "maxspeed": null, "access": null }, "geometry": { "type": "LineString", "coordinates": [ [ -76.5406377, 3.4273868 ], [ -76.5410582, 3.4270688 ] ] } },
{ "type": "Feature", "properties": { "u": 9336306887, "v": 9336306886, "key": 0, "osmid": 1011966910, "highway": "service", "name": null, "oneway": false, "reversed": false, "length": 13.124864803881028, "lanes": null, "maxspeed": null, "access": null }, "geometry": { "type": "LineString", "coordinates": [ [ -76.5406377, 3.4273868 ], [ -76.5405598, 3.427298 ] ] } },
{ "type": "Feature", "properties": { "u": 9336696292, "v": 9336696293, "key": 0, "osmid": 1012012326, "highway": "service", "name": null, "oneway": false, "reversed": true, "length": 36.334640069694984, "lanes": null, "maxspeed": null, "access": null }, "geometry": { "type": "LineString", "coordinates": [ [ -76.5406316, 3.4283582 ], [ -76.5404324, 3.4280989 ] ] } },
{ "type": "Feature", "properties": { "u": 9336696293, "v": 9336696292, "key": 0, "osmid": 1012012326, "highway": "service", "name": null, "oneway": false, "reversed": false, "length": 36.334640069694984, "lanes": null, "maxspeed": null, "access": null }, "geometry": { "type": "LineString", "coordinates": [ [ -76.5404324, 3.4280989 ], [ -76.5406316, 3.4283582 ] ] } },
{ "type": "Feature", "properties": { "u": 9336696293, "v": 9336696297, "key": 0, "osmid": 1012012327, "highway": "service", "name": null, "oneway": false, "reversed": false, "length": 9.4431283723246722, "lanes": null, "maxspeed": null, "access": null }, "geometry": { "type": "LineString", "coordinates": [ [ -76.5404324, 3.4280989 ], [ -76.540364, 3.4281494 ] ] } },
{ "type": "Feature", "properties": { "u": 9336696293, "v": 11519176319, "key": 0, "osmid": 1012012327, "highway": "service", "name": null, "oneway": false, "reversed": true, "length": 13.84446302453428, "lanes": null, "maxspeed": null, "access": null }, "geometry": { "type": "LineString", "coordinates": [ [ -76.5404324, 3.4280989 ], [ -76.540535, 3.4280281 ] ] } },
{ "type": "Feature", "properties": { "u": 9336696294, "v": 9336696296, "key": 0, "osmid": 1012012327, "highway": "service", "name": null, "oneway": false, "reversed": false, "length": 1.6207462513657536, "lanes": null, "maxspeed": null, "access": null }, "geometry": { "type": "LineString", "coordinates": [ [ -76.540359, 3.4281634 ], [ -76.5403627, 3.4281775 ] ] } },
{ "type": "Feature", "properties": { "u": 9336696294, "v": 9336696297, "key": 0, "osmid": 1012012327, "highway": "service", "name": null, "oneway": false, "reversed": true, "length": 1.6526994094416814, "lanes": null, "maxspeed": null, "access": null }, "geometry": { "type": "LineString", "coordinates": [ [ -76.540359, 3.4281634 ], [ -76.540364, 3.4281494 ] ] } },
{ "type": "Feature", "properties": { "u": 9336696295, "v": 9336696296, "key": 0, "osmid": 1012012327, "highway": "service", "name": null, "oneway": false, "reversed": true, "length": 30.041675391458284, "lanes": null, "maxspeed": null, "access": null }, "geometry": { "type": "LineString", "coordinates": [ [ -76.5405223, 3.4283957 ], [ -76.5403627, 3.4281775 ] ] } },
{ "type": "Feature", "properties": { "u": 9336696296, "v": 9336696295, "key": 0, "osmid": 1012012327, "highway": "service", "name": null, "oneway": false, "reversed": false, "length": 30.041675391458284, "lanes": null, "maxspeed": null, "access": null }, "geometry": { "type": "LineString", "coordinates": [ [ -76.5403627, 3.4281775 ], [ -76.5405223, 3.4283957 ] ] } },
{ "type": "Feature", "properties": { "u": 9336696296, "v": 9336696294, "key": 0, "osmid": 1012012327, "highway": "service", "name": null, "oneway": false, "reversed": true, "length": 1.6207462513657536, "lanes": null, "maxspeed": null, "access": null }, "geometry": { "type": "LineString", "coordinates": [ [ -76.5403627, 3.4281775 ], [ -76.540359, 3.4281634 ] ] } },
{ "type": "Feature", "properties": { "u": 9336696297, "v": 9336696294, "key": 0, "osmid": 1012012327, "highway": "service", "name": null, "oneway": false, "reversed": false, "length": 1.6526994094416814, "lanes": null, "maxspeed": null, "access": null }, "geometry": { "type": "LineString", "coordinates": [ [ -76.540364, 3.4281494 ], [ -76.540359, 3.4281634 ] ] } },
{ "type": "Feature", "properties": { "u": 9336696297, "v": 9336696293, "key": 0, "osmid": 1012012327, "highway": "service", "name": null, "oneway": false, "reversed": true, "length": 9.4431283723246722, "lanes": null, "maxspeed": null, "access": null }, "geometry": { "type": "LineString", "coordinates": [ [ -76.540364, 3.4281494 ], [ -76.5404324, 3.4280989 ] ] } },
{ "type": "Feature", "properties": { "u": 9336696298, "v": 11519176314, "key": 0, "osmid": 1008724584, "highway": "tertiary", "name": "Carrera 36", "oneway": false, "reversed": false, "length": 7.8759960073006141, "lanes": "2", "maxspeed": null, "access": null }, "geometry": { "type": "LineString", "coordinates": [ [ -76.5405801, 3.4279973 ], [ -76.5405343, 3.4279432 ] ] } },
{ "type": "Feature", "properties": { "u": 9336696298, "v": 4177163949, "key": 0, "osmid": 1008724584, "highway": "tertiary", "name": "Carrera 36", "oneway": false, "reversed": true, "length": 47.287936690205782, "lanes": "2", "maxspeed": null, "access": null }, "geometry": { "type": "LineString", "coordinates": [ [ -76.5405801, 3.4279973 ], [ -76.5408376, 3.4283361 ] ] } },
{ "type": "Feature", "properties": { "u": 9336696298, "v": 11519176319, "key": 0, "osmid": 1012012327, "highway": "service", "name": null, "oneway": false, "reversed": false, "length": 6.0653607261381026, "lanes": null, "maxspeed": null, "access": null }, "geometry": { "type": "LineString", "coordinates": [ [ -76.5405801, 3.4279973 ], [ -76.540535, 3.4280281 ] ] } },
{ "type": "Feature", "properties": { "u": 9340001555, "v": 9340001556, "key": 0, "osmid": 1012390629, "highway": "service", "name": null, "oneway": false, "reversed": false, "length": 11.219131099942201, "lanes": null, "maxspeed": null, "access": null }, "geometry": { "type": "LineString", "coordinates": [ [ -76.5383053, 3.4265713 ], [ -76.5382108, 3.4265355 ] ] } },
{ "type": "Feature", "properties": { "u": 9340001555, "v": 9340001557, "key": 0, "osmid": 1012390629, "highway": "service", "name": null, "oneway": false, "reversed": true, "length": 40.200368084213515, "lanes": null, "maxspeed": null, "access": null }, "geometry": { "type": "LineString", "coordinates": [ [ -76.5383053, 3.4265713 ], [ -76.5386474, 3.42669 ] ] } },
{ "type": "Feature", "properties": { "u": 9340001556, "v": 11519176309, "key": 0, "osmid": 177760548, "highway": "residential", "name": "Calle 8", "oneway": false, "reversed": false, "length": 75.271586902255905, "lanes": "2", "maxspeed": "30", "access": null }, "geometry": { "type": "LineString", "coordinates": [ [ -76.5382108, 3.4265355 ], [ -76.5384369, 3.4258973 ] ] } },
{ "type": "Feature", "properties": { "u": 9340001556, "v": 4177199629, "key": 0, "osmid": 177760548, "highway": "residential", "name": "Calle 8", "oneway": false, "reversed": true, "length": 10.699046971498362, "lanes": "2", "maxspeed": "30", "access": null }, "geometry": { "type": "LineString", "coordinates": [ [ -76.5382108, 3.4265355 ], [ -76.5381829, 3.4266276 ] ] } },
{ "type": "Feature", "properties": { "u": 9340001556, "v": 9340001555, "key": 0, "osmid": 1012390629, "highway": "service", "name": null, "oneway": false, "reversed": true, "length": 11.219131099942201, "lanes": null, "maxspeed": null, "access": null }, "geometry": { "type": "LineString", "coordinates": [ [ -76.5382108, 3.4265355 ], [ -76.5383053, 3.4265713 ] ] } },
{ "type": "Feature", "properties": { "u": 9340001557, "v": 9340001555, "key": 0, "osmid": 1012390629, "highway": "service", "name": null, "oneway": false, "reversed": false, "length": 40.200368084213515, "lanes": null, "maxspeed": null, "access": null }, "geometry": { "type": "LineString", "coordinates": [ [ -76.5386474, 3.42669 ], [ -76.5383053, 3.4265713 ] ] } },
{ "type": "Feature", "properties": { "u": 9342497306, "v": 615802441, "key": 0, "osmid": 48464926, "highway": "residential", "name": "Calle 6A", "oneway": false, "reversed": false, "length": 37.643960877639223, "lanes": null, "maxspeed": null, "access": null }, "geometry": { "type": "LineString", "coordinates": [ [ -76.5381403, 3.4340263 ], [ -76.5381351, 3.4343648 ] ] } },
{ "type": "Feature", "properties": { "u": 9342497306, "v": 615802444, "key": 0, "osmid": 48464926, "highway": "residential", "name": "Calle 6A", "oneway": false, "reversed": true, "length": 84.641940643275518, "lanes": null, "maxspeed": null, "access": null }, "geometry": { "type": "LineString", "coordinates": [ [ -76.5381403, 3.4340263 ], [ -76.5381753, 3.4332659 ] ] } },
{ "type": "Feature", "properties": { "u": 9342497306, "v": 9342497307, "key": 0, "osmid": 1012654250, "highway": "service", "name": null, "oneway": false, "reversed": true, "length": 9.6243889947442778, "lanes": null, "maxspeed": null, "access": null }, "geometry": { "type": "LineString", "coordinates": [ [ -76.5381403, 3.4340263 ], [ -76.5380536, 3.4340276 ] ] } },
{ "type": "Feature", "properties": { "u": 9342497307, "v": 9342497306, "key": 0, "osmid": 1012654250, "highway": "service", "name": null, "oneway": false, "reversed": false, "length": 9.6243889947442778, "lanes": null, "maxspeed": null, "access": null }, "geometry": { "type": "LineString", "coordinates": [ [ -76.5380536, 3.4340276 ], [ -76.5381403, 3.4340263 ] ] } },
{ "type": "Feature", "properties": { "u": 9342497307, "v": 9342497308, "key": 0, "osmid": 1012654250, "highway": "service", "name": null, "oneway": false, "reversed": true, "length": 23.49706723673712, "lanes": null, "maxspeed": null, "access": null }, "geometry": { "type": "LineString", "coordinates": [ [ -76.5380536, 3.4340276 ], [ -76.5378428, 3.4340082 ] ] } },
{ "type": "Feature", "properties": { "u": 9342497308, "v": 9342497307, "key": 0, "osmid": 1012654250, "highway": "service", "name": null, "oneway": false, "reversed": false, "length": 23.49706723673712, "lanes": null, "maxspeed": null, "access": null }, "geometry": { "type": "LineString", "coordinates": [ [ -76.5378428, 3.4340082 ], [ -76.5380536, 3.4340276 ] ] } },
{ "type": "Feature", "properties": { "u": 9342794058, "v": 615801962, "key": 0, "osmid": 406984948, "highway": "secondary", "name": "Calle 7", "oneway": false, "reversed": false, "length": 64.805423455791072, "lanes": "3", "maxspeed": "30", "access": null }, "geometry": { "type": "LineString", "coordinates": [ [ -76.5374591, 3.4337426 ], [ -76.53742, 3.4343241 ] ] } },
{ "type": "Feature", "properties": { "u": 9342794058, "v": 361410804, "key": 0, "osmid": 406984948, "highway": "secondary", "name": "Calle 7", "oneway": false, "reversed": true, "length": 54.972052991163004, "lanes": "3", "maxspeed": "30", "access": null }, "geometry": { "type": "LineString", "coordinates": [ [ -76.5374591, 3.4337426 ], [ -76.5374986, 3.4332498 ] ] } },
{ "type": "Feature", "properties": { "u": 9375848622, "v": 590219874, "key": 0, "osmid": 27343613, "highway": "residential", "name": "Carrera 24", "oneway": false, "reversed": false, "length": 39.249628339544984, "lanes": null, "maxspeed": null, "access": null }, "geometry": { "type": "LineString", "coordinates": [ [ -76.5379073, 3.4371052 ], [ -76.5381666, 3.4373452 ] ] } },
{ "type": "Feature", "properties": { "u": 9375848622, "v": 1963386461, "key": 0, "osmid": 27343613, "highway": "residential", "name": "Carrera 24", "oneway": false, "reversed": true, "length": 23.725874779396001, "lanes": null, "maxspeed": null, "access": null }, "geometry": { "type": "LineString", "coordinates": [ [ -76.5379073, 3.4371052 ], [ -76.5377503, 3.4369604 ] ] } },
{ "type": "Feature", "properties": { "u": 9726547657, "v": 9071396317, "key": 0, "osmid": 980672430, "highway": "secondary", "name": "Calle 6", "oneway": false, "reversed": true, "length": 24.307673579453191, "lanes": "4", "maxspeed": null, "access": null }, "geometry": { "type": "LineString", "coordinates": [ [ -76.5387151, 3.4363228 ], [ -76.5387138, 3.4365414 ] ] } },
{ "type": "Feature", "properties": { "u": 9726547657, "v": 1953074247, "key": 0, "osmid": 1239953536, "highway": "secondary", "name": "Calle 6", "oneway": false, "reversed": false, "length": 17.347714975628534, "lanes": "4", "maxspeed": null, "access": null }, "geometry": { "type": "LineString", "coordinates": [ [ -76.5387151, 3.4363228 ], [ -76.538717, 3.4361668 ] ] } },
{ "type": "Feature", "properties": { "u": 9726547658, "v": 11519650215, "key": 0, "osmid": 1239953527, "highway": "footway", "name": null, "oneway": false, "reversed": false, "length": 122.05083847316475, "lanes": null, "maxspeed": null, "access": null }, "geometry": { "type": "LineString", "coordinates": [ [ -76.538779, 3.4363254 ], [ -76.538831, 3.435229 ] ] } },
{ "type": "Feature", "properties": { "u": 9748032996, "v": 615801957, "key": 0, "osmid": 564088507, "highway": "residential", "name": "Calle 5B", "oneway": false, "reversed": false, "length": 94.946933330337984, "lanes": null, "maxspeed": "30", "access": null }, "geometry": { "type": "LineString", "coordinates": [ [ -76.540479, 3.4336152 ], [ -76.5404341, 3.4344679 ] ] } },
{ "type": "Feature", "properties": { "u": 9748032996, "v": 309647181, "key": 0, "osmid": 564088507, "highway": "residential", "name": "Calle 5B", "oneway": false, "reversed": true, "length": 26.389732593866249, "lanes": null, "maxspeed": "30", "access": null }, "geometry": { "type": "LineString", "coordinates": [ [ -76.540479, 3.4336152 ], [ -76.5404915, 3.4333782 ] ] } },
{ "type": "Feature", "properties": { "u": 9973324266, "v": 9973324275, "key": 0, "osmid": 417097020, "highway": "residential", "name": "Carrera 32A", "oneway": false, "reversed": false, "length": 55.41502641772064, "lanes": null, "maxspeed": null, "access": null }, "geometry": { "type": "LineString", "coordinates": [ [ -76.5371152, 3.4272508 ], [ -76.5375949, 3.4273889 ] ] } },
{ "type": "Feature", "properties": { "u": 9973324266, "v": 375702500, "key": 0, "osmid": 417097020, "highway": "residential", "name": "Carrera 32A", "oneway": false, "reversed": true, "length": 6.8374717108891128, "lanes": null, "maxspeed": null, "access": null }, "geometry": { "type": "LineString", "coordinates": [ [ -76.5371152, 3.4272508 ], [ -76.537056, 3.4272338 ] ] } },
{ "type": "Feature", "properties": { "u": 9973324266, "v": 11522889079, "key": 0, "osmid": 1088610898, "highway": "footway", "name": null, "oneway": false, "reversed": false, "length": 69.282442524782752, "lanes": null, "maxspeed": null, "access": null }, "geometry": { "type": "LineString", "coordinates": [ [ -76.5371152, 3.4272508 ], [ -76.5369342, 3.4278471 ] ] } },
{ "type": "Feature", "properties": { "u": 9973324266, "v": 9973324270, "key": 0, "osmid": 1088610898, "highway": "footway", "name": null, "oneway": false, "reversed": true, "length": 25.45475292525575, "lanes": null, "maxspeed": null, "access": null }, "geometry": { "type": "LineString", "coordinates": [ [ -76.5371152, 3.4272508 ], [ -76.537175, 3.4270298 ] ] } },
{ "type": "Feature", "properties": { "u": 9973324267, "v": 9973324282, "key": 0, "osmid": 1088610898, "highway": "footway", "name": null, "oneway": false, "reversed": false, "length": 2.6389674229352549, "lanes": null, "maxspeed": null, "access": null }, "geometry": { "type": "LineString", "coordinates": [ [ -76.5374326, 3.4263779 ], [ -76.537426, 3.4264007 ] ] } },
{ "type": "Feature", "properties": { "u": 9973324267, "v": 9973324274, "key": 0, "osmid": 1088610898, "highway": "footway", "name": null, "oneway": false, "reversed": true, "length": 15.792310414211194, "lanes": null, "maxspeed": null, "access": null }, "geometry": { "type": "LineString", "coordinates": [ [ -76.5374326, 3.4263779 ], [ -76.537569, 3.4264183 ] ] } },
{ "type": "Feature", "properties": { "u": 9973324268, "v": 9973324269, "key": 0, "osmid": 1088610897, "highway": "footway", "name": null, "oneway": false, "reversed": false, "length": 10.949737696344092, "lanes": null, "maxspeed": null, "access": null }, "geometry": { "type": "LineString", "coordinates": [ [ -76.5371894, 3.4269716 ], [ -76.5372851, 3.4269955 ] ] } },
{ "type": "Feature", "properties": { "u": 9973324268, "v": 9973324270, "key": 0, "osmid": 1088610898, "highway": "footway", "name": null, "oneway": false, "reversed": false, "length": 6.6660122305459293, "lanes": null, "maxspeed": null, "access": null }, "geometry": { "type": "LineString", "coordinates": [ [ -76.5371894, 3.4269716 ], [ -76.537175, 3.4270298 ] ] } },
{ "type": "Feature", "properties": { "u": 9973324268, "v": 9973324271, "key": 0, "osmid": 1088610898, "highway": "footway", "name": null, "oneway": false, "reversed": true, "length": 6.5408027635132031, "lanes": null, "maxspeed": null, "access": null }, "geometry": { "type": "LineString", "coordinates": [ [ -76.5371894, 3.4269716 ], [ -76.5372068, 3.4269154 ] ] } },
{ "type": "Feature", "properties": { "u": 9973324269, "v": 9973324268, "key": 0, "osmid": 1088610897, "highway": "footway", "name": null, "oneway": false, "reversed": true, "length": 10.949737696344092, "lanes": null, "maxspeed": null, "access": null }, "geometry": { "type": "LineString", "coordinates": [ [ -76.5372851, 3.4269955 ], [ -76.5371894, 3.4269716 ] ] } },
{ "type": "Feature", "properties": { "u": 9973324270, "v": 9973324266, "key": 0, "osmid": 1088610898, "highway": "footway", "name": null, "oneway": false, "reversed": false, "length": 25.45475292525575, "lanes": null, "maxspeed": null, "access": null }, "geometry": { "type": "LineString", "coordinates": [ [ -76.537175, 3.4270298 ], [ -76.5371152, 3.4272508 ] ] } },
{ "type": "Feature", "properties": { "u": 9973324270, "v": 9973324268, "key": 0, "osmid": 1088610898, "highway": "footway", "name": null, "oneway": false, "reversed": true, "length": 6.6660122305459293, "lanes": null, "maxspeed": null, "access": null }, "geometry": { "type": "LineString", "coordinates": [ [ -76.537175, 3.4270298 ], [ -76.5371894, 3.4269716 ] ] } },
{ "type": "Feature", "properties": { "u": 9973324270, "v": 9973324280, "key": 0, "osmid": 1088610901, "highway": "service", "name": null, "oneway": false, "reversed": false, "length": 9.4526229489426647, "lanes": null, "maxspeed": null, "access": null }, "geometry": { "type": "LineString", "coordinates": [ [ -76.537175, 3.4270298 ], [ -76.5372113, 3.4271067 ] ] } },
{ "type": "Feature", "properties": { "u": 9973324270, "v": 9973324281, "key": 0, "osmid": 1088610901, "highway": "service", "name": null, "oneway": false, "reversed": true, "length": 8.2590802643892403, "lanes": null, "maxspeed": null, "access": null }, "geometry": { "type": "LineString", "coordinates": [ [ -76.537175, 3.4270298 ], [ -76.5371369, 3.426966 ] ] } },
{ "type": "Feature", "properties": { "u": 9973324271, "v": 9973324268, "key": 0, "osmid": 1088610898, "highway": "footway", "name": null, "oneway": false, "reversed": false, "length": 6.5408027635132031, "lanes": null, "maxspeed": null, "access": null }, "geometry": { "type": "LineString", "coordinates": [ [ -76.5372068, 3.4269154 ], [ -76.5371894, 3.4269716 ] ] } },
{ "type": "Feature", "properties": { "u": 9973324271, "v": 9973324273, "key": 0, "osmid": 1088610898, "highway": "footway", "name": null, "oneway": false, "reversed": true, "length": 45.198684609737732, "lanes": null, "maxspeed": null, "access": null }, "geometry": { "type": "LineString", "coordinates": [ [ -76.5372068, 3.4269154 ], [ -76.5373593, 3.4265385 ] ] } },
{ "type": "Feature", "properties": { "u": 9973324272, "v": 9973324274, "key": 0, "osmid": 1088610898, "highway": "footway", "name": null, "oneway": false, "reversed": false, "length": 20.875194875582029, "lanes": null, "maxspeed": null, "access": null }, "geometry": { "type": "LineString", "coordinates": [ [ -76.537593, 3.4266045 ], [ -76.537569, 3.4264183 ] ] } },
{ "type": "Feature", "properties": { "u": 9973324272, "v": 9973324283, "key": 0, "osmid": 1088610898, "highway": "footway", "name": null, "oneway": false, "reversed": true, "length": 9.2076297627655368, "lanes": null, "maxspeed": null, "access": null }, "geometry": { "type": "LineString", "coordinates": [ [ -76.537593, 3.4266045 ], [ -76.5376666, 3.4266427 ] ] } },
{ "type": "Feature", "properties": { "u": 9973324272, "v": 9973324273, "key": 0, "osmid": 1088610899, "highway": "footway", "name": null, "oneway": false, "reversed": true, "length": 26.958005133338535, "lanes": null, "maxspeed": null, "access": null }, "geometry": { "type": "LineString", "coordinates": [ [ -76.537593, 3.4266045 ], [ -76.5373593, 3.4265385 ] ] } },
{ "type": "Feature", "properties": { "u": 9973324273, "v": 9973324271, "key": 0, "osmid": 1088610898, "highway": "footway", "name": null, "oneway": false, "reversed": false, "length": 45.198684609737732, "lanes": null, "maxspeed": null, "access": null }, "geometry": { "type": "LineString", "coordinates": [ [ -76.5373593, 3.4265385 ], [ -76.5372068, 3.4269154 ] ] } },
{ "type": "Feature", "properties": { "u": 9973324273, "v": 9973324282, "key": 0, "osmid": 1088610898, "highway": "footway", "name": null, "oneway": false, "reversed": true, "length": 17.017512225459306, "lanes": null, "maxspeed": null, "access": null }, "geometry": { "type": "LineString", "coordinates": [ [ -76.5373593, 3.4265385 ], [ -76.537426, 3.4264007 ] ] } },
{ "type": "Feature", "properties": { "u": 9973324273, "v": 9973324272, "key": 0, "osmid": 1088610899, "highway": "footway", "name": null, "oneway": false, "reversed": false, "length": 26.958005133338535, "lanes": null, "maxspeed": null, "access": null }, "geometry": { "type": "LineString", "coordinates": [ [ -76.5373593, 3.4265385 ], [ -76.537593, 3.4266045 ] ] } },
{ "type": "Feature", "properties": { "u": 9973324274, "v": 9973324267, "key": 0, "osmid": 1088610898, "highway": "footway", "name": null, "oneway": false, "reversed": false, "length": 15.792310414211194, "lanes": null, "maxspeed": null, "access": null }, "geometry": { "type": "LineString", "coordinates": [ [ -76.537569, 3.4264183 ], [ -76.5374326, 3.4263779 ] ] } },
{ "type": "Feature", "properties": { "u": 9973324274, "v": 9973324272, "key": 0, "osmid": 1088610898, "highway": "footway", "name": null, "oneway": false, "reversed": true, "length": 20.875194875582029, "lanes": null, "maxspeed": null, "access": null }, "geometry": { "type": "LineString", "coordinates": [ [ -76.537569, 3.4264183 ], [ -76.537593, 3.4266045 ] ] } },
{ "type": "Feature", "properties": { "u": 9973324275, "v": 11577260912, "key": 0, "osmid": 417097020, "highway": "residential", "name": "Carrera 32A", "oneway": false, "reversed": false, "length": 33.360924183078765, "lanes": null, "maxspeed": null, "access": null }, "geometry": { "type": "LineString", "coordinates": [ [ -76.5375949, 3.4273889 ], [ -76.5378837, 3.427472 ] ] } },
{ "type": "Feature", "properties": { "u": 9973324275, "v": 9973324266, "key": 0, "osmid": 417097020, "highway": "residential", "name": "Carrera 32A", "oneway": false, "reversed": true, "length": 55.41502641772064, "lanes": null, "maxspeed": null, "access": null }, "geometry": { "type": "LineString", "coordinates": [ [ -76.5375949, 3.4273889 ], [ -76.5371152, 3.4272508 ] ] } },
{ "type": "Feature", "properties": { "u": 9973324275, "v": 9973324276, "key": 0, "osmid": 1088610900, "highway": "service", "name": null, "oneway": false, "reversed": true, "length": 10.757759367578412, "lanes": null, "maxspeed": null, "access": null }, "geometry": { "type": "LineString", "coordinates": [ [ -76.5375949, 3.4273889 ], [ -76.5376233, 3.4272964 ] ] } },
{ "type": "Feature", "properties": { "u": 9973324276, "v": 9973324275, "key": 0, "osmid": 1088610900, "highway": "service", "name": null, "oneway": false, "reversed": false, "length": 10.757759367578412, "lanes": null, "maxspeed": null, "access": null }, "geometry": { "type": "LineString", "coordinates": [ [ -76.5376233, 3.4272964 ], [ -76.5375949, 3.4273889 ] ] } },
{ "type": "Feature", "properties": { "u": 9973324277, "v": 1881744422, "key": 0, "osmid": 417097013, "highway": "tertiary", "name": "Calle 8", "oneway": false, "reversed": false, "length": 4.8506191983600377, "lanes": "1", "maxspeed": "30", "access": null }, "geometry": { "type": "LineString", "coordinates": [ [ -76.5380333, 3.4270952 ], [ -76.5380458, 3.4270534 ] ] } },
{ "type": "Feature", "properties": { "u": 9973324277, "v": 2134322533, "key": 0, "osmid": 417097013, "highway": "tertiary", "name": "Calle 8", "oneway": false, "reversed": true, "length": 44.852088264592986, "lanes": "1", "maxspeed": "30", "access": null }, "geometry": { "type": "LineString", "coordinates": [ [ -76.5380333, 3.4270952 ], [ -76.5379239, 3.4274835 ] ] } },
{ "type": "Feature", "properties": { "u": 9973324277, "v": 11518988469, "key": 0, "osmid": 1239880461, "highway": "footway", "name": null, "oneway": false, "reversed": false, "length": 5.1941204947265556, "lanes": null, "maxspeed": null, "access": null }, "geometry": { "type": "LineString", "coordinates": [ [ -76.5380333, 3.4270952 ], [ -76.5380068, 3.4270567 ] ] } },
{ "type": "Feature", "properties": { "u": 9973324277, "v": 11518927865, "key": 0, "osmid": 1239880461, "highway": "footway", "name": null, "oneway": false, "reversed": true, "length": 6.4993704790673661, "lanes": null, "maxspeed": null, "access": null }, "geometry": { "type": "LineString", "coordinates": [ [ -76.5380333, 3.4270952 ], [ -76.5380677, 3.4271425 ] ] } },
{ "type": "Feature", "properties": { "u": 9973324278, "v": 9973324283, "key": 0, "osmid": 1088610898, "highway": "footway", "name": null, "oneway": false, "reversed": false, "length": 13.790356695428626, "lanes": null, "maxspeed": null, "access": null }, "geometry": { "type": "LineString", "coordinates": [ [ -76.5377695, 3.4267122 ], [ -76.5376666, 3.4266427 ] ] } },
{ "type": "Feature", "properties": { "u": 9973324278, "v": 11518988469, "key": 0, "osmid": 1088610898, "highway": "footway", "name": null, "oneway": false, "reversed": true, "length": 46.488367743341811, "lanes": null, "maxspeed": null, "access": null }, "geometry": { "type": "LineString", "coordinates": [ [ -76.5377695, 3.4267122 ], [ -76.5380068, 3.4270567 ] ] } },
{ "type": "Feature", "properties": { "u": 9973324279, "v": 9973324280, "key": 0, "osmid": 1088610901, "highway": "service", "name": null, "oneway": false, "reversed": true, "length": 5.1830242828115596, "lanes": null, "maxspeed": null, "access": null }, "geometry": { "type": "LineString", "coordinates": [ [ -76.5372397, 3.4271437 ], [ -76.5372113, 3.4271067 ] ] } },
{ "type": "Feature", "properties": { "u": 9973324280, "v": 9973324279, "key": 0, "osmid": 1088610901, "highway": "service", "name": null, "oneway": false, "reversed": false, "length": 5.1830242828115596, "lanes": null, "maxspeed": null, "access": null }, "geometry": { "type": "LineString", "coordinates": [ [ -76.5372113, 3.4271067 ], [ -76.5372397, 3.4271437 ] ] } },
{ "type": "Feature", "properties": { "u": 9973324280, "v": 9973324270, "key": 0, "osmid": 1088610901, "highway": "service", "name": null, "oneway": false, "reversed": true, "length": 9.4526229489426647, "lanes": null, "maxspeed": null, "access": null }, "geometry": { "type": "LineString", "coordinates": [ [ -76.5372113, 3.4271067 ], [ -76.537175, 3.4270298 ] ] } },
{ "type": "Feature", "properties": { "u": 9973324281, "v": 375702500, "key": 0, "osmid": 417097015, "highway": "secondary", "name": "Calle 9", "oneway": false, "reversed": false, "length": 31.102491797703028, "lanes": "3", "maxspeed": "30", "access": null }, "geometry": { "type": "LineString", "coordinates": [ [ -76.5371369, 3.426966 ], [ -76.537056, 3.4272338 ] ] } },
{ "type": "Feature", "properties": { "u": 9973324281, "v": 2588584951, "key": 0, "osmid": 417097015, "highway": "secondary", "name": "Calle 9", "oneway": false, "reversed": true, "length": 6.486537894155215, "lanes": "3", "maxspeed": "30", "access": null }, "geometry": { "type": "LineString", "coordinates": [ [ -76.5371369, 3.426966 ], [ -76.5371522, 3.4269097 ] ] } },
{ "type": "Feature", "properties": { "u": 9973324281, "v": 9973324270, "key": 0, "osmid": 1088610901, "highway": "service", "name": null, "oneway": false, "reversed": false, "length": 8.2590802643892403, "lanes": null, "maxspeed": null, "access": null }, "geometry": { "type": "LineString", "coordinates": [ [ -76.5371369, 3.426966 ], [ -76.537175, 3.4270298 ] ] } },
{ "type": "Feature", "properties": { "u": 9973324282, "v": 9297949941, "key": 0, "osmid": 1007861217, "highway": "footway", "name": null, "oneway": false, "reversed": false, "length": 5.662753901818192, "lanes": null, "maxspeed": null, "access": null }, "geometry": { "type": "LineString", "coordinates": [ [ -76.537426, 3.4264007 ], [ -76.5373775, 3.4263849 ] ] } },
{ "type": "Feature", "properties": { "u": 9973324282, "v": 9973324273, "key": 0, "osmid": 1088610898, "highway": "footway", "name": null, "oneway": false, "reversed": false, "length": 17.017512225459306, "lanes": null, "maxspeed": null, "access": null }, "geometry": { "type": "LineString", "coordinates": [ [ -76.537426, 3.4264007 ], [ -76.5373593, 3.4265385 ] ] } },
{ "type": "Feature", "properties": { "u": 9973324282, "v": 9973324267, "key": 0, "osmid": 1088610898, "highway": "footway", "name": null, "oneway": false, "reversed": true, "length": 2.6389674229352549, "lanes": null, "maxspeed": null, "access": null }, "geometry": { "type": "LineString", "coordinates": [ [ -76.537426, 3.4264007 ], [ -76.5374326, 3.4263779 ] ] } },
{ "type": "Feature", "properties": { "u": 9973324283, "v": 9973324272, "key": 0, "osmid": 1088610898, "highway": "footway", "name": null, "oneway": false, "reversed": false, "length": 9.2076297627655368, "lanes": null, "maxspeed": null, "access": null }, "geometry": { "type": "LineString", "coordinates": [ [ -76.5376666, 3.4266427 ], [ -76.537593, 3.4266045 ] ] } },
{ "type": "Feature", "properties": { "u": 9973324283, "v": 9973324278, "key": 0, "osmid": 1088610898, "highway": "footway", "name": null, "oneway": false, "reversed": true, "length": 13.790356695428626, "lanes": null, "maxspeed": null, "access": null }, "geometry": { "type": "LineString", "coordinates": [ [ -76.5376666, 3.4266427 ], [ -76.5377695, 3.4267122 ] ] } },
{ "type": "Feature", "properties": { "u": 9973324283, "v": 9973324284, "key": 0, "osmid": 1088610902, "highway": "footway", "name": null, "oneway": false, "reversed": false, "length": 9.2733553267487601, "lanes": null, "maxspeed": null, "access": null }, "geometry": { "type": "LineString", "coordinates": [ [ -76.5376666, 3.4266427 ], [ -76.537642, 3.4267224 ] ] } },
{ "type": "Feature", "properties": { "u": 9973324284, "v": 9973324283, "key": 0, "osmid": 1088610902, "highway": "footway", "name": null, "oneway": false, "reversed": true, "length": 9.2733553267487601, "lanes": null, "maxspeed": null, "access": null }, "geometry": { "type": "LineString", "coordinates": [ [ -76.537642, 3.4267224 ], [ -76.5376666, 3.4266427 ] ] } },
{ "type": "Feature", "properties": { "u": 11384774382, "v": 4090237379, "key": 0, "osmid": 406991495, "highway": "footway", "name": null, "oneway": false, "reversed": false, "length": 9.9694524483826914, "lanes": null, "maxspeed": null, "access": null }, "geometry": { "type": "LineString", "coordinates": [ [ -76.5388878, 3.4370078 ], [ -76.538881, 3.4369184 ] ] } },
{ "type": "Feature", "properties": { "u": 11384774382, "v": 11386349899, "key": 0, "osmid": 449282583, "highway": "footway", "name": null, "oneway": false, "reversed": true, "length": 28.574039414056188, "lanes": null, "maxspeed": null, "access": null }, "geometry": { "type": "LineString", "coordinates": [ [ -76.5388878, 3.4370078 ], [ -76.5386716, 3.4371473 ] ] } },
{ "type": "Feature", "properties": { "u": 11384774382, "v": 9301472252, "key": 0, "osmid": 1098088857, "highway": "footway", "name": null, "oneway": false, "reversed": true, "length": 17.733361291939019, "lanes": null, "maxspeed": null, "access": null }, "geometry": { "type": "LineString", "coordinates": [ [ -76.5388878, 3.4370078 ], [ -76.5390199, 3.4369181 ] ] } },
{ "type": "Feature", "properties": { "u": 11384774385, "v": 11384774386, "key": 0, "osmid": 1098088857, "highway": "footway", "name": null, "oneway": false, "reversed": true, "length": 7.6880943788649594, "lanes": null, "maxspeed": null, "access": null }, "geometry": { "type": "LineString", "coordinates": [ [ -76.539377, 3.4367084 ], [ -76.5394216, 3.4366555 ] ] } },
{ "type": "Feature", "properties": { "u": 11384774386, "v": 11384774385, "key": 0, "osmid": 1098088857, "highway": "footway", "name": null, "oneway": false, "reversed": false, "length": 7.6880943788649594, "lanes": null, "maxspeed": null, "access": null }, "geometry": { "type": "LineString", "coordinates": [ [ -76.5394216, 3.4366555 ], [ -76.539377, 3.4367084 ] ] } },
{ "type": "Feature", "properties": { "u": 11384774386, "v": 11384774387, "key": 0, "osmid": 1098088857, "highway": "footway", "name": null, "oneway": false, "reversed": true, "length": 111.707496175171, "lanes": null, "maxspeed": null, "access": null }, "geometry": { "type": "LineString", "coordinates": [ [ -76.5394216, 3.4366555 ], [ -76.5400261, 3.4358523 ] ] } },
{ "type": "Feature", "properties": { "u": 11384774387, "v": 11384774386, "key": 0, "osmid": 1098088857, "highway": "footway", "name": null, "oneway": false, "reversed": false, "length": 111.707496175171, "lanes": null, "maxspeed": null, "access": null }, "geometry": { "type": "LineString", "coordinates": [ [ -76.5400261, 3.4358523 ], [ -76.5394216, 3.4366555 ] ] } },
{ "type": "Feature", "properties": { "u": 11384774387, "v": 11384774388, "key": 0, "osmid": 1098088857, "highway": "footway", "name": null, "oneway": false, "reversed": true, "length": 29.724670809280909, "lanes": null, "maxspeed": null, "access": null }, "geometry": { "type": "LineString", "coordinates": [ [ -76.5400261, 3.4358523 ], [ -76.5401891, 3.4356402 ] ] } },
{ "type": "Feature", "properties": { "u": 11384774388, "v": 2238854300, "key": 0, "osmid": 46256216, "highway": "residential", "name": "Carrera 25", "oneway": false, "reversed": false, "length": 62.903265787771296, "lanes": null, "maxspeed": null, "access": null }, "geometry": { "type": "LineString", "coordinates": [ [ -76.5401891, 3.4356402 ], [ -76.5397647, 3.4352653 ] ] } },
{ "type": "Feature", "properties": { "u": 11384774388, "v": 11384774387, "key": 0, "osmid": 1098088857, "highway": "footway", "name": null, "oneway": false, "reversed": false, "length": 29.724670809280909, "lanes": null, "maxspeed": null, "access": null }, "geometry": { "type": "LineString", "coordinates": [ [ -76.5401891, 3.4356402 ], [ -76.5400261, 3.4358523 ] ] } },
{ "type": "Feature", "properties": { "u": 11384774388, "v": 11384774389, "key": 0, "osmid": 1098088857, "highway": "footway", "name": null, "oneway": false, "reversed": true, "length": 37.737008361266241, "lanes": null, "maxspeed": null, "access": null }, "geometry": { "type": "LineString", "coordinates": [ [ -76.5401891, 3.4356402 ], [ -76.5403973, 3.4353719 ] ] } },
{ "type": "Feature", "properties": { "u": 11384774389, "v": 11384774388, "key": 0, "osmid": 1098088857, "highway": "footway", "name": null, "oneway": false, "reversed": false, "length": 37.737008361266241, "lanes": null, "maxspeed": null, "access": null }, "geometry": { "type": "LineString", "coordinates": [ [ -76.5403973, 3.4353719 ], [ -76.5401891, 3.4356402 ] ] } },
{ "type": "Feature", "properties": { "u": 11384774389, "v": 615801957, "key": 0, "osmid": 1171079846, "highway": "residential", "name": "Calle 5B", "oneway": false, "reversed": true, "length": 100.60331054137838, "lanes": null, "maxspeed": "30", "access": null }, "geometry": { "type": "LineString", "coordinates": [ [ -76.5403973, 3.4353719 ], [ -76.5404341, 3.4344679 ] ] } },
{ "type": "Feature", "properties": { "u": 11386349899, "v": 11384774382, "key": 0, "osmid": 449282583, "highway": "footway", "name": null, "oneway": false, "reversed": false, "length": 28.574039414056188, "lanes": null, "maxspeed": null, "access": null }, "geometry": { "type": "LineString", "coordinates": [ [ -76.5386716, 3.4371473 ], [ -76.5388878, 3.4370078 ] ] } },
{ "type": "Feature", "properties": { "u": 11386349901, "v": 9301472252, "key": 0, "osmid": 1098088857, "highway": "footway", "name": null, "oneway": false, "reversed": false, "length": 8.5413727311826264, "lanes": null, "maxspeed": null, "access": null }, "geometry": { "type": "LineString", "coordinates": [ [ -76.5390914, 3.4368897 ], [ -76.5390199, 3.4369181 ] ] } },
{ "type": "Feature", "properties": { "u": 11518862163, "v": 11518862164, "key": 0, "osmid": 1239880461, "highway": "footway", "name": null, "oneway": false, "reversed": false, "length": 5.6024646027078493, "lanes": null, "maxspeed": null, "access": null }, "geometry": { "type": "LineString", "coordinates": [ [ -76.538137, 3.4269147 ], [ -76.5381223, 3.4269629 ] ] } },
{ "type": "Feature", "properties": { "u": 11518862163, "v": 11518988471, "key": 0, "osmid": 1239880462, "highway": "footway", "name": null, "oneway": false, "reversed": false, "length": 81.390773296415517, "lanes": null, "maxspeed": null, "access": null }, "geometry": { "type": "LineString", "coordinates": [ [ -76.538137, 3.4269147 ], [ -76.5385934, 3.4274876 ] ] } },
{ "type": "Feature", "properties": { "u": 11518862163, "v": 11518988472, "key": 0, "osmid": 1239880463, "highway": "footway", "name": null, "oneway": false, "reversed": true, "length": 6.3482535864828362, "lanes": null, "maxspeed": null, "access": null }, "geometry": { "type": "LineString", "coordinates": [ [ -76.538137, 3.4269147 ], [ -76.5381008, 3.4268705 ] ] } },
{ "type": "Feature", "properties": { "u": 11518862164, "v": 2135158097, "key": 0, "osmid": 417099313, "highway": "tertiary", "name": "Carrera 34", "oneway": false, "reversed": false, "length": 81.499884713264493, "lanes": "2", "maxspeed": null, "access": null }, "geometry": { "type": "LineString", "coordinates": [ [ -76.5381223, 3.4269629 ], [ -76.5385729, 3.4275416 ] ] } },
{ "type": "Feature", "properties": { "u": 11518862164, "v": 1960916120, "key": 0, "osmid": 417099313, "highway": "tertiary", "name": "Carrera 34", "oneway": false, "reversed": true, "length": 6.7175889658912862, "lanes": "2", "maxspeed": null, "access": null }, "geometry": { "type": "LineString", "coordinates": [ [ -76.5381223, 3.4269629 ], [ -76.5380844, 3.4269158 ] ] } },
{ "type": "Feature", "properties": { "u": 11518862164, "v": 11518862165, "key": 0, "osmid": 1239880461, "highway": "footway", "name": null, "oneway": false, "reversed": false, "length": 15.932003647516639, "lanes": null, "maxspeed": null, "access": null }, "geometry": { "type": "LineString", "coordinates": [ [ -76.5381223, 3.4269629 ], [ -76.5380806, 3.4271 ] ] } },
{ "type": "Feature", "properties": { "u": 11518862164, "v": 11518862163, "key": 0, "osmid": 1239880461, "highway": "footway", "name": null, "oneway": false, "reversed": true, "length": 5.6024646027078493, "lanes": null, "maxspeed": null, "access": null }, "geometry": { "type": "LineString", "coordinates": [ [ -76.5381223, 3.4269629 ], [ -76.538137, 3.4269147 ] ] } },
{ "type": "Feature", "properties": { "u": 11518862165, "v": 6945400680, "key": 0, "osmid": 417097021, "highway": "secondary", "name": "Carrera 34", "oneway": false, "reversed": false, "length": 86.498705526309152, "lanes": "3", "maxspeed": null, "access": null }, "geometry": { "type": "LineString", "coordinates": [ [ -76.5380806, 3.4271 ], [ -76.5385552, 3.427717 ] ] } },
{ "type": "Feature", "properties": { "u": 11518862165, "v": 1881744422, "key": 0, "osmid": 417097021, "highway": "secondary", "name": "Carrera 34", "oneway": false, "reversed": true, "length": 6.4629816280513204, "lanes": "3", "maxspeed": null, "access": null }, "geometry": { "type": "LineString", "coordinates": [ [ -76.5380806, 3.4271 ], [ -76.5380458, 3.4270534 ] ] } },
{ "type": "Feature", "properties": { "u": 11518862165, "v": 11518927865, "key": 0, "osmid": 1239880461, "highway": "footway", "name": null, "oneway": false, "reversed": false, "length": 4.9379448521125564, "lanes": null, "maxspeed": null, "access": null }, "geometry": { "type": "LineString", "coordinates": [ [ -76.5380806, 3.4271 ], [ -76.5380677, 3.4271425 ] ] } },
{ "type": "Feature", "properties": { "u": 11518862165, "v": 11518862164, "key": 0, "osmid": 1239880461, "highway": "footway", "name": null, "oneway": false, "reversed": true, "length": 15.932003647516639, "lanes": null, "maxspeed": null, "access": null }, "geometry": { "type": "LineString", "coordinates": [ [ -76.5380806, 3.4271 ], [ -76.5381223, 3.4269629 ] ] } },
{ "type": "Feature", "properties": { "u": 11518862166, "v": 11518988472, "key": 0, "osmid": 1239880463, "highway": "footway", "name": null, "oneway": false, "reversed": false, "length": 4.758362006040711, "lanes": null, "maxspeed": null, "access": null }, "geometry": { "type": "LineString", "coordinates": [ [ -76.538074, 3.4268371 ], [ -76.5381008, 3.4268705 ] ] } },
{ "type": "Feature", "properties": { "u": 11518862166, "v": 11518862167, "key": 0, "osmid": 1239880464, "highway": "footway", "name": null, "oneway": false, "reversed": true, "length": 5.4537282612224072, "lanes": null, "maxspeed": null, "access": null }, "geometry": { "type": "LineString", "coordinates": [ [ -76.538074, 3.4268371 ], [ -76.5380593, 3.4268839 ] ] } },
{ "type": "Feature", "properties": { "u": 11518862166, "v": 11518988473, "key": 0, "osmid": 1239903486, "highway": "footway", "name": null, "oneway": false, "reversed": true, "length": 55.931283401896884, "lanes": null, "maxspeed": null, "access": null }, "geometry": { "type": "LineString", "coordinates": [ [ -76.538074, 3.4268371 ], [ -76.5377811, 3.4264278 ] ] } },
{ "type": "Feature", "properties": { "u": 11518862167, "v": 1960916120, "key": 0, "osmid": 203421387, "highway": "tertiary", "name": "Carrera 34", "oneway": false, "reversed": false, "length": 4.5104225896285017, "lanes": "2", "maxspeed": null, "access": null }, "geometry": { "type": "LineString", "coordinates": [ [ -76.5380593, 3.4268839 ], [ -76.5380844, 3.4269158 ] ] } },
{ "type": "Feature", "properties": { "u": 11518862167, "v": 2588584947, "key": 0, "osmid": 203421387, "highway": "tertiary", "name": "Carrera 34", "oneway": false, "reversed": true, "length": 60.141077711192402, "lanes": "2", "maxspeed": null, "access": null }, "geometry": { "type": "LineString", "coordinates": [ [ -76.5380593, 3.4268839 ], [ -76.5377384, 3.4264481 ] ] } },
{ "type": "Feature", "properties": { "u": 11518862167, "v": 11518862166, "key": 0, "osmid": 1239880464, "highway": "footway", "name": null, "oneway": false, "reversed": false, "length": 5.4537282612224072, "lanes": null, "maxspeed": null, "access": null }, "geometry": { "type": "LineString", "coordinates": [ [ -76.5380593, 3.4268839 ], [ -76.538074, 3.4268371 ] ] } },
{ "type": "Feature", "properties": { "u": 11518862167, "v": 11518862168, "key": 0, "osmid": 1239880464, "highway": "footway", "name": null, "oneway": false, "reversed": true, "length": 15.421010758668581, "lanes": null, "maxspeed": null, "access": null }, "geometry": { "type": "LineString", "coordinates": [ [ -76.5380593, 3.4268839 ], [ -76.5380186, 3.4270165 ] ] } },
{ "type": "Feature", "properties": { "u": 11518862168, "v": 1881744422, "key": 0, "osmid": 177759531, "highway": "secondary", "name": "Carrera 34", "oneway": false, "reversed": false, "length": 5.0941504377047515, "lanes": "3", "maxspeed": null, "access": null }, "geometry": { "type": "LineString", "coordinates": [ [ -76.5380186, 3.4270165 ], [ -76.5380458, 3.4270534 ] ] } },
{ "type": "Feature", "properties": { "u": 11518862168, "v": 2588584981, "key": 0, "osmid": 177759531, "highway": "secondary", "name": "Carrera 34", "oneway": false, "reversed": true, "length": 72.878758332726093, "lanes": "3", "maxspeed": null, "access": null }, "geometry": { "type": "LineString", "coordinates": [ [ -76.5380186, 3.4270165 ], [ -76.5376396, 3.4264813 ] ] } },
{ "type": "Feature", "properties": { "u": 11518862168, "v": 11518862167, "key": 0, "osmid": 1239880464, "highway": "footway", "name": null, "oneway": false, "reversed": false, "length": 15.421010758668581, "lanes": null, "maxspeed": null, "access": null }, "geometry": { "type": "LineString", "coordinates": [ [ -76.5380186, 3.4270165 ], [ -76.5380593, 3.4268839 ] ] } },
{ "type": "Feature", "properties": { "u": 11518862168, "v": 11518988469, "key": 0, "osmid": 1239880464, "highway": "footway", "name": null, "oneway": false, "reversed": true, "length": 4.6579757912875062, "lanes": null, "maxspeed": null, "access": null }, "geometry": { "type": "LineString", "coordinates": [ [ -76.5380186, 3.4270165 ], [ -76.5380068, 3.4270567 ] ] } },
{ "type": "Feature", "properties": { "u": 11518927367, "v": 11518927791, "key": 0, "osmid": 1239873870, "highway": "footway", "name": null, "oneway": false, "reversed": false, "length": 6.3529433175124712, "lanes": null, "maxspeed": null, "access": null }, "geometry": { "type": "LineString", "coordinates": [ [ -76.5373031, 3.4364721 ], [ -76.5372775, 3.4365232 ] ] } },
{ "type": "Feature", "properties": { "u": 11518927367, "v": 11518927368, "key": 0, "osmid": 1239873873, "highway": "footway", "name": null, "oneway": false, "reversed": true, "length": 8.2817919668001014, "lanes": null, "maxspeed": null, "access": null }, "geometry": { "type": "LineString", "coordinates": [ [ -76.5373031, 3.4364721 ], [ -76.5372453, 3.436425 ] ] } },
{ "type": "Feature", "properties": { "u": 11518927367, "v": 11518927792, "key": 0, "osmid": 1239873877, "highway": "footway", "name": null, "oneway": false, "reversed": true, "length": 7.4863747609824332, "lanes": null, "maxspeed": null, "access": null }, "geometry": { "type": "LineString", "coordinates": [ [ -76.5373031, 3.4364721 ], [ -76.5373331, 3.4364118 ] ] } },
{ "type": "Feature", "properties": { "u": 11518927367, "v": 11519650240, "key": 0, "osmid": 1239953535, "highway": "footway", "name": null, "oneway": false, "reversed": false, "length": 135.45583752351786, "lanes": null, "maxspeed": null, "access": null }, "geometry": { "type": "LineString", "coordinates": [ [ -76.5373031, 3.4364721 ], [ -76.5381914, 3.4373074 ] ] } },
{ "type": "Feature", "properties": { "u": 11518927368, "v": 5514435475, "key": 0, "osmid": 574523450, "highway": "secondary", "name": "Calle 7", "oneway": false, "reversed": true, "length": 5.8152855662671499, "lanes": "3", "maxspeed": null, "access": null }, "geometry": { "type": "LineString", "coordinates": [ [ -76.5372453, 3.436425 ], [ -76.5372661, 3.436377 ] ] } },
{ "type": "Feature", "properties": { "u": 11518927368, "v": 11518927367, "key": 0, "osmid": 1239873873, "highway": "footway", "name": null, "oneway": false, "reversed": false, "length": 8.2817919668001014, "lanes": null, "maxspeed": null, "access": null }, "geometry": { "type": "LineString", "coordinates": [ [ -76.5372453, 3.436425 ], [ -76.5373031, 3.4364721 ] ] } },
{ "type": "Feature", "properties": { "u": 11518927791, "v": 1963386461, "key": 0, "osmid": 27343613, "highway": "residential", "name": "Carrera 24", "oneway": false, "reversed": false, "length": 71.535727980457565, "lanes": null, "maxspeed": null, "access": null }, "geometry": { "type": "LineString", "coordinates": [ [ -76.5372775, 3.4365232 ], [ -76.5377503, 3.4369604 ] ] } },
{ "type": "Feature", "properties": { "u": 11518927791, "v": 11518927367, "key": 0, "osmid": 1239873870, "highway": "footway", "name": null, "oneway": false, "reversed": true, "length": 6.3529433175124712, "lanes": null, "maxspeed": null, "access": null }, "geometry": { "type": "LineString", "coordinates": [ [ -76.5372775, 3.4365232 ], [ -76.5373031, 3.4364721 ] ] } },
{ "type": "Feature", "properties": { "u": 11518927792, "v": 11518927367, "key": 0, "osmid": 1239873877, "highway": "footway", "name": null, "oneway": false, "reversed": false, "length": 7.4863747609824332, "lanes": null, "maxspeed": null, "access": null }, "geometry": { "type": "LineString", "coordinates": [ [ -76.5373331, 3.4364118 ], [ -76.5373031, 3.4364721 ] ] } },
{ "type": "Feature", "properties": { "u": 11518927792, "v": 11518927793, "key": 0, "osmid": 1239873877, "highway": "footway", "name": null, "oneway": false, "reversed": true, "length": 12.825671022329344, "lanes": null, "maxspeed": null, "access": null }, "geometry": { "type": "LineString", "coordinates": [ [ -76.5373331, 3.4364118 ], [ -76.537376, 3.4363047 ] ] } },
{ "type": "Feature", "properties": { "u": 11518927793, "v": 11518927792, "key": 0, "osmid": 1239873877, "highway": "footway", "name": null, "oneway": false, "reversed": false, "length": 12.825671022329344, "lanes": null, "maxspeed": null, "access": null }, "geometry": { "type": "LineString", "coordinates": [ [ -76.537376, 3.4363047 ], [ -76.5373331, 3.4364118 ] ] } },
{ "type": "Feature", "properties": { "u": 11518927793, "v": 11518927794, "key": 0, "osmid": 1239873877, "highway": "footway", "name": null, "oneway": false, "reversed": true, "length": 11.357330119917474, "lanes": null, "maxspeed": null, "access": null }, "geometry": { "type": "LineString", "coordinates": [ [ -76.537376, 3.4363047 ], [ -76.5373948, 3.4362043 ] ] } },
{ "type": "Feature", "properties": { "u": 11518927794, "v": 11518927793, "key": 0, "osmid": 1239873877, "highway": "footway", "name": null, "oneway": false, "reversed": false, "length": 11.357330119917474, "lanes": null, "maxspeed": null, "access": null }, "geometry": { "type": "LineString", "coordinates": [ [ -76.5373948, 3.4362043 ], [ -76.537376, 3.4363047 ] ] } },
{ "type": "Feature", "properties": { "u": 11518927794, "v": 11519650230, "key": 0, "osmid": 1239873877, "highway": "footway", "name": null, "oneway": false, "reversed": true, "length": 4.6327547044861284, "lanes": null, "maxspeed": null, "access": null }, "geometry": { "type": "LineString", "coordinates": [ [ -76.5373948, 3.4362043 ], [ -76.5373971, 3.4361627 ] ] } },
{ "type": "Feature", "properties": { "u": 11518927795, "v": 11519650228, "key": 0, "osmid": 46256134, "highway": "residential", "name": "Carrera 24A", "oneway": false, "reversed": false, "length": 140.76636070250987, "lanes": null, "maxspeed": null, "access": null }, "geometry": { "type": "LineString", "coordinates": [ [ -76.5374003, 3.4361045 ], [ -76.5386671, 3.4361644 ] ] } },
{ "type": "Feature", "properties": { "u": 11518927795, "v": 615803309, "key": 0, "osmid": 46256134, "highway": "residential", "name": "Carrera 24A", "oneway": false, "reversed": true, "length": 7.9002838766253181, "lanes": null, "maxspeed": null, "access": null }, "geometry": { "type": "LineString", "coordinates": [ [ -76.5374003, 3.4361045 ], [ -76.5373292, 3.4361012 ] ] } },
{ "type": "Feature", "properties": { "u": 11518927795, "v": 11519650230, "key": 0, "osmid": 1239873877, "highway": "footway", "name": null, "oneway": false, "reversed": false, "length": 6.4812935137356238, "lanes": null, "maxspeed": null, "access": null }, "geometry": { "type": "LineString", "coordinates": [ [ -76.5374003, 3.4361045 ], [ -76.5373971, 3.4361627 ] ] } },
{ "type": "Feature", "properties": { "u": 11518927795, "v": 11518927796, "key": 0, "osmid": 1239873877, "highway": "footway", "name": null, "oneway": false, "reversed": true, "length": 103.45801645739058, "lanes": null, "maxspeed": null, "access": null }, "geometry": { "type": "LineString", "coordinates": [ [ -76.5374003, 3.4361045 ], [ -76.537446, 3.4351752 ] ] } },
{ "type": "Feature", "properties": { "u": 11518927796, "v": 11519650227, "key": 0, "osmid": 27344165, "highway": "residential", "name": "Carrera 25", "oneway": false, "reversed": true, "length": 140.21525469405438, "lanes": null, "maxspeed": null, "access": null }, "geometry": { "type": "LineString", "coordinates": [ [ -76.537446, 3.4351752 ], [ -76.5387083, 3.4352242 ] ] } },
{ "type": "Feature", "properties": { "u": 11518927796, "v": 11518927795, "key": 0, "osmid": 1239873877, "highway": "footway", "name": null, "oneway": false, "reversed": false, "length": 103.45801645739058, "lanes": null, "maxspeed": null, "access": null }, "geometry": { "type": "LineString", "coordinates": [ [ -76.537446, 3.4351752 ], [ -76.5374003, 3.4361045 ] ] } },
{ "type": "Feature", "properties": { "u": 11518927796, "v": 11518927799, "key": 0, "osmid": 1239873877, "highway": "footway", "name": null, "oneway": false, "reversed": true, "length": 94.674045801132834, "lanes": null, "maxspeed": null, "access": null }, "geometry": { "type": "LineString", "coordinates": [ [ -76.537446, 3.4351752 ], [ -76.5374917, 3.434325 ] ] } },
{ "type": "Feature", "properties": { "u": 11518927799, "v": 615802441, "key": 0, "osmid": 48464901, "highway": "residential", "name": "Carrera 26", "oneway": false, "reversed": false, "length": 71.551427915367441, "lanes": null, "maxspeed": null, "access": null }, "geometry": { "type": "LineString", "coordinates": [ [ -76.5374917, 3.434325 ], [ -76.5381351, 3.4343648 ] ] } },
{ "type": "Feature", "properties": { "u": 11518927799, "v": 615801962, "key": 0, "osmid": 48464901, "highway": "residential", "name": "Carrera 26", "oneway": false, "reversed": true, "length": 7.9589987067298367, "lanes": null, "maxspeed": null, "access": null }, "geometry": { "type": "LineString", "coordinates": [ [ -76.5374917, 3.434325 ], [ -76.53742, 3.4343241 ] ] } },
{ "type": "Feature", "properties": { "u": 11518927799, "v": 11518927796, "key": 0, "osmid": 1239873877, "highway": "footway", "name": null, "oneway": false, "reversed": false, "length": 94.674045801132834, "lanes": null, "maxspeed": null, "access": null }, "geometry": { "type": "LineString", "coordinates": [ [ -76.5374917, 3.434325 ], [ -76.537446, 3.4351752 ] ] } },
{ "type": "Feature", "properties": { "u": 11518927799, "v": 11518927800, "key": 0, "osmid": 1239873877, "highway": "footway", "name": null, "oneway": false, "reversed": true, "length": 119.62416926587487, "lanes": null, "maxspeed": null, "access": null }, "geometry": { "type": "LineString", "coordinates": [ [ -76.5374917, 3.434325 ], [ -76.5375558, 3.4332511 ] ] } },
{ "type": "Feature", "properties": { "u": 11518927800, "v": 361410804, "key": 0, "osmid": 572429980, "highway": "residential", "name": "Carrera 27", "oneway": false, "reversed": false, "length": 6.3505888832852939, "lanes": null, "maxspeed": null, "access": null }, "geometry": { "type": "LineString", "coordinates": [ [ -76.5375558, 3.4332511 ], [ -76.5374986, 3.4332498 ] ] } },
{ "type": "Feature", "properties": { "u": 11518927800, "v": 615802444, "key": 0, "osmid": 572429980, "highway": "residential", "name": "Carrera 27", "oneway": false, "reversed": true, "length": 68.781411739159608, "lanes": null, "maxspeed": null, "access": null }, "geometry": { "type": "LineString", "coordinates": [ [ -76.5375558, 3.4332511 ], [ -76.5381753, 3.4332659 ] ] } },
{ "type": "Feature", "properties": { "u": 11518927800, "v": 11518927799, "key": 0, "osmid": 1239873877, "highway": "footway", "name": null, "oneway": false, "reversed": false, "length": 119.62416926587487, "lanes": null, "maxspeed": null, "access": null }, "geometry": { "type": "LineString", "coordinates": [ [ -76.5375558, 3.4332511 ], [ -76.5374917, 3.434325 ] ] } },
{ "type": "Feature", "properties": { "u": 11518927800, "v": 11518927810, "key": 0, "osmid": 1239873877, "highway": "footway", "name": null, "oneway": false, "reversed": true, "length": 83.966826717795513, "lanes": null, "maxspeed": null, "access": null }, "geometry": { "type": "LineString", "coordinates": [ [ -76.5375558, 3.4332511 ], [ -76.5375745, 3.4324962 ] ] } },
{ "type": "Feature", "properties": { "u": 11518927804, "v": 11518927810, "key": 0, "osmid": 1239873877, "highway": "footway", "name": null, "oneway": false, "reversed": false, "length": 75.883129213573113, "lanes": null, "maxspeed": null, "access": null }, "geometry": { "type": "LineString", "coordinates": [ [ -76.5376015, 3.4318143 ], [ -76.5375745, 3.4324962 ] ] } },
{ "type": "Feature", "properties": { "u": 11518927804, "v": 11518927815, "key": 0, "osmid": 1239873878, "highway": "footway", "name": null, "oneway": false, "reversed": true, "length": 5.5975164109327675, "lanes": null, "maxspeed": null, "access": null }, "geometry": { "type": "LineString", "coordinates": [ [ -76.5376015, 3.4318143 ], [ -76.5376035, 3.431764 ] ] } },
{ "type": "Feature", "properties": { "u": 11518927804, "v": 11518927805, "key": 0, "osmid": 1239873879, "highway": "footway", "name": null, "oneway": false, "reversed": true, "length": 6.2035824591607387, "lanes": null, "maxspeed": null, "access": null }, "geometry": { "type": "LineString", "coordinates": [ [ -76.5376015, 3.4318143 ], [ -76.5375458, 3.4318097 ] ] } },
{ "type": "Feature", "properties": { "u": 11518927805, "v": 363105741, "key": 0, "osmid": 406984948, "highway": "secondary", "name": "Calle 7", "oneway": false, "reversed": false, "length": 76.166258246940686, "lanes": "3", "maxspeed": "30", "access": null }, "geometry": { "type": "LineString", "coordinates": [ [ -76.5375458, 3.4318097 ], [ -76.5375176, 3.4324941 ] ] } },
{ "type": "Feature", "properties": { "u": 11518927805, "v": 1843058728, "key": 0, "osmid": 406984948, "highway": "secondary", "name": "Calle 7", "oneway": false, "reversed": true, "length": 5.3803598577453924, "lanes": "3", "maxspeed": "30", "access": null }, "geometry": { "type": "LineString", "coordinates": [ [ -76.5375458, 3.4318097 ], [ -76.5375487, 3.4317614 ] ] } },
{ "type": "Feature", "properties": { "u": 11518927805, "v": 11518927804, "key": 0, "osmid": 1239873879, "highway": "footway", "name": null, "oneway": false, "reversed": false, "length": 6.2035824591607387, "lanes": null, "maxspeed": null, "access": null }, "geometry": { "type": "LineString", "coordinates": [ [ -76.5375458, 3.4318097 ], [ -76.5376015, 3.4318143 ] ] } },
{ "type": "Feature", "properties": { "u": 11518927808, "v": 1843058728, "key": 0, "osmid": 406984946, "highway": "secondary", "name": "Calle 7", "oneway": false, "reversed": false, "length": 5.3385180258405693, "lanes": "3", "maxspeed": null, "access": null }, "geometry": { "type": "LineString", "coordinates": [ [ -76.5375497, 3.4317134 ], [ -76.5375487, 3.4317614 ] ] } },
{ "type": "Feature", "properties": { "u": 11518927808, "v": 11518927809, "key": 0, "osmid": 1239873880, "highway": "footway", "name": null, "oneway": false, "reversed": true, "length": 6.1953659568000088, "lanes": null, "maxspeed": null, "access": null }, "geometry": { "type": "LineString", "coordinates": [ [ -76.5375497, 3.4317134 ], [ -76.5376053, 3.4317183 ] ] } },
{ "type": "Feature", "properties": { "u": 11518927809, "v": 11518927815, "key": 0, "osmid": 1239873878, "highway": "footway", "name": null, "oneway": false, "reversed": false, "length": 5.0855413933895788, "lanes": null, "maxspeed": null, "access": null }, "geometry": { "type": "LineString", "coordinates": [ [ -76.5376053, 3.4317183 ], [ -76.5376035, 3.431764 ] ] } },
{ "type": "Feature", "properties": { "u": 11518927809, "v": 11518927808, "key": 0, "osmid": 1239873880, "highway": "footway", "name": null, "oneway": false, "reversed": false, "length": 6.1953659568000088, "lanes": null, "maxspeed": null, "access": null }, "geometry": { "type": "LineString", "coordinates": [ [ -76.5376053, 3.4317183 ], [ -76.5375497, 3.4317134 ] ] } },
{ "type": "Feature", "properties": { "u": 11518927809, "v": 11518927816, "key": 0, "osmid": 1239873884, "highway": "footway", "name": null, "oneway": false, "reversed": true, "length": 34.086563278794181, "lanes": null, "maxspeed": null, "access": null }, "geometry": { "type": "LineString", "coordinates": [ [ -76.5376053, 3.4317183 ], [ -76.5376107, 3.4314118 ] ] } },
{ "type": "Feature", "properties": { "u": 11518927810, "v": 9336288926, "key": 0, "osmid": 564074001, "highway": "residential", "name": "Carrera 28", "oneway": false, "reversed": false, "length": 124.53544983719145, "lanes": null, "maxspeed": null, "access": null }, "geometry": { "type": "LineString", "coordinates": [ [ -76.5375745, 3.4324962 ], [ -76.5386957, 3.4325381 ] ] } },
{ "type": "Feature", "properties": { "u": 11518927810, "v": 363105741, "key": 0, "osmid": 564074001, "highway": "residential", "name": "Carrera 28", "oneway": false, "reversed": true, "length": 6.3199651523805569, "lanes": null, "maxspeed": null, "access": null }, "geometry": { "type": "LineString", "coordinates": [ [ -76.5375745, 3.4324962 ], [ -76.5375176, 3.4324941 ] ] } },
{ "type": "Feature", "properties": { "u": 11518927810, "v": 11518927800, "key": 0, "osmid": 1239873877, "highway": "footway", "name": null, "oneway": false, "reversed": false, "length": 83.966826717795513, "lanes": null, "maxspeed": null, "access": null }, "geometry": { "type": "LineString", "coordinates": [ [ -76.5375745, 3.4324962 ], [ -76.5375558, 3.4332511 ] ] } },
{ "type": "Feature", "properties": { "u": 11518927810, "v": 11518927804, "key": 0, "osmid": 1239873877, "highway": "footway", "name": null, "oneway": false, "reversed": true, "length": 75.883129213573113, "lanes": null, "maxspeed": null, "access": null }, "geometry": { "type": "LineString", "coordinates": [ [ -76.5375745, 3.4324962 ], [ -76.5376015, 3.4318143 ] ] } },
{ "type": "Feature", "properties": { "u": 11518927813, "v": 375700718, "key": 0, "osmid": 29647523, "highway": "secondary", "name": "Calle 7", "oneway": false, "reversed": false, "length": 6.4759772070162089, "lanes": "3", "maxspeed": null, "access": null }, "geometry": { "type": "LineString", "coordinates": [ [ -76.5380626, 3.4297391 ], [ -76.5380405, 3.429793 ] ] } },
{ "type": "Feature", "properties": { "u": 11518927813, "v": 375701901, "key": 0, "osmid": 29647523, "highway": "secondary", "name": "Calle 7", "oneway": false, "reversed": true, "length": 74.113045714173481, "lanes": "3", "maxspeed": null, "access": null }, "geometry": { "type": "LineString", "coordinates": [ [ -76.5380626, 3.4297391 ], [ -76.5382658, 3.4291042 ] ] } },
{ "type": "Feature", "properties": { "u": 11518927813, "v": 11518927814, "key": 0, "osmid": 1239873881, "highway": "footway", "name": null, "oneway": false, "reversed": true, "length": 6.4788732467862999, "lanes": null, "maxspeed": null, "access": null }, "geometry": { "type": "LineString", "coordinates": [ [ -76.5380626, 3.4297391 ], [ -76.5381184, 3.4297562 ] ] } },
{ "type": "Feature", "properties": { "u": 11518927814, "v": 11518927813, "key": 0, "osmid": 1239873881, "highway": "footway", "name": null, "oneway": false, "reversed": false, "length": 6.4788732467862999, "lanes": null, "maxspeed": null, "access": null }, "geometry": { "type": "LineString", "coordinates": [ [ -76.5381184, 3.4297562 ], [ -76.5380626, 3.4297391 ] ] } },
{ "type": "Feature", "properties": { "u": 11518927814, "v": 11518927821, "key": 0, "osmid": 1239873884, "highway": "footway", "name": null, "oneway": false, "reversed": false, "length": 6.6230473976055055, "lanes": null, "maxspeed": null, "access": null }, "geometry": { "type": "LineString", "coordinates": [ [ -76.5381184, 3.4297562 ], [ -76.538097, 3.4298118 ] ] } },
{ "type": "Feature", "properties": { "u": 11518927814, "v": 11518927839, "key": 0, "osmid": 1239873884, "highway": "footway", "name": null, "oneway": false, "reversed": true, "length": 73.997722371721594, "lanes": null, "maxspeed": null, "access": null }, "geometry": { "type": "LineString", "coordinates": [ [ -76.5381184, 3.4297562 ], [ -76.5383172, 3.429121 ] ] } },
{ "type": "Feature", "properties": { "u": 11518927815, "v": 1843058728, "key": 0, "osmid": 406984958, "highway": "residential", "name": "Carrera 29", "oneway": false, "reversed": false, "length": 6.0894305504780366, "lanes": null, "maxspeed": null, "access": null }, "geometry": { "type": "LineString", "coordinates": [ [ -76.5376035, 3.431764 ], [ -76.5375487, 3.4317614 ] ] } },
{ "type": "Feature", "properties": { "u": 11518927815, "v": 11519650221, "key": 0, "osmid": 406984958, "highway": "residential", "name": "Carrera 29", "oneway": false, "reversed": true, "length": 136.79218884216266, "lanes": null, "maxspeed": null, "access": null }, "geometry": { "type": "LineString", "coordinates": [ [ -76.5376035, 3.431764 ], [ -76.5388348, 3.4318162 ] ] } },
{ "type": "Feature", "properties": { "u": 11518927815, "v": 11518927804, "key": 0, "osmid": 1239873878, "highway": "footway", "name": null, "oneway": false, "reversed": false, "length": 5.5975164109327675, "lanes": null, "maxspeed": null, "access": null }, "geometry": { "type": "LineString", "coordinates": [ [ -76.5376035, 3.431764 ], [ -76.5376015, 3.4318143 ] ] } },
{ "type": "Feature", "properties": { "u": 11518927815, "v": 11518927809, "key": 0, "osmid": 1239873878, "highway": "footway", "name": null, "oneway": false, "reversed": true, "length": 5.0855413933895788, "lanes": null, "maxspeed": null, "access": null }, "geometry": { "type": "LineString", "coordinates": [ [ -76.5376035, 3.431764 ], [ -76.5376053, 3.4317183 ] ] } },
{ "type": "Feature", "properties": { "u": 11518927816, "v": 11518927809, "key": 0, "osmid": 1239873884, "highway": "footway", "name": null, "oneway": false, "reversed": false, "length": 34.086563278794181, "lanes": null, "maxspeed": null, "access": null }, "geometry": { "type": "LineString", "coordinates": [ [ -76.5376107, 3.4314118 ], [ -76.5376053, 3.4317183 ] ] } },
{ "type": "Feature", "properties": { "u": 11518927816, "v": 11518927817, "key": 0, "osmid": 1239873884, "highway": "footway", "name": null, "oneway": false, "reversed": true, "length": 16.700766230890338, "lanes": null, "maxspeed": null, "access": null }, "geometry": { "type": "LineString", "coordinates": [ [ -76.5376107, 3.4314118 ], [ -76.5376201, 3.4312619 ] ] } },
{ "type": "Feature", "properties": { "u": 11518927817, "v": 11518927816, "key": 0, "osmid": 1239873884, "highway": "footway", "name": null, "oneway": false, "reversed": false, "length": 16.700766230890338, "lanes": null, "maxspeed": null, "access": null }, "geometry": { "type": "LineString", "coordinates": [ [ -76.5376201, 3.4312619 ], [ -76.5376107, 3.4314118 ] ] } },
{ "type": "Feature", "properties": { "u": 11518927817, "v": 11518927818, "key": 0, "osmid": 1239873884, "highway": "footway", "name": null, "oneway": false, "reversed": true, "length": 11.020729528317899, "lanes": null, "maxspeed": null, "access": null }, "geometry": { "type": "LineString", "coordinates": [ [ -76.5376201, 3.4312619 ], [ -76.5376362, 3.4311641 ] ] } },
{ "type": "Feature", "properties": { "u": 11518927818, "v": 11518927817, "key": 0, "osmid": 1239873884, "highway": "footway", "name": null, "oneway": false, "reversed": false, "length": 11.020729528317899, "lanes": null, "maxspeed": null, "access": null }, "geometry": { "type": "LineString", "coordinates": [ [ -76.5376362, 3.4311641 ], [ -76.5376201, 3.4312619 ] ] } },
{ "type": "Feature", "properties": { "u": 11518927818, "v": 11518927819, "key": 0, "osmid": 1239873884, "highway": "footway", "name": null, "oneway": false, "reversed": true, "length": 13.971090374592551, "lanes": null, "maxspeed": null, "access": null }, "geometry": { "type": "LineString", "coordinates": [ [ -76.5376362, 3.4311641 ], [ -76.5376671, 3.4310423 ] ] } },
{ "type": "Feature", "properties": { "u": 11518927819, "v": 11518927818, "key": 0, "osmid": 1239873884, "highway": "footway", "name": null, "oneway": false, "reversed": false, "length": 13.971090374592551, "lanes": null, "maxspeed": null, "access": null }, "geometry": { "type": "LineString", "coordinates": [ [ -76.5376671, 3.4310423 ], [ -76.5376362, 3.4311641 ] ] } },
{ "type": "Feature", "properties": { "u": 11518927819, "v": 11518927820, "key": 0, "osmid": 1239873884, "highway": "footway", "name": null, "oneway": false, "reversed": true, "length": 84.074370777988619, "lanes": null, "maxspeed": null, "access": null }, "geometry": { "type": "LineString", "coordinates": [ [ -76.5376671, 3.4310423 ], [ -76.5379289, 3.4303328 ] ] } },
{ "type": "Feature", "properties": { "u": 11518927820, "v": 5480853799, "key": 0, "osmid": 406984961, "highway": "residential", "name": "Carrera 30", "oneway": false, "reversed": false, "length": 92.300919730729603, "lanes": null, "maxspeed": "30", "access": null }, "geometry": { "type": "LineString", "coordinates": [ [ -76.5379289, 3.4303328 ], [ -76.5387595, 3.4303729 ] ] } },
{ "type": "Feature", "properties": { "u": 11518927820, "v": 11518927819, "key": 0, "osmid": 1239873884, "highway": "footway", "name": null, "oneway": false, "reversed": false, "length": 84.074370777988619, "lanes": null, "maxspeed": null, "access": null }, "geometry": { "type": "LineString", "coordinates": [ [ -76.5379289, 3.4303328 ], [ -76.5376671, 3.4310423 ] ] } },
{ "type": "Feature", "properties": { "u": 11518927820, "v": 11518927821, "key": 0, "osmid": 1239873884, "highway": "footway", "name": null, "oneway": false, "reversed": true, "length": 60.863181109870823, "lanes": null, "maxspeed": null, "access": null }, "geometry": { "type": "LineString", "coordinates": [ [ -76.5379289, 3.4303328 ], [ -76.538097, 3.4298118 ] ] } },
{ "type": "Feature", "properties": { "u": 11518927821, "v": 375700718, "key": 0, "osmid": 27343518, "highway": "residential", "name": "Carrera 30A", "oneway": false, "reversed": false, "length": 6.6105122923509336, "lanes": null, "maxspeed": null, "access": null }, "geometry": { "type": "LineString", "coordinates": [ [ -76.538097, 3.4298118 ], [ -76.5380405, 3.429793 ] ] } },
{ "type": "Feature", "properties": { "u": 11518927821, "v": 5480853800, "key": 0, "osmid": 27343518, "highway": "residential", "name": "Carrera 30A", "oneway": false, "reversed": true, "length": 78.968057757912902, "lanes": null, "maxspeed": null, "access": null }, "geometry": { "type": "LineString", "coordinates": [ [ -76.538097, 3.4298118 ], [ -76.5387722, 3.4300356 ] ] } },
{ "type": "Feature", "properties": { "u": 11518927821, "v": 11518927820, "key": 0, "osmid": 1239873884, "highway": "footway", "name": null, "oneway": false, "reversed": false, "length": 60.863181109870823, "lanes": null, "maxspeed": null, "access": null }, "geometry": { "type": "LineString", "coordinates": [ [ -76.538097, 3.4298118 ], [ -76.5379289, 3.4303328 ] ] } },
{ "type": "Feature", "properties": { "u": 11518927821, "v": 11518927814, "key": 0, "osmid": 1239873884, "highway": "footway", "name": null, "oneway": false, "reversed": true, "length": 6.6230473976055055, "lanes": null, "maxspeed": null, "access": null }, "geometry": { "type": "LineString", "coordinates": [ [ -76.538097, 3.4298118 ], [ -76.5381184, 3.4297562 ] ] } },
{ "type": "Feature", "properties": { "u": 11518927830, "v": 375701901, "key": 0, "osmid": 29647523, "highway": "secondary", "name": "Calle 7", "oneway": false, "reversed": false, "length": 6.0153849799215715, "lanes": "3", "maxspeed": null, "access": null }, "geometry": { "type": "LineString", "coordinates": [ [ -76.5382827, 3.4290528 ], [ -76.5382658, 3.4291042 ] ] } },
{ "type": "Feature", "properties": { "u": 11518927830, "v": 5514435469, "key": 0, "osmid": 29647523, "highway": "secondary", "name": "Calle 7", "oneway": false, "reversed": true, "length": 57.494483076462167, "lanes": "3", "maxspeed": null, "access": null }, "geometry": { "type": "LineString", "coordinates": [ [ -76.5382827, 3.4290528 ], [ -76.5384516, 3.428564 ] ] } },
{ "type": "Feature", "properties": { "u": 11518927830, "v": 11518927831, "key": 0, "osmid": 1239873882, "highway": "footway", "name": null, "oneway": false, "reversed": true, "length": 6.1349223686710914, "lanes": null, "maxspeed": null, "access": null }, "geometry": { "type": "LineString", "coordinates": [ [ -76.5382827, 3.4290528 ], [ -76.5383347, 3.4290715 ] ] } },
{ "type": "Feature", "properties": { "u": 11518927831, "v": 11518927830, "key": 0, "osmid": 1239873882, "highway": "footway", "name": null, "oneway": false, "reversed": false, "length": 6.1349223686710914, "lanes": null, "maxspeed": null, "access": null }, "geometry": { "type": "LineString", "coordinates": [ [ -76.5383347, 3.4290715 ], [ -76.5382827, 3.4290528 ] ] } },
{ "type": "Feature", "properties": { "u": 11518927831, "v": 11518927839, "key": 0, "osmid": 1239873884, "highway": "footway", "name": null, "oneway": false, "reversed": false, "length": 5.8368462836545234, "lanes": null, "maxspeed": null, "access": null }, "geometry": { "type": "LineString", "coordinates": [ [ -76.5383347, 3.4290715 ], [ -76.5383172, 3.429121 ] ] } },
{ "type": "Feature", "properties": { "u": 11518927831, "v": 11518927840, "key": 0, "osmid": 1239873884, "highway": "footway", "name": null, "oneway": false, "reversed": true, "length": 57.132425823106431, "lanes": null, "maxspeed": null, "access": null }, "geometry": { "type": "LineString", "coordinates": [ [ -76.5383347, 3.4290715 ], [ -76.5385026, 3.4285858 ] ] } },
{ "type": "Feature", "properties": { "u": 11518927838, "v": 11577260913, "key": 0, "osmid": 209447826, "highway": "residential", "name": "Carrera 32", "oneway": false, "reversed": false, "length": 58.762430881244455, "lanes": "4", "maxspeed": null, "access": null }, "geometry": { "type": "LineString", "coordinates": [ [ -76.538298, 3.428328 ], [ -76.5377929, 3.4281697 ] ] } },
{ "type": "Feature", "properties": { "u": 11518927838, "v": 2196650538, "key": 0, "osmid": 209447826, "highway": "residential", "name": "Carrera 32", "oneway": false, "reversed": true, "length": 2.3874523708879827, "lanes": "4", "maxspeed": null, "access": null }, "geometry": { "type": "LineString", "coordinates": [ [ -76.538298, 3.428328 ], [ -76.5383185, 3.4283345 ] ] } },
{ "type": "Feature", "properties": { "u": 11518927838, "v": 11518927873, "key": 0, "osmid": 1245332380, "highway": "footway", "name": null, "oneway": false, "reversed": true, "length": 6.781690357334468, "lanes": null, "maxspeed": null, "access": null }, "geometry": { "type": "LineString", "coordinates": [ [ -76.538298, 3.428328 ], [ -76.5383192, 3.4282708 ] ] } },
{ "type": "Feature", "properties": { "u": 11518927839, "v": 375701901, "key": 0, "osmid": 33173836, "highway": "residential", "name": "Carrera 31", "oneway": false, "reversed": false, "length": 6.0032452940773684, "lanes": null, "maxspeed": null, "access": null }, "geometry": { "type": "LineString", "coordinates": [ [ -76.5383172, 3.429121 ], [ -76.5382658, 3.4291042 ] ] } },
{ "type": "Feature", "properties": { "u": 11518927839, "v": 9334380360, "key": 0, "osmid": 33173836, "highway": "residential", "name": "Carrera 31", "oneway": false, "reversed": true, "length": 46.442132937497703, "lanes": null, "maxspeed": null, "access": null }, "geometry": { "type": "LineString", "coordinates": [ [ -76.5383172, 3.429121 ], [ -76.5387141, 3.4292532 ] ] } },
{ "type": "Feature", "properties": { "u": 11518927839, "v": 11518927814, "key": 0, "osmid": 1239873884, "highway": "footway", "name": null, "oneway": false, "reversed": false, "length": 73.997722371721594, "lanes": null, "maxspeed": null, "access": null }, "geometry": { "type": "LineString", "coordinates": [ [ -76.5383172, 3.429121 ], [ -76.5381184, 3.4297562 ] ] } },
{ "type": "Feature", "properties": { "u": 11518927839, "v": 11518927831, "key": 0, "osmid": 1239873884, "highway": "footway", "name": null, "oneway": false, "reversed": true, "length": 5.8368462836545234, "lanes": null, "maxspeed": null, "access": null }, "geometry": { "type": "LineString", "coordinates": [ [ -76.5383172, 3.429121 ], [ -76.5383347, 3.4290715 ] ] } },
{ "type": "Feature", "properties": { "u": 11518927840, "v": 11518927831, "key": 0, "osmid": 1239873884, "highway": "footway", "name": null, "oneway": false, "reversed": false, "length": 57.132425823106431, "lanes": null, "maxspeed": null, "access": null }, "geometry": { "type": "LineString", "coordinates": [ [ -76.5385026, 3.4285858 ], [ -76.5383347, 3.4290715 ] ] } },
{ "type": "Feature", "properties": { "u": 11518927840, "v": 11518927841, "key": 0, "osmid": 1239873884, "highway": "footway", "name": null, "oneway": false, "reversed": true, "length": 9.6875044653568647, "lanes": null, "maxspeed": null, "access": null }, "geometry": { "type": "LineString", "coordinates": [ [ -76.5385026, 3.4285858 ], [ -76.5385616, 3.4285216 ] ] } },
{ "type": "Feature", "properties": { "u": 11518927841, "v": 11518927840, "key": 0, "osmid": 1239873884, "highway": "footway", "name": null, "oneway": false, "reversed": false, "length": 9.6875044653568647, "lanes": null, "maxspeed": null, "access": null }, "geometry": { "type": "LineString", "coordinates": [ [ -76.5385616, 3.4285216 ], [ -76.5385026, 3.4285858 ] ] } },
{ "type": "Feature", "properties": { "u": 11518927841, "v": 11518927842, "key": 0, "osmid": 1239873884, "highway": "footway", "name": null, "oneway": false, "reversed": true, "length": 7.4089920398948355, "lanes": null, "maxspeed": null, "access": null }, "geometry": { "type": "LineString", "coordinates": [ [ -76.5385616, 3.4285216 ], [ -76.5386193, 3.4284881 ] ] } },
{ "type": "Feature", "properties": { "u": 11518927842, "v": 11518927841, "key": 0, "osmid": 1239873884, "highway": "footway", "name": null, "oneway": false, "reversed": false, "length": 7.4089920398948355, "lanes": null, "maxspeed": null, "access": null }, "geometry": { "type": "LineString", "coordinates": [ [ -76.5386193, 3.4284881 ], [ -76.5385616, 3.4285216 ] ] } },
{ "type": "Feature", "properties": { "u": 11518927842, "v": 11518927843, "key": 0, "osmid": 1239873884, "highway": "footway", "name": null, "oneway": false, "reversed": true, "length": 9.6497623095581258, "lanes": null, "maxspeed": null, "access": null }, "geometry": { "type": "LineString", "coordinates": [ [ -76.5386193, 3.4284881 ], [ -76.5387024, 3.4284626 ] ] } },
{ "type": "Feature", "properties": { "u": 11518927843, "v": 11518927842, "key": 0, "osmid": 1239873884, "highway": "footway", "name": null, "oneway": false, "reversed": false, "length": 9.6497623095581258, "lanes": null, "maxspeed": null, "access": null }, "geometry": { "type": "LineString", "coordinates": [ [ -76.5387024, 3.4284626 ], [ -76.5386193, 3.4284881 ] ] } },
{ "type": "Feature", "properties": { "u": 11518927843, "v": 11518927844, "key": 0, "osmid": 1239873884, "highway": "footway", "name": null, "oneway": false, "reversed": true, "length": 8.0987545586905316, "lanes": null, "maxspeed": null, "access": null }, "geometry": { "type": "LineString", "coordinates": [ [ -76.5387024, 3.4284626 ], [ -76.5387741, 3.4284491 ] ] } },
{ "type": "Feature", "properties": { "u": 11518927844, "v": 9334380366, "key": 0, "osmid": 1011714057, "highway": "service", "name": null, "oneway": false, "reversed": false, "length": 15.946186843810016, "lanes": null, "maxspeed": null, "access": null }, "geometry": { "type": "LineString", "coordinates": [ [ -76.5387741, 3.4284491 ], [ -76.5387647, 3.4285922 ] ] } },
{ "type": "Feature", "properties": { "u": 11518927844, "v": 2134320247, "key": 0, "osmid": 1011714057, "highway": "service", "name": null, "oneway": false, "reversed": true, "length": 7.9786412745745494, "lanes": null, "maxspeed": null, "access": null }, "geometry": { "type": "LineString", "coordinates": [ [ -76.5387741, 3.4284491 ], [ -76.5387788, 3.4283775 ] ] } },
{ "type": "Feature", "properties": { "u": 11518927844, "v": 11518927843, "key": 0, "osmid": 1239873884, "highway": "footway", "name": null, "oneway": false, "reversed": false, "length": 8.0987545586905316, "lanes": null, "maxspeed": null, "access": null }, "geometry": { "type": "LineString", "coordinates": [ [ -76.5387741, 3.4284491 ], [ -76.5387024, 3.4284626 ] ] } },
{ "type": "Feature", "properties": { "u": 11518927844, "v": 11518927845, "key": 0, "osmid": 1239873884, "highway": "footway", "name": null, "oneway": false, "reversed": true, "length": 8.1253936865005851, "lanes": null, "maxspeed": null, "access": null }, "geometry": { "type": "LineString", "coordinates": [ [ -76.5387741, 3.4284491 ], [ -76.5388472, 3.4284452 ] ] } },
{ "type": "Feature", "properties": { "u": 11518927845, "v": 11518927844, "key": 0, "osmid": 1239873884, "highway": "footway", "name": null, "oneway": false, "reversed": false, "length": 8.1253936865005851, "lanes": null, "maxspeed": null, "access": null }, "geometry": { "type": "LineString", "coordinates": [ [ -76.5388472, 3.4284452 ], [ -76.5387741, 3.4284491 ] ] } },
{ "type": "Feature", "properties": { "u": 11518927845, "v": 11518927861, "key": 0, "osmid": 1239873884, "highway": "footway", "name": null, "oneway": false, "reversed": true, "length": 10.726423107637981, "lanes": null, "maxspeed": null, "access": null }, "geometry": { "type": "LineString", "coordinates": [ [ -76.5388472, 3.4284452 ], [ -76.5389438, 3.4284479 ] ] } },
{ "type": "Feature", "properties": { "u": 11518927846, "v": 2135157626, "key": 0, "osmid": 984696489, "highway": "secondary", "name": "Carrera 34", "oneway": false, "reversed": false, "length": 11.228094992628129, "lanes": "2", "maxspeed": null, "access": null }, "geometry": { "type": "LineString", "coordinates": [ [ -76.5389929, 3.4282491 ], [ -76.5390508, 3.4283319 ] ] } },
{ "type": "Feature", "properties": { "u": 11518927846, "v": 2134320248, "key": 0, "osmid": 984696489, "highway": "secondary", "name": "Carrera 34", "oneway": false, "reversed": true, "length": 15.357630026379592, "lanes": "2", "maxspeed": null, "access": null }, "geometry": { "type": "LineString", "coordinates": [ [ -76.5389929, 3.4282491 ], [ -76.5389042, 3.4281431 ] ] } },
{ "type": "Feature", "properties": { "u": 11518927847, "v": 2134316138, "key": 0, "osmid": 1007386439, "highway": "tertiary", "name": "Carrera 34", "oneway": false, "reversed": false, "length": 5.3796292381434938, "lanes": "2", "maxspeed": null, "access": null }, "geometry": { "type": "LineString", "coordinates": [ [ -76.5390166, 3.4281106 ], [ -76.5390533, 3.4281422 ] ] } },
{ "type": "Feature", "properties": { "u": 11518927847, "v": 9293725595, "key": 0, "osmid": 1007386439, "highway": "tertiary", "name": "Carrera 34", "oneway": false, "reversed": true, "length": 5.7254688753232834, "lanes": "2", "maxspeed": null, "access": null }, "geometry": { "type": "LineString", "coordinates": [ [ -76.5390166, 3.4281106 ], [ -76.5389776, 3.4280769 ] ] } },
{ "type": "Feature", "properties": { "u": 11518927848, "v": 11519650181, "key": 0, "osmid": 1239880462, "highway": "footway", "name": null, "oneway": false, "reversed": false, "length": 73.716490034431743, "lanes": null, "maxspeed": null, "access": null }, "geometry": { "type": "LineString", "coordinates": [ [ -76.5390402, 3.4280453 ], [ -76.5393095, 3.4274393 ] ] } },
{ "type": "Feature", "properties": { "u": 11518927848, "v": 11518988470, "key": 0, "osmid": 1239880462, "highway": "footway", "name": null, "oneway": false, "reversed": true, "length": 4.1442074163083404, "lanes": null, "maxspeed": null, "access": null }, "geometry": { "type": "LineString", "coordinates": [ [ -76.5390402, 3.4280453 ], [ -76.5390109, 3.4280222 ] ] } },
{ "type": "Feature", "properties": { "u": 11518927849, "v": 11519650182, "key": 0, "osmid": 417092761, "highway": "secondary", "name": "Calle 6", "oneway": false, "reversed": false, "length": 74.115165097937293, "lanes": "2", "maxspeed": "30", "access": null }, "geometry": { "type": "LineString", "coordinates": [ [ -76.5390862, 3.4280711 ], [ -76.539356, 3.4274614 ] ] } },
{ "type": "Feature", "properties": { "u": 11518927849, "v": 2134316138, "key": 0, "osmid": 417092761, "highway": "secondary", "name": "Calle 6", "oneway": false, "reversed": true, "length": 8.7086054204087127, "lanes": "2", "maxspeed": "30", "access": null }, "geometry": { "type": "LineString", "coordinates": [ [ -76.5390862, 3.4280711 ], [ -76.5390533, 3.4281422 ] ] } },
{ "type": "Feature", "properties": { "u": 11518927850, "v": 11519650183, "key": 0, "osmid": 1239873890, "highway": "secondary", "name": "Calle 6", "oneway": false, "reversed": false, "length": 74.071197339041092, "lanes": "2", "maxspeed": "30", "access": null }, "geometry": { "type": "LineString", "coordinates": [ [ -76.5392367, 3.4281423 ], [ -76.5395062, 3.4275329 ] ] } },
{ "type": "Feature", "properties": { "u": 11518927850, "v": 4177163950, "key": 0, "osmid": 1239873890, "highway": "secondary", "name": "Calle 6", "oneway": false, "reversed": true, "length": 7.5510100351973861, "lanes": "2", "maxspeed": "30", "access": null }, "geometry": { "type": "LineString", "coordinates": [ [ -76.5392367, 3.4281423 ], [ -76.5392094, 3.4282045 ] ] } },
{ "type": "Feature", "properties": { "u": 11518927851, "v": 5514435469, "key": 0, "osmid": 1007494758, "highway": "residential", "name": "Carrera 32", "oneway": false, "reversed": false, "length": 8.0798838678837637, "lanes": "2", "maxspeed": null, "access": null }, "geometry": { "type": "LineString", "coordinates": [ [ -76.5384578, 3.4284916 ], [ -76.5384516, 3.428564 ] ] } },
{ "type": "Feature", "properties": { "u": 11518927852, "v": 9294780940, "key": 0, "osmid": 1007494758, "highway": "residential", "name": "Carrera 32", "oneway": false, "reversed": true, "length": 5.9696337640474502, "lanes": "2", "maxspeed": null, "access": null }, "geometry": { "type": "LineString", "coordinates": [ [ -76.5384075, 3.4283979 ], [ -76.538365, 3.428365 ] ] } },
{ "type": "Feature", "properties": { "u": 11518927853, "v": 2134320249, "key": 0, "osmid": 29647523, "highway": "secondary", "name": "Calle 7", "oneway": false, "reversed": false, "length": 4.6957627151681223, "lanes": "3", "maxspeed": null, "access": null }, "geometry": { "type": "LineString", "coordinates": [ [ -76.5385619, 3.428447 ], [ -76.5385273, 3.4284713 ] ] } },
{ "type": "Feature", "properties": { "u": 11518927853, "v": 4177203051, "key": 0, "osmid": 29647523, "highway": "secondary", "name": "Calle 7", "oneway": false, "reversed": true, "length": 6.1922591884483342, "lanes": "3", "maxspeed": null, "access": null }, "geometry": { "type": "LineString", "coordinates": [ [ -76.5385619, 3.428447 ], [ -76.5386117, 3.4284219 ] ] } },
{ "type": "Feature", "properties": { "u": 11518927854, "v": 4177163950, "key": 0, "osmid": 1007386439, "highway": "tertiary", "name": "Carrera 34", "oneway": false, "reversed": false, "length": 9.1903503690522736, "lanes": "2", "maxspeed": null, "access": null }, "geometry": { "type": "LineString", "coordinates": [ [ -76.5391297, 3.4281821 ], [ -76.5392094, 3.4282045 ] ] } },
{ "type": "Feature", "properties": { "u": 11518927854, "v": 2134316138, "key": 0, "osmid": 1007386439, "highway": "tertiary", "name": "Carrera 34", "oneway": false, "reversed": true, "length": 9.5705957218318165, "lanes": "2", "maxspeed": null, "access": null }, "geometry": { "type": "LineString", "coordinates": [ [ -76.5391297, 3.4281821 ], [ -76.5390533, 3.4281422 ] ] } },
{ "type": "Feature", "properties": { "u": 11518927855, "v": 11519650184, "key": 0, "osmid": 1239953520, "highway": "footway", "name": null, "oneway": false, "reversed": false, "length": 73.630607281105526, "lanes": null, "maxspeed": null, "access": null }, "geometry": { "type": "LineString", "coordinates": [ [ -76.5392808, 3.4281588 ], [ -76.5395459, 3.4275518 ] ] } },
{ "type": "Feature", "properties": { "u": 11518927858, "v": 4177163960, "key": 0, "osmid": 424934598, "highway": "tertiary", "name": "Carrera 34", "oneway": false, "reversed": false, "length": 24.629177401672106, "lanes": "2", "maxspeed": null, "access": null }, "geometry": { "type": "LineString", "coordinates": [ [ -76.5391523, 3.4284391 ], [ -76.5392949, 3.4286088 ] ] } },
{ "type": "Feature", "properties": { "u": 11518927858, "v": 2135157626, "key": 0, "osmid": 424934598, "highway": "tertiary", "name": "Carrera 34", "oneway": false, "reversed": true, "length": 16.401650878031504, "lanes": "2", "maxspeed": null, "access": null }, "geometry": { "type": "LineString", "coordinates": [ [ -76.5391523, 3.4284391 ], [ -76.5390508, 3.4283319 ] ] } },
{ "type": "Feature", "properties": { "u": 11518927860, "v": 2135157626, "key": 0, "osmid": 627019226, "highway": "secondary", "name": "Calle 6", "oneway": false, "reversed": false, "length": 14.121133898505825, "lanes": "4", "maxspeed": "30", "access": null }, "geometry": { "type": "LineString", "coordinates": [ [ -76.5390459, 3.4284588 ], [ -76.5390508, 3.4283319 ] ] } },
{ "type": "Feature", "properties": { "u": 11518927860, "v": 4177163964, "key": 0, "osmid": 627019226, "highway": "secondary", "name": "Calle 6", "oneway": false, "reversed": true, "length": 29.733313921348994, "lanes": "4", "maxspeed": "30", "access": null }, "geometry": { "type": "LineString", "coordinates": [ [ -76.5390459, 3.4284588 ], [ -76.5390356, 3.428726 ] ] } },
{ "type": "Feature", "properties": { "u": 11518927861, "v": 11518927845, "key": 0, "osmid": 1239873884, "highway": "footway", "name": null, "oneway": false, "reversed": false, "length": 10.726423107637981, "lanes": null, "maxspeed": null, "access": null }, "geometry": { "type": "LineString", "coordinates": [ [ -76.5389438, 3.4284479 ], [ -76.5388472, 3.4284452 ] ] } },
{ "type": "Feature", "properties": { "u": 11518927862, "v": 9334380361, "key": 0, "osmid": 1239873887, "highway": "service", "name": null, "oneway": false, "reversed": false, "length": 7.2407287482394658, "lanes": null, "maxspeed": null, "access": null }, "geometry": { "type": "LineString", "coordinates": [ [ -76.5388016, 3.4289432 ], [ -76.5387368, 3.4289357 ] ] } },
{ "type": "Feature", "properties": { "u": 11518927862, "v": 11518927863, "key": 0, "osmid": 1239873888, "highway": "service", "name": null, "oneway": false, "reversed": true, "length": 9.4409779875227411, "lanes": null, "maxspeed": null, "access": null }, "geometry": { "type": "LineString", "coordinates": [ [ -76.5388016, 3.4289432 ], [ -76.5388861, 3.4289529 ] ] } },
{ "type": "Feature", "properties": { "u": 11518927863, "v": 9334380362, "key": 0, "osmid": 1011714058, "highway": "service", "name": null, "oneway": false, "reversed": true, "length": 3.4297301118804953, "lanes": null, "maxspeed": null, "access": null }, "geometry": { "type": "LineString", "coordinates": [ [ -76.5388861, 3.4289529 ], [ -76.5389168, 3.4289564 ] ] } },
{ "type": "Feature", "properties": { "u": 11518927863, "v": 11518927862, "key": 0, "osmid": 1239873888, "highway": "service", "name": null, "oneway": false, "reversed": false, "length": 9.4409779875227411, "lanes": null, "maxspeed": null, "access": null }, "geometry": { "type": "LineString", "coordinates": [ [ -76.5388861, 3.4289529 ], [ -76.5388016, 3.4289432 ] ] } },
{ "type": "Feature", "properties": { "u": 11518927864, "v": 11518927873, "key": 0, "osmid": 1239873889, "highway": "footway", "name": null, "oneway": false, "reversed": false, "length": 59.143134521715744, "lanes": null, "maxspeed": null, "access": null }, "geometry": { "type": "LineString", "coordinates": [ [ -76.5378106, 3.4281122 ], [ -76.5383192, 3.4282708 ] ] } },
{ "type": "Feature", "properties": { "u": 11518927864, "v": 11518927865, "key": 0, "osmid": 1239873889, "highway": "footway", "name": null, "oneway": false, "reversed": true, "length": 111.53827033332983, "lanes": null, "maxspeed": null, "access": null }, "geometry": { "type": "LineString", "coordinates": [ [ -76.5378106, 3.4281122 ], [ -76.5380677, 3.4271425 ] ] } },
{ "type": "Feature", "properties": { "u": 11518927864, "v": 11577260913, "key": 0, "osmid": 1245332383, "highway": "footway", "name": null, "oneway": false, "reversed": true, "length": 6.688751494996855, "lanes": null, "maxspeed": null, "access": null }, "geometry": { "type": "LineString", "coordinates": [ [ -76.5378106, 3.4281122 ], [ -76.5377929, 3.4281697 ] ] } },
{ "type": "Feature", "properties": { "u": 11518927865, "v": 11518927864, "key": 0, "osmid": 1239873889, "highway": "footway", "name": null, "oneway": false, "reversed": false, "length": 111.53827033332983, "lanes": null, "maxspeed": null, "access": null }, "geometry": { "type": "LineString", "coordinates": [ [ -76.5380677, 3.4271425 ], [ -76.5378106, 3.4281122 ] ] } },
{ "type": "Feature", "properties": { "u": 11518927865, "v": 11518927866, "key": 0, "osmid": 1239873889, "highway": "footway", "name": null, "oneway": false, "reversed": true, "length": 137.75493423653359, "lanes": null, "maxspeed": null, "access": null }, "geometry": { "type": "LineString", "coordinates": [ [ -76.5380677, 3.4271425 ], [ -76.5388299, 3.4281202 ] ] } },
{ "type": "Feature", "properties": { "u": 11518927865, "v": 9973324277, "key": 0, "osmid": 1239880461, "highway": "footway", "name": null, "oneway": false, "reversed": false, "length": 6.4993704790673661, "lanes": null, "maxspeed": null, "access": null }, "geometry": { "type": "LineString", "coordinates": [ [ -76.5380677, 3.4271425 ], [ -76.5380333, 3.4270952 ] ] } },
{ "type": "Feature", "properties": { "u": 11518927865, "v": 11518862165, "key": 0, "osmid": 1239880461, "highway": "footway", "name": null, "oneway": false, "reversed": true, "length": 4.9379448521125564, "lanes": null, "maxspeed": null, "access": null }, "geometry": { "type": "LineString", "coordinates": [ [ -76.5380677, 3.4271425 ], [ -76.5380806, 3.4271 ] ] } },
{ "type": "Feature", "properties": { "u": 11518927866, "v": 11518927865, "key": 0, "osmid": 1239873889, "highway": "footway", "name": null, "oneway": false, "reversed": false, "length": 137.75493423653359, "lanes": null, "maxspeed": null, "access": null }, "geometry": { "type": "LineString", "coordinates": [ [ -76.5388299, 3.4281202 ], [ -76.5380677, 3.4271425 ] ] } },
{ "type": "Feature", "properties": { "u": 11518927866, "v": 11518927867, "key": 0, "osmid": 1239873889, "highway": "footway", "name": null, "oneway": false, "reversed": true, "length": 6.6486713306395693, "lanes": null, "maxspeed": null, "access": null }, "geometry": { "type": "LineString", "coordinates": [ [ -76.5388299, 3.4281202 ], [ -76.5388413, 3.4281789 ] ] } },
{ "type": "Feature", "properties": { "u": 11518927867, "v": 11518927866, "key": 0, "osmid": 1239873889, "highway": "footway", "name": null, "oneway": false, "reversed": false, "length": 6.6486713306395693, "lanes": null, "maxspeed": null, "access": null }, "geometry": { "type": "LineString", "coordinates": [ [ -76.5388413, 3.4281789 ], [ -76.5388299, 3.4281202 ] ] } },
{ "type": "Feature", "properties": { "u": 11518927867, "v": 11518927868, "key": 0, "osmid": 1239873889, "highway": "footway", "name": null, "oneway": false, "reversed": true, "length": 4.5679362847488463, "lanes": null, "maxspeed": null, "access": null }, "geometry": { "type": "LineString", "coordinates": [ [ -76.5388413, 3.4281789 ], [ -76.5388365, 3.4282197 ] ] } },
{ "type": "Feature", "properties": { "u": 11518927868, "v": 11518927867, "key": 0, "osmid": 1239873889, "highway": "footway", "name": null, "oneway": false, "reversed": false, "length": 4.5679362847488463, "lanes": null, "maxspeed": null, "access": null }, "geometry": { "type": "LineString", "coordinates": [ [ -76.5388365, 3.4282197 ], [ -76.5388413, 3.4281789 ] ] } },
{ "type": "Feature", "properties": { "u": 11518927868, "v": 11518927869, "key": 0, "osmid": 1239873889, "highway": "footway", "name": null, "oneway": false, "reversed": true, "length": 6.7553728522661087, "lanes": null, "maxspeed": null, "access": null }, "geometry": { "type": "LineString", "coordinates": [ [ -76.5388365, 3.4282197 ], [ -76.5388113, 3.428275 ] ] } },
{ "type": "Feature", "properties": { "u": 11518927869, "v": 11518927868, "key": 0, "osmid": 1239873889, "highway": "footway", "name": null, "oneway": false, "reversed": false, "length": 6.7553728522661087, "lanes": null, "maxspeed": null, "access": null }, "geometry": { "type": "LineString", "coordinates": [ [ -76.5388113, 3.428275 ], [ -76.5388365, 3.4282197 ] ] } },
{ "type": "Feature", "properties": { "u": 11518927869, "v": 11518927870, "key": 0, "osmid": 1239873889, "highway": "footway", "name": null, "oneway": false, "reversed": true, "length": 7.1584517503340797, "lanes": null, "maxspeed": null, "access": null }, "geometry": { "type": "LineString", "coordinates": [ [ -76.5388113, 3.428275 ], [ -76.5387646, 3.4283194 ] ] } },
{ "type": "Feature", "properties": { "u": 11518927870, "v": 11518927869, "key": 0, "osmid": 1239873889, "highway": "footway", "name": null, "oneway": false, "reversed": false, "length": 7.1584517503340797, "lanes": null, "maxspeed": null, "access": null }, "geometry": { "type": "LineString", "coordinates": [ [ -76.5387646, 3.4283194 ], [ -76.5388113, 3.428275 ] ] } },
{ "type": "Feature", "properties": { "u": 11518927870, "v": 11518927871, "key": 0, "osmid": 1239873889, "highway": "footway", "name": null, "oneway": false, "reversed": true, "length": 8.4295075649369817, "lanes": null, "maxspeed": null, "access": null }, "geometry": { "type": "LineString", "coordinates": [ [ -76.5387646, 3.4283194 ], [ -76.5386928, 3.4283441 ] ] } },
{ "type": "Feature", "properties": { "u": 11518927871, "v": 11518927870, "key": 0, "osmid": 1239873889, "highway": "footway", "name": null, "oneway": false, "reversed": false, "length": 8.4295075649369817, "lanes": null, "maxspeed": null, "access": null }, "geometry": { "type": "LineString", "coordinates": [ [ -76.5386928, 3.4283441 ], [ -76.5387646, 3.4283194 ] ] } },
{ "type": "Feature", "properties": { "u": 11518927871, "v": 11518927872, "key": 0, "osmid": 1239873889, "highway": "footway", "name": null, "oneway": false, "reversed": true, "length": 14.522514388989768, "lanes": null, "maxspeed": null, "access": null }, "geometry": { "type": "LineString", "coordinates": [ [ -76.5386928, 3.4283441 ], [ -76.5385645, 3.4283185 ] ] } },
{ "type": "Feature", "properties": { "u": 11518927872, "v": 11518927871, "key": 0, "osmid": 1239873889, "highway": "footway", "name": null, "oneway": false, "reversed": false, "length": 14.522514388989768, "lanes": null, "maxspeed": null, "access": null }, "geometry": { "type": "LineString", "coordinates": [ [ -76.5385645, 3.4283185 ], [ -76.5386928, 3.4283441 ] ] } },
{ "type": "Feature", "properties": { "u": 11518927872, "v": 11518927873, "key": 0, "osmid": 1239873889, "highway": "footway", "name": null, "oneway": false, "reversed": true, "length": 27.739152473271957, "lanes": null, "maxspeed": null, "access": null }, "geometry": { "type": "LineString", "coordinates": [ [ -76.5385645, 3.4283185 ], [ -76.5383192, 3.4282708 ] ] } },
{ "type": "Feature", "properties": { "u": 11518927873, "v": 11518927872, "key": 0, "osmid": 1239873889, "highway": "footway", "name": null, "oneway": false, "reversed": false, "length": 27.739152473271957, "lanes": null, "maxspeed": null, "access": null }, "geometry": { "type": "LineString", "coordinates": [ [ -76.5383192, 3.4282708 ], [ -76.5385645, 3.4283185 ] ] } },
{ "type": "Feature", "properties": { "u": 11518927873, "v": 11518927864, "key": 0, "osmid": 1239873889, "highway": "footway", "name": null, "oneway": false, "reversed": true, "length": 59.143134521715744, "lanes": null, "maxspeed": null, "access": null }, "geometry": { "type": "LineString", "coordinates": [ [ -76.5383192, 3.4282708 ], [ -76.5378106, 3.4281122 ] ] } },
{ "type": "Feature", "properties": { "u": 11518927873, "v": 11518927838, "key": 0, "osmid": 1245332380, "highway": "footway", "name": null, "oneway": false, "reversed": false, "length": 6.781690357334468, "lanes": null, "maxspeed": null, "access": null }, "geometry": { "type": "LineString", "coordinates": [ [ -76.5383192, 3.4282708 ], [ -76.538298, 3.428328 ] ] } },
{ "type": "Feature", "properties": { "u": 11518988469, "v": 9973324278, "key": 0, "osmid": 1088610898, "highway": "footway", "name": null, "oneway": false, "reversed": false, "length": 46.488367743341811, "lanes": null, "maxspeed": null, "access": null }, "geometry": { "type": "LineString", "coordinates": [ [ -76.5380068, 3.4270567 ], [ -76.5377695, 3.4267122 ] ] } },
{ "type": "Feature", "properties": { "u": 11518988469, "v": 9973324277, "key": 0, "osmid": 1239880461, "highway": "footway", "name": null, "oneway": false, "reversed": true, "length": 5.1941204947265556, "lanes": null, "maxspeed": null, "access": null }, "geometry": { "type": "LineString", "coordinates": [ [ -76.5380068, 3.4270567 ], [ -76.5380333, 3.4270952 ] ] } },
{ "type": "Feature", "properties": { "u": 11518988469, "v": 11518862168, "key": 0, "osmid": 1239880464, "highway": "footway", "name": null, "oneway": false, "reversed": false, "length": 4.6579757912875062, "lanes": null, "maxspeed": null, "access": null }, "geometry": { "type": "LineString", "coordinates": [ [ -76.5380068, 3.4270567 ], [ -76.5380186, 3.4270165 ] ] } },
{ "type": "Feature", "properties": { "u": 11518988469, "v": 11577260912, "key": 0, "osmid": 1245332382, "highway": "footway", "name": null, "oneway": false, "reversed": false, "length": 48.158325523020068, "lanes": null, "maxspeed": null, "access": null }, "geometry": { "type": "LineString", "coordinates": [ [ -76.5380068, 3.4270567 ], [ -76.5378837, 3.427472 ] ] } },
{ "type": "Feature", "properties": { "u": 11518988470, "v": 11518927848, "key": 0, "osmid": 1239880462, "highway": "footway", "name": null, "oneway": false, "reversed": false, "length": 4.1442074163083404, "lanes": null, "maxspeed": null, "access": null }, "geometry": { "type": "LineString", "coordinates": [ [ -76.5390109, 3.4280222 ], [ -76.5390402, 3.4280453 ] ] } },
{ "type": "Feature", "properties": { "u": 11518988470, "v": 11518988471, "key": 0, "osmid": 1239880462, "highway": "footway", "name": null, "oneway": false, "reversed": true, "length": 75.373560544023178, "lanes": null, "maxspeed": null, "access": null }, "geometry": { "type": "LineString", "coordinates": [ [ -76.5390109, 3.4280222 ], [ -76.5385934, 3.4274876 ] ] } },
{ "type": "Feature", "properties": { "u": 11518988471, "v": 2135158097, "key": 0, "osmid": 417099310, "highway": "residential", "name": "Calle 7", "oneway": false, "reversed": false, "length": 6.4212131896674309, "lanes": null, "maxspeed": null, "access": null }, "geometry": { "type": "LineString", "coordinates": [ [ -76.5385934, 3.4274876 ], [ -76.5385729, 3.4275416 ] ] } },
{ "type": "Feature", "properties": { "u": 11518988471, "v": 4179766548, "key": 0, "osmid": 417099310, "highway": "residential", "name": "Calle 7", "oneway": false, "reversed": true, "length": 52.394803674238602, "lanes": null, "maxspeed": null, "access": null }, "geometry": { "type": "LineString", "coordinates": [ [ -76.5385934, 3.4274876 ], [ -76.5387594, 3.4270465 ] ] } },
{ "type": "Feature", "properties": { "u": 11518988471, "v": 11518988470, "key": 0, "osmid": 1239880462, "highway": "footway", "name": null, "oneway": false, "reversed": false, "length": 75.373560544023178, "lanes": null, "maxspeed": null, "access": null }, "geometry": { "type": "LineString", "coordinates": [ [ -76.5385934, 3.4274876 ], [ -76.5390109, 3.4280222 ] ] } },
{ "type": "Feature", "properties": { "u": 11518988471, "v": 11518862163, "key": 0, "osmid": 1239880462, "highway": "footway", "name": null, "oneway": false, "reversed": true, "length": 81.390773296415517, "lanes": null, "maxspeed": null, "access": null }, "geometry": { "type": "LineString", "coordinates": [ [ -76.5385934, 3.4274876 ], [ -76.538137, 3.4269147 ] ] } },
{ "type": "Feature", "properties": { "u": 11518988472, "v": 4177199629, "key": 0, "osmid": 417099317, "highway": "residential", "name": "Calle 8", "oneway": false, "reversed": false, "length": 28.505166764305613, "lanes": "2", "maxspeed": "30", "access": null }, "geometry": { "type": "LineString", "coordinates": [ [ -76.5381008, 3.4268705 ], [ -76.5381829, 3.4266276 ] ] } },
{ "type": "Feature", "properties": { "u": 11518988472, "v": 1960916120, "key": 0, "osmid": 417099317, "highway": "residential", "name": "Calle 8", "oneway": false, "reversed": true, "length": 5.3559671934350241, "lanes": "2", "maxspeed": "30", "access": null }, "geometry": { "type": "LineString", "coordinates": [ [ -76.5381008, 3.4268705 ], [ -76.5380844, 3.4269158 ] ] } },
{ "type": "Feature", "properties": { "u": 11518988472, "v": 11518862163, "key": 0, "osmid": 1239880463, "highway": "footway", "name": null, "oneway": false, "reversed": false, "length": 6.3482535864828362, "lanes": null, "maxspeed": null, "access": null }, "geometry": { "type": "LineString", "coordinates": [ [ -76.5381008, 3.4268705 ], [ -76.538137, 3.4269147 ] ] } },
{ "type": "Feature", "properties": { "u": 11518988472, "v": 11518862166, "key": 0, "osmid": 1239880463, "highway": "footway", "name": null, "oneway": false, "reversed": true, "length": 4.758362006040711, "lanes": null, "maxspeed": null, "access": null }, "geometry": { "type": "LineString", "coordinates": [ [ -76.5381008, 3.4268705 ], [ -76.538074, 3.4268371 ] ] } },
{ "type": "Feature", "properties": { "u": 11518988473, "v": 11518862166, "key": 0, "osmid": 1239903486, "highway": "footway", "name": null, "oneway": false, "reversed": false, "length": 55.931283401896884, "lanes": null, "maxspeed": null, "access": null }, "geometry": { "type": "LineString", "coordinates": [ [ -76.5377811, 3.4264278 ], [ -76.538074, 3.4268371 ] ] } },
{ "type": "Feature", "properties": { "u": 11518988473, "v": 11518988474, "key": 0, "osmid": 1239903486, "highway": "footway", "name": null, "oneway": false, "reversed": true, "length": 13.067885426228433, "lanes": null, "maxspeed": null, "access": null }, "geometry": { "type": "LineString", "coordinates": [ [ -76.5377811, 3.4264278 ], [ -76.5377221, 3.4263261 ] ] } },
{ "type": "Feature", "properties": { "u": 11518988474, "v": 11518988473, "key": 0, "osmid": 1239903486, "highway": "footway", "name": null, "oneway": false, "reversed": false, "length": 13.067885426228433, "lanes": null, "maxspeed": null, "access": null }, "geometry": { "type": "LineString", "coordinates": [ [ -76.5377221, 3.4263261 ], [ -76.5377811, 3.4264278 ] ] } },
{ "type": "Feature", "properties": { "u": 11518988474, "v": 11518988475, "key": 0, "osmid": 1239903486, "highway": "footway", "name": null, "oneway": false, "reversed": true, "length": 8.3058094940475069, "lanes": null, "maxspeed": null, "access": null }, "geometry": { "type": "LineString", "coordinates": [ [ -76.5377221, 3.4263261 ], [ -76.5377033, 3.4262538 ] ] } },
{ "type": "Feature", "properties": { "u": 11518988475, "v": 11518988474, "key": 0, "osmid": 1239903486, "highway": "footway", "name": null, "oneway": false, "reversed": false, "length": 8.3058094940475069, "lanes": null, "maxspeed": null, "access": null }, "geometry": { "type": "LineString", "coordinates": [ [ -76.5377033, 3.4262538 ], [ -76.5377221, 3.4263261 ] ] } },
{ "type": "Feature", "properties": { "u": 11518988475, "v": 11518988476, "key": 0, "osmid": 1239903486, "highway": "footway", "name": null, "oneway": false, "reversed": true, "length": 9.8696717581063176, "lanes": null, "maxspeed": null, "access": null }, "geometry": { "type": "LineString", "coordinates": [ [ -76.5377033, 3.4262538 ], [ -76.5377113, 3.4261654 ] ] } },
{ "type": "Feature", "properties": { "u": 11518988476, "v": 11518988475, "key": 0, "osmid": 1239903486, "highway": "footway", "name": null, "oneway": false, "reversed": false, "length": 9.8696717581063176, "lanes": null, "maxspeed": null, "access": null }, "geometry": { "type": "LineString", "coordinates": [ [ -76.5377113, 3.4261654 ], [ -76.5377033, 3.4262538 ] ] } },
{ "type": "Feature", "properties": { "u": 11518988476, "v": 11519176308, "key": 0, "osmid": 1239903486, "highway": "footway", "name": null, "oneway": false, "reversed": true, "length": 60.163992075438905, "lanes": null, "maxspeed": null, "access": null }, "geometry": { "type": "LineString", "coordinates": [ [ -76.5377113, 3.4261654 ], [ -76.5378848, 3.4256528 ] ] } },
{ "type": "Feature", "properties": { "u": 11518988477, "v": 11519176293, "key": 0, "osmid": 417094144, "highway": "secondary", "name": "Carrera 36", "oneway": false, "reversed": false, "length": 15.501404220134328, "lanes": "3", "maxspeed": null, "access": null }, "geometry": { "type": "LineString", "coordinates": [ [ -76.5379086, 3.4255812 ], [ -76.5377773, 3.4255337 ] ] } },
{ "type": "Feature", "properties": { "u": 11518988477, "v": 4177145930, "key": 0, "osmid": 417094144, "highway": "secondary", "name": "Carrera 36", "oneway": false, "reversed": true, "length": 27.947377770578417, "lanes": "3", "maxspeed": null, "access": null }, "geometry": { "type": "LineString", "coordinates": [ [ -76.5379086, 3.4255812 ], [ -76.5381405, 3.4256791 ] ] } },
{ "type": "Feature", "properties": { "u": 11518988477, "v": 11519176308, "key": 0, "osmid": 1239905922, "highway": "footway", "name": null, "oneway": false, "reversed": false, "length": 8.3883979218635343, "lanes": null, "maxspeed": null, "access": null }, "geometry": { "type": "LineString", "coordinates": [ [ -76.5379086, 3.4255812 ], [ -76.5378848, 3.4256528 ] ] } },
{ "type": "Feature", "properties": { "u": 11518988477, "v": 11519176294, "key": 0, "osmid": 1239905922, "highway": "footway", "name": null, "oneway": false, "reversed": true, "length": 7.1571996594898701, "lanes": null, "maxspeed": null, "access": null }, "geometry": { "type": "LineString", "coordinates": [ [ -76.5379086, 3.4255812 ], [ -76.5379273, 3.4255196 ] ] } },
{ "type": "Feature", "properties": { "u": 11518988478, "v": 2588585006, "key": 0, "osmid": 203421387, "highway": "tertiary", "name": "Carrera 34", "oneway": false, "reversed": false, "length": 9.4449759353560463, "lanes": "2", "maxspeed": null, "access": null }, "geometry": { "type": "LineString", "coordinates": [ [ -76.5376579, 3.4261813 ], [ -76.5376643, 3.426266 ] ] } },
{ "type": "Feature", "properties": { "u": 11518988478, "v": 2588584995, "key": 0, "osmid": 203421387, "highway": "tertiary", "name": "Carrera 34", "oneway": false, "reversed": true, "length": 16.085233842684861, "lanes": "2", "maxspeed": null, "access": null }, "geometry": { "type": "LineString", "coordinates": [ [ -76.5376579, 3.4261813 ], [ -76.5376845, 3.4260391 ] ] } },
{ "type": "Feature", "properties": { "u": 11519176293, "v": 11518988477, "key": 0, "osmid": 417094144, "highway": "secondary", "name": "Carrera 36", "oneway": false, "reversed": true, "length": 15.501404220134328, "lanes": "3", "maxspeed": null, "access": null }, "geometry": { "type": "LineString", "coordinates": [ [ -76.5377773, 3.4255337 ], [ -76.5379086, 3.4255812 ] ] } },
{ "type": "Feature", "properties": { "u": 11519176293, "v": 2588584979, "key": 0, "osmid": 572441270, "highway": "secondary", "name": "Calle 9", "oneway": false, "reversed": false, "length": 8.7999020530254839, "lanes": "4", "maxspeed": "30", "access": "yes" }, "geometry": { "type": "LineString", "coordinates": [ [ -76.5377773, 3.4255337 ], [ -76.5377517, 3.4256086 ] ] } },
{ "type": "Feature", "properties": { "u": 11519176293, "v": 2588584961, "key": 0, "osmid": 572441270, "highway": "secondary", "name": "Calle 9", "oneway": false, "reversed": true, "length": 7.2325580897546287, "lanes": "4", "maxspeed": "30", "access": "yes" }, "geometry": { "type": "LineString", "coordinates": [ [ -76.5377773, 3.4255337 ], [ -76.537797, 3.4254717 ] ] } },
{ "type": "Feature", "properties": { "u": 11519176294, "v": 4177145929, "key": 0, "osmid": 1239903485, "highway": "footway", "name": null, "oneway": false, "reversed": true, "length": 17.489456728280956, "lanes": null, "maxspeed": null, "access": null }, "geometry": { "type": "LineString", "coordinates": [ [ -76.5379273, 3.4255196 ], [ -76.5380715, 3.425583 ] ] } },
{ "type": "Feature", "properties": { "u": 11519176294, "v": 11518988477, "key": 0, "osmid": 1239905922, "highway": "footway", "name": null, "oneway": false, "reversed": false, "length": 7.1571996594898701, "lanes": null, "maxspeed": null, "access": null }, "geometry": { "type": "LineString", "coordinates": [ [ -76.5379273, 3.4255196 ], [ -76.5379086, 3.4255812 ] ] } },
{ "type": "Feature", "properties": { "u": 11519176294, "v": 11522498907, "key": 0, "osmid": 1239905922, "highway": "footway", "name": null, "oneway": false, "reversed": true, "length": 5.240549612913636, "lanes": null, "maxspeed": null, "access": null }, "geometry": { "type": "LineString", "coordinates": [ [ -76.5379273, 3.4255196 ], [ -76.537883, 3.4255033 ] ] } },
{ "type": "Feature", "properties": { "u": 11519176295, "v": 11519176311, "key": 0, "osmid": 1239903487, "highway": "footway", "name": null, "oneway": false, "reversed": true, "length": 5.8841324120530007, "lanes": null, "maxspeed": null, "access": null }, "geometry": { "type": "LineString", "coordinates": [ [ -76.5396546, 3.4266979 ], [ -76.5396886, 3.4267385 ] ] } },
{ "type": "Feature", "properties": { "u": 11519176295, "v": 11519176296, "key": 0, "osmid": 1239903491, "highway": "footway", "name": null, "oneway": false, "reversed": true, "length": 7.1284614857957811, "lanes": null, "maxspeed": null, "access": null }, "geometry": { "type": "LineString", "coordinates": [ [ -76.5396546, 3.4266979 ], [ -76.539626, 3.4267553 ] ] } },
{ "type": "Feature", "properties": { "u": 11519176295, "v": 11519176310, "key": 0, "osmid": 1239903494, "highway": "footway", "name": null, "oneway": false, "reversed": false, "length": 92.017312849923428, "lanes": null, "maxspeed": null, "access": null }, "geometry": { "type": "LineString", "coordinates": [ [ -76.5396546, 3.4266979 ], [ -76.5391325, 3.4260551 ] ] } },
{ "type": "Feature", "properties": { "u": 11519176295, "v": 11521911130, "key": 0, "osmid": 1240163029, "highway": "footway", "name": null, "oneway": false, "reversed": false, "length": 88.234766241013901, "lanes": null, "maxspeed": null, "access": null }, "geometry": { "type": "LineString", "coordinates": [ [ -76.5396546, 3.4266979 ], [ -76.5399741, 3.4259713 ] ] } },
{ "type": "Feature", "properties": { "u": 11519176296, "v": 300168017, "key": 0, "osmid": 173519386, "highway": "secondary", "name": "Carrera 36", "oneway": false, "reversed": false, "length": 91.323853176532992, "lanes": "3", "maxspeed": null, "access": null }, "geometry": { "type": "LineString", "coordinates": [ [ -76.539626, 3.4267553 ], [ -76.5391095, 3.426116 ] ] } },
{ "type": "Feature", "properties": { "u": 11519176296, "v": 1969278734, "key": 0, "osmid": 173519386, "highway": "secondary", "name": "Carrera 36", "oneway": false, "reversed": true, "length": 6.7589537671251758, "lanes": "3", "maxspeed": null, "access": null }, "geometry": { "type": "LineString", "coordinates": [ [ -76.539626, 3.4267553 ], [ -76.5396612, 3.4268049 ] ] } },
{ "type": "Feature", "properties": { "u": 11519176296, "v": 11519176295, "key": 0, "osmid": 1239903491, "highway": "footway", "name": null, "oneway": false, "reversed": false, "length": 7.1284614857957811, "lanes": null, "maxspeed": null, "access": null }, "geometry": { "type": "LineString", "coordinates": [ [ -76.539626, 3.4267553 ], [ -76.5396546, 3.4266979 ] ] } },
{ "type": "Feature", "properties": { "u": 11519176296, "v": 11519176316, "key": 0, "osmid": 1239903491, "highway": "footway", "name": null, "oneway": false, "reversed": true, "length": 9.2976775837869763, "lanes": null, "maxspeed": null, "access": null }, "geometry": { "type": "LineString", "coordinates": [ [ -76.539626, 3.4267553 ], [ -76.53959, 3.4268308 ] ] } },
{ "type": "Feature", "properties": { "u": 11519176297, "v": 11519650187, "key": 0, "osmid": 1239903490, "highway": "footway", "name": null, "oneway": false, "reversed": false, "length": 3.9188140564026757, "lanes": null, "maxspeed": null, "access": null }, "geometry": { "type": "LineString", "coordinates": [ [ -76.539785, 3.4270814 ], [ -76.5397633, 3.4270536 ] ] } },
{ "type": "Feature", "properties": { "u": 11519176297, "v": 11519176298, "key": 0, "osmid": 1239903492, "highway": "footway", "name": null, "oneway": false, "reversed": true, "length": 8.8953120128603622, "lanes": null, "maxspeed": null, "access": null }, "geometry": { "type": "LineString", "coordinates": [ [ -76.539785, 3.4270814 ], [ -76.5398193, 3.4270091 ] ] } },
{ "type": "Feature", "properties": { "u": 11519176297, "v": 11519176318, "key": 0, "osmid": 1239903493, "highway": "footway", "name": null, "oneway": false, "reversed": true, "length": 84.24069411974142, "lanes": null, "maxspeed": null, "access": null }, "geometry": { "type": "LineString", "coordinates": [ [ -76.539785, 3.4270814 ], [ -76.5402548, 3.4276764 ] ] } },
{ "type": "Feature", "properties": { "u": 11519176298, "v": 1236848052, "key": 0, "osmid": 444825139, "highway": "tertiary", "name": "Carrera 36", "oneway": false, "reversed": false, "length": 9.4359536301164262, "lanes": "2", "maxspeed": null, "access": null }, "geometry": { "type": "LineString", "coordinates": [ [ -76.5398193, 3.4270091 ], [ -76.539767, 3.4269422 ] ] } },
{ "type": "Feature", "properties": { "u": 11519176298, "v": 300167425, "key": 0, "osmid": 444825139, "highway": "tertiary", "name": "Carrera 36", "oneway": false, "reversed": true, "length": 88.339222017473134, "lanes": "2", "maxspeed": null, "access": null }, "geometry": { "type": "LineString", "coordinates": [ [ -76.5398193, 3.4270091 ], [ -76.540311, 3.4276338 ] ] } },
{ "type": "Feature", "properties": { "u": 11519176298, "v": 11519176297, "key": 0, "osmid": 1239903492, "highway": "footway", "name": null, "oneway": false, "reversed": false, "length": 8.8953120128603622, "lanes": null, "maxspeed": null, "access": null }, "geometry": { "type": "LineString", "coordinates": [ [ -76.5398193, 3.4270091 ], [ -76.539785, 3.4270814 ] ] } },
{ "type": "Feature", "properties": { "u": 11519176298, "v": 11519176340, "key": 0, "osmid": 1239903492, "highway": "footway", "name": null, "oneway": false, "reversed": true, "length": 8.726681959740592, "lanes": null, "maxspeed": null, "access": null }, "geometry": { "type": "LineString", "coordinates": [ [ -76.5398193, 3.4270091 ], [ -76.5398528, 3.4269381 ] ] } },
{ "type": "Feature", "properties": { "u": 11519176299, "v": 11519176307, "key": 0, "osmid": 417092758, "highway": "footway", "name": null, "oneway": false, "reversed": false, "length": 76.121270497419701, "lanes": null, "maxspeed": null, "access": null }, "geometry": { "type": "LineString", "coordinates": [ [ -76.5391074, 3.4252979 ], [ -76.5388737, 3.4259415 ] ] } },
{ "type": "Feature", "properties": { "u": 11519176299, "v": 11519176300, "key": 0, "osmid": 1239903494, "highway": "footway", "name": null, "oneway": false, "reversed": true, "length": 97.712263846721925, "lanes": null, "maxspeed": null, "access": null }, "geometry": { "type": "LineString", "coordinates": [ [ -76.5391074, 3.4252979 ], [ -76.5382317, 3.4253878 ] ] } },
{ "type": "Feature", "properties": { "u": 11519176300, "v": 11519176299, "key": 0, "osmid": 1239903494, "highway": "footway", "name": null, "oneway": false, "reversed": false, "length": 97.712263846721925, "lanes": null, "maxspeed": null, "access": null }, "geometry": { "type": "LineString", "coordinates": [ [ -76.5382317, 3.4253878 ], [ -76.5391074, 3.4252979 ] ] } },
{ "type": "Feature", "properties": { "u": 11519176300, "v": 11519176301, "key": 0, "osmid": 1239903494, "highway": "footway", "name": null, "oneway": false, "reversed": true, "length": 5.9718292616152988, "lanes": null, "maxspeed": null, "access": null }, "geometry": { "type": "LineString", "coordinates": [ [ -76.5382317, 3.4253878 ], [ -76.5381808, 3.4254052 ] ] } },
{ "type": "Feature", "properties": { "u": 11519176301, "v": 11519176300, "key": 0, "osmid": 1239903494, "highway": "footway", "name": null, "oneway": false, "reversed": false, "length": 5.9718292616152988, "lanes": null, "maxspeed": null, "access": null }, "geometry": { "type": "LineString", "coordinates": [ [ -76.5381808, 3.4254052 ], [ -76.5382317, 3.4253878 ] ] } },
{ "type": "Feature", "properties": { "u": 11519176301, "v": 11519176302, "key": 0, "osmid": 1239903494, "highway": "footway", "name": null, "oneway": false, "reversed": true, "length": 6.3556612572045159, "lanes": null, "maxspeed": null, "access": null }, "geometry": { "type": "LineString", "coordinates": [ [ -76.5381808, 3.4254052 ], [ -76.5381398, 3.4254451 ] ] } },
{ "type": "Feature", "properties": { "u": 11519176302, "v": 11519176301, "key": 0, "osmid": 1239903494, "highway": "footway", "name": null, "oneway": false, "reversed": false, "length": 6.3556612572045159, "lanes": null, "maxspeed": null, "access": null }, "geometry": { "type": "LineString", "coordinates": [ [ -76.5381398, 3.4254451 ], [ -76.5381808, 3.4254052 ] ] } },
{ "type": "Feature", "properties": { "u": 11519176302, "v": 11519176303, "key": 0, "osmid": 1239903494, "highway": "footway", "name": null, "oneway": false, "reversed": true, "length": 3.8997766259182405, "lanes": null, "maxspeed": null, "access": null }, "geometry": { "type": "LineString", "coordinates": [ [ -76.5381398, 3.4254451 ], [ -76.5381252, 3.425477 ] ] } },
{ "type": "Feature", "properties": { "u": 11519176303, "v": 11519176302, "key": 0, "osmid": 1239903494, "highway": "footway", "name": null, "oneway": false, "reversed": false, "length": 3.8997766259182405, "lanes": null, "maxspeed": null, "access": null }, "geometry": { "type": "LineString", "coordinates": [ [ -76.5381252, 3.425477 ], [ -76.5381398, 3.4254451 ] ] } },
{ "type": "Feature", "properties": { "u": 11519176303, "v": 11519176304, "key": 0, "osmid": 1239903494, "highway": "footway", "name": null, "oneway": false, "reversed": true, "length": 4.8368674566217198, "lanes": null, "maxspeed": null, "access": null }, "geometry": { "type": "LineString", "coordinates": [ [ -76.5381252, 3.425477 ], [ -76.5381201, 3.4255202 ] ] } },
{ "type": "Feature", "properties": { "u": 11519176304, "v": 11519176303, "key": 0, "osmid": 1239903494, "highway": "footway", "name": null, "oneway": false, "reversed": false, "length": 4.8368674566217198, "lanes": null, "maxspeed": null, "access": null }, "geometry": { "type": "LineString", "coordinates": [ [ -76.5381201, 3.4255202 ], [ -76.5381252, 3.425477 ] ] } },
{ "type": "Feature", "properties": { "u": 11519176304, "v": 11519176305, "key": 0, "osmid": 1239903494, "highway": "footway", "name": null, "oneway": false, "reversed": true, "length": 6.8252900712399578, "lanes": null, "maxspeed": null, "access": null }, "geometry": { "type": "LineString", "coordinates": [ [ -76.5381201, 3.4255202 ], [ -76.5381384, 3.4255788 ] ] } },
{ "type": "Feature", "properties": { "u": 11519176305, "v": 11519176304, "key": 0, "osmid": 1239903494, "highway": "footway", "name": null, "oneway": false, "reversed": false, "length": 6.8252900712399578, "lanes": null, "maxspeed": null, "access": null }, "geometry": { "type": "LineString", "coordinates": [ [ -76.5381384, 3.4255788 ], [ -76.5381201, 3.4255202 ] ] } },
{ "type": "Feature", "properties": { "u": 11519176305, "v": 11519176306, "key": 0, "osmid": 1239903494, "highway": "footway", "name": null, "oneway": false, "reversed": true, "length": 6.0378989068452427, "lanes": null, "maxspeed": null, "access": null }, "geometry": { "type": "LineString", "coordinates": [ [ -76.5381384, 3.4255788 ], [ -76.538173, 3.4256207 ] ] } },
{ "type": "Feature", "properties": { "u": 11519176306, "v": 4177145929, "key": 0, "osmid": 1239903485, "highway": "footway", "name": null, "oneway": false, "reversed": false, "length": 12.020778634265605, "lanes": null, "maxspeed": null, "access": null }, "geometry": { "type": "LineString", "coordinates": [ [ -76.538173, 3.4256207 ], [ -76.5380715, 3.425583 ] ] } },
{ "type": "Feature", "properties": { "u": 11519176306, "v": 11519176305, "key": 0, "osmid": 1239903494, "highway": "footway", "name": null, "oneway": false, "reversed": false, "length": 6.0378989068452427, "lanes": null, "maxspeed": null, "access": null }, "geometry": { "type": "LineString", "coordinates": [ [ -76.538173, 3.4256207 ], [ -76.5381384, 3.4255788 ] ] } },
{ "type": "Feature", "properties": { "u": 11519176306, "v": 11519176307, "key": 0, "osmid": 1239903494, "highway": "footway", "name": null, "oneway": false, "reversed": true, "length": 85.565319486258204, "lanes": null, "maxspeed": null, "access": null }, "geometry": { "type": "LineString", "coordinates": [ [ -76.538173, 3.4256207 ], [ -76.5388737, 3.4259415 ] ] } },
{ "type": "Feature", "properties": { "u": 11519176307, "v": 4177145931, "key": 0, "osmid": 417092758, "highway": "footway", "name": null, "oneway": false, "reversed": false, "length": 6.8396320983216814, "lanes": null, "maxspeed": null, "access": null }, "geometry": { "type": "LineString", "coordinates": [ [ -76.5388737, 3.4259415 ], [ -76.5388529, 3.4259994 ] ] } },
{ "type": "Feature", "properties": { "u": 11519176307, "v": 11519176299, "key": 0, "osmid": 417092758, "highway": "footway", "name": null, "oneway": false, "reversed": true, "length": 76.121270497419701, "lanes": null, "maxspeed": null, "access": null }, "geometry": { "type": "LineString", "coordinates": [ [ -76.5388737, 3.4259415 ], [ -76.5391074, 3.4252979 ] ] } },
{ "type": "Feature", "properties": { "u": 11519176307, "v": 11519176306, "key": 0, "osmid": 1239903494, "highway": "footway", "name": null, "oneway": false, "reversed": false, "length": 85.565319486258204, "lanes": null, "maxspeed": null, "access": null }, "geometry": { "type": "LineString", "coordinates": [ [ -76.5388737, 3.4259415 ], [ -76.538173, 3.4256207 ] ] } },
{ "type": "Feature", "properties": { "u": 11519176307, "v": 11519176310, "key": 0, "osmid": 1239903494, "highway": "footway", "name": null, "oneway": false, "reversed": true, "length": 31.380507922862215, "lanes": null, "maxspeed": null, "access": null }, "geometry": { "type": "LineString", "coordinates": [ [ -76.5388737, 3.4259415 ], [ -76.5391325, 3.4260551 ] ] } },
{ "type": "Feature", "properties": { "u": 11519176308, "v": 11518988476, "key": 0, "osmid": 1239903486, "highway": "footway", "name": null, "oneway": false, "reversed": false, "length": 60.163992075438905, "lanes": null, "maxspeed": null, "access": null }, "geometry": { "type": "LineString", "coordinates": [ [ -76.5378848, 3.4256528 ], [ -76.5377113, 3.4261654 ] ] } },
{ "type": "Feature", "properties": { "u": 11519176308, "v": 11519176309, "key": 0, "osmid": 1239903489, "highway": "footway", "name": null, "oneway": false, "reversed": true, "length": 67.041161613720305, "lanes": null, "maxspeed": null, "access": null }, "geometry": { "type": "LineString", "coordinates": [ [ -76.5378848, 3.4256528 ], [ -76.5384369, 3.4258973 ] ] } },
{ "type": "Feature", "properties": { "u": 11519176308, "v": 11518988477, "key": 0, "osmid": 1239905922, "highway": "footway", "name": null, "oneway": false, "reversed": true, "length": 8.3883979218635343, "lanes": null, "maxspeed": null, "access": null }, "geometry": { "type": "LineString", "coordinates": [ [ -76.5378848, 3.4256528 ], [ -76.5379086, 3.4255812 ] ] } },
{ "type": "Feature", "properties": { "u": 11519176309, "v": 1881744426, "key": 0, "osmid": 177760548, "highway": "residential", "name": "Calle 8", "oneway": false, "reversed": false, "length": 8.8386866341120776, "lanes": "2", "maxspeed": "30", "access": null }, "geometry": { "type": "LineString", "coordinates": [ [ -76.5384369, 3.4258973 ], [ -76.5384615, 3.4258217 ] ] } },
{ "type": "Feature", "properties": { "u": 11519176309, "v": 9340001556, "key": 0, "osmid": 177760548, "highway": "residential", "name": "Calle 8", "oneway": false, "reversed": true, "length": 75.271586902255905, "lanes": "2", "maxspeed": "30", "access": null }, "geometry": { "type": "LineString", "coordinates": [ [ -76.5384369, 3.4258973 ], [ -76.5382108, 3.4265355 ] ] } },
{ "type": "Feature", "properties": { "u": 11519176309, "v": 11519176308, "key": 0, "osmid": 1239903489, "highway": "footway", "name": null, "oneway": false, "reversed": false, "length": 67.041161613720305, "lanes": null, "maxspeed": null, "access": null }, "geometry": { "type": "LineString", "coordinates": [ [ -76.5384369, 3.4258973 ], [ -76.5378848, 3.4256528 ] ] } },
{ "type": "Feature", "properties": { "u": 11519176309, "v": 11519176315, "key": 0, "osmid": 1239903489, "highway": "footway", "name": null, "oneway": false, "reversed": true, "length": 78.54118974581732, "lanes": null, "maxspeed": null, "access": null }, "geometry": { "type": "LineString", "coordinates": [ [ -76.5384369, 3.4258973 ], [ -76.5390864, 3.4261776 ] ] } },
{ "type": "Feature", "properties": { "u": 11519176310, "v": 2135158047, "key": 0, "osmid": 782806863, "highway": "residential", "name": "Calle 7", "oneway": false, "reversed": false, "length": 42.878183402818763, "lanes": null, "maxspeed": null, "access": null }, "geometry": { "type": "LineString", "coordinates": [ [ -76.5391325, 3.4260551 ], [ -76.5392683, 3.4256941 ] ] } },
{ "type": "Feature", "properties": { "u": 11519176310, "v": 300168017, "key": 0, "osmid": 782806863, "highway": "residential", "name": "Calle 7", "oneway": false, "reversed": true, "length": 7.2370154429518729, "lanes": null, "maxspeed": null, "access": null }, "geometry": { "type": "LineString", "coordinates": [ [ -76.5391325, 3.4260551 ], [ -76.5391095, 3.426116 ] ] } },
{ "type": "Feature", "properties": { "u": 11519176310, "v": 11519176307, "key": 0, "osmid": 1239903494, "highway": "footway", "name": null, "oneway": false, "reversed": false, "length": 31.380507922862215, "lanes": null, "maxspeed": null, "access": null }, "geometry": { "type": "LineString", "coordinates": [ [ -76.5391325, 3.4260551 ], [ -76.5388737, 3.4259415 ] ] } },
{ "type": "Feature", "properties": { "u": 11519176310, "v": 11519176295, "key": 0, "osmid": 1239903494, "highway": "footway", "name": null, "oneway": false, "reversed": true, "length": 92.017312849923428, "lanes": null, "maxspeed": null, "access": null }, "geometry": { "type": "LineString", "coordinates": [ [ -76.5391325, 3.4260551 ], [ -76.5396546, 3.4266979 ] ] } },
{ "type": "Feature", "properties": { "u": 11519176311, "v": 2135158073, "key": 0, "osmid": 444825218, "highway": "secondary", "name": "Calle 6", "oneway": false, "reversed": false, "length": 91.099562467815602, "lanes": "2", "maxspeed": "30", "access": null }, "geometry": { "type": "LineString", "coordinates": [ [ -76.5396886, 3.4267385 ], [ -76.5400205, 3.4259892 ] ] } },
{ "type": "Feature", "properties": { "u": 11519176311, "v": 1969278734, "key": 0, "osmid": 444825218, "highway": "secondary", "name": "Calle 6", "oneway": false, "reversed": true, "length": 7.9851989151030329, "lanes": "2", "maxspeed": "30", "access": null }, "geometry": { "type": "LineString", "coordinates": [ [ -76.5396886, 3.4267385 ], [ -76.5396612, 3.4268049 ] ] } },
{ "type": "Feature", "properties": { "u": 11519176311, "v": 11519176295, "key": 0, "osmid": 1239903487, "highway": "footway", "name": null, "oneway": false, "reversed": false, "length": 5.8841324120530007, "lanes": null, "maxspeed": null, "access": null }, "geometry": { "type": "LineString", "coordinates": [ [ -76.5396886, 3.4267385 ], [ -76.5396546, 3.4266979 ] ] } },
{ "type": "Feature", "properties": { "u": 11519176311, "v": 11519176312, "key": 0, "osmid": 1239903487, "highway": "footway", "name": null, "oneway": false, "reversed": true, "length": 18.677307890717909, "lanes": null, "maxspeed": null, "access": null }, "geometry": { "type": "LineString", "coordinates": [ [ -76.5396886, 3.4267385 ], [ -76.5397954, 3.4268683 ] ] } },
{ "type": "Feature", "properties": { "u": 11519176312, "v": 2134266752, "key": 0, "osmid": 442916517, "highway": "secondary", "name": "Calle 6", "oneway": false, "reversed": false, "length": 62.296768246720923, "lanes": "2", "maxspeed": "30", "access": null }, "geometry": { "type": "LineString", "coordinates": [ [ -76.5397954, 3.4268683 ], [ -76.5400097, 3.4263505 ] ] } },
{ "type": "Feature", "properties": { "u": 11519176312, "v": 1236848052, "key": 0, "osmid": 442916517, "highway": "secondary", "name": "Calle 6", "oneway": false, "reversed": true, "length": 8.8012072045693177, "lanes": "2", "maxspeed": "30", "access": null }, "geometry": { "type": "LineString", "coordinates": [ [ -76.5397954, 3.4268683 ], [ -76.539767, 3.4269422 ] ] } },
{ "type": "Feature", "properties": { "u": 11519176312, "v": 11519176311, "key": 0, "osmid": 1239903487, "highway": "footway", "name": null, "oneway": false, "reversed": false, "length": 18.677307890717909, "lanes": null, "maxspeed": null, "access": null }, "geometry": { "type": "LineString", "coordinates": [ [ -76.5397954, 3.4268683 ], [ -76.5396886, 3.4267385 ] ] } },
{ "type": "Feature", "properties": { "u": 11519176312, "v": 11519650180, "key": 0, "osmid": 1239903487, "highway": "footway", "name": null, "oneway": false, "reversed": true, "length": 3.1766267924208753, "lanes": null, "maxspeed": null, "access": null }, "geometry": { "type": "LineString", "coordinates": [ [ -76.5397954, 3.4268683 ], [ -76.5398121, 3.4268915 ] ] } },
{ "type": "Feature", "properties": { "u": 11519176313, "v": 4405645427, "key": 0, "osmid": 453546652, "highway": "residential", "name": "Calle 5B 5", "oneway": false, "reversed": false, "length": 12.598792385952967, "lanes": "2", "maxspeed": null, "access": null }, "geometry": { "type": "LineString", "coordinates": [ [ -76.5398403, 3.4269229 ], [ -76.5399322, 3.4268564 ] ] } },
{ "type": "Feature", "properties": { "u": 11519176313, "v": 1236848052, "key": 0, "osmid": 453546652, "highway": "residential", "name": "Calle 5B 5", "oneway": false, "reversed": true, "length": 8.4143032539798632, "lanes": "2", "maxspeed": null, "access": null }, "geometry": { "type": "LineString", "coordinates": [ [ -76.5398403, 3.4269229 ], [ -76.539767, 3.4269422 ] ] } },
{ "type": "Feature", "properties": { "u": 11519176313, "v": 11519650180, "key": 0, "osmid": 1239903487, "highway": "footway", "name": null, "oneway": false, "reversed": false, "length": 4.6891621415929636, "lanes": null, "maxspeed": null, "access": null }, "geometry": { "type": "LineString", "coordinates": [ [ -76.5398403, 3.4269229 ], [ -76.5398121, 3.4268915 ] ] } },
{ "type": "Feature", "properties": { "u": 11519176313, "v": 11519176340, "key": 0, "osmid": 1239903487, "highway": "footway", "name": null, "oneway": false, "reversed": true, "length": 2.1867063826594904, "lanes": null, "maxspeed": null, "access": null }, "geometry": { "type": "LineString", "coordinates": [ [ -76.5398403, 3.4269229 ], [ -76.5398528, 3.4269381 ] ] } },
{ "type": "Feature", "properties": { "u": 11519176314, "v": 300167425, "key": 0, "osmid": 1008724584, "highway": "tertiary", "name": "Carrera 36", "oneway": false, "reversed": false, "length": 42.402083383626405, "lanes": "2", "maxspeed": null, "access": null }, "geometry": { "type": "LineString", "coordinates": [ [ -76.5405343, 3.4279432 ], [ -76.540311, 3.4276338 ] ] } },
{ "type": "Feature", "properties": { "u": 11519176314, "v": 9336696298, "key": 0, "osmid": 1008724584, "highway": "tertiary", "name": "Carrera 36", "oneway": false, "reversed": true, "length": 7.8759960073006141, "lanes": "2", "maxspeed": null, "access": null }, "geometry": { "type": "LineString", "coordinates": [ [ -76.5405343, 3.4279432 ], [ -76.5405801, 3.4279973 ] ] } },
{ "type": "Feature", "properties": { "u": 11519176315, "v": 4177199630, "key": 0, "osmid": 203502393, "highway": "residential", "name": "Calle 7", "oneway": false, "reversed": false, "length": 82.780622958925335, "lanes": null, "maxspeed": null, "access": null }, "geometry": { "type": "LineString", "coordinates": [ [ -76.5390864, 3.4261776 ], [ -76.5388241, 3.4268745 ] ] } },
{ "type": "Feature", "properties": { "u": 11519176315, "v": 300168017, "key": 0, "osmid": 203502393, "highway": "residential", "name": "Calle 7", "oneway": false, "reversed": true, "length": 7.3137835955240593, "lanes": null, "maxspeed": null, "access": null }, "geometry": { "type": "LineString", "coordinates": [ [ -76.5390864, 3.4261776 ], [ -76.5391095, 3.426116 ] ] } },
{ "type": "Feature", "properties": { "u": 11519176315, "v": 11519176309, "key": 0, "osmid": 1239903489, "highway": "footway", "name": null, "oneway": false, "reversed": false, "length": 78.54118974581732, "lanes": null, "maxspeed": null, "access": null }, "geometry": { "type": "LineString", "coordinates": [ [ -76.5390864, 3.4261776 ], [ -76.5384369, 3.4258973 ] ] } },
{ "type": "Feature", "properties": { "u": 11519176315, "v": 11519176316, "key": 0, "osmid": 1239903489, "highway": "footway", "name": null, "oneway": false, "reversed": true, "length": 91.651817490037843, "lanes": null, "maxspeed": null, "access": null }, "geometry": { "type": "LineString", "coordinates": [ [ -76.5390864, 3.4261776 ], [ -76.53959, 3.4268308 ] ] } },
{ "type": "Feature", "properties": { "u": 11519176316, "v": 11519650186, "key": 0, "osmid": 1239880462, "highway": "footway", "name": null, "oneway": false, "reversed": true, "length": 57.892140119967593, "lanes": null, "maxspeed": null, "access": null }, "geometry": { "type": "LineString", "coordinates": [ [ -76.53959, 3.4268308 ], [ -76.5393701, 3.4273029 ] ] } },
{ "type": "Feature", "properties": { "u": 11519176316, "v": 11519176315, "key": 0, "osmid": 1239903489, "highway": "footway", "name": null, "oneway": false, "reversed": false, "length": 91.651817490037843, "lanes": null, "maxspeed": null, "access": null }, "geometry": { "type": "LineString", "coordinates": [ [ -76.53959, 3.4268308 ], [ -76.5390864, 3.4261776 ] ] } },
{ "type": "Feature", "properties": { "u": 11519176316, "v": 7289425224, "key": 0, "osmid": 1239903490, "highway": "footway", "name": null, "oneway": false, "reversed": true, "length": 7.0211255975831488, "lanes": null, "maxspeed": null, "access": null }, "geometry": { "type": "LineString", "coordinates": [ [ -76.53959, 3.4268308 ], [ -76.5396285, 3.4268809 ] ] } },
{ "type": "Feature", "properties": { "u": 11519176316, "v": 11519176296, "key": 0, "osmid": 1239903491, "highway": "footway", "name": null, "oneway": false, "reversed": false, "length": 9.2976775837869763, "lanes": null, "maxspeed": null, "access": null }, "geometry": { "type": "LineString", "coordinates": [ [ -76.53959, 3.4268308 ], [ -76.539626, 3.4267553 ] ] } },
{ "type": "Feature", "properties": { "u": 11519176317, "v": 7289425224, "key": 0, "osmid": 1239903490, "highway": "footway", "name": null, "oneway": false, "reversed": false, "length": 19.087286000444298, "lanes": null, "maxspeed": null, "access": null }, "geometry": { "type": "LineString", "coordinates": [ [ -76.5397342, 3.4270163 ], [ -76.5396285, 3.4268809 ] ] } },
{ "type": "Feature", "properties": { "u": 11519176317, "v": 11519650187, "key": 0, "osmid": 1239903490, "highway": "footway", "name": null, "oneway": false, "reversed": true, "length": 5.2569221513064388, "lanes": null, "maxspeed": null, "access": null }, "geometry": { "type": "LineString", "coordinates": [ [ -76.5397342, 3.4270163 ], [ -76.5397633, 3.4270536 ] ] } },
{ "type": "Feature", "properties": { "u": 11519176317, "v": 1236848052, "key": 0, "osmid": 1239953518, "highway": "secondary", "name": "Calle 6", "oneway": false, "reversed": false, "length": 9.0080411699330991, "lanes": "2", "maxspeed": "30", "access": null }, "geometry": { "type": "LineString", "coordinates": [ [ -76.5397342, 3.4270163 ], [ -76.539767, 3.4269422 ] ] } },
{ "type": "Feature", "properties": { "u": 11519176317, "v": 11519650183, "key": 0, "osmid": 1239953518, "highway": "secondary", "name": "Calle 6", "oneway": false, "reversed": true, "length": 62.770957095318842, "lanes": "2", "maxspeed": "30", "access": null }, "geometry": { "type": "LineString", "coordinates": [ [ -76.5397342, 3.4270163 ], [ -76.5395062, 3.4275329 ] ] } },
{ "type": "Feature", "properties": { "u": 11519176318, "v": 4177163954, "key": 0, "osmid": 424934595, "highway": "residential", "name": "Calle 5B 4", "oneway": false, "reversed": false, "length": 131.61287218027422, "lanes": null, "maxspeed": null, "access": null }, "geometry": { "type": "LineString", "coordinates": [ [ -76.5402548, 3.4276764 ], [ -76.5393097, 3.4283912 ] ] } },
{ "type": "Feature", "properties": { "u": 11519176318, "v": 300167425, "key": 0, "osmid": 424934595, "highway": "residential", "name": "Calle 5B 4", "oneway": false, "reversed": true, "length": 7.83267337552138, "lanes": null, "maxspeed": null, "access": null }, "geometry": { "type": "LineString", "coordinates": [ [ -76.5402548, 3.4276764 ], [ -76.540311, 3.4276338 ] ] } },
{ "type": "Feature", "properties": { "u": 11519176318, "v": 11519176297, "key": 0, "osmid": 1239903493, "highway": "footway", "name": null, "oneway": false, "reversed": false, "length": 84.24069411974142, "lanes": null, "maxspeed": null, "access": null }, "geometry": { "type": "LineString", "coordinates": [ [ -76.5402548, 3.4276764 ], [ -76.539785, 3.4270814 ] ] } },
{ "type": "Feature", "properties": { "u": 11519176318, "v": 11519176319, "key": 0, "osmid": 1239903493, "highway": "footway", "name": null, "oneway": false, "reversed": true, "length": 49.96660263564474, "lanes": null, "maxspeed": null, "access": null }, "geometry": { "type": "LineString", "coordinates": [ [ -76.5402548, 3.4276764 ], [ -76.540535, 3.4280281 ] ] } },
{ "type": "Feature", "properties": { "u": 11519176319, "v": 9336696293, "key": 0, "osmid": 1012012327, "highway": "service", "name": null, "oneway": false, "reversed": false, "length": 13.84446302453428, "lanes": null, "maxspeed": null, "access": null }, "geometry": { "type": "LineString", "coordinates": [ [ -76.540535, 3.4280281 ], [ -76.5404324, 3.4280989 ] ] } },
{ "type": "Feature", "properties": { "u": 11519176319, "v": 9336696298, "key": 0, "osmid": 1012012327, "highway": "service", "name": null, "oneway": false, "reversed": true, "length": 6.0653607261381026, "lanes": null, "maxspeed": null, "access": null }, "geometry": { "type": "LineString", "coordinates": [ [ -76.540535, 3.4280281 ], [ -76.5405801, 3.4279973 ] ] } },
{ "type": "Feature", "properties": { "u": 11519176319, "v": 11519176318, "key": 0, "osmid": 1239903493, "highway": "footway", "name": null, "oneway": false, "reversed": false, "length": 49.96660263564474, "lanes": null, "maxspeed": null, "access": null }, "geometry": { "type": "LineString", "coordinates": [ [ -76.540535, 3.4280281 ], [ -76.5402548, 3.4276764 ] ] } },
{ "type": "Feature", "properties": { "u": 11519176319, "v": 11519176320, "key": 0, "osmid": 1239903493, "highway": "footway", "name": null, "oneway": false, "reversed": true, "length": 47.600862644938658, "lanes": null, "maxspeed": null, "access": null }, "geometry": { "type": "LineString", "coordinates": [ [ -76.540535, 3.4280281 ], [ -76.540792, 3.4283708 ] ] } },
{ "type": "Feature", "properties": { "u": 11519176320, "v": 4177163949, "key": 0, "osmid": 417096103, "highway": "service", "name": null, "oneway": false, "reversed": true, "length": 6.3644145970692847, "lanes": null, "maxspeed": null, "access": null }, "geometry": { "type": "LineString", "coordinates": [ [ -76.540792, 3.4283708 ], [ -76.5408376, 3.4283361 ] ] } },
{ "type": "Feature", "properties": { "u": 11519176320, "v": 11519176319, "key": 0, "osmid": 1239903493, "highway": "footway", "name": null, "oneway": false, "reversed": false, "length": 47.600862644938658, "lanes": null, "maxspeed": null, "access": null }, "geometry": { "type": "LineString", "coordinates": [ [ -76.540792, 3.4283708 ], [ -76.540535, 3.4280281 ] ] } },
{ "type": "Feature", "properties": { "u": 11519176321, "v": 11519176341, "key": 0, "osmid": 1239903488, "highway": "footway", "name": null, "oneway": false, "reversed": false, "length": 100.97333750619816, "lanes": null, "maxspeed": null, "access": null }, "geometry": { "type": "LineString", "coordinates": [ [ -76.5409001, 3.4283277 ], [ -76.5403534, 3.4276019 ] ] } },
{ "type": "Feature", "properties": { "u": 11519176340, "v": 11519176313, "key": 0, "osmid": 1239903487, "highway": "footway", "name": null, "oneway": false, "reversed": false, "length": 2.1867063826594904, "lanes": null, "maxspeed": null, "access": null }, "geometry": { "type": "LineString", "coordinates": [ [ -76.5398528, 3.4269381 ], [ -76.5398403, 3.4269229 ] ] } },
{ "type": "Feature", "properties": { "u": 11519176340, "v": 11519176341, "key": 0, "osmid": 1239903488, "highway": "footway", "name": null, "oneway": false, "reversed": true, "length": 92.38800620022387, "lanes": null, "maxspeed": null, "access": null }, "geometry": { "type": "LineString", "coordinates": [ [ -76.5398528, 3.4269381 ], [ -76.5403534, 3.4276019 ] ] } },
{ "type": "Feature", "properties": { "u": 11519176340, "v": 11519176298, "key": 0, "osmid": 1239903492, "highway": "footway", "name": null, "oneway": false, "reversed": false, "length": 8.726681959740592, "lanes": null, "maxspeed": null, "access": null }, "geometry": { "type": "LineString", "coordinates": [ [ -76.5398528, 3.4269381 ], [ -76.5398193, 3.4270091 ] ] } },
{ "type": "Feature", "properties": { "u": 11519176341, "v": 300167425, "key": 0, "osmid": 32289736, "highway": "residential", "name": "Calle 5B 4", "oneway": false, "reversed": false, "length": 5.8932804997970463, "lanes": null, "maxspeed": null, "access": null }, "geometry": { "type": "LineString", "coordinates": [ [ -76.5403534, 3.4276019 ], [ -76.540311, 3.4276338 ] ] } },
{ "type": "Feature", "properties": { "u": 11519176341, "v": 9336306887, "key": 0, "osmid": 32289736, "highway": "residential", "name": "Calle 5B 4", "oneway": false, "reversed": true, "length": 39.596318331182857, "lanes": null, "maxspeed": null, "access": null }, "geometry": { "type": "LineString", "coordinates": [ [ -76.5403534, 3.4276019 ], [ -76.5406377, 3.4273868 ] ] } },
{ "type": "Feature", "properties": { "u": 11519176341, "v": 11519176340, "key": 0, "osmid": 1239903488, "highway": "footway", "name": null, "oneway": false, "reversed": false, "length": 92.38800620022387, "lanes": null, "maxspeed": null, "access": null }, "geometry": { "type": "LineString", "coordinates": [ [ -76.5403534, 3.4276019 ], [ -76.5398528, 3.4269381 ] ] } },
{ "type": "Feature", "properties": { "u": 11519176341, "v": 11519176321, "key": 0, "osmid": 1239903488, "highway": "footway", "name": null, "oneway": false, "reversed": true, "length": 100.97333750619816, "lanes": null, "maxspeed": null, "access": null }, "geometry": { "type": "LineString", "coordinates": [ [ -76.5403534, 3.4276019 ], [ -76.5409001, 3.4283277 ] ] } },
{ "type": "Feature", "properties": { "u": 11519593550, "v": 11519593551, "key": 0, "osmid": 1239953514, "highway": "footway", "name": null, "oneway": false, "reversed": true, "length": 6.5755418094259985, "lanes": null, "maxspeed": null, "access": null }, "geometry": { "type": "LineString", "coordinates": [ [ -76.5403066, 3.425211 ], [ -76.5403658, 3.4252088 ] ] } },
{ "type": "Feature", "properties": { "u": 11519593550, "v": 11521911130, "key": 0, "osmid": 1240163029, "highway": "footway", "name": null, "oneway": false, "reversed": true, "length": 92.246198801224153, "lanes": null, "maxspeed": null, "access": null }, "geometry": { "type": "LineString", "coordinates": [ [ -76.5403066, 3.425211 ], [ -76.5399741, 3.4259713 ] ] } },
{ "type": "Feature", "properties": { "u": 11519593551, "v": 7289425223, "key": 0, "osmid": 1007746270, "highway": "secondary", "name": "Calle 6", "oneway": false, "reversed": true, "length": 13.850745564355611, "lanes": "2", "maxspeed": "30", "access": null }, "geometry": { "type": "LineString", "coordinates": [ [ -76.5403658, 3.4252088 ], [ -76.5403169, 3.4253234 ] ] } },
{ "type": "Feature", "properties": { "u": 11519593551, "v": 11519593550, "key": 0, "osmid": 1239953514, "highway": "footway", "name": null, "oneway": false, "reversed": false, "length": 6.5755418094259985, "lanes": null, "maxspeed": null, "access": null }, "geometry": { "type": "LineString", "coordinates": [ [ -76.5403658, 3.4252088 ], [ -76.5403066, 3.425211 ] ] } },
{ "type": "Feature", "properties": { "u": 11519593551, "v": 11519593552, "key": 0, "osmid": 1239953514, "highway": "footway", "name": null, "oneway": false, "reversed": true, "length": 16.905545010486609, "lanes": null, "maxspeed": null, "access": null }, "geometry": { "type": "LineString", "coordinates": [ [ -76.5403658, 3.4252088 ], [ -76.540518, 3.4252031 ] ] } },
{ "type": "Feature", "properties": { "u": 11519593552, "v": 2135158487, "key": 0, "osmid": 442916517, "highway": "secondary", "name": "Calle 6", "oneway": false, "reversed": true, "length": 11.81061419246163, "lanes": "2", "maxspeed": "30", "access": null }, "geometry": { "type": "LineString", "coordinates": [ [ -76.540518, 3.4252031 ], [ -76.5404751, 3.4253003 ] ] } },
{ "type": "Feature", "properties": { "u": 11519593552, "v": 11519593551, "key": 0, "osmid": 1239953514, "highway": "footway", "name": null, "oneway": false, "reversed": false, "length": 16.905545010486609, "lanes": null, "maxspeed": null, "access": null }, "geometry": { "type": "LineString", "coordinates": [ [ -76.540518, 3.4252031 ], [ -76.5403658, 3.4252088 ] ] } },
{ "type": "Feature", "properties": { "u": 11519593552, "v": 11519593553, "key": 0, "osmid": 1239953514, "highway": "footway", "name": null, "oneway": false, "reversed": true, "length": 3.8431966609594275, "lanes": null, "maxspeed": null, "access": null }, "geometry": { "type": "LineString", "coordinates": [ [ -76.540518, 3.4252031 ], [ -76.5405526, 3.4252018 ] ] } },
{ "type": "Feature", "properties": { "u": 11519593553, "v": 11519593552, "key": 0, "osmid": 1239953514, "highway": "footway", "name": null, "oneway": false, "reversed": false, "length": 3.8431966609594275, "lanes": null, "maxspeed": null, "access": null }, "geometry": { "type": "LineString", "coordinates": [ [ -76.5405526, 3.4252018 ], [ -76.540518, 3.4252031 ] ] } },
{ "type": "Feature", "properties": { "u": 11519593553, "v": 11519650175, "key": 0, "osmid": 1239953516, "highway": "footway", "name": null, "oneway": false, "reversed": true, "length": 14.94863936820035, "lanes": null, "maxspeed": null, "access": null }, "geometry": { "type": "LineString", "coordinates": [ [ -76.5405526, 3.4252018 ], [ -76.5404987, 3.425325 ] ] } },
{ "type": "Feature", "properties": { "u": 11519593554, "v": 11519593555, "key": 0, "osmid": 1239953516, "highway": "footway", "name": null, "oneway": false, "reversed": false, "length": 3.8616803463320166, "lanes": null, "maxspeed": null, "access": null }, "geometry": { "type": "LineString", "coordinates": [ [ -76.5403251, 3.4257156 ], [ -76.5403485, 3.4257413 ] ] } },
{ "type": "Feature", "properties": { "u": 11519593554, "v": 11519650178, "key": 0, "osmid": 1239953516, "highway": "footway", "name": null, "oneway": false, "reversed": true, "length": 73.116136630392162, "lanes": null, "maxspeed": null, "access": null }, "geometry": { "type": "LineString", "coordinates": [ [ -76.5403251, 3.4257156 ], [ -76.5400631, 3.4263189 ] ] } },
{ "type": "Feature", "properties": { "u": 11519593555, "v": 11519650177, "key": 0, "osmid": 1239953516, "highway": "footway", "name": null, "oneway": false, "reversed": false, "length": 2.2582574140459801, "lanes": null, "maxspeed": null, "access": null }, "geometry": { "type": "LineString", "coordinates": [ [ -76.5403485, 3.4257413 ], [ -76.5403652, 3.4257297 ] ] } },
{ "type": "Feature", "properties": { "u": 11519593555, "v": 11519593554, "key": 0, "osmid": 1239953516, "highway": "footway", "name": null, "oneway": false, "reversed": true, "length": 3.8616803463320166, "lanes": null, "maxspeed": null, "access": null }, "geometry": { "type": "LineString", "coordinates": [ [ -76.5403485, 3.4257413 ], [ -76.5403251, 3.4257156 ] ] } },
{ "type": "Feature", "properties": { "u": 11519593556, "v": 11519593557, "key": 0, "osmid": 1239953516, "highway": "footway", "name": null, "oneway": false, "reversed": false, "length": 6.7306661068184361, "lanes": null, "maxspeed": null, "access": null }, "geometry": { "type": "LineString", "coordinates": [ [ -76.5403828, 3.4257176 ], [ -76.5403479, 3.4256681 ] ] } },
{ "type": "Feature", "properties": { "u": 11519593556, "v": 11519650177, "key": 0, "osmid": 1239953516, "highway": "footway", "name": null, "oneway": false, "reversed": true, "length": 2.3720389255678098, "lanes": null, "maxspeed": null, "access": null }, "geometry": { "type": "LineString", "coordinates": [ [ -76.5403828, 3.4257176 ], [ -76.5403652, 3.4257297 ] ] } },
{ "type": "Feature", "properties": { "u": 11519593557, "v": 11519593558, "key": 0, "osmid": 1239953516, "highway": "footway", "name": null, "oneway": false, "reversed": false, "length": 5.6867144236840561, "lanes": null, "maxspeed": null, "access": null }, "geometry": { "type": "LineString", "coordinates": [ [ -76.5403479, 3.4256681 ], [ -76.5403901, 3.4256391 ] ] } },
{ "type": "Feature", "properties": { "u": 11519593557, "v": 11519593556, "key": 0, "osmid": 1239953516, "highway": "footway", "name": null, "oneway": false, "reversed": true, "length": 6.7306661068184361, "lanes": null, "maxspeed": null, "access": null }, "geometry": { "type": "LineString", "coordinates": [ [ -76.5403479, 3.4256681 ], [ -76.5403828, 3.4257176 ] ] } },
{ "type": "Feature", "properties": { "u": 11519593558, "v": 11519650176, "key": 0, "osmid": 1239953516, "highway": "footway", "name": null, "oneway": false, "reversed": false, "length": 2.2723902395464202, "lanes": null, "maxspeed": null, "access": null }, "geometry": { "type": "LineString", "coordinates": [ [ -76.5403901, 3.4256391 ], [ -76.5403783, 3.4256224 ] ] } },
{ "type": "Feature", "properties": { "u": 11519593558, "v": 11519593557, "key": 0, "osmid": 1239953516, "highway": "footway", "name": null, "oneway": false, "reversed": true, "length": 5.6867144236840561, "lanes": null, "maxspeed": null, "access": null }, "geometry": { "type": "LineString", "coordinates": [ [ -76.5403901, 3.4256391 ], [ -76.5403479, 3.4256681 ] ] } },
{ "type": "Feature", "properties": { "u": 11519593559, "v": 11519650175, "key": 0, "osmid": 1239953516, "highway": "footway", "name": null, "oneway": false, "reversed": false, "length": 34.126588391969534, "lanes": null, "maxspeed": null, "access": null }, "geometry": { "type": "LineString", "coordinates": [ [ -76.5403626, 3.4256002 ], [ -76.5404987, 3.425325 ] ] } },
{ "type": "Feature", "properties": { "u": 11519593559, "v": 11519650176, "key": 0, "osmid": 1239953516, "highway": "footway", "name": null, "oneway": false, "reversed": true, "length": 3.021663619685985, "lanes": null, "maxspeed": null, "access": null }, "geometry": { "type": "LineString", "coordinates": [ [ -76.5403626, 3.4256002 ], [ -76.5403783, 3.4256224 ] ] } },
{ "type": "Feature", "properties": { "u": 11519650175, "v": 2135158487, "key": 0, "osmid": 32338505, "highway": "residential", "name": "Carrera 36C", "oneway": false, "reversed": false, "length": 3.7954219623078185, "lanes": null, "maxspeed": null, "access": null }, "geometry": { "type": "LineString", "coordinates": [ [ -76.5404987, 3.425325 ], [ -76.5404751, 3.4253003 ] ] } },
{ "type": "Feature", "properties": { "u": 11519650175, "v": 4179773868, "key": 0, "osmid": 32338505, "highway": "residential", "name": "Carrera 36C", "oneway": false, "reversed": true, "length": 20.247890627089454, "lanes": null, "maxspeed": null, "access": null }, "geometry": { "type": "LineString", "coordinates": [ [ -76.5404987, 3.425325 ], [ -76.5406008, 3.4254759 ] ] } },
{ "type": "Feature", "properties": { "u": 11519650175, "v": 11519593553, "key": 0, "osmid": 1239953516, "highway": "footway", "name": null, "oneway": false, "reversed": false, "length": 14.94863936820035, "lanes": null, "maxspeed": null, "access": null }, "geometry": { "type": "LineString", "coordinates": [ [ -76.5404987, 3.425325 ], [ -76.5405526, 3.4252018 ] ] } },
{ "type": "Feature", "properties": { "u": 11519650175, "v": 11519593559, "key": 0, "osmid": 1239953516, "highway": "footway", "name": null, "oneway": false, "reversed": true, "length": 34.126588391969534, "lanes": null, "maxspeed": null, "access": null }, "geometry": { "type": "LineString", "coordinates": [ [ -76.5404987, 3.425325 ], [ -76.5403626, 3.4256002 ] ] } },
{ "type": "Feature", "properties": { "u": 11519650176, "v": 2134266019, "key": 0, "osmid": 417417888, "highway": "residential", "name": "Calle 5E", "oneway": false, "reversed": false, "length": 8.5250658451023344, "lanes": null, "maxspeed": null, "access": null }, "geometry": { "type": "LineString", "coordinates": [ [ -76.5403783, 3.4256224 ], [ -76.5403129, 3.4256626 ] ] } },
{ "type": "Feature", "properties": { "u": 11519650176, "v": 4179773868, "key": 0, "osmid": 417417888, "highway": "residential", "name": "Calle 5E", "oneway": false, "reversed": true, "length": 29.58536370523235, "lanes": null, "maxspeed": null, "access": null }, "geometry": { "type": "LineString", "coordinates": [ [ -76.5403783, 3.4256224 ], [ -76.5406008, 3.4254759 ] ] } },
{ "type": "Feature", "properties": { "u": 11519650176, "v": 11519593559, "key": 0, "osmid": 1239953516, "highway": "footway", "name": null, "oneway": false, "reversed": false, "length": 3.021663619685985, "lanes": null, "maxspeed": null, "access": null }, "geometry": { "type": "LineString", "coordinates": [ [ -76.5403783, 3.4256224 ], [ -76.5403626, 3.4256002 ] ] } },
{ "type": "Feature", "properties": { "u": 11519650176, "v": 11519593558, "key": 0, "osmid": 1239953516, "highway": "footway", "name": null, "oneway": false, "reversed": true, "length": 2.2723902395464202, "lanes": null, "maxspeed": null, "access": null }, "geometry": { "type": "LineString", "coordinates": [ [ -76.5403783, 3.4256224 ], [ -76.5403901, 3.4256391 ] ] } },
{ "type": "Feature", "properties": { "u": 11519650177, "v": 2134267089, "key": 0, "osmid": 678680601, "highway": "residential", "name": "Carrera 36B", "oneway": false, "reversed": false, "length": 35.575090565577248, "lanes": null, "maxspeed": null, "access": null }, "geometry": { "type": "LineString", "coordinates": [ [ -76.5403652, 3.4257297 ], [ -76.5405606, 3.4259833 ] ] } },
{ "type": "Feature", "properties": { "u": 11519650177, "v": 2134266019, "key": 0, "osmid": 678680601, "highway": "residential", "name": "Carrera 36B", "oneway": false, "reversed": true, "length": 9.453500701583593, "lanes": null, "maxspeed": null, "access": null }, "geometry": { "type": "LineString", "coordinates": [ [ -76.5403652, 3.4257297 ], [ -76.5403129, 3.4256626 ] ] } },
{ "type": "Feature", "properties": { "u": 11519650177, "v": 11519593556, "key": 0, "osmid": 1239953516, "highway": "footway", "name": null, "oneway": false, "reversed": false, "length": 2.3720389255678098, "lanes": null, "maxspeed": null, "access": null }, "geometry": { "type": "LineString", "coordinates": [ [ -76.5403652, 3.4257297 ], [ -76.5403828, 3.4257176 ] ] } },
{ "type": "Feature", "properties": { "u": 11519650177, "v": 11519593555, "key": 0, "osmid": 1239953516, "highway": "footway", "name": null, "oneway": false, "reversed": true, "length": 2.2582574140459801, "lanes": null, "maxspeed": null, "access": null }, "geometry": { "type": "LineString", "coordinates": [ [ -76.5403652, 3.4257297 ], [ -76.5403485, 3.4257413 ] ] } },
{ "type": "Feature", "properties": { "u": 11519650178, "v": 2134267089, "key": 0, "osmid": 203415795, "highway": "residential", "name": "Calle 5F", "oneway": false, "reversed": false, "length": 66.64748392619542, "lanes": null, "maxspeed": null, "access": null }, "geometry": { "type": "LineString", "coordinates": [ [ -76.5400631, 3.4263189 ], [ -76.5405606, 3.4259833 ] ] } },
{ "type": "Feature", "properties": { "u": 11519650178, "v": 2134266752, "key": 0, "osmid": 203415795, "highway": "residential", "name": "Calle 5F", "oneway": false, "reversed": true, "length": 6.8904486212276517, "lanes": null, "maxspeed": null, "access": null }, "geometry": { "type": "LineString", "coordinates": [ [ -76.5400631, 3.4263189 ], [ -76.5400097, 3.4263505 ] ] } },
{ "type": "Feature", "properties": { "u": 11519650178, "v": 11519593554, "key": 0, "osmid": 1239953516, "highway": "footway", "name": null, "oneway": false, "reversed": false, "length": 73.116136630392162, "lanes": null, "maxspeed": null, "access": null }, "geometry": { "type": "LineString", "coordinates": [ [ -76.5400631, 3.4263189 ], [ -76.5403251, 3.4257156 ] ] } },
{ "type": "Feature", "properties": { "u": 11519650178, "v": 11519650179, "key": 0, "osmid": 1239953516, "highway": "footway", "name": null, "oneway": false, "reversed": true, "length": 7.8298074001990967, "lanes": null, "maxspeed": null, "access": null }, "geometry": { "type": "LineString", "coordinates": [ [ -76.5400631, 3.4263189 ], [ -76.5400348, 3.4263834 ] ] } },
{ "type": "Feature", "properties": { "u": 11519650179, "v": 4177145932, "key": 0, "osmid": 1239953515, "highway": "footway", "name": null, "oneway": false, "reversed": false, "length": 38.256957858156241, "lanes": null, "maxspeed": null, "access": null }, "geometry": { "type": "LineString", "coordinates": [ [ -76.5400348, 3.4263834 ], [ -76.5402369, 3.4266621 ] ] } },
{ "type": "Feature", "properties": { "u": 11519650179, "v": 11519650178, "key": 0, "osmid": 1239953516, "highway": "footway", "name": null, "oneway": false, "reversed": false, "length": 7.8298074001990967, "lanes": null, "maxspeed": null, "access": null }, "geometry": { "type": "LineString", "coordinates": [ [ -76.5400348, 3.4263834 ], [ -76.5400631, 3.4263189 ] ] } },
{ "type": "Feature", "properties": { "u": 11519650179, "v": 11519650180, "key": 0, "osmid": 1239953516, "highway": "footway", "name": null, "oneway": false, "reversed": true, "length": 61.669050111215853, "lanes": null, "maxspeed": null, "access": null }, "geometry": { "type": "LineString", "coordinates": [ [ -76.5400348, 3.4263834 ], [ -76.5398121, 3.4268915 ] ] } },
{ "type": "Feature", "properties": { "u": 11519650180, "v": 11519176312, "key": 0, "osmid": 1239903487, "highway": "footway", "name": null, "oneway": false, "reversed": false, "length": 3.1766267924208753, "lanes": null, "maxspeed": null, "access": null }, "geometry": { "type": "LineString", "coordinates": [ [ -76.5398121, 3.4268915 ], [ -76.5397954, 3.4268683 ] ] } },
{ "type": "Feature", "properties": { "u": 11519650180, "v": 11519176313, "key": 0, "osmid": 1239903487, "highway": "footway", "name": null, "oneway": false, "reversed": true, "length": 4.6891621415929636, "lanes": null, "maxspeed": null, "access": null }, "geometry": { "type": "LineString", "coordinates": [ [ -76.5398121, 3.4268915 ], [ -76.5398403, 3.4269229 ] ] } },
{ "type": "Feature", "properties": { "u": 11519650180, "v": 11519650179, "key": 0, "osmid": 1239953516, "highway": "footway", "name": null, "oneway": false, "reversed": false, "length": 61.669050111215853, "lanes": null, "maxspeed": null, "access": null }, "geometry": { "type": "LineString", "coordinates": [ [ -76.5398121, 3.4268915 ], [ -76.5400348, 3.4263834 ] ] } },
{ "type": "Feature", "properties": { "u": 11519650181, "v": 11519650186, "key": 0, "osmid": 1239880462, "highway": "footway", "name": null, "oneway": false, "reversed": false, "length": 16.591631110798509, "lanes": null, "maxspeed": null, "access": null }, "geometry": { "type": "LineString", "coordinates": [ [ -76.5393095, 3.4274393 ], [ -76.5393701, 3.4273029 ] ] } },
{ "type": "Feature", "properties": { "u": 11519650181, "v": 11518927848, "key": 0, "osmid": 1239880462, "highway": "footway", "name": null, "oneway": false, "reversed": true, "length": 73.716490034431743, "lanes": null, "maxspeed": null, "access": null }, "geometry": { "type": "LineString", "coordinates": [ [ -76.5393095, 3.4274393 ], [ -76.5390402, 3.4280453 ] ] } },
{ "type": "Feature", "properties": { "u": 11519650181, "v": 11519650182, "key": 0, "osmid": 1239953519, "highway": "footway", "name": null, "oneway": false, "reversed": true, "length": 5.716478241634106, "lanes": null, "maxspeed": null, "access": null }, "geometry": { "type": "LineString", "coordinates": [ [ -76.5393095, 3.4274393 ], [ -76.539356, 3.4274614 ] ] } },
{ "type": "Feature", "properties": { "u": 11519650182, "v": 4179766549, "key": 0, "osmid": 417092761, "highway": "secondary", "name": "Calle 6", "oneway": false, "reversed": false, "length": 16.836606352936418, "lanes": "2", "maxspeed": "30", "access": null }, "geometry": { "type": "LineString", "coordinates": [ [ -76.539356, 3.4274614 ], [ -76.5394173, 3.4273229 ] ] } },
{ "type": "Feature", "properties": { "u": 11519650182, "v": 11518927849, "key": 0, "osmid": 417092761, "highway": "secondary", "name": "Calle 6", "oneway": false, "reversed": true, "length": 74.115165097937293, "lanes": "2", "maxspeed": "30", "access": null }, "geometry": { "type": "LineString", "coordinates": [ [ -76.539356, 3.4274614 ], [ -76.5390862, 3.4280711 ] ] } },
{ "type": "Feature", "properties": { "u": 11519650182, "v": 11519650181, "key": 0, "osmid": 1239953519, "highway": "footway", "name": null, "oneway": false, "reversed": false, "length": 5.716478241634106, "lanes": null, "maxspeed": null, "access": null }, "geometry": { "type": "LineString", "coordinates": [ [ -76.539356, 3.4274614 ], [ -76.5393095, 3.4274393 ] ] } },
{ "type": "Feature", "properties": { "u": 11519650182, "v": 11519650183, "key": 0, "osmid": 1239953519, "highway": "footway", "name": null, "oneway": false, "reversed": true, "length": 18.470321347182956, "lanes": null, "maxspeed": null, "access": null }, "geometry": { "type": "LineString", "coordinates": [ [ -76.539356, 3.4274614 ], [ -76.5395062, 3.4275329 ] ] } },
{ "type": "Feature", "properties": { "u": 11519650183, "v": 11518927850, "key": 0, "osmid": 1239873890, "highway": "secondary", "name": "Calle 6", "oneway": false, "reversed": true, "length": 74.071197339041092, "lanes": "2", "maxspeed": "30", "access": null }, "geometry": { "type": "LineString", "coordinates": [ [ -76.5395062, 3.4275329 ], [ -76.5392367, 3.4281423 ] ] } },
{ "type": "Feature", "properties": { "u": 11519650183, "v": 11519176317, "key": 0, "osmid": 1239953518, "highway": "secondary", "name": "Calle 6", "oneway": false, "reversed": false, "length": 62.770957095318842, "lanes": "2", "maxspeed": "30", "access": null }, "geometry": { "type": "LineString", "coordinates": [ [ -76.5395062, 3.4275329 ], [ -76.5397342, 3.4270163 ] ] } },
{ "type": "Feature", "properties": { "u": 11519650183, "v": 11519650182, "key": 0, "osmid": 1239953519, "highway": "footway", "name": null, "oneway": false, "reversed": false, "length": 18.470321347182956, "lanes": null, "maxspeed": null, "access": null }, "geometry": { "type": "LineString", "coordinates": [ [ -76.5395062, 3.4275329 ], [ -76.539356, 3.4274614 ] ] } },
{ "type": "Feature", "properties": { "u": 11519650183, "v": 11519650184, "key": 0, "osmid": 1239953519, "highway": "footway", "name": null, "oneway": false, "reversed": true, "length": 4.8820421964865677, "lanes": null, "maxspeed": null, "access": null }, "geometry": { "type": "LineString", "coordinates": [ [ -76.5395062, 3.4275329 ], [ -76.5395459, 3.4275518 ] ] } },
{ "type": "Feature", "properties": { "u": 11519650184, "v": 11519650183, "key": 0, "osmid": 1239953519, "highway": "footway", "name": null, "oneway": false, "reversed": false, "length": 4.8820421964865677, "lanes": null, "maxspeed": null, "access": null }, "geometry": { "type": "LineString", "coordinates": [ [ -76.5395459, 3.4275518 ], [ -76.5395062, 3.4275329 ] ] } },
{ "type": "Feature", "properties": { "u": 11519650184, "v": 11519650187, "key": 0, "osmid": 1239953520, "highway": "footway", "name": null, "oneway": false, "reversed": false, "length": 60.424792579620075, "lanes": null, "maxspeed": null, "access": null }, "geometry": { "type": "LineString", "coordinates": [ [ -76.5395459, 3.4275518 ], [ -76.5397633, 3.4270536 ] ] } },
{ "type": "Feature", "properties": { "u": 11519650184, "v": 11518927855, "key": 0, "osmid": 1239953520, "highway": "footway", "name": null, "oneway": false, "reversed": true, "length": 73.630607281105526, "lanes": null, "maxspeed": null, "access": null }, "geometry": { "type": "LineString", "coordinates": [ [ -76.5395459, 3.4275518 ], [ -76.5392808, 3.4281588 ] ] } },
{ "type": "Feature", "properties": { "u": 11519650186, "v": 4179766549, "key": 0, "osmid": 417419095, "highway": "residential", "name": "Carrera 35", "oneway": false, "reversed": false, "length": 5.6914917551426134, "lanes": null, "maxspeed": null, "access": null }, "geometry": { "type": "LineString", "coordinates": [ [ -76.5393701, 3.4273029 ], [ -76.5394173, 3.4273229 ] ] } },
{ "type": "Feature", "properties": { "u": 11519650186, "v": 4179766548, "key": 0, "osmid": 417419095, "highway": "residential", "name": "Carrera 35", "oneway": false, "reversed": true, "length": 73.537088679301249, "lanes": null, "maxspeed": null, "access": null }, "geometry": { "type": "LineString", "coordinates": [ [ -76.5393701, 3.4273029 ], [ -76.5387594, 3.4270465 ] ] } },
{ "type": "Feature", "properties": { "u": 11519650186, "v": 11519176316, "key": 0, "osmid": 1239880462, "highway": "footway", "name": null, "oneway": false, "reversed": false, "length": 57.892140119967593, "lanes": null, "maxspeed": null, "access": null }, "geometry": { "type": "LineString", "coordinates": [ [ -76.5393701, 3.4273029 ], [ -76.53959, 3.4268308 ] ] } },
{ "type": "Feature", "properties": { "u": 11519650186, "v": 11519650181, "key": 0, "osmid": 1239880462, "highway": "footway", "name": null, "oneway": false, "reversed": true, "length": 16.591631110798509, "lanes": null, "maxspeed": null, "access": null }, "geometry": { "type": "LineString", "coordinates": [ [ -76.5393701, 3.4273029 ], [ -76.5393095, 3.4274393 ] ] } },
{ "type": "Feature", "properties": { "u": 11519650187, "v": 11519176317, "key": 0, "osmid": 1239903490, "highway": "footway", "name": null, "oneway": false, "reversed": false, "length": 5.2569221513064388, "lanes": null, "maxspeed": null, "access": null }, "geometry": { "type": "LineString", "coordinates": [ [ -76.5397633, 3.4270536 ], [ -76.5397342, 3.4270163 ] ] } },
{ "type": "Feature", "properties": { "u": 11519650187, "v": 11519176297, "key": 0, "osmid": 1239903490, "highway": "footway", "name": null, "oneway": false, "reversed": true, "length": 3.9188140564026757, "lanes": null, "maxspeed": null, "access": null }, "geometry": { "type": "LineString", "coordinates": [ [ -76.5397633, 3.4270536 ], [ -76.539785, 3.4270814 ] ] } },
{ "type": "Feature", "properties": { "u": 11519650187, "v": 11519650184, "key": 0, "osmid": 1239953520, "highway": "footway", "name": null, "oneway": false, "reversed": true, "length": 60.424792579620075, "lanes": null, "maxspeed": null, "access": null }, "geometry": { "type": "LineString", "coordinates": [ [ -76.5397633, 3.4270536 ], [ -76.5395459, 3.4275518 ] ] } },
{ "type": "Feature", "properties": { "u": 11519650188, "v": 11519650211, "key": 0, "osmid": 1239953522, "highway": "footway", "name": null, "oneway": false, "reversed": false, "length": 5.3651629706439969, "lanes": null, "maxspeed": null, "access": null }, "geometry": { "type": "LineString", "coordinates": [ [ -76.5389732, 3.4317743 ], [ -76.538971, 3.4318225 ] ] } },
{ "type": "Feature", "properties": { "u": 11519650188, "v": 11519650189, "key": 0, "osmid": 1239953522, "highway": "footway", "name": null, "oneway": false, "reversed": true, "length": 7.4779587486711314, "lanes": null, "maxspeed": null, "access": null }, "geometry": { "type": "LineString", "coordinates": [ [ -76.5389732, 3.4317743 ], [ -76.5389059, 3.4317712 ] ] } },
{ "type": "Feature", "properties": { "u": 11519650188, "v": 11519650210, "key": 0, "osmid": 1239953532, "highway": "footway", "name": null, "oneway": false, "reversed": false, "length": 155.23978391436191, "lanes": null, "maxspeed": null, "access": null }, "geometry": { "type": "LineString", "coordinates": [ [ -76.5389732, 3.4317743 ], [ -76.5390535, 3.4303805 ] ] } },
{ "type": "Feature", "properties": { "u": 11519650189, "v": 361410524, "key": 0, "osmid": 406984941, "highway": "secondary", "name": "Calle 6", "oneway": false, "reversed": false, "length": 154.90343796098605, "lanes": "4", "maxspeed": "50", "access": null }, "geometry": { "type": "LineString", "coordinates": [ [ -76.5389059, 3.4317712 ], [ -76.5389821, 3.4303802 ] ] } },
{ "type": "Feature", "properties": { "u": 11519650189, "v": 615800638, "key": 0, "osmid": 406984941, "highway": "secondary", "name": "Calle 6", "oneway": false, "reversed": true, "length": 5.2557384153921847, "lanes": "4", "maxspeed": "50", "access": null }, "geometry": { "type": "LineString", "coordinates": [ [ -76.5389059, 3.4317712 ], [ -76.5389034, 3.4318184 ] ] } },
{ "type": "Feature", "properties": { "u": 11519650189, "v": 11519650188, "key": 0, "osmid": 1239953522, "highway": "footway", "name": null, "oneway": false, "reversed": false, "length": 7.4779587486711314, "lanes": null, "maxspeed": null, "access": null }, "geometry": { "type": "LineString", "coordinates": [ [ -76.5389059, 3.4317712 ], [ -76.5389732, 3.4317743 ] ] } },
{ "type": "Feature", "properties": { "u": 11519650189, "v": 11519650190, "key": 0, "osmid": 1239953522, "highway": "footway", "name": null, "oneway": false, "reversed": true, "length": 7.6558762160482061, "lanes": null, "maxspeed": null, "access": null }, "geometry": { "type": "LineString", "coordinates": [ [ -76.5389059, 3.4317712 ], [ -76.538837, 3.431768 ] ] } },
{ "type": "Feature", "properties": { "u": 11519650190, "v": 11519650189, "key": 0, "osmid": 1239953522, "highway": "footway", "name": null, "oneway": false, "reversed": false, "length": 7.6558762160482061, "lanes": null, "maxspeed": null, "access": null }, "geometry": { "type": "LineString", "coordinates": [ [ -76.538837, 3.431768 ], [ -76.5389059, 3.4317712 ] ] } },
{ "type": "Feature", "properties": { "u": 11519650190, "v": 11519650221, "key": 0, "osmid": 1239953522, "highway": "footway", "name": null, "oneway": false, "reversed": true, "length": 5.3651629707172814, "lanes": null, "maxspeed": null, "access": null }, "geometry": { "type": "LineString", "coordinates": [ [ -76.538837, 3.431768 ], [ -76.5388348, 3.4318162 ] ] } },
{ "type": "Feature", "properties": { "u": 11519650190, "v": 11519650220, "key": 0, "osmid": 1239953533, "highway": "footway", "name": null, "oneway": false, "reversed": false, "length": 154.85934650401927, "lanes": null, "maxspeed": null, "access": null }, "geometry": { "type": "LineString", "coordinates": [ [ -76.538837, 3.431768 ], [ -76.5389114, 3.4303773 ] ] } },
{ "type": "Feature", "properties": { "u": 11519650191, "v": 11519650222, "key": 0, "osmid": 1239953521, "highway": "footway", "name": null, "oneway": false, "reversed": true, "length": 20.432838075753381, "lanes": null, "maxspeed": null, "access": null }, "geometry": { "type": "LineString", "coordinates": [ [ -76.5388319, 3.4318801 ], [ -76.5388243, 3.4320637 ] ] } },
{ "type": "Feature", "properties": { "u": 11519650191, "v": 11519650221, "key": 0, "osmid": 1239953522, "highway": "footway", "name": null, "oneway": false, "reversed": false, "length": 7.1126531900739876, "lanes": null, "maxspeed": null, "access": null }, "geometry": { "type": "LineString", "coordinates": [ [ -76.5388319, 3.4318801 ], [ -76.5388348, 3.4318162 ] ] } },
{ "type": "Feature", "properties": { "u": 11519650191, "v": 7289425225, "key": 0, "osmid": 1239953522, "highway": "footway", "name": null, "oneway": false, "reversed": true, "length": 7.5666611531157644, "lanes": null, "maxspeed": null, "access": null }, "geometry": { "type": "LineString", "coordinates": [ [ -76.5388319, 3.4318801 ], [ -76.5389, 3.4318832 ] ] } },
{ "type": "Feature", "properties": { "u": 11519650192, "v": 7289425225, "key": 0, "osmid": 1239953522, "highway": "footway", "name": null, "oneway": false, "reversed": false, "length": 7.5666611314327623, "lanes": null, "maxspeed": null, "access": null }, "geometry": { "type": "LineString", "coordinates": [ [ -76.5389681, 3.4318863 ], [ -76.5389, 3.4318832 ] ] } },
{ "type": "Feature", "properties": { "u": 11519650192, "v": 11519650211, "key": 0, "osmid": 1239953522, "highway": "footway", "name": null, "oneway": false, "reversed": true, "length": 7.1015450921012491, "lanes": null, "maxspeed": null, "access": null }, "geometry": { "type": "LineString", "coordinates": [ [ -76.5389681, 3.4318863 ], [ -76.538971, 3.4318225 ] ] } },
{ "type": "Feature", "properties": { "u": 11519650192, "v": 11519650212, "key": 0, "osmid": 1239953523, "highway": "footway", "name": null, "oneway": false, "reversed": true, "length": 73.423392101878463, "lanes": null, "maxspeed": null, "access": null }, "geometry": { "type": "LineString", "coordinates": [ [ -76.5389681, 3.4318863 ], [ -76.5389374, 3.4325459 ] ] } },
{ "type": "Feature", "properties": { "u": 11519650193, "v": 11519650212, "key": 0, "osmid": 1239953523, "highway": "footway", "name": null, "oneway": false, "reversed": false, "length": 76.803116126929893, "lanes": null, "maxspeed": null, "access": null }, "geometry": { "type": "LineString", "coordinates": [ [ -76.5389205, 3.4332364 ], [ -76.5389374, 3.4325459 ] ] } },
{ "type": "Feature", "properties": { "u": 11519650193, "v": 11519650213, "key": 0, "osmid": 1239953526, "highway": "footway", "name": null, "oneway": false, "reversed": true, "length": 7.0321647280340498, "lanes": null, "maxspeed": null, "access": null }, "geometry": { "type": "LineString", "coordinates": [ [ -76.5389205, 3.4332364 ], [ -76.5389182, 3.4332996 ] ] } },
{ "type": "Feature", "properties": { "u": 11519650193, "v": 11519650194, "key": 0, "osmid": 1239953528, "highway": "footway", "name": null, "oneway": false, "reversed": true, "length": 7.919259341168214, "lanes": null, "maxspeed": null, "access": null }, "geometry": { "type": "LineString", "coordinates": [ [ -76.5389205, 3.4332364 ], [ -76.5388492, 3.4332338 ] ] } },
{ "type": "Feature", "properties": { "u": 11519650194, "v": 363105742, "key": 0, "osmid": 449282213, "highway": "secondary", "name": "Calle 6", "oneway": false, "reversed": false, "length": 76.675728726991508, "lanes": "4", "maxspeed": "30", "access": null }, "geometry": { "type": "LineString", "coordinates": [ [ -76.5388492, 3.4332338 ], [ -76.5388641, 3.4325444 ] ] } },
{ "type": "Feature", "properties": { "u": 11519650194, "v": 361410808, "key": 0, "osmid": 449282213, "highway": "secondary", "name": "Calle 6", "oneway": false, "reversed": true, "length": 6.9289563279501589, "lanes": "4", "maxspeed": "30", "access": null }, "geometry": { "type": "LineString", "coordinates": [ [ -76.5388492, 3.4332338 ], [ -76.5388479, 3.4332961 ] ] } },
{ "type": "Feature", "properties": { "u": 11519650194, "v": 11519650193, "key": 0, "osmid": 1239953528, "highway": "footway", "name": null, "oneway": false, "reversed": false, "length": 7.919259341168214, "lanes": null, "maxspeed": null, "access": null }, "geometry": { "type": "LineString", "coordinates": [ [ -76.5388492, 3.4332338 ], [ -76.5389205, 3.4332364 ] ] } },
{ "type": "Feature", "properties": { "u": 11519650194, "v": 11519650195, "key": 0, "osmid": 1239953528, "highway": "footway", "name": null, "oneway": false, "reversed": true, "length": 6.5533030285570995, "lanes": null, "maxspeed": null, "access": null }, "geometry": { "type": "LineString", "coordinates": [ [ -76.5388492, 3.4332338 ], [ -76.5387902, 3.4332316 ] ] } },
{ "type": "Feature", "properties": { "u": 11519650195, "v": 11519650224, "key": 0, "osmid": 1239953521, "highway": "footway", "name": null, "oneway": false, "reversed": false, "length": 76.673192401264046, "lanes": null, "maxspeed": null, "access": null }, "geometry": { "type": "LineString", "coordinates": [ [ -76.5387902, 3.4332316 ], [ -76.538804, 3.4325422 ] ] } },
{ "type": "Feature", "properties": { "u": 11519650195, "v": 11519650225, "key": 0, "osmid": 1239953524, "highway": "footway", "name": null, "oneway": false, "reversed": true, "length": 6.8432611317297347, "lanes": null, "maxspeed": null, "access": null }, "geometry": { "type": "LineString", "coordinates": [ [ -76.5387902, 3.4332316 ], [ -76.5387879, 3.4332931 ] ] } },
{ "type": "Feature", "properties": { "u": 11519650195, "v": 11519650194, "key": 0, "osmid": 1239953528, "highway": "footway", "name": null, "oneway": false, "reversed": false, "length": 6.5533030285570995, "lanes": null, "maxspeed": null, "access": null }, "geometry": { "type": "LineString", "coordinates": [ [ -76.5387902, 3.4332316 ], [ -76.5388492, 3.4332338 ] ] } },
{ "type": "Feature", "properties": { "u": 11519650196, "v": 11519650225, "key": 0, "osmid": 1239953524, "highway": "footway", "name": null, "oneway": false, "reversed": false, "length": 8.6458520443555713, "lanes": null, "maxspeed": null, "access": null }, "geometry": { "type": "LineString", "coordinates": [ [ -76.538785, 3.4333708 ], [ -76.5387879, 3.4332931 ] ] } },
{ "type": "Feature", "properties": { "u": 11519650196, "v": 11519650226, "key": 0, "osmid": 1239953525, "highway": "footway", "name": null, "oneway": false, "reversed": true, "length": 115.25573982129153, "lanes": null, "maxspeed": null, "access": null }, "geometry": { "type": "LineString", "coordinates": [ [ -76.538785, 3.4333708 ], [ -76.5387413, 3.4344064 ] ] } },
{ "type": "Feature", "properties": { "u": 11519650196, "v": 7289425226, "key": 0, "osmid": 1239953529, "highway": "footway", "name": null, "oneway": false, "reversed": true, "length": 6.6087614683545706, "lanes": null, "maxspeed": null, "access": null }, "geometry": { "type": "LineString", "coordinates": [ [ -76.538785, 3.4333708 ], [ -76.5388445, 3.433373 ] ] } },
{ "type": "Feature", "properties": { "u": 11519650197, "v": 11519650213, "key": 0, "osmid": 1239953526, "highway": "footway", "name": null, "oneway": false, "reversed": false, "length": 8.4565391878999296, "lanes": null, "maxspeed": null, "access": null }, "geometry": { "type": "LineString", "coordinates": [ [ -76.5389154, 3.4333756 ], [ -76.5389182, 3.4332996 ] ] } },
{ "type": "Feature", "properties": { "u": 11519650197, "v": 11519650214, "key": 0, "osmid": 1239953527, "highway": "footway", "name": null, "oneway": false, "reversed": true, "length": 115.25459706040462, "lanes": null, "maxspeed": null, "access": null }, "geometry": { "type": "LineString", "coordinates": [ [ -76.5389154, 3.4333756 ], [ -76.5388674, 3.434411 ] ] } },
{ "type": "Feature", "properties": { "u": 11519650197, "v": 7289425226, "key": 0, "osmid": 1239953529, "highway": "footway", "name": null, "oneway": false, "reversed": false, "length": 7.8748897500483741, "lanes": null, "maxspeed": null, "access": null }, "geometry": { "type": "LineString", "coordinates": [ [ -76.5389154, 3.4333756 ], [ -76.5388445, 3.433373 ] ] } },
{ "type": "Feature", "properties": { "u": 11519650198, "v": 9336288925, "key": 0, "osmid": 1239953530, "highway": "service", "name": null, "oneway": false, "reversed": false, "length": 7.0880945895967553, "lanes": null, "maxspeed": null, "access": null }, "geometry": { "type": "LineString", "coordinates": [ [ -76.5387078, 3.4323244 ], [ -76.5387035, 3.432388 ] ] } },
{ "type": "Feature", "properties": { "u": 11519650198, "v": 11519650199, "key": 0, "osmid": 1239953531, "highway": "service", "name": null, "oneway": false, "reversed": true, "length": 25.722172012938117, "lanes": null, "maxspeed": null, "access": null }, "geometry": { "type": "LineString", "coordinates": [ [ -76.5387078, 3.4323244 ], [ -76.5387234, 3.4320936 ] ] } },
{ "type": "Feature", "properties": { "u": 11519650199, "v": 9336288927, "key": 0, "osmid": 1011961858, "highway": "service", "name": null, "oneway": false, "reversed": true, "length": 2.9423412361304302, "lanes": null, "maxspeed": null, "access": null }, "geometry": { "type": "LineString", "coordinates": [ [ -76.5387234, 3.4320936 ], [ -76.5387252, 3.4320672 ] ] } },
{ "type": "Feature", "properties": { "u": 11519650199, "v": 11519650198, "key": 0, "osmid": 1239953531, "highway": "service", "name": null, "oneway": false, "reversed": false, "length": 25.722172012938117, "lanes": null, "maxspeed": null, "access": null }, "geometry": { "type": "LineString", "coordinates": [ [ -76.5387234, 3.4320936 ], [ -76.5387078, 3.4323244 ] ] } },
{ "type": "Feature", "properties": { "u": 11519650200, "v": 11519650208, "key": 0, "osmid": 1239953532, "highway": "footway", "name": null, "oneway": false, "reversed": false, "length": 59.245290641055838, "lanes": null, "maxspeed": null, "access": null }, "geometry": { "type": "LineString", "coordinates": [ [ -76.5391003, 3.4292926 ], [ -76.539098, 3.4287598 ] ] } },
{ "type": "Feature", "properties": { "u": 11519650200, "v": 11519650209, "key": 0, "osmid": 1239953532, "highway": "footway", "name": null, "oneway": false, "reversed": true, "length": 5.0482690033933029, "lanes": null, "maxspeed": null, "access": null }, "geometry": { "type": "LineString", "coordinates": [ [ -76.5391003, 3.4292926 ], [ -76.5391004, 3.429338 ] ] } },
{ "type": "Feature", "properties": { "u": 11519650200, "v": 11519650201, "key": 0, "osmid": 1239953532, "highway": "footway", "name": null, "oneway": false, "reversed": true, "length": 58.568762223997091, "lanes": null, "maxspeed": null, "access": null }, "geometry": { "type": "LineString", "coordinates": [ [ -76.5391003, 3.4292926 ], [ -76.5396224, 3.4292163 ] ] } },
{ "type": "Feature", "properties": { "u": 11519650201, "v": 11519650200, "key": 0, "osmid": 1239953532, "highway": "footway", "name": null, "oneway": false, "reversed": false, "length": 58.568762223997091, "lanes": null, "maxspeed": null, "access": null }, "geometry": { "type": "LineString", "coordinates": [ [ -76.5396224, 3.4292163 ], [ -76.5391003, 3.4292926 ] ] } },
{ "type": "Feature", "properties": { "u": 11519650201, "v": 11519650202, "key": 0, "osmid": 1239953532, "highway": "footway", "name": null, "oneway": false, "reversed": true, "length": 71.675980592302736, "lanes": null, "maxspeed": null, "access": null }, "geometry": { "type": "LineString", "coordinates": [ [ -76.5396224, 3.4292163 ], [ -76.539271, 3.4286755 ] ] } },
{ "type": "Feature", "properties": { "u": 11519650202, "v": 11519650201, "key": 0, "osmid": 1239953532, "highway": "footway", "name": null, "oneway": false, "reversed": false, "length": 71.675980592302736, "lanes": null, "maxspeed": null, "access": null }, "geometry": { "type": "LineString", "coordinates": [ [ -76.539271, 3.4286755 ], [ -76.5396224, 3.4292163 ] ] } },
{ "type": "Feature", "properties": { "u": 11519650202, "v": 11519650203, "key": 0, "osmid": 1239953532, "highway": "footway", "name": null, "oneway": false, "reversed": true, "length": 4.1153492616210956, "lanes": null, "maxspeed": null, "access": null }, "geometry": { "type": "LineString", "coordinates": [ [ -76.539271, 3.4286755 ], [ -76.5392348, 3.4286675 ] ] } },
{ "type": "Feature", "properties": { "u": 11519650203, "v": 11519650202, "key": 0, "osmid": 1239953532, "highway": "footway", "name": null, "oneway": false, "reversed": false, "length": 4.1153492616210956, "lanes": null, "maxspeed": null, "access": null }, "geometry": { "type": "LineString", "coordinates": [ [ -76.5392348, 3.4286675 ], [ -76.539271, 3.4286755 ] ] } },
{ "type": "Feature", "properties": { "u": 11519650203, "v": 11519650204, "key": 0, "osmid": 1239953532, "highway": "footway", "name": null, "oneway": false, "reversed": true, "length": 4.4713973097989044, "lanes": null, "maxspeed": null, "access": null }, "geometry": { "type": "LineString", "coordinates": [ [ -76.5392348, 3.4286675 ], [ -76.5391946, 3.4286701 ] ] } },
{ "type": "Feature", "properties": { "u": 11519650204, "v": 11519650203, "key": 0, "osmid": 1239953532, "highway": "footway", "name": null, "oneway": false, "reversed": false, "length": 4.4713973097989044, "lanes": null, "maxspeed": null, "access": null }, "geometry": { "type": "LineString", "coordinates": [ [ -76.5391946, 3.4286701 ], [ -76.5392348, 3.4286675 ] ] } },
{ "type": "Feature", "properties": { "u": 11519650204, "v": 11519650205, "key": 0, "osmid": 1239953532, "highway": "footway", "name": null, "oneway": false, "reversed": true, "length": 3.6858134186811671, "lanes": null, "maxspeed": null, "access": null }, "geometry": { "type": "LineString", "coordinates": [ [ -76.5391946, 3.4286701 ], [ -76.5391624, 3.4286782 ] ] } },
{ "type": "Feature", "properties": { "u": 11519650205, "v": 11519650204, "key": 0, "osmid": 1239953532, "highway": "footway", "name": null, "oneway": false, "reversed": false, "length": 3.6858134186811671, "lanes": null, "maxspeed": null, "access": null }, "geometry": { "type": "LineString", "coordinates": [ [ -76.5391624, 3.4286782 ], [ -76.5391946, 3.4286701 ] ] } },
{ "type": "Feature", "properties": { "u": 11519650205, "v": 11519650206, "key": 0, "osmid": 1239953532, "highway": "footway", "name": null, "oneway": false, "reversed": true, "length": 3.6797939488075695, "lanes": null, "maxspeed": null, "access": null }, "geometry": { "type": "LineString", "coordinates": [ [ -76.5391624, 3.4286782 ], [ -76.5391342, 3.4286956 ] ] } },
{ "type": "Feature", "properties": { "u": 11519650206, "v": 11519650205, "key": 0, "osmid": 1239953532, "highway": "footway", "name": null, "oneway": false, "reversed": false, "length": 3.6797939488075695, "lanes": null, "maxspeed": null, "access": null }, "geometry": { "type": "LineString", "coordinates": [ [ -76.5391342, 3.4286956 ], [ -76.5391624, 3.4286782 ] ] } },
{ "type": "Feature", "properties": { "u": 11519650206, "v": 11519650207, "key": 0, "osmid": 1239953532, "highway": "footway", "name": null, "oneway": false, "reversed": true, "length": 3.6858958459241347, "lanes": null, "maxspeed": null, "access": null }, "geometry": { "type": "LineString", "coordinates": [ [ -76.5391342, 3.4286956 ], [ -76.5391114, 3.4287197 ] ] } },
{ "type": "Feature", "properties": { "u": 11519650207, "v": 11519650206, "key": 0, "osmid": 1239953532, "highway": "footway", "name": null, "oneway": false, "reversed": false, "length": 3.6858958459241347, "lanes": null, "maxspeed": null, "access": null }, "geometry": { "type": "LineString", "coordinates": [ [ -76.5391114, 3.4287197 ], [ -76.5391342, 3.4286956 ] ] } },
{ "type": "Feature", "properties": { "u": 11519650207, "v": 11519650208, "key": 0, "osmid": 1239953532, "highway": "footway", "name": null, "oneway": false, "reversed": true, "length": 4.7004461420393184, "lanes": null, "maxspeed": null, "access": null }, "geometry": { "type": "LineString", "coordinates": [ [ -76.5391114, 3.4287197 ], [ -76.539098, 3.4287598 ] ] } },
{ "type": "Feature", "properties": { "u": 11519650208, "v": 11519650207, "key": 0, "osmid": 1239953532, "highway": "footway", "name": null, "oneway": false, "reversed": false, "length": 4.7004461420393184, "lanes": null, "maxspeed": null, "access": null }, "geometry": { "type": "LineString", "coordinates": [ [ -76.539098, 3.4287598 ], [ -76.5391114, 3.4287197 ] ] } },
{ "type": "Feature", "properties": { "u": 11519650208, "v": 11519650200, "key": 0, "osmid": 1239953532, "highway": "footway", "name": null, "oneway": false, "reversed": true, "length": 59.245290641055838, "lanes": null, "maxspeed": null, "access": null }, "geometry": { "type": "LineString", "coordinates": [ [ -76.539098, 3.4287598 ], [ -76.5391003, 3.4292926 ] ] } },
{ "type": "Feature", "properties": { "u": 11519650209, "v": 455978443, "key": 0, "osmid": 33173836, "highway": "residential", "name": "Carrera 31", "oneway": false, "reversed": false, "length": 8.4900665667618895, "lanes": null, "maxspeed": null, "access": null }, "geometry": { "type": "LineString", "coordinates": [ [ -76.5391004, 3.429338 ], [ -76.539024, 3.4293343 ] ] } },
{ "type": "Feature", "properties": { "u": 11519650209, "v": 2134265740, "key": 0, "osmid": 33173836, "highway": "residential", "name": "Carrera 31", "oneway": false, "reversed": true, "length": 65.988645389598616, "lanes": null, "maxspeed": null, "access": null }, "geometry": { "type": "LineString", "coordinates": [ [ -76.5391004, 3.429338 ], [ -76.5396871, 3.4292421 ] ] } },
{ "type": "Feature", "properties": { "u": 11519650209, "v": 11519650200, "key": 0, "osmid": 1239953532, "highway": "footway", "name": null, "oneway": false, "reversed": false, "length": 5.0482690033933029, "lanes": null, "maxspeed": null, "access": null }, "geometry": { "type": "LineString", "coordinates": [ [ -76.5391004, 3.429338 ], [ -76.5391003, 3.4292926 ] ] } },
{ "type": "Feature", "properties": { "u": 11519650209, "v": 11519650210, "key": 0, "osmid": 1239953532, "highway": "footway", "name": null, "oneway": false, "reversed": true, "length": 116.03770338864041, "lanes": null, "maxspeed": null, "access": null }, "geometry": { "type": "LineString", "coordinates": [ [ -76.5391004, 3.429338 ], [ -76.5390535, 3.4303805 ] ] } },
{ "type": "Feature", "properties": { "u": 11519650210, "v": 361409666, "key": 0, "osmid": 406984962, "highway": "residential", "name": "Carrera 30", "oneway": false, "reversed": false, "length": 69.047498706928806, "lanes": null, "maxspeed": "30", "access": null }, "geometry": { "type": "LineString", "coordinates": [ [ -76.5390535, 3.4303805 ], [ -76.5396755, 3.43039 ] ] } },
{ "type": "Feature", "properties": { "u": 11519650210, "v": 361410524, "key": 0, "osmid": 406984962, "highway": "residential", "name": "Carrera 30", "oneway": false, "reversed": true, "length": 7.9251738205477249, "lanes": null, "maxspeed": "30", "access": null }, "geometry": { "type": "LineString", "coordinates": [ [ -76.5390535, 3.4303805 ], [ -76.5389821, 3.4303802 ] ] } },
{ "type": "Feature", "properties": { "u": 11519650210, "v": 11519650209, "key": 0, "osmid": 1239953532, "highway": "footway", "name": null, "oneway": false, "reversed": false, "length": 116.03770338864041, "lanes": null, "maxspeed": null, "access": null }, "geometry": { "type": "LineString", "coordinates": [ [ -76.5390535, 3.4303805 ], [ -76.5391004, 3.429338 ] ] } },
{ "type": "Feature", "properties": { "u": 11519650210, "v": 11519650188, "key": 0, "osmid": 1239953532, "highway": "footway", "name": null, "oneway": false, "reversed": true, "length": 155.23978391436191, "lanes": null, "maxspeed": null, "access": null }, "geometry": { "type": "LineString", "coordinates": [ [ -76.5390535, 3.4303805 ], [ -76.5389732, 3.4317743 ] ] } },
{ "type": "Feature", "properties": { "u": 11519650211, "v": 615800638, "key": 0, "osmid": 417417903, "highway": "residential", "name": "Carrera 29", "oneway": false, "reversed": false, "length": 7.517145524319468, "lanes": null, "maxspeed": null, "access": null }, "geometry": { "type": "LineString", "coordinates": [ [ -76.538971, 3.4318225 ], [ -76.5389034, 3.4318184 ] ] } },
{ "type": "Feature", "properties": { "u": 11519650211, "v": 361409667, "key": 0, "osmid": 417417903, "highway": "residential", "name": "Carrera 29", "oneway": false, "reversed": true, "length": 73.009990992498132, "lanes": null, "maxspeed": null, "access": null }, "geometry": { "type": "LineString", "coordinates": [ [ -76.538971, 3.4318225 ], [ -76.5396281, 3.4318522 ] ] } },
{ "type": "Feature", "properties": { "u": 11519650211, "v": 11519650192, "key": 0, "osmid": 1239953522, "highway": "footway", "name": null, "oneway": false, "reversed": false, "length": 7.1015450921012491, "lanes": null, "maxspeed": null, "access": null }, "geometry": { "type": "LineString", "coordinates": [ [ -76.538971, 3.4318225 ], [ -76.5389681, 3.4318863 ] ] } },
{ "type": "Feature", "properties": { "u": 11519650211, "v": 11519650188, "key": 0, "osmid": 1239953522, "highway": "footway", "name": null, "oneway": false, "reversed": true, "length": 5.3651629706439969, "lanes": null, "maxspeed": null, "access": null }, "geometry": { "type": "LineString", "coordinates": [ [ -76.538971, 3.4318225 ], [ -76.5389732, 3.4317743 ] ] } },
{ "type": "Feature", "properties": { "u": 11519650212, "v": 363105742, "key": 0, "osmid": 564069976, "highway": "residential", "name": "Carrera 28", "oneway": false, "reversed": true, "length": 8.1376867928585064, "lanes": null, "maxspeed": null, "access": null }, "geometry": { "type": "LineString", "coordinates": [ [ -76.5389374, 3.4325459 ], [ -76.5388641, 3.4325444 ] ] } },
{ "type": "Feature", "properties": { "u": 11519650212, "v": 11519650192, "key": 0, "osmid": 1239953523, "highway": "footway", "name": null, "oneway": false, "reversed": false, "length": 73.423392101878463, "lanes": null, "maxspeed": null, "access": null }, "geometry": { "type": "LineString", "coordinates": [ [ -76.5389374, 3.4325459 ], [ -76.5389681, 3.4318863 ] ] } },
{ "type": "Feature", "properties": { "u": 11519650212, "v": 11519650193, "key": 0, "osmid": 1239953523, "highway": "footway", "name": null, "oneway": false, "reversed": true, "length": 76.803116126929893, "lanes": null, "maxspeed": null, "access": null }, "geometry": { "type": "LineString", "coordinates": [ [ -76.5389374, 3.4325459 ], [ -76.5389205, 3.4332364 ] ] } },
{ "type": "Feature", "properties": { "u": 11519650213, "v": 361410808, "key": 0, "osmid": 28190780, "highway": "residential", "name": "Carrera 27", "oneway": false, "reversed": false, "length": 7.8126837949064747, "lanes": "2", "maxspeed": "30", "access": null }, "geometry": { "type": "LineString", "coordinates": [ [ -76.5389182, 3.4332996 ], [ -76.5388479, 3.4332961 ] ] } },
{ "type": "Feature", "properties": { "u": 11519650213, "v": 7467725941, "key": 0, "osmid": 28190780, "highway": "residential", "name": "Carrera 27", "oneway": false, "reversed": true, "length": 80.744844387863608, "lanes": "2", "maxspeed": "30", "access": null }, "geometry": { "type": "LineString", "coordinates": [ [ -76.5389182, 3.4332996 ], [ -76.5396445, 3.4333406 ] ] } },
{ "type": "Feature", "properties": { "u": 11519650213, "v": 11519650193, "key": 0, "osmid": 1239953526, "highway": "footway", "name": null, "oneway": false, "reversed": false, "length": 7.0321647280340498, "lanes": null, "maxspeed": null, "access": null }, "geometry": { "type": "LineString", "coordinates": [ [ -76.5389182, 3.4332996 ], [ -76.5389205, 3.4332364 ] ] } },
{ "type": "Feature", "properties": { "u": 11519650213, "v": 11519650197, "key": 0, "osmid": 1239953526, "highway": "footway", "name": null, "oneway": false, "reversed": true, "length": 8.4565391878999296, "lanes": null, "maxspeed": null, "access": null }, "geometry": { "type": "LineString", "coordinates": [ [ -76.5389182, 3.4332996 ], [ -76.5389154, 3.4333756 ] ] } },
{ "type": "Feature", "properties": { "u": 11519650214, "v": 2681953075, "key": 0, "osmid": 564088508, "highway": "residential", "name": "Carrera 26", "oneway": false, "reversed": false, "length": 86.17838152731548, "lanes": null, "maxspeed": null, "access": null }, "geometry": { "type": "LineString", "coordinates": [ [ -76.5388674, 3.434411 ], [ -76.5396433, 3.4344392 ] ] } },
{ "type": "Feature", "properties": { "u": 11519650214, "v": 4502652446, "key": 0, "osmid": 564088508, "highway": "residential", "name": "Carrera 26", "oneway": false, "reversed": true, "length": 7.2418176753623653, "lanes": null, "maxspeed": null, "access": null }, "geometry": { "type": "LineString", "coordinates": [ [ -76.5388674, 3.434411 ], [ -76.5388022, 3.4344086 ] ] } },
{ "type": "Feature", "properties": { "u": 11519650214, "v": 11519650197, "key": 0, "osmid": 1239953527, "highway": "footway", "name": null, "oneway": false, "reversed": false, "length": 115.25459706040462, "lanes": null, "maxspeed": null, "access": null }, "geometry": { "type": "LineString", "coordinates": [ [ -76.5388674, 3.434411 ], [ -76.5389154, 3.4333756 ] ] } },
{ "type": "Feature", "properties": { "u": 11519650214, "v": 11519650215, "key": 0, "osmid": 1239953527, "highway": "footway", "name": null, "oneway": false, "reversed": true, "length": 91.047265437002906, "lanes": null, "maxspeed": null, "access": null }, "geometry": { "type": "LineString", "coordinates": [ [ -76.5388674, 3.434411 ], [ -76.538831, 3.435229 ] ] } },
{ "type": "Feature", "properties": { "u": 11519650215, "v": 615802886, "key": 0, "osmid": 46256216, "highway": "residential", "name": "Carrera 25", "oneway": false, "reversed": false, "length": 8.0088142473149269, "lanes": null, "maxspeed": null, "access": null }, "geometry": { "type": "LineString", "coordinates": [ [ -76.538831, 3.435229 ], [ -76.5387589, 3.4352262 ] ] } },
{ "type": "Feature", "properties": { "u": 11519650215, "v": 2238854300, "key": 0, "osmid": 46256216, "highway": "residential", "name": "Carrera 25", "oneway": false, "reversed": true, "length": 103.71486993905305, "lanes": null, "maxspeed": null, "access": null }, "geometry": { "type": "LineString", "coordinates": [ [ -76.538831, 3.435229 ], [ -76.5397647, 3.4352653 ] ] } },
{ "type": "Feature", "properties": { "u": 11519650215, "v": 11519650214, "key": 0, "osmid": 1239953527, "highway": "footway", "name": null, "oneway": false, "reversed": false, "length": 91.047265437002906, "lanes": null, "maxspeed": null, "access": null }, "geometry": { "type": "LineString", "coordinates": [ [ -76.538831, 3.435229 ], [ -76.5388674, 3.434411 ] ] } },
{ "type": "Feature", "properties": { "u": 11519650215, "v": 9726547658, "key": 0, "osmid": 1239953527, "highway": "footway", "name": null, "oneway": false, "reversed": true, "length": 122.05083847316475, "lanes": null, "maxspeed": null, "access": null }, "geometry": { "type": "LineString", "coordinates": [ [ -76.538831, 3.435229 ], [ -76.538779, 3.4363254 ] ] } },
{ "type": "Feature", "properties": { "u": 11519650216, "v": 11519650217, "key": 0, "osmid": 1239953533, "highway": "footway", "name": null, "oneway": false, "reversed": true, "length": 56.860136505952219, "lanes": null, "maxspeed": null, "access": null }, "geometry": { "type": "LineString", "coordinates": [ [ -76.5389927, 3.4284527 ], [ -76.5389711, 3.4289636 ] ] } },
{ "type": "Feature", "properties": { "u": 11519650217, "v": 9334380359, "key": 0, "osmid": 1011714054, "highway": "service", "name": null, "oneway": false, "reversed": false, "length": 6.1826744320354807, "lanes": null, "maxspeed": null, "access": null }, "geometry": { "type": "LineString", "coordinates": [ [ -76.5389711, 3.4289636 ], [ -76.539026, 3.428973 ] ] } },
{ "type": "Feature", "properties": { "u": 11519650217, "v": 9334380362, "key": 0, "osmid": 1011714054, "highway": "service", "name": null, "oneway": false, "reversed": true, "length": 6.0800249900591723, "lanes": null, "maxspeed": null, "access": null }, "geometry": { "type": "LineString", "coordinates": [ [ -76.5389711, 3.4289636 ], [ -76.5389168, 3.4289564 ] ] } },
{ "type": "Feature", "properties": { "u": 11519650217, "v": 11519650216, "key": 0, "osmid": 1239953533, "highway": "footway", "name": null, "oneway": false, "reversed": false, "length": 56.860136505952219, "lanes": null, "maxspeed": null, "access": null }, "geometry": { "type": "LineString", "coordinates": [ [ -76.5389711, 3.4289636 ], [ -76.5389927, 3.4284527 ] ] } },
{ "type": "Feature", "properties": { "u": 11519650217, "v": 11519650218, "key": 0, "osmid": 1239953533, "highway": "footway", "name": null, "oneway": false, "reversed": true, "length": 40.883494917892435, "lanes": null, "maxspeed": null, "access": null }, "geometry": { "type": "LineString", "coordinates": [ [ -76.5389711, 3.4289636 ], [ -76.5389545, 3.4293309 ] ] } },
{ "type": "Feature", "properties": { "u": 11519650218, "v": 9334380360, "key": 0, "osmid": 33173836, "highway": "residential", "name": "Carrera 31", "oneway": false, "reversed": false, "length": 28.047329896596452, "lanes": null, "maxspeed": null, "access": null }, "geometry": { "type": "LineString", "coordinates": [ [ -76.5389545, 3.4293309 ], [ -76.5387141, 3.4292532 ] ] } },
{ "type": "Feature", "properties": { "u": 11519650218, "v": 455978443, "key": 0, "osmid": 33173836, "highway": "residential", "name": "Carrera 31", "oneway": false, "reversed": true, "length": 7.7234785802093242, "lanes": null, "maxspeed": null, "access": null }, "geometry": { "type": "LineString", "coordinates": [ [ -76.5389545, 3.4293309 ], [ -76.539024, 3.4293343 ] ] } },
{ "type": "Feature", "properties": { "u": 11519650218, "v": 11519650217, "key": 0, "osmid": 1239953533, "highway": "footway", "name": null, "oneway": false, "reversed": false, "length": 40.883494917892435, "lanes": null, "maxspeed": null, "access": null }, "geometry": { "type": "LineString", "coordinates": [ [ -76.5389545, 3.4293309 ], [ -76.5389711, 3.4289636 ] ] } },
{ "type": "Feature", "properties": { "u": 11519650218, "v": 11519650219, "key": 0, "osmid": 1239953533, "highway": "footway", "name": null, "oneway": false, "reversed": true, "length": 77.853695392517054, "lanes": null, "maxspeed": null, "access": null }, "geometry": { "type": "LineString", "coordinates": [ [ -76.5389545, 3.4293309 ], [ -76.5389266, 3.4300305 ] ] } },
{ "type": "Feature", "properties": { "u": 11519650219, "v": 5480853800, "key": 0, "osmid": 27343518, "highway": "residential", "name": "Carrera 30A", "oneway": false, "reversed": false, "length": 17.147145427005874, "lanes": null, "maxspeed": null, "access": null }, "geometry": { "type": "LineString", "coordinates": [ [ -76.5389266, 3.4300305 ], [ -76.5387722, 3.4300356 ] ] } },
{ "type": "Feature", "properties": { "u": 11519650219, "v": 375700734, "key": 0, "osmid": 27343518, "highway": "residential", "name": "Carrera 30A", "oneway": false, "reversed": true, "length": 7.329812052941854, "lanes": null, "maxspeed": null, "access": null }, "geometry": { "type": "LineString", "coordinates": [ [ -76.5389266, 3.4300305 ], [ -76.5389926, 3.4300283 ] ] } },
{ "type": "Feature", "properties": { "u": 11519650219, "v": 11519650218, "key": 0, "osmid": 1239953533, "highway": "footway", "name": null, "oneway": false, "reversed": false, "length": 77.853695392517054, "lanes": null, "maxspeed": null, "access": null }, "geometry": { "type": "LineString", "coordinates": [ [ -76.5389266, 3.4300305 ], [ -76.5389545, 3.4293309 ] ] } },
{ "type": "Feature", "properties": { "u": 11519650219, "v": 11519650220, "key": 0, "osmid": 1239953533, "highway": "footway", "name": null, "oneway": false, "reversed": true, "length": 38.599344169933509, "lanes": null, "maxspeed": null, "access": null }, "geometry": { "type": "LineString", "coordinates": [ [ -76.5389266, 3.4300305 ], [ -76.5389114, 3.4303773 ] ] } },
{ "type": "Feature", "properties": { "u": 11519650220, "v": 361410524, "key": 0, "osmid": 406984961, "highway": "residential", "name": "Carrera 30", "oneway": false, "reversed": false, "length": 7.8540291222755414, "lanes": null, "maxspeed": "30", "access": null }, "geometry": { "type": "LineString", "coordinates": [ [ -76.5389114, 3.4303773 ], [ -76.5389821, 3.4303802 ] ] } },
{ "type": "Feature", "properties": { "u": 11519650220, "v": 5480853799, "key": 0, "osmid": 406984961, "highway": "residential", "name": "Carrera 30", "oneway": false, "reversed": true, "length": 16.867366807022186, "lanes": null, "maxspeed": "30", "access": null }, "geometry": { "type": "LineString", "coordinates": [ [ -76.5389114, 3.4303773 ], [ -76.5387595, 3.4303729 ] ] } },
{ "type": "Feature", "properties": { "u": 11519650220, "v": 11519650219, "key": 0, "osmid": 1239953533, "highway": "footway", "name": null, "oneway": false, "reversed": false, "length": 38.599344169933509, "lanes": null, "maxspeed": null, "access": null }, "geometry": { "type": "LineString", "coordinates": [ [ -76.5389114, 3.4303773 ], [ -76.5389266, 3.4300305 ] ] } },
{ "type": "Feature", "properties": { "u": 11519650220, "v": 11519650190, "key": 0, "osmid": 1239953533, "highway": "footway", "name": null, "oneway": false, "reversed": true, "length": 154.85934650401927, "lanes": null, "maxspeed": null, "access": null }, "geometry": { "type": "LineString", "coordinates": [ [ -76.5389114, 3.4303773 ], [ -76.538837, 3.431768 ] ] } },
{ "type": "Feature", "properties": { "u": 11519650221, "v": 11518927815, "key": 0, "osmid": 406984958, "highway": "residential", "name": "Carrera 29", "oneway": false, "reversed": false, "length": 136.79218884216266, "lanes": null, "maxspeed": null, "access": null }, "geometry": { "type": "LineString", "coordinates": [ [ -76.5388348, 3.4318162 ], [ -76.5376035, 3.431764 ] ] } },
{ "type": "Feature", "properties": { "u": 11519650221, "v": 615800638, "key": 0, "osmid": 406984958, "highway": "residential", "name": "Carrera 29", "oneway": false, "reversed": true, "length": 7.6182324475965233, "lanes": null, "maxspeed": null, "access": null }, "geometry": { "type": "LineString", "coordinates": [ [ -76.5388348, 3.4318162 ], [ -76.5389034, 3.4318184 ] ] } },
{ "type": "Feature", "properties": { "u": 11519650221, "v": 11519650190, "key": 0, "osmid": 1239953522, "highway": "footway", "name": null, "oneway": false, "reversed": false, "length": 5.3651629707172814, "lanes": null, "maxspeed": null, "access": null }, "geometry": { "type": "LineString", "coordinates": [ [ -76.5388348, 3.4318162 ], [ -76.538837, 3.431768 ] ] } },
{ "type": "Feature", "properties": { "u": 11519650221, "v": 11519650191, "key": 0, "osmid": 1239953522, "highway": "footway", "name": null, "oneway": false, "reversed": true, "length": 7.1126531900739876, "lanes": null, "maxspeed": null, "access": null }, "geometry": { "type": "LineString", "coordinates": [ [ -76.5388348, 3.4318162 ], [ -76.5388319, 3.4318801 ] ] } },
{ "type": "Feature", "properties": { "u": 11519650222, "v": 9336288922, "key": 0, "osmid": 1011961858, "highway": "service", "name": null, "oneway": false, "reversed": false, "length": 3.5428733723983457, "lanes": null, "maxspeed": null, "access": null }, "geometry": { "type": "LineString", "coordinates": [ [ -76.5388243, 3.4320637 ], [ -76.5387924, 3.4320648 ] ] } },
{ "type": "Feature", "properties": { "u": 11519650222, "v": 9336288928, "key": 0, "osmid": 1011961858, "highway": "service", "name": null, "oneway": false, "reversed": true, "length": 6.6971100648010307, "lanes": null, "maxspeed": null, "access": null }, "geometry": { "type": "LineString", "coordinates": [ [ -76.5388243, 3.4320637 ], [ -76.5388846, 3.4320616 ] ] } },
{ "type": "Feature", "properties": { "u": 11519650222, "v": 11519650191, "key": 0, "osmid": 1239953521, "highway": "footway", "name": null, "oneway": false, "reversed": false, "length": 20.432838075753381, "lanes": null, "maxspeed": null, "access": null }, "geometry": { "type": "LineString", "coordinates": [ [ -76.5388243, 3.4320637 ], [ -76.5388319, 3.4318801 ] ] } },
{ "type": "Feature", "properties": { "u": 11519650222, "v": 11519650223, "key": 0, "osmid": 1239953521, "highway": "footway", "name": null, "oneway": false, "reversed": true, "length": 35.948659888148292, "lanes": null, "maxspeed": null, "access": null }, "geometry": { "type": "LineString", "coordinates": [ [ -76.5388243, 3.4320637 ], [ -76.5388105, 3.4323867 ] ] } },
{ "type": "Feature", "properties": { "u": 11519650223, "v": 9336288924, "key": 0, "osmid": 1011961857, "highway": "service", "name": null, "oneway": false, "reversed": false, "length": 6.6881875424870154, "lanes": null, "maxspeed": null, "access": null }, "geometry": { "type": "LineString", "coordinates": [ [ -76.5388105, 3.4323867 ], [ -76.5388707, 3.4323893 ] ] } },
{ "type": "Feature", "properties": { "u": 11519650223, "v": 9336288923, "key": 0, "osmid": 1011961857, "highway": "service", "name": null, "oneway": false, "reversed": true, "length": 3.9755251167135834, "lanes": null, "maxspeed": null, "access": null }, "geometry": { "type": "LineString", "coordinates": [ [ -76.5388105, 3.4323867 ], [ -76.5387747, 3.4323856 ] ] } },
{ "type": "Feature", "properties": { "u": 11519650223, "v": 11519650222, "key": 0, "osmid": 1239953521, "highway": "footway", "name": null, "oneway": false, "reversed": false, "length": 35.948659888148292, "lanes": null, "maxspeed": null, "access": null }, "geometry": { "type": "LineString", "coordinates": [ [ -76.5388105, 3.4323867 ], [ -76.5388243, 3.4320637 ] ] } },
{ "type": "Feature", "properties": { "u": 11519650223, "v": 11519650224, "key": 0, "osmid": 1239953521, "highway": "footway", "name": null, "oneway": false, "reversed": true, "length": 17.305880907762255, "lanes": null, "maxspeed": null, "access": null }, "geometry": { "type": "LineString", "coordinates": [ [ -76.5388105, 3.4323867 ], [ -76.538804, 3.4325422 ] ] } },
{ "type": "Feature", "properties": { "u": 11519650224, "v": 363105742, "key": 0, "osmid": 564074001, "highway": "residential", "name": "Carrera 28", "oneway": false, "reversed": false, "length": 6.6753193670208013, "lanes": null, "maxspeed": null, "access": null }, "geometry": { "type": "LineString", "coordinates": [ [ -76.538804, 3.4325422 ], [ -76.5388641, 3.4325444 ] ] } },
{ "type": "Feature", "properties": { "u": 11519650224, "v": 9336288926, "key": 0, "osmid": 564074001, "highway": "residential", "name": "Carrera 28", "oneway": false, "reversed": true, "length": 12.029465355332652, "lanes": null, "maxspeed": null, "access": null }, "geometry": { "type": "LineString", "coordinates": [ [ -76.538804, 3.4325422 ], [ -76.5386957, 3.4325381 ] ] } },
{ "type": "Feature", "properties": { "u": 11519650224, "v": 11519650223, "key": 0, "osmid": 1239953521, "highway": "footway", "name": null, "oneway": false, "reversed": false, "length": 17.305880907762255, "lanes": null, "maxspeed": null, "access": null }, "geometry": { "type": "LineString", "coordinates": [ [ -76.538804, 3.4325422 ], [ -76.5388105, 3.4323867 ] ] } },
{ "type": "Feature", "properties": { "u": 11519650224, "v": 11519650195, "key": 0, "osmid": 1239953521, "highway": "footway", "name": null, "oneway": false, "reversed": true, "length": 76.673192401264046, "lanes": null, "maxspeed": null, "access": null }, "geometry": { "type": "LineString", "coordinates": [ [ -76.538804, 3.4325422 ], [ -76.5387902, 3.4332316 ] ] } },
{ "type": "Feature", "properties": { "u": 11519650225, "v": 615802444, "key": 0, "osmid": 572429980, "highway": "residential", "name": "Carrera 27", "oneway": false, "reversed": false, "length": 68.063083650211325, "lanes": null, "maxspeed": null, "access": null }, "geometry": { "type": "LineString", "coordinates": [ [ -76.5387879, 3.4332931 ], [ -76.5381753, 3.4332659 ] ] } },
{ "type": "Feature", "properties": { "u": 11519650225, "v": 361410808, "key": 0, "osmid": 572429980, "highway": "residential", "name": "Carrera 27", "oneway": false, "reversed": true, "length": 6.6680800152610749, "lanes": null, "maxspeed": null, "access": null }, "geometry": { "type": "LineString", "coordinates": [ [ -76.5387879, 3.4332931 ], [ -76.5388479, 3.4332961 ] ] } },
{ "type": "Feature", "properties": { "u": 11519650225, "v": 11519650195, "key": 0, "osmid": 1239953524, "highway": "footway", "name": null, "oneway": false, "reversed": false, "length": 6.8432611317297347, "lanes": null, "maxspeed": null, "access": null }, "geometry": { "type": "LineString", "coordinates": [ [ -76.5387879, 3.4332931 ], [ -76.5387902, 3.4332316 ] ] } },
{ "type": "Feature", "properties": { "u": 11519650225, "v": 11519650196, "key": 0, "osmid": 1239953524, "highway": "footway", "name": null, "oneway": false, "reversed": true, "length": 8.6458520443555713, "lanes": null, "maxspeed": null, "access": null }, "geometry": { "type": "LineString", "coordinates": [ [ -76.5387879, 3.4332931 ], [ -76.538785, 3.4333708 ] ] } },
{ "type": "Feature", "properties": { "u": 11519650226, "v": 4502652446, "key": 0, "osmid": 48464901, "highway": "residential", "name": "Carrera 26", "oneway": false, "reversed": false, "length": 6.7640437956609381, "lanes": null, "maxspeed": null, "access": null }, "geometry": { "type": "LineString", "coordinates": [ [ -76.5387413, 3.4344064 ], [ -76.5388022, 3.4344086 ] ] } },
{ "type": "Feature", "properties": { "u": 11519650226, "v": 615802441, "key": 0, "osmid": 48464901, "highway": "residential", "name": "Carrera 26", "oneway": false, "reversed": true, "length": 67.444217701584037, "lanes": null, "maxspeed": null, "access": null }, "geometry": { "type": "LineString", "coordinates": [ [ -76.5387413, 3.4344064 ], [ -76.5381351, 3.4343648 ] ] } },
{ "type": "Feature", "properties": { "u": 11519650226, "v": 11519650196, "key": 0, "osmid": 1239953525, "highway": "footway", "name": null, "oneway": false, "reversed": false, "length": 115.25573982129153, "lanes": null, "maxspeed": null, "access": null }, "geometry": { "type": "LineString", "coordinates": [ [ -76.5387413, 3.4344064 ], [ -76.538785, 3.4333708 ] ] } },
{ "type": "Feature", "properties": { "u": 11519650226, "v": 11519650227, "key": 0, "osmid": 1239953525, "highway": "footway", "name": null, "oneway": false, "reversed": true, "length": 91.009078697403581, "lanes": null, "maxspeed": null, "access": null }, "geometry": { "type": "LineString", "coordinates": [ [ -76.5387413, 3.4344064 ], [ -76.5387083, 3.4352242 ] ] } },
{ "type": "Feature", "properties": { "u": 11519650227, "v": 11518927796, "key": 0, "osmid": 27344165, "highway": "residential", "name": "Carrera 25", "oneway": false, "reversed": false, "length": 140.21525469405438, "lanes": null, "maxspeed": null, "access": null }, "geometry": { "type": "LineString", "coordinates": [ [ -76.5387083, 3.4352242 ], [ -76.537446, 3.4351752 ] ] } },
{ "type": "Feature", "properties": { "u": 11519650227, "v": 615802886, "key": 0, "osmid": 27344165, "highway": "residential", "name": "Carrera 25", "oneway": false, "reversed": true, "length": 5.6207627191455174, "lanes": null, "maxspeed": null, "access": null }, "geometry": { "type": "LineString", "coordinates": [ [ -76.5387083, 3.4352242 ], [ -76.5387589, 3.4352262 ] ] } },
{ "type": "Feature", "properties": { "u": 11519650227, "v": 11519650226, "key": 0, "osmid": 1239953525, "highway": "footway", "name": null, "oneway": false, "reversed": false, "length": 91.009078697403581, "lanes": null, "maxspeed": null, "access": null }, "geometry": { "type": "LineString", "coordinates": [ [ -76.5387083, 3.4352242 ], [ -76.5387413, 3.4344064 ] ] } },
{ "type": "Feature", "properties": { "u": 11519650227, "v": 11519650228, "key": 0, "osmid": 1239953525, "highway": "footway", "name": null, "oneway": false, "reversed": true, "length": 104.64558540735115, "lanes": null, "maxspeed": null, "access": null }, "geometry": { "type": "LineString", "coordinates": [ [ -76.5387083, 3.4352242 ], [ -76.5386671, 3.4361644 ] ] } },
{ "type": "Feature", "properties": { "u": 11519650228, "v": 1953074247, "key": 0, "osmid": 46256134, "highway": "residential", "name": "Carrera 24A", "oneway": false, "reversed": false, "length": 5.5450848156189387, "lanes": null, "maxspeed": null, "access": null }, "geometry": { "type": "LineString", "coordinates": [ [ -76.5386671, 3.4361644 ], [ -76.538717, 3.4361668 ] ] } },
{ "type": "Feature", "properties": { "u": 11519650228, "v": 11518927795, "key": 0, "osmid": 46256134, "highway": "residential", "name": "Carrera 24A", "oneway": false, "reversed": true, "length": 140.76636070250987, "lanes": null, "maxspeed": null, "access": null }, "geometry": { "type": "LineString", "coordinates": [ [ -76.5386671, 3.4361644 ], [ -76.5374003, 3.4361045 ] ] } },
{ "type": "Feature", "properties": { "u": 11519650228, "v": 11519650227, "key": 0, "osmid": 1239953525, "highway": "footway", "name": null, "oneway": false, "reversed": false, "length": 104.64558540735115, "lanes": null, "maxspeed": null, "access": null }, "geometry": { "type": "LineString", "coordinates": [ [ -76.5386671, 3.4361644 ], [ -76.5387083, 3.4352242 ] ] } },
{ "type": "Feature", "properties": { "u": 11519650228, "v": 11519650231, "key": 0, "osmid": 1239953525, "highway": "footway", "name": null, "oneway": false, "reversed": true, "length": 6.2654862809418574, "lanes": null, "maxspeed": null, "access": null }, "geometry": { "type": "LineString", "coordinates": [ [ -76.5386671, 3.4361644 ], [ -76.5386648, 3.4362207 ] ] } },
{ "type": "Feature", "properties": { "u": 11519650229, "v": 590219874, "key": 0, "osmid": 449282830, "highway": "footway", "name": null, "oneway": false, "reversed": true, "length": 8.9230945314095962, "lanes": null, "maxspeed": null, "access": null }, "geometry": { "type": "LineString", "coordinates": [ [ -76.5382257, 3.4373996 ], [ -76.5381666, 3.4373452 ] ] } },
{ "type": "Feature", "properties": { "u": 11519650229, "v": 9071387313, "key": 0, "osmid": 1239953534, "highway": "footway", "name": null, "oneway": false, "reversed": true, "length": 3.8346251686361343, "lanes": null, "maxspeed": null, "access": null }, "geometry": { "type": "LineString", "coordinates": [ [ -76.5382257, 3.4373996 ], [ -76.5382343, 3.4373662 ] ] } },
{ "type": "Feature", "properties": { "u": 11519650230, "v": 11518927794, "key": 0, "osmid": 1239873877, "highway": "footway", "name": null, "oneway": false, "reversed": false, "length": 4.6327547044861284, "lanes": null, "maxspeed": null, "access": null }, "geometry": { "type": "LineString", "coordinates": [ [ -76.5373971, 3.4361627 ], [ -76.5373948, 3.4362043 ] ] } },
{ "type": "Feature", "properties": { "u": 11519650230, "v": 11518927795, "key": 0, "osmid": 1239873877, "highway": "footway", "name": null, "oneway": false, "reversed": true, "length": 6.4812935137356238, "lanes": null, "maxspeed": null, "access": null }, "geometry": { "type": "LineString", "coordinates": [ [ -76.5373971, 3.4361627 ], [ -76.5374003, 3.4361045 ] ] } },
{ "type": "Feature", "properties": { "u": 11519650230, "v": 11519650231, "key": 0, "osmid": 1239953535, "highway": "footway", "name": null, "oneway": false, "reversed": true, "length": 140.85630468173295, "lanes": null, "maxspeed": null, "access": null }, "geometry": { "type": "LineString", "coordinates": [ [ -76.5373971, 3.4361627 ], [ -76.5386648, 3.4362207 ] ] } },
{ "type": "Feature", "properties": { "u": 11519650231, "v": 11519650228, "key": 0, "osmid": 1239953525, "highway": "footway", "name": null, "oneway": false, "reversed": false, "length": 6.2654862809418574, "lanes": null, "maxspeed": null, "access": null }, "geometry": { "type": "LineString", "coordinates": [ [ -76.5386648, 3.4362207 ], [ -76.5386671, 3.4361644 ] ] } },
{ "type": "Feature", "properties": { "u": 11519650231, "v": 11519650230, "key": 0, "osmid": 1239953535, "highway": "footway", "name": null, "oneway": false, "reversed": false, "length": 140.85630468173295, "lanes": null, "maxspeed": null, "access": null }, "geometry": { "type": "LineString", "coordinates": [ [ -76.5386648, 3.4362207 ], [ -76.5373971, 3.4361627 ] ] } },
{ "type": "Feature", "properties": { "u": 11519650231, "v": 11519650232, "key": 0, "osmid": 1239953535, "highway": "footway", "name": null, "oneway": false, "reversed": true, "length": 35.418448430412973, "lanes": null, "maxspeed": null, "access": null }, "geometry": { "type": "LineString", "coordinates": [ [ -76.5386648, 3.4362207 ], [ -76.5386528, 3.436539 ] ] } },
{ "type": "Feature", "properties": { "u": 11519650232, "v": 11519650231, "key": 0, "osmid": 1239953535, "highway": "footway", "name": null, "oneway": false, "reversed": false, "length": 35.418448430412973, "lanes": null, "maxspeed": null, "access": null }, "geometry": { "type": "LineString", "coordinates": [ [ -76.5386528, 3.436539 ], [ -76.5386648, 3.4362207 ] ] } },
{ "type": "Feature", "properties": { "u": 11519650232, "v": 11519650233, "key": 0, "osmid": 1239953535, "highway": "footway", "name": null, "oneway": false, "reversed": true, "length": 16.581938318809751, "lanes": null, "maxspeed": null, "access": null }, "geometry": { "type": "LineString", "coordinates": [ [ -76.5386528, 3.436539 ], [ -76.5386219, 3.4366849 ] ] } },
{ "type": "Feature", "properties": { "u": 11519650233, "v": 11519650232, "key": 0, "osmid": 1239953535, "highway": "footway", "name": null, "oneway": false, "reversed": false, "length": 16.581938318809751, "lanes": null, "maxspeed": null, "access": null }, "geometry": { "type": "LineString", "coordinates": [ [ -76.5386219, 3.4366849 ], [ -76.5386528, 3.436539 ] ] } },
{ "type": "Feature", "properties": { "u": 11519650233, "v": 11519650234, "key": 0, "osmid": 1239953535, "highway": "footway", "name": null, "oneway": false, "reversed": true, "length": 45.582415899315777, "lanes": null, "maxspeed": null, "access": null }, "geometry": { "type": "LineString", "coordinates": [ [ -76.5386219, 3.4366849 ], [ -76.5385334, 3.4370852 ] ] } },
{ "type": "Feature", "properties": { "u": 11519650234, "v": 11519650233, "key": 0, "osmid": 1239953535, "highway": "footway", "name": null, "oneway": false, "reversed": false, "length": 45.582415899315777, "lanes": null, "maxspeed": null, "access": null }, "geometry": { "type": "LineString", "coordinates": [ [ -76.5385334, 3.4370852 ], [ -76.5386219, 3.4366849 ] ] } },
{ "type": "Feature", "properties": { "u": 11519650234, "v": 11519650235, "key": 0, "osmid": 1239953535, "highway": "footway", "name": null, "oneway": false, "reversed": true, "length": 19.277584579569851, "lanes": null, "maxspeed": null, "access": null }, "geometry": { "type": "LineString", "coordinates": [ [ -76.5385334, 3.4370852 ], [ -76.5384355, 3.4372284 ] ] } },
{ "type": "Feature", "properties": { "u": 11519650235, "v": 11519650234, "key": 0, "osmid": 1239953535, "highway": "footway", "name": null, "oneway": false, "reversed": false, "length": 19.277584579569851, "lanes": null, "maxspeed": null, "access": null }, "geometry": { "type": "LineString", "coordinates": [ [ -76.5384355, 3.4372284 ], [ -76.5385334, 3.4370852 ] ] } },
{ "type": "Feature", "properties": { "u": 11519650235, "v": 11519650236, "key": 0, "osmid": 1239953535, "highway": "footway", "name": null, "oneway": false, "reversed": true, "length": 10.001330306528287, "lanes": null, "maxspeed": null, "access": null }, "geometry": { "type": "LineString", "coordinates": [ [ -76.5384355, 3.4372284 ], [ -76.5383819, 3.4373007 ] ] } },
{ "type": "Feature", "properties": { "u": 11519650236, "v": 11519650235, "key": 0, "osmid": 1239953535, "highway": "footway", "name": null, "oneway": false, "reversed": false, "length": 10.001330306528287, "lanes": null, "maxspeed": null, "access": null }, "geometry": { "type": "LineString", "coordinates": [ [ -76.5383819, 3.4373007 ], [ -76.5384355, 3.4372284 ] ] } },
{ "type": "Feature", "properties": { "u": 11519650236, "v": 11519650237, "key": 0, "osmid": 1239953535, "highway": "footway", "name": null, "oneway": false, "reversed": true, "length": 4.6677013638684599, "lanes": null, "maxspeed": null, "access": null }, "geometry": { "type": "LineString", "coordinates": [ [ -76.5383819, 3.4373007 ], [ -76.5383443, 3.4373195 ] ] } },
{ "type": "Feature", "properties": { "u": 11519650237, "v": 11519650236, "key": 0, "osmid": 1239953535, "highway": "footway", "name": null, "oneway": false, "reversed": false, "length": 4.6677013638684599, "lanes": null, "maxspeed": null, "access": null }, "geometry": { "type": "LineString", "coordinates": [ [ -76.5383443, 3.4373195 ], [ -76.5383819, 3.4373007 ] ] } },
{ "type": "Feature", "properties": { "u": 11519650237, "v": 11519650238, "key": 0, "osmid": 1239953535, "highway": "footway", "name": null, "oneway": false, "reversed": true, "length": 4.7980183903314693, "lanes": null, "maxspeed": null, "access": null }, "geometry": { "type": "LineString", "coordinates": [ [ -76.5383443, 3.4373195 ], [ -76.5383014, 3.4373248 ] ] } },
{ "type": "Feature", "properties": { "u": 11519650238, "v": 11519650237, "key": 0, "osmid": 1239953535, "highway": "footway", "name": null, "oneway": false, "reversed": false, "length": 4.7980183903314693, "lanes": null, "maxspeed": null, "access": null }, "geometry": { "type": "LineString", "coordinates": [ [ -76.5383014, 3.4373248 ], [ -76.5383443, 3.4373195 ] ] } },
{ "type": "Feature", "properties": { "u": 11519650238, "v": 11519650239, "key": 0, "osmid": 1239953535, "highway": "footway", "name": null, "oneway": false, "reversed": true, "length": 6.2108471036996633, "lanes": null, "maxspeed": null, "access": null }, "geometry": { "type": "LineString", "coordinates": [ [ -76.5383014, 3.4373248 ], [ -76.5382455, 3.4373223 ] ] } },
{ "type": "Feature", "properties": { "u": 11519650239, "v": 9071387313, "key": 0, "osmid": 1239953534, "highway": "footway", "name": null, "oneway": false, "reversed": false, "length": 5.0372711462310065, "lanes": null, "maxspeed": null, "access": null }, "geometry": { "type": "LineString", "coordinates": [ [ -76.5382455, 3.4373223 ], [ -76.5382343, 3.4373662 ] ] } },
{ "type": "Feature", "properties": { "u": 11519650239, "v": 11519650238, "key": 0, "osmid": 1239953535, "highway": "footway", "name": null, "oneway": false, "reversed": false, "length": 6.2108471036996633, "lanes": null, "maxspeed": null, "access": null }, "geometry": { "type": "LineString", "coordinates": [ [ -76.5382455, 3.4373223 ], [ -76.5383014, 3.4373248 ] ] } },
{ "type": "Feature", "properties": { "u": 11519650239, "v": 11519650240, "key": 0, "osmid": 1239953535, "highway": "footway", "name": null, "oneway": false, "reversed": true, "length": 6.2292065135312669, "lanes": null, "maxspeed": null, "access": null }, "geometry": { "type": "LineString", "coordinates": [ [ -76.5382455, 3.4373223 ], [ -76.5381914, 3.4373074 ] ] } },
{ "type": "Feature", "properties": { "u": 11519650240, "v": 11519650239, "key": 0, "osmid": 1239953535, "highway": "footway", "name": null, "oneway": false, "reversed": false, "length": 6.2292065135312669, "lanes": null, "maxspeed": null, "access": null }, "geometry": { "type": "LineString", "coordinates": [ [ -76.5381914, 3.4373074 ], [ -76.5382455, 3.4373223 ] ] } },
{ "type": "Feature", "properties": { "u": 11519650240, "v": 11518927367, "key": 0, "osmid": 1239953535, "highway": "footway", "name": null, "oneway": false, "reversed": true, "length": 135.45583752351786, "lanes": null, "maxspeed": null, "access": null }, "geometry": { "type": "LineString", "coordinates": [ [ -76.5381914, 3.4373074 ], [ -76.5373031, 3.4364721 ] ] } },
{ "type": "Feature", "properties": { "u": 11519650245, "v": 9301472247, "key": 0, "osmid": 46256223, "highway": "primary_link", "name": null, "oneway": false, "reversed": false, "length": 4.1374642445448568, "lanes": "2", "maxspeed": null, "access": null }, "geometry": { "type": "LineString", "coordinates": [ [ -76.538842, 3.4368044 ], [ -76.538817, 3.4367768 ] ] } },
{ "type": "Feature", "properties": { "u": 11519650245, "v": 9301472248, "key": 0, "osmid": 46256223, "highway": "primary_link", "name": null, "oneway": false, "reversed": true, "length": 2.9540015094879526, "lanes": "2", "maxspeed": null, "access": null }, "geometry": { "type": "LineString", "coordinates": [ [ -76.538842, 3.4368044 ], [ -76.5388611, 3.4368229 ] ] } },
{ "type": "Feature", "properties": { "u": 11521911130, "v": 2135158047, "key": 0, "osmid": 203502410, "highway": "residential", "name": "Diagonal 36A", "oneway": false, "reversed": false, "length": 84.186844106345418, "lanes": null, "maxspeed": null, "access": null }, "geometry": { "type": "LineString", "coordinates": [ [ -76.5399741, 3.4259713 ], [ -76.5392683, 3.4256941 ] ] } },
{ "type": "Feature", "properties": { "u": 11521911130, "v": 2135158073, "key": 0, "osmid": 203502410, "highway": "residential", "name": "Diagonal 36A", "oneway": false, "reversed": true, "length": 5.5214618120239241, "lanes": null, "maxspeed": null, "access": null }, "geometry": { "type": "LineString", "coordinates": [ [ -76.5399741, 3.4259713 ], [ -76.5400205, 3.4259892 ] ] } },
{ "type": "Feature", "properties": { "u": 11521911130, "v": 11519593550, "key": 0, "osmid": 1240163029, "highway": "footway", "name": null, "oneway": false, "reversed": false, "length": 92.246198801224153, "lanes": null, "maxspeed": null, "access": null }, "geometry": { "type": "LineString", "coordinates": [ [ -76.5399741, 3.4259713 ], [ -76.5403066, 3.425211 ] ] } },
{ "type": "Feature", "properties": { "u": 11521911130, "v": 11519176295, "key": 0, "osmid": 1240163029, "highway": "footway", "name": null, "oneway": false, "reversed": true, "length": 88.234766241013901, "lanes": null, "maxspeed": null, "access": null }, "geometry": { "type": "LineString", "coordinates": [ [ -76.5399741, 3.4259713 ], [ -76.5396546, 3.4266979 ] ] } },
{ "type": "Feature", "properties": { "u": 11522498907, "v": 11519176294, "key": 0, "osmid": 1239905922, "highway": "footway", "name": null, "oneway": false, "reversed": false, "length": 5.240549612913636, "lanes": null, "maxspeed": null, "access": null }, "geometry": { "type": "LineString", "coordinates": [ [ -76.537883, 3.4255033 ], [ -76.5379273, 3.4255196 ] ] } },
{ "type": "Feature", "properties": { "u": 11522498907, "v": 2588584961, "key": 0, "osmid": 1239905922, "highway": "footway", "name": null, "oneway": false, "reversed": true, "length": 10.171861906645542, "lanes": null, "maxspeed": null, "access": null }, "geometry": { "type": "LineString", "coordinates": [ [ -76.537883, 3.4255033 ], [ -76.537797, 3.4254717 ] ] } },
{ "type": "Feature", "properties": { "u": 11522889079, "v": 9973324266, "key": 0, "osmid": 1088610898, "highway": "footway", "name": null, "oneway": false, "reversed": true, "length": 69.282442524782752, "lanes": null, "maxspeed": null, "access": null }, "geometry": { "type": "LineString", "coordinates": [ [ -76.5369342, 3.4278471 ], [ -76.5371152, 3.4272508 ] ] } },
{ "type": "Feature", "properties": { "u": 11522889079, "v": 11522889084, "key": 0, "osmid": 1240249912, "highway": "footway", "name": null, "oneway": false, "reversed": false, "length": 5.6588869440484153, "lanes": null, "maxspeed": null, "access": null }, "geometry": { "type": "LineString", "coordinates": [ [ -76.5369342, 3.4278471 ], [ -76.5369194, 3.4278958 ] ] } },
{ "type": "Feature", "properties": { "u": 11522889079, "v": 7289429854, "key": 0, "osmid": 1240249916, "highway": "footway", "name": null, "oneway": false, "reversed": false, "length": 6.7940625823580145, "lanes": null, "maxspeed": null, "access": null }, "geometry": { "type": "LineString", "coordinates": [ [ -76.5369342, 3.4278471 ], [ -76.5368758, 3.4278288 ] ] } },
{ "type": "Feature", "properties": { "u": 11522889079, "v": 11577234462, "key": 0, "osmid": 1246457537, "highway": "footway", "name": null, "oneway": false, "reversed": true, "length": 89.325233280790655, "lanes": null, "maxspeed": null, "access": null }, "geometry": { "type": "LineString", "coordinates": [ [ -76.5369342, 3.4278471 ], [ -76.537704, 3.4280813 ] ] } },
{ "type": "Feature", "properties": { "u": 11522889084, "v": 2196650529, "key": 0, "osmid": 209447826, "highway": "residential", "name": "Carrera 32", "oneway": false, "reversed": false, "length": 6.4814890888079741, "lanes": "4", "maxspeed": null, "access": null }, "geometry": { "type": "LineString", "coordinates": [ [ -76.5369194, 3.4278958 ], [ -76.5368637, 3.4278783 ] ] } },
{ "type": "Feature", "properties": { "u": 11522889084, "v": 11522889079, "key": 0, "osmid": 1240249912, "highway": "footway", "name": null, "oneway": false, "reversed": true, "length": 5.6588869440484153, "lanes": null, "maxspeed": null, "access": null }, "geometry": { "type": "LineString", "coordinates": [ [ -76.5369194, 3.4278958 ], [ -76.5369342, 3.4278471 ] ] } },
{ "type": "Feature", "properties": { "u": 11577234462, "v": 11577260912, "key": 0, "osmid": 1245332382, "highway": "footway", "name": null, "oneway": false, "reversed": true, "length": 70.626224185423823, "lanes": null, "maxspeed": null, "access": null }, "geometry": { "type": "LineString", "coordinates": [ [ -76.537704, 3.4280813 ], [ -76.5378837, 3.427472 ] ] } },
{ "type": "Feature", "properties": { "u": 11577234462, "v": 11522889079, "key": 0, "osmid": 1246457537, "highway": "footway", "name": null, "oneway": false, "reversed": false, "length": 89.325233280790655, "lanes": null, "maxspeed": null, "access": null }, "geometry": { "type": "LineString", "coordinates": [ [ -76.537704, 3.4280813 ], [ -76.5369342, 3.4278471 ] ] } },
{ "type": "Feature", "properties": { "u": 11577260912, "v": 2134322533, "key": 0, "osmid": 417097020, "highway": "residential", "name": "Carrera 32A", "oneway": false, "reversed": false, "length": 4.6416640709569181, "lanes": null, "maxspeed": null, "access": null }, "geometry": { "type": "LineString", "coordinates": [ [ -76.5378837, 3.427472 ], [ -76.5379239, 3.4274835 ] ] } },
{ "type": "Feature", "properties": { "u": 11577260912, "v": 9973324275, "key": 0, "osmid": 417097020, "highway": "residential", "name": "Carrera 32A", "oneway": false, "reversed": true, "length": 33.360924183078765, "lanes": null, "maxspeed": null, "access": null }, "geometry": { "type": "LineString", "coordinates": [ [ -76.5378837, 3.427472 ], [ -76.5375949, 3.4273889 ] ] } },
{ "type": "Feature", "properties": { "u": 11577260912, "v": 11577234462, "key": 0, "osmid": 1245332382, "highway": "footway", "name": null, "oneway": false, "reversed": false, "length": 70.626224185423823, "lanes": null, "maxspeed": null, "access": null }, "geometry": { "type": "LineString", "coordinates": [ [ -76.5378837, 3.427472 ], [ -76.537704, 3.4280813 ] ] } },
{ "type": "Feature", "properties": { "u": 11577260912, "v": 11518988469, "key": 0, "osmid": 1245332382, "highway": "footway", "name": null, "oneway": false, "reversed": true, "length": 48.158325523020068, "lanes": null, "maxspeed": null, "access": null }, "geometry": { "type": "LineString", "coordinates": [ [ -76.5378837, 3.427472 ], [ -76.5380068, 3.4270567 ] ] } },
{ "type": "Feature", "properties": { "u": 11577260913, "v": 2196650531, "key": 0, "osmid": 209447826, "highway": "residential", "name": "Carrera 32", "oneway": false, "reversed": false, "length": 6.2251924878796592, "lanes": "4", "maxspeed": null, "access": null }, "geometry": { "type": "LineString", "coordinates": [ [ -76.5377929, 3.4281697 ], [ -76.5377394, 3.4281529 ] ] } },
{ "type": "Feature", "properties": { "u": 11577260913, "v": 11518927838, "key": 0, "osmid": 209447826, "highway": "residential", "name": "Carrera 32", "oneway": false, "reversed": true, "length": 58.762430881244455, "lanes": "4", "maxspeed": null, "access": null }, "geometry": { "type": "LineString", "coordinates": [ [ -76.5377929, 3.4281697 ], [ -76.538298, 3.428328 ] ] } },
{ "type": "Feature", "properties": { "u": 11577260913, "v": 11518927864, "key": 0, "osmid": 1245332383, "highway": "footway", "name": null, "oneway": false, "reversed": false, "length": 6.688751494996855, "lanes": null, "maxspeed": null, "access": null }, "geometry": { "type": "LineString", "coordinates": [ [ -76.5377929, 3.4281697 ], [ -76.5378106, 3.4281122 ] ] } }
]
}
